# date: 2026-09-30T17:08:36+08:00
# VK_DRIVER_FILES=/var/home/armada/opencode/turnip-a7xx-dx12/../build/out/freedreno_icd.json
# DRIRC_CONFIGDIR=<unset>
# MANGOHUD=1
# MANGOHUD_CONFIG=autostart_log,log_interval=1000,log_duration=120,output_folder=/tmp/opencode/mangologs
# devices (name | sparseResidencyImage2D):
#   Turnip Adreno (TM) 740  | true
# ---
ProtonFixes[173473] INFO: Running protonfixes on "cachyos-11.0-20260703-slr", build at 2026-07-21 23:36:49+00:00.
ProtonFixes[173473] INFO: Running checks
ProtonFixes[173473] INFO: All checks successful
ProtonFixes[173473] INFO: Using early stage global defaults for UNKNOWN (4)
ProtonFixes[173473] INFO: No early stage global protonfix found for UNKNOWN (4)
[2026-09-30 17:08:37.960] [MANGOHUD] [info] [cpu.cpp:636] hwmon: using input: /sys/class/hwmon/hwmon19/temp1_input
ProtonFixes[173473] INFO: Setting up FSR4 version default.
ProtonFixes[173473] INFO: Automatic FSR4 upgrade enabled.
ProtonFixes[173473] INFO: Running protonfixes on "cachyos-11.0-20260703-slr", build at 2026-07-21 23:36:49+00:00.
ProtonFixes[173473] INFO: Running checks
ProtonFixes[173473] INFO: All checks successful
ProtonFixes[173473] INFO: Using main stage global defaults for UNKNOWN (4)
ProtonFixes[173473] INFO: No main stage global protonfix found for UNKNOWN (4)
ntsync: up and running.
[2026-09-30 17:08:53.198] [MANGOHUD] [info] [blacklist.cpp:86] process 'explorer.exe' is blacklisted in MangoHud
ATTENTION: default value of option tu_override_uncached_as_cache_coherent overridden by environment.
ATTENTION: default value of option tu_override_uncached_as_cache_coherent overridden by environment.
[2026-09-30 17:09:00.868] [MANGOHUD] [info] [cpu.cpp:636] hwmon: using input: /sys/class/hwmon/hwmon19/temp1_input
warn:  CreateDXGIFactory2: Ignoring flags
info:  Game: re4.exe
info:  DXVK: v3.0.2-2-g0ff9cd328ca23b4
info:  Build: aarch64 clang 22.1.8
info:  Vulkan: Found vkGetInstanceProcAddr in winevulkan.dll @ 0x6ffff95e0cc0
info:  Extension providers:
info:    Platform WSI
info:    OpenVR
info:  OpenVR: could not open registry key, status 2
warn:  OpenVR: Failed to initialize OpenVR
info:    OpenXR
warn:  OpenXR: Unable to get required Vulkan instance extensions size
info:  Enabled instance extensions:
info:    VK_KHR_get_surface_capabilities2
info:    VK_KHR_surface
info:    VK_KHR_surface_maintenance1
info:    VK_KHR_win32_surface
ATTENTION: default value of option tu_override_uncached_as_cache_coherent overridden by environment.
info:  Found device: Turnip Adreno (TM) 740 (turnip Mesa driver 26.2.3)
warn:  OpenXR: Unable to get required Vulkan Device extensions size
warn:  DxgiAdapter::QueryInterface: Unknown interface query
warn:  f0db4c7f-fe5a-42a2-bd62-f2a6cf6fc83e
ATTENTION: default value of option tu_override_uncached_as_cache_coherent overridden by environment.
ATTENTION: default value of option tu_override_uncached_as_cache_coherent overridden by environment.
ATTENTION: default value of option tu_override_uncached_as_cache_coherent overridden by environment.
warn:  DXGI: MakeWindowAssociation: Ignoring flags
[2026-09-30 17:09:12.441] [MANGOHUD] [error] [file_utils.cpp:47] Error opening directory '/sys/class/powercap/': No such file or directory
[2026-09-30 17:09:12.441] [MANGOHUD] [error] [cpu.cpp:794] Failed to initialize CPU power data
[2026-09-30 17:09:12.661] [MANGOHUD] [error] [file_utils.cpp:47] Error opening directory '/sys/class/powercap/': No such file or directory
[2026-09-30 17:09:12.661] [MANGOHUD] [error] [cpu.cpp:794] Failed to initialize CPU power data
[2026-09-30 17:09:13.166] [MANGOHUD] [error] [file_utils.cpp:47] Error opening directory '/sys/class/powercap/': No such file or directory
[2026-09-30 17:09:13.167] [MANGOHUD] [error] [cpu.cpp:794] Failed to initialize CPU power data
[2026-09-30 17:09:13.669] [MANGOHUD] [error] [file_utils.cpp:47] Error opening directory '/sys/class/powercap/': No such file or directory
[2026-09-30 17:09:13.669] [MANGOHUD] [error] [cpu.cpp:794] Failed to initialize CPU power data
[2026-09-30 17:09:14.169] [MANGOHUD] [error] [file_utils.cpp:47] Error opening directory '/sys/class/powercap/': No such file or directory
[2026-09-30 17:09:14.169] [MANGOHUD] [error] [cpu.cpp:794] Failed to initialize CPU power data
D 250 Ran out of slots. Can't allocate more
D 254 Ran out of slots. Can't allocate more
info:  Setting display mode: 1280x800@60
info:  Setting display mode: 1280x800@60
info:  Setting display mode: 2560x1440@60
info:  Setting display mode: 2560x1440@60
info:  Setting display mode: 1280x800@60
info:  Setting display mode: 1280x800@60
info:  Restoring display mode: 2560x1440@60
info:  Setting display mode: 2560x1440@60
D 25C Ran out of slots. Can't allocate more
D 260 Ran out of slots. Can't allocate more
D 264 Ran out of slots. Can't allocate more
D 268 Ran out of slots. Can't allocate more
D 26C Ran out of slots. Can't allocate more
D 270 Ran out of slots. Can't allocate more
Traceback (most recent call last):
  File "/usr/share/steam/compatibilitytools.d/proton-cachyos-11.0-arm64/proton", line 2457, in <module>
    rc = g_session.run()
  File "/usr/share/steam/compatibilitytools.d/proton-cachyos-11.0-arm64/proton", line 2397, in run
    rc = self.run_proc(adverb + argv + sys.argv[2:] + self.cmdlineappend)
  File "/usr/share/steam/compatibilitytools.d/proton-cachyos-11.0-arm64/proton", line 2346, in run_proc
    return subprocess.call(args, env=local_env, stderr=self.log_file, stdout=self.log_file)
           ~~~~~~~~~~~~~~~^^^^^^^^^^^^^^^^^^^^^^^^^^^^^^^^^^^^^^^^^^^^^^^^^^^^^^^^^^^^^^^^^
  File "/usr/lib64/python3.14/subprocess.py", line 398, in call
    return p.wait(timeout=timeout)
           ~~~~~~^^^^^^^^^^^^^^^^^
  File "/usr/lib64/python3.14/subprocess.py", line 1279, in wait
    return self._wait(timeout=timeout)
           ~~~~~~~~~~^^^^^^^^^^^^^^^^^
  File "/usr/lib64/python3.14/subprocess.py", line 2084, in _wait
    (pid, sts) = self._try_wait(0)
                 ~~~~~~~~~~~~~~^^^
  File "/usr/lib64/python3.14/subprocess.py", line 2042, in _try_wait
    (pid, sts) = os.waitpid(self.pid, wait_flags)
                 ~~~~~~~~~~^^^^^^^^^^^^^^^^^^^^^^
KeyboardInterrupt
# [свёрнуто 4207874 строк TU_DEBUG=bos: полная статистика печаталась после каждого submit; ниже только последний дамп]
TU: info:       vkAllocateMemory(6624kb):    1 bos, 6624 kb
TU: info:      vkAllocateMemory(24576kb):    1 bos, 24576 kb
TU: info:       vkAllocateMemory(3392kb):    1 bos, 3392 kb
TU: info:       vkAllocateMemory(7424kb):    1 bos, 7424 kb
TU: info:                         global:    1 bos, 532 kb
TU: info:      vkAllocateMemory(10688kb):    1 bos, 10688 kb
TU: info:      vkAllocateMemory(16448kb):    1 bos, 16448 kb
TU: info:       vkAllocateMemory(9280kb):    1 bos, 9280 kb
TU: info:       vkAllocateMemory(4908kb):    1 bos, 4908 kb
TU: info:      vkAllocateMemory(14472kb):    1 bos, 14472 kb
TU: info:       vkAllocateMemory(4340kb):    1 bos, 4340 kb
TU: info:       vkAllocateMemory(8512kb):    1 bos, 8512 kb
TU: info:       vkAllocateMemory(5440kb):    1 bos, 5440 kb
TU: info:       vkAllocateMemory(9224kb):    1 bos, 9224 kb
TU: info:       vkAllocateMemory(4480kb):    1 bos, 4480 kb
TU: info:       vkAllocateMemory(4576kb):    1 bos, 4576 kb
TU: info:                     query pool:    1 bos, 4 kb
TU: info:      vkAllocateMemory(11328kb):    1 bos, 11328 kb
TU: info:      vkAllocateMemory(21504kb):    1 bos, 21504 kb
TU: info:       vkAllocateMemory(2452kb):    1 bos, 2452 kb
TU: info:       vkAllocateMemory(9152kb):    1 bos, 9152 kb
TU: info:       vkAllocateMemory(4288kb):    1 bos, 4288 kb
TU: info:       vkAllocateMemory(8640kb):    1 bos, 8640 kb
TU: info:       vkAllocateMemory(5344kb):    1 bos, 5344 kb
TU: info:       vkAllocateMemory(5640kb):    1 bos, 5640 kb
TU: info:       vkAllocateMemory(6912kb):    1 bos, 6912 kb
TU: info:       vkAllocateMemory(6976kb):    1 bos, 6976 kb
TU: info:      vkAllocateMemory(10080kb):    1 bos, 10080 kb
TU: info:       vkAllocateMemory(5760kb):    1 bos, 5760 kb
TU: info:       vkAllocateMemory(3692kb):    1 bos, 3692 kb
TU: info:       vkAllocateMemory(2736kb):    1 bos, 2736 kb
TU: info:       vkAllocateMemory(5888kb):    1 bos, 5888 kb
TU: info:       vkAllocateMemory(6464kb):    1 bos, 6464 kb
TU: info:       vkAllocateMemory(5712kb):    1 bos, 5712 kb
TU: info:       vkAllocateMemory(2816kb):    1 bos, 2816 kb
TU: info:      vkAllocateMemory(24512kb):    1 bos, 24512 kb
TU: info:       vkAllocateMemory(8160kb):    1 bos, 8160 kb
TU: info:       vkAllocateMemory(3132kb):    1 bos, 3132 kb
TU: info:       vkAllocateMemory(4864kb):    1 bos, 4864 kb
TU: info:       vkAllocateMemory(7360kb):    1 bos, 7360 kb
TU: info:       vkAllocateMemory(6552kb):    1 bos, 6552 kb
TU: info:       vkAllocateMemory(3840kb):    1 bos, 3840 kb
TU: info:                descriptor pool:    1 bos, 4 kb
TU: info:       vkAllocateMemory(5464kb):    1 bos, 5464 kb
TU: info:       vkAllocateMemory(2540kb):    1 bos, 2540 kb
TU: info:      vkAllocateMemory(10112kb):    1 bos, 10112 kb
TU: info:                  device sub cs:    1 bos, 4 kb
TU: info:      vkAllocateMemory(11392kb):    1 bos, 11392 kb
TU: info:       vkAllocateMemory(5220kb):    1 bos, 5220 kb
TU: info:      vkAllocateMemory(15936kb):    1 bos, 15936 kb
TU: info:       vkAllocateMemory(8196kb):    1 bos, 8196 kb
TU: info:       vkAllocateMemory(4180kb):    1 bos, 4180 kb
TU: info:       vkAllocateMemory(3740kb):    1 bos, 3740 kb
TU: info:       vkAllocateMemory(2368kb):    1 bos, 2368 kb
TU: info:       vkAllocateMemory(3264kb):    1 bos, 3264 kb
TU: info:       vkAllocateMemory(6000kb):    1 bos, 6000 kb
TU: info:       vkAllocateMemory(3712kb):    1 bos, 3712 kb
TU: info:       vkAllocateMemory(3168kb):    1 bos, 3168 kb
TU: info:       vkAllocateMemory(6144kb):    1 bos, 6144 kb
TU: info:                           tess:    1 bos, 136 kb
TU: info:       vkAllocateMemory(2920kb):    1 bos, 2920 kb
TU: info:     vkAllocateMemory(131072kb):    1 bos, 131072 kb
TU: info:      vkAllocateMemory(14720kb):    1 bos, 14720 kb
TU: info:        vkAllocateMemory(128kb):    1 bos, 128 kb
TU: info:       vkAllocateMemory(5248kb):    1 bos, 5248 kb
TU: info:       vkAllocateMemory(4672kb):    1 bos, 4672 kb
TU: info:       vkAllocateMemory(4824kb):    1 bos, 4824 kb
TU: info:       vkAllocateMemory(8896kb):    1 bos, 8896 kb
TU: info:       vkAllocateMemory(9664kb):    1 bos, 9664 kb
TU: info:       vkAllocateMemory(3136kb):    1 bos, 3136 kb
TU: info:       vkAllocateMemory(7680kb):    1 bos, 7680 kb
TU: info:       vkAllocateMemory(4176kb):    1 bos, 4176 kb
TU: info:       vkAllocateMemory(2056kb):    2 bos, 4112 kb
TU: info:     vkAllocateMemory(187501kb):    2 bos, 375008 kb
TU: info:       vkAllocateMemory(7236kb):    2 bos, 14472 kb
TU: info:       vkAllocateMemory(2944kb):    2 bos, 5888 kb
TU: info:       vkAllocateMemory(1024kb):    2 bos, 2048 kb
TU: info:      vkAllocateMemory(33544kb):    2 bos, 67088 kb
TU: info:       vkAllocateMemory(5472kb):    2 bos, 10944 kb
TU: info:       vkAllocateMemory(9472kb):    2 bos, 18944 kb
TU: info:       vkAllocateMemory(4200kb):    2 bos, 8400 kb
TU: info:       vkAllocateMemory(4032kb):    2 bos, 8064 kb
TU: info:       vkAllocateMemory(4544kb):    2 bos, 9088 kb
TU: info:       vkAllocateMemory(2496kb):    2 bos, 4992 kb
TU: info:       vkAllocateMemory(2720kb):    2 bos, 5440 kb
TU: info:       vkAllocateMemory(4932kb):    2 bos, 9864 kb
TU: info:          vkAllocateMemory(4kb):    2 bos, 8 kb
TU: info:       vkAllocateMemory(7813kb):    2 bos, 15632 kb
TU: info:       vkAllocateMemory(4112kb):    2 bos, 8224 kb
TU: info:       vkAllocateMemory(4896kb):    2 bos, 9792 kb
TU: info:       vkAllocateMemory(4612kb):    3 bos, 13836 kb
TU: info:       vkAllocateMemory(2624kb):    3 bos, 7872 kb
TU: info:       vkAllocateMemory(5120kb):    3 bos, 15360 kb
TU: info:       vkAllocateMemory(2304kb):    3 bos, 6912 kb
TU: info:       vkAllocateMemory(3072kb):    3 bos, 9216 kb
TU: info:         vkAllocateMemory(41kb):    3 bos, 132 kb
TU: info:          vkAllocateMemory(7kb):    3 bos, 24 kb
TU: info:      vkAllocateMemory(10240kb):    3 bos, 30720 kb
TU: info:       vkAllocateMemory(2240kb):    3 bos, 6720 kb
TU: info:      vkAllocateMemory(51200kb):    3 bos, 153600 kb
TU: info:                         pvtmem:    3 bos, 122880 kb
TU: info:       vkAllocateMemory(8192kb):    4 bos, 32768 kb
TU: info:      vkAllocateMemory(43712kb):    4 bos, 174848 kb
TU: info:       vkAllocateMemory(5376kb):    4 bos, 21504 kb
TU: info:       vkAllocateMemory(4608kb):    4 bos, 18432 kb
TU: info:       vkAllocateMemory(8960kb):    4 bos, 35840 kb
TU: info:       vkAllocateMemory(2560kb):    4 bos, 10240 kb
TU: info:       vkAllocateMemory(2176kb):    5 bos, 10880 kb
TU: info:      vkAllocateMemory(21824kb):    5 bos, 109120 kb
TU: info:       vkAllocateMemory(4096kb):    6 bos, 24576 kb
TU: info:       vkAllocateMemory(4028kb):    6 bos, 24168 kb
TU: info:       vkAllocateMemory(2752kb):    6 bos, 16512 kb
TU: info:       vkAllocateMemory(4052kb):    6 bos, 24312 kb
TU: info:       vkAllocateMemory(2208kb):    6 bos, 13248 kb
TU: info:               draw epilogue cs:    9 bos, 144 kb
TU: info:       vkAllocateMemory(2688kb):    9 bos, 24192 kb
TU: info:       vkAllocateMemory(3600kb):   10 bos, 36000 kb
TU: info:       vkAllocateMemory(3624kb):   11 bos, 39864 kb
TU: info:       vkAllocateMemory(2048kb):   17 bos, 34816 kb
TU: info:       vkAllocateMemory(2112kb):   17 bos, 35904 kb
TU: info:                        draw cs:   22 bos, 3088 kb
TU: info:                    draw sub cs:   26 bos, 3144 kb
TU: info:      vkAllocateMemory(16384kb):   66 bos, 1081344 kb
TU: info:                         cmd cs:   93 bos, 3888 kb
TU: info:              pipeline_suballoc: 1795 bos, 229760 kb
TU: info:              embedded samplers: 3025 bos, 12100 kb
TU: info: submitted 5305 bos (3490 MB)
TU: info:       vkAllocateMemory(6624kb):    1 bos, 6624 kb
TU: info:      vkAllocateMemory(24576kb):    1 bos, 24576 kb
TU: info:       vkAllocateMemory(3392kb):    1 bos, 3392 kb
TU: info:       vkAllocateMemory(7424kb):    1 bos, 7424 kb
TU: info:                         global:    1 bos, 532 kb
TU: info:      vkAllocateMemory(10688kb):    1 bos, 10688 kb
TU: info:      vkAllocateMemory(16448kb):    1 bos, 16448 kb
TU: info:       vkAllocateMemory(9280kb):    1 bos, 9280 kb
TU: info:       vkAllocateMemory(4908kb):    1 bos, 4908 kb
TU: info:      vkAllocateMemory(14472kb):    1 bos, 14472 kb
TU: info:       vkAllocateMemory(4340kb):    1 bos, 4340 kb
TU: info:       vkAllocateMemory(8512kb):    1 bos, 8512 kb
TU: info:       vkAllocateMemory(5440kb):    1 bos, 5440 kb
TU: info:       vkAllocateMemory(9224kb):    1 bos, 9224 kb
TU: info:       vkAllocateMemory(4480kb):    1 bos, 4480 kb
TU: info:       vkAllocateMemory(4576kb):    1 bos, 4576 kb
TU: info:                     query pool:    1 bos, 4 kb
TU: info:      vkAllocateMemory(11328kb):    1 bos, 11328 kb
TU: info:      vkAllocateMemory(21504kb):    1 bos, 21504 kb
TU: info:       vkAllocateMemory(2452kb):    1 bos, 2452 kb
TU: info:       vkAllocateMemory(9152kb):    1 bos, 9152 kb
TU: info:       vkAllocateMemory(4288kb):    1 bos, 4288 kb
TU: info:       vkAllocateMemory(8640kb):    1 bos, 8640 kb
TU: info:       vkAllocateMemory(5344kb):    1 bos, 5344 kb
TU: info:       vkAllocateMemory(5640kb):    1 bos, 5640 kb
TU: info:       vkAllocateMemory(6912kb):    1 bos, 6912 kb
TU: info:       vkAllocateMemory(6976kb):    1 bos, 6976 kb
TU: info:      vkAllocateMemory(10080kb):    1 bos, 10080 kb
TU: info:       vkAllocateMemory(5760kb):    1 bos, 5760 kb
TU: info:       vkAllocateMemory(3692kb):    1 bos, 3692 kb
TU: info:       vkAllocateMemory(2736kb):    1 bos, 2736 kb
TU: info:       vkAllocateMemory(5888kb):    1 bos, 5888 kb
TU: info:       vkAllocateMemory(6464kb):    1 bos, 6464 kb
TU: info:       vkAllocateMemory(5712kb):    1 bos, 5712 kb
TU: info:       vkAllocateMemory(2816kb):    1 bos, 2816 kb
TU: info:      vkAllocateMemory(24512kb):    1 bos, 24512 kb
TU: info:       vkAllocateMemory(8160kb):    1 bos, 8160 kb
TU: info:       vkAllocateMemory(3132kb):    1 bos, 3132 kb
TU: info:       vkAllocateMemory(4864kb):    1 bos, 4864 kb
TU: info:       vkAllocateMemory(7360kb):    1 bos, 7360 kb
TU: info:       vkAllocateMemory(6552kb):    1 bos, 6552 kb
TU: info:       vkAllocateMemory(3840kb):    1 bos, 3840 kb
TU: info:                descriptor pool:    1 bos, 4 kb
TU: info:       vkAllocateMemory(5464kb):    1 bos, 5464 kb
TU: info:       vkAllocateMemory(2540kb):    1 bos, 2540 kb
TU: info:      vkAllocateMemory(10112kb):    1 bos, 10112 kb
TU: info:                  device sub cs:    1 bos, 4 kb
TU: info:      vkAllocateMemory(11392kb):    1 bos, 11392 kb
TU: info:       vkAllocateMemory(5220kb):    1 bos, 5220 kb
TU: info:      vkAllocateMemory(15936kb):    1 bos, 15936 kb
TU: info:       vkAllocateMemory(8196kb):    1 bos, 8196 kb
TU: info:       vkAllocateMemory(4180kb):    1 bos, 4180 kb
TU: info:       vkAllocateMemory(3740kb):    1 bos, 3740 kb
TU: info:       vkAllocateMemory(2368kb):    1 bos, 2368 kb
TU: info:       vkAllocateMemory(3264kb):    1 bos, 3264 kb
TU: info:       vkAllocateMemory(6000kb):    1 bos, 6000 kb
TU: info:       vkAllocateMemory(3712kb):    1 bos, 3712 kb
TU: info:       vkAllocateMemory(3168kb):    1 bos, 3168 kb
TU: info:       vkAllocateMemory(6144kb):    1 bos, 6144 kb
TU: info:                           tess:    1 bos, 136 kb
TU: info:       vkAllocateMemory(2920kb):    1 bos, 2920 kb
TU: info:     vkAllocateMemory(131072kb):    1 bos, 131072 kb
TU: info:      vkAllocateMemory(14720kb):    1 bos, 14720 kb
TU: info:        vkAllocateMemory(128kb):    1 bos, 128 kb
TU: info:       vkAllocateMemory(5248kb):    1 bos, 5248 kb
TU: info:       vkAllocateMemory(4672kb):    1 bos, 4672 kb
TU: info:       vkAllocateMemory(4824kb):    1 bos, 4824 kb
TU: info:       vkAllocateMemory(8896kb):    1 bos, 8896 kb
TU: info:       vkAllocateMemory(9664kb):    1 bos, 9664 kb
TU: info:       vkAllocateMemory(3136kb):    1 bos, 3136 kb
TU: info:       vkAllocateMemory(7680kb):    1 bos, 7680 kb
TU: info:       vkAllocateMemory(4176kb):    1 bos, 4176 kb
TU: info:       vkAllocateMemory(2056kb):    2 bos, 4112 kb
TU: info:     vkAllocateMemory(187501kb):    2 bos, 375008 kb
TU: info:       vkAllocateMemory(7236kb):    2 bos, 14472 kb
TU: info:       vkAllocateMemory(2944kb):    2 bos, 5888 kb
TU: info:       vkAllocateMemory(1024kb):    2 bos, 2048 kb
TU: info:      vkAllocateMemory(33544kb):    2 bos, 67088 kb
TU: info:       vkAllocateMemory(5472kb):    2 bos, 10944 kb
TU: info:       vkAllocateMemory(9472kb):    2 bos, 18944 kb
TU: info:       vkAllocateMemory(4200kb):    2 bos, 8400 kb
TU: info:       vkAllocateMemory(4032kb):    2 bos, 8064 kb
TU: info:       vkAllocateMemory(4544kb):    2 bos, 9088 kb
TU: info:       vkAllocateMemory(2496kb):    2 bos, 4992 kb
TU: info:       vkAllocateMemory(2720kb):    2 bos, 5440 kb
TU: info:       vkAllocateMemory(4932kb):    2 bos, 9864 kb
TU: info:          vkAllocateMemory(4kb):    2 bos, 8 kb
TU: info:       vkAllocateMemory(7813kb):    2 bos, 15632 kb
TU: info:       vkAllocateMemory(4112kb):    2 bos, 8224 kb
TU: info:       vkAllocateMemory(4896kb):    2 bos, 9792 kb
TU: info:       vkAllocateMemory(4612kb):    3 bos, 13836 kb
TU: info:       vkAllocateMemory(2624kb):    3 bos, 7872 kb
TU: info:       vkAllocateMemory(5120kb):    3 bos, 15360 kb
TU: info:       vkAllocateMemory(2304kb):    3 bos, 6912 kb
TU: info:       vkAllocateMemory(3072kb):    3 bos, 9216 kb
TU: info:         vkAllocateMemory(41kb):    3 bos, 132 kb
TU: info:          vkAllocateMemory(7kb):    3 bos, 24 kb
TU: info:      vkAllocateMemory(10240kb):    3 bos, 30720 kb
TU: info:       vkAllocateMemory(2240kb):    3 bos, 6720 kb
TU: info:      vkAllocateMemory(51200kb):    3 bos, 153600 kb
TU: info:                         pvtmem:    3 bos, 122880 kb
TU: info:       vkAllocateMemory(8192kb):    4 bos, 32768 kb
TU: info:      vkAllocateMemory(43712kb):    4 bos, 174848 kb
TU: info:       vkAllocateMemory(5376kb):    4 bos, 21504 kb
TU: info:       vkAllocateMemory(4608kb):    4 bos, 18432 kb
TU: info:       vkAllocateMemory(8960kb):    4 bos, 35840 kb
TU: info:       vkAllocateMemory(2560kb):    4 bos, 10240 kb
TU: info:       vkAllocateMemory(2176kb):    5 bos, 10880 kb
TU: info:      vkAllocateMemory(21824kb):    5 bos, 109120 kb
TU: info:       vkAllocateMemory(4096kb):    6 bos, 24576 kb
TU: info:       vkAllocateMemory(4028kb):    6 bos, 24168 kb
TU: info:       vkAllocateMemory(2752kb):    6 bos, 16512 kb
TU: info:       vkAllocateMemory(4052kb):    6 bos, 24312 kb
TU: info:       vkAllocateMemory(2208kb):    6 bos, 13248 kb
TU: info:               draw epilogue cs:    9 bos, 144 kb
TU: info:       vkAllocateMemory(2688kb):    9 bos, 24192 kb
TU: info:       vkAllocateMemory(3600kb):   10 bos, 36000 kb
TU: info:       vkAllocateMemory(3624kb):   11 bos, 39864 kb
TU: info:       vkAllocateMemory(2048kb):   17 bos, 34816 kb
TU: info:       vkAllocateMemory(2112kb):   17 bos, 35904 kb
TU: info:                        draw cs:   22 bos, 3088 kb
TU: info:                    draw sub cs:   26 bos, 3144 kb
TU: info:      vkAllocateMemory(16384kb):   66 bos, 1081344 kb
TU: info:                         cmd cs:   93 bos, 3888 kb
TU: info:              pipeline_suballoc: 1795 bos, 229760 kb
TU: info:              embedded samplers: 3025 bos, 12100 kb
TU: info: submitted 5305 bos (3490 MB)
TU: info:       vkAllocateMemory(6624kb):    1 bos, 6624 kb
TU: info:      vkAllocateMemory(24576kb):    1 bos, 24576 kb
TU: info:       vkAllocateMemory(3392kb):    1 bos, 3392 kb
TU: info:       vkAllocateMemory(7424kb):    1 bos, 7424 kb
TU: info:                         global:    1 bos, 532 kb
TU: info:      vkAllocateMemory(10688kb):    1 bos, 10688 kb
TU: info:      vkAllocateMemory(16448kb):    1 bos, 16448 kb
TU: info:       vkAllocateMemory(9280kb):    1 bos, 9280 kb
TU: info:       vkAllocateMemory(4908kb):    1 bos, 4908 kb
TU: info:      vkAllocateMemory(14472kb):    1 bos, 14472 kb
TU: info:       vkAllocateMemory(4340kb):    1 bos, 4340 kb
TU: info:       vkAllocateMemory(8512kb):    1 bos, 8512 kb
TU: info:       vkAllocateMemory(5440kb):    1 bos, 5440 kb
TU: info:       vkAllocateMemory(9224kb):    1 bos, 9224 kb
TU: info:       vkAllocateMemory(4480kb):    1 bos, 4480 kb
TU: info:       vkAllocateMemory(4576kb):    1 bos, 4576 kb
TU: info:                     query pool:    1 bos, 4 kb
TU: info:      vkAllocateMemory(11328kb):    1 bos, 11328 kb
TU: info:      vkAllocateMemory(21504kb):    1 bos, 21504 kb
TU: info:       vkAllocateMemory(2452kb):    1 bos, 2452 kb
TU: info:       vkAllocateMemory(9152kb):    1 bos, 9152 kb
TU: info:       vkAllocateMemory(4288kb):    1 bos, 4288 kb
TU: info:       vkAllocateMemory(8640kb):    1 bos, 8640 kb
TU: info:       vkAllocateMemory(5344kb):    1 bos, 5344 kb
TU: info:       vkAllocateMemory(5640kb):    1 bos, 5640 kb
TU: info:       vkAllocateMemory(6912kb):    1 bos, 6912 kb
TU: info:       vkAllocateMemory(6976kb):    1 bos, 6976 kb
TU: info:      vkAllocateMemory(10080kb):    1 bos, 10080 kb
TU: info:       vkAllocateMemory(5760kb):    1 bos, 5760 kb
TU: info:       vkAllocateMemory(3692kb):    1 bos, 3692 kb
TU: info:       vkAllocateMemory(2736kb):    1 bos, 2736 kb
TU: info:       vkAllocateMemory(5888kb):    1 bos, 5888 kb
TU: info:       vkAllocateMemory(6464kb):    1 bos, 6464 kb
TU: info:       vkAllocateMemory(5712kb):    1 bos, 5712 kb
TU: info:       vkAllocateMemory(2816kb):    1 bos, 2816 kb
TU: info:      vkAllocateMemory(24512kb):    1 bos, 24512 kb
TU: info:       vkAllocateMemory(8160kb):    1 bos, 8160 kb
TU: info:       vkAllocateMemory(3132kb):    1 bos, 3132 kb
TU: info:       vkAllocateMemory(4864kb):    1 bos, 4864 kb
TU: info:       vkAllocateMemory(7360kb):    1 bos, 7360 kb
TU: info:       vkAllocateMemory(6552kb):    1 bos, 6552 kb
TU: info:       vkAllocateMemory(3840kb):    1 bos, 3840 kb
TU: info:                descriptor pool:    1 bos, 4 kb
TU: info:       vkAllocateMemory(5464kb):    1 bos, 5464 kb
TU: info:       vkAllocateMemory(2540kb):    1 bos, 2540 kb
TU: info:      vkAllocateMemory(10112kb):    1 bos, 10112 kb
TU: info:                  device sub cs:    1 bos, 4 kb
TU: info:      vkAllocateMemory(11392kb):    1 bos, 11392 kb
TU: info:       vkAllocateMemory(5220kb):    1 bos, 5220 kb
TU: info:      vkAllocateMemory(15936kb):    1 bos, 15936 kb
TU: info:       vkAllocateMemory(8196kb):    1 bos, 8196 kb
TU: info:       vkAllocateMemory(4180kb):    1 bos, 4180 kb
TU: info:       vkAllocateMemory(3740kb):    1 bos, 3740 kb
TU: info:       vkAllocateMemory(2368kb):    1 bos, 2368 kb
TU: info:       vkAllocateMemory(3264kb):    1 bos, 3264 kb
TU: info:       vkAllocateMemory(6000kb):    1 bos, 6000 kb
TU: info:       vkAllocateMemory(3712kb):    1 bos, 3712 kb
TU: info:       vkAllocateMemory(3168kb):    1 bos, 3168 kb
TU: info:       vkAllocateMemory(6144kb):    1 bos, 6144 kb
TU: info:                           tess:    1 bos, 136 kb
TU: info:       vkAllocateMemory(2920kb):    1 bos, 2920 kb
TU: info:     vkAllocateMemory(131072kb):    1 bos, 131072 kb
TU: info:      vkAllocateMemory(14720kb):    1 bos, 14720 kb
TU: info:        vkAllocateMemory(128kb):    1 bos, 128 kb
TU: info:       vkAllocateMemory(5248kb):    1 bos, 5248 kb
TU: info:       vkAllocateMemory(4672kb):    1 bos, 4672 kb
TU: info:       vkAllocateMemory(4824kb):    1 bos, 4824 kb
TU: info:       vkAllocateMemory(8896kb):    1 bos, 8896 kb
TU: info:       vkAllocateMemory(9664kb):    1 bos, 9664 kb
TU: info:       vkAllocateMemory(3136kb):    1 bos, 3136 kb
TU: info:       vkAllocateMemory(7680kb):    1 bos, 7680 kb
TU: info:       vkAllocateMemory(4176kb):    1 bos, 4176 kb
TU: info:       vkAllocateMemory(2056kb):    2 bos, 4112 kb
TU: info:     vkAllocateMemory(187501kb):    2 bos, 375008 kb
TU: info:       vkAllocateMemory(7236kb):    2 bos, 14472 kb
TU: info:       vkAllocateMemory(2944kb):    2 bos, 5888 kb
TU: info:       vkAllocateMemory(1024kb):    2 bos, 2048 kb
TU: info:      vkAllocateMemory(33544kb):    2 bos, 67088 kb
TU: info:       vkAllocateMemory(5472kb):    2 bos, 10944 kb
TU: info:       vkAllocateMemory(9472kb):    2 bos, 18944 kb
TU: info:       vkAllocateMemory(4200kb):    2 bos, 8400 kb
TU: info:       vkAllocateMemory(4032kb):    2 bos, 8064 kb
TU: info:       vkAllocateMemory(4544kb):    2 bos, 9088 kb
TU: info:       vkAllocateMemory(2496kb):    2 bos, 4992 kb
TU: info:       vkAllocateMemory(2720kb):    2 bos, 5440 kb
TU: info:       vkAllocateMemory(4932kb):    2 bos, 9864 kb
TU: info:          vkAllocateMemory(4kb):    2 bos, 8 kb
TU: info:       vkAllocateMemory(7813kb):    2 bos, 15632 kb
TU: info:       vkAllocateMemory(4112kb):    2 bos, 8224 kb
TU: info:       vkAllocateMemory(4896kb):    2 bos, 9792 kb
TU: info:       vkAllocateMemory(4612kb):    3 bos, 13836 kb
TU: info:       vkAllocateMemory(2624kb):    3 bos, 7872 kb
TU: info:       vkAllocateMemory(5120kb):    3 bos, 15360 kb
TU: info:       vkAllocateMemory(2304kb):    3 bos, 6912 kb
TU: info:       vkAllocateMemory(3072kb):    3 bos, 9216 kb
TU: info:         vkAllocateMemory(41kb):    3 bos, 132 kb
TU: info:          vkAllocateMemory(7kb):    3 bos, 24 kb
TU: info:      vkAllocateMemory(10240kb):    3 bos, 30720 kb
TU: info:       vkAllocateMemory(2240kb):    3 bos, 6720 kb
TU: info:      vkAllocateMemory(51200kb):    3 bos, 153600 kb
TU: info:                         pvtmem:    3 bos, 122880 kb
TU: info:       vkAllocateMemory(8192kb):    4 bos, 32768 kb
TU: info:      vkAllocateMemory(43712kb):    4 bos, 174848 kb
TU: info:       vkAllocateMemory(5376kb):    4 bos, 21504 kb
TU: info:       vkAllocateMemory(4608kb):    4 bos, 18432 kb
TU: info:       vkAllocateMemory(8960kb):    4 bos, 35840 kb
TU: info:       vkAllocateMemory(2560kb):    4 bos, 10240 kb
TU: info:       vkAllocateMemory(2176kb):    5 bos, 10880 kb
TU: info:      vkAllocateMemory(21824kb):    5 bos, 109120 kb
TU: info:       vkAllocateMemory(4096kb):    6 bos, 24576 kb
TU: info:       vkAllocateMemory(4028kb):    6 bos, 24168 kb
TU: info:       vkAllocateMemory(2752kb):    6 bos, 16512 kb
TU: info:       vkAllocateMemory(4052kb):    6 bos, 24312 kb
TU: info:       vkAllocateMemory(2208kb):    6 bos, 13248 kb
TU: info:               draw epilogue cs:    9 bos, 144 kb
TU: info:       vkAllocateMemory(2688kb):    9 bos, 24192 kb
TU: info:       vkAllocateMemory(3600kb):   10 bos, 36000 kb
TU: info:       vkAllocateMemory(3624kb):   11 bos, 39864 kb
TU: info:       vkAllocateMemory(2048kb):   17 bos, 34816 kb
TU: info:       vkAllocateMemory(2112kb):   17 bos, 35904 kb
TU: info:                        draw cs:   22 bos, 3088 kb
TU: info:                    draw sub cs:   26 bos, 3144 kb
TU: info:      vkAllocateMemory(16384kb):   66 bos, 1081344 kb
TU: info:                         cmd cs:   93 bos, 3888 kb
TU: info:              pipeline_suballoc: 1795 bos, 229760 kb
TU: info:              embedded samplers: 3025 bos, 12100 kb
TU: info: submitted 5305 bos (3490 MB)
TU: info:       vkAllocateMemory(6624kb):    1 bos, 6624 kb
TU: info:      vkAllocateMemory(24576kb):    1 bos, 24576 kb
TU: info:       vkAllocateMemory(3392kb):    1 bos, 3392 kb
TU: info:       vkAllocateMemory(7424kb):    1 bos, 7424 kb
TU: info:                         global:    1 bos, 532 kb
TU: info:      vkAllocateMemory(10688kb):    1 bos, 10688 kb
TU: info:      vkAllocateMemory(16448kb):    1 bos, 16448 kb
TU: info:       vkAllocateMemory(9280kb):    1 bos, 9280 kb
TU: info:       vkAllocateMemory(4908kb):    1 bos, 4908 kb
TU: info:      vkAllocateMemory(14472kb):    1 bos, 14472 kb
TU: info:       vkAllocateMemory(4340kb):    1 bos, 4340 kb
TU: info:       vkAllocateMemory(8512kb):    1 bos, 8512 kb
TU: info:       vkAllocateMemory(5440kb):    1 bos, 5440 kb
TU: info:       vkAllocateMemory(9224kb):    1 bos, 9224 kb
TU: info:       vkAllocateMemory(4480kb):    1 bos, 4480 kb
TU: info:       vkAllocateMemory(4576kb):    1 bos, 4576 kb
TU: info:                     query pool:    1 bos, 4 kb
TU: info:      vkAllocateMemory(11328kb):    1 bos, 11328 kb
TU: info:      vkAllocateMemory(21504kb):    1 bos, 21504 kb
TU: info:       vkAllocateMemory(2452kb):    1 bos, 2452 kb
TU: info:       vkAllocateMemory(9152kb):    1 bos, 9152 kb
TU: info:       vkAllocateMemory(4288kb):    1 bos, 4288 kb
TU: info:       vkAllocateMemory(8640kb):    1 bos, 8640 kb
TU: info:       vkAllocateMemory(5344kb):    1 bos, 5344 kb
TU: info:       vkAllocateMemory(5640kb):    1 bos, 5640 kb
TU: info:       vkAllocateMemory(6912kb):    1 bos, 6912 kb
TU: info:       vkAllocateMemory(6976kb):    1 bos, 6976 kb
TU: info:      vkAllocateMemory(10080kb):    1 bos, 10080 kb
TU: info:       vkAllocateMemory(5760kb):    1 bos, 5760 kb
TU: info:       vkAllocateMemory(3692kb):    1 bos, 3692 kb
TU: info:       vkAllocateMemory(2736kb):    1 bos, 2736 kb
TU: info:       vkAllocateMemory(5888kb):    1 bos, 5888 kb
TU: info:       vkAllocateMemory(6464kb):    1 bos, 6464 kb
TU: info:       vkAllocateMemory(5712kb):    1 bos, 5712 kb
TU: info:       vkAllocateMemory(2816kb):    1 bos, 2816 kb
TU: info:      vkAllocateMemory(24512kb):    1 bos, 24512 kb
TU: info:       vkAllocateMemory(8160kb):    1 bos, 8160 kb
TU: info:       vkAllocateMemory(3132kb):    1 bos, 3132 kb
TU: info:       vkAllocateMemory(4864kb):    1 bos, 4864 kb
TU: info:       vkAllocateMemory(7360kb):    1 bos, 7360 kb
TU: info:       vkAllocateMemory(6552kb):    1 bos, 6552 kb
TU: info:       vkAllocateMemory(3840kb):    1 bos, 3840 kb
TU: info:                descriptor pool:    1 bos, 4 kb
TU: info:       vkAllocateMemory(5464kb):    1 bos, 5464 kb
TU: info:       vkAllocateMemory(2540kb):    1 bos, 2540 kb
TU: info:      vkAllocateMemory(10112kb):    1 bos, 10112 kb
TU: info:                  device sub cs:    1 bos, 4 kb
TU: info:      vkAllocateMemory(11392kb):    1 bos, 11392 kb
TU: info:       vkAllocateMemory(5220kb):    1 bos, 5220 kb
TU: info:      vkAllocateMemory(15936kb):    1 bos, 15936 kb
TU: info:       vkAllocateMemory(8196kb):    1 bos, 8196 kb
TU: info:       vkAllocateMemory(4180kb):    1 bos, 4180 kb
TU: info:       vkAllocateMemory(3740kb):    1 bos, 3740 kb
TU: info:       vkAllocateMemory(2368kb):    1 bos, 2368 kb
TU: info:       vkAllocateMemory(3264kb):    1 bos, 3264 kb
TU: info:       vkAllocateMemory(6000kb):    1 bos, 6000 kb
TU: info:       vkAllocateMemory(3712kb):    1 bos, 3712 kb
TU: info:       vkAllocateMemory(3168kb):    1 bos, 3168 kb
TU: info:       vkAllocateMemory(6144kb):    1 bos, 6144 kb
TU: info:                           tess:    1 bos, 136 kb
TU: info:       vkAllocateMemory(2920kb):    1 bos, 2920 kb
TU: info:     vkAllocateMemory(131072kb):    1 bos, 131072 kb
TU: info:      vkAllocateMemory(14720kb):    1 bos, 14720 kb
TU: info:        vkAllocateMemory(128kb):    1 bos, 128 kb
TU: info:       vkAllocateMemory(5248kb):    1 bos, 5248 kb
TU: info:       vkAllocateMemory(4672kb):    1 bos, 4672 kb
TU: info:       vkAllocateMemory(4824kb):    1 bos, 4824 kb
TU: info:       vkAllocateMemory(8896kb):    1 bos, 8896 kb
TU: info:       vkAllocateMemory(9664kb):    1 bos, 9664 kb
TU: info:       vkAllocateMemory(3136kb):    1 bos, 3136 kb
TU: info:       vkAllocateMemory(7680kb):    1 bos, 7680 kb
TU: info:       vkAllocateMemory(4176kb):    1 bos, 4176 kb
TU: info:       vkAllocateMemory(2056kb):    2 bos, 4112 kb
TU: info:     vkAllocateMemory(187501kb):    2 bos, 375008 kb
TU: info:       vkAllocateMemory(7236kb):    2 bos, 14472 kb
TU: info:       vkAllocateMemory(2944kb):    2 bos, 5888 kb
TU: info:       vkAllocateMemory(1024kb):    2 bos, 2048 kb
TU: info:      vkAllocateMemory(33544kb):    2 bos, 67088 kb
TU: info:       vkAllocateMemory(5472kb):    2 bos, 10944 kb
TU: info:       vkAllocateMemory(9472kb):    2 bos, 18944 kb
TU: info:       vkAllocateMemory(4200kb):    2 bos, 8400 kb
TU: info:       vkAllocateMemory(4032kb):    2 bos, 8064 kb
TU: info:       vkAllocateMemory(4544kb):    2 bos, 9088 kb
TU: info:       vkAllocateMemory(2496kb):    2 bos, 4992 kb
TU: info:       vkAllocateMemory(2720kb):    2 bos, 5440 kb
TU: info:       vkAllocateMemory(4932kb):    2 bos, 9864 kb
TU: info:          vkAllocateMemory(4kb):    2 bos, 8 kb
TU: info:       vkAllocateMemory(7813kb):    2 bos, 15632 kb
TU: info:       vkAllocateMemory(4112kb):    2 bos, 8224 kb
TU: info:       vkAllocateMemory(4896kb):    2 bos, 9792 kb
TU: info:       vkAllocateMemory(4612kb):    3 bos, 13836 kb
TU: info:       vkAllocateMemory(2624kb):    3 bos, 7872 kb
TU: info:       vkAllocateMemory(5120kb):    3 bos, 15360 kb
TU: info:       vkAllocateMemory(2304kb):    3 bos, 6912 kb
TU: info:       vkAllocateMemory(3072kb):    3 bos, 9216 kb
TU: info:         vkAllocateMemory(41kb):    3 bos, 132 kb
TU: info:          vkAllocateMemory(7kb):    3 bos, 24 kb
TU: info:      vkAllocateMemory(10240kb):    3 bos, 30720 kb
TU: info:       vkAllocateMemory(2240kb):    3 bos, 6720 kb
TU: info:      vkAllocateMemory(51200kb):    3 bos, 153600 kb
TU: info:                         pvtmem:    3 bos, 122880 kb
TU: info:       vkAllocateMemory(8192kb):    4 bos, 32768 kb
TU: info:      vkAllocateMemory(43712kb):    4 bos, 174848 kb
TU: info:       vkAllocateMemory(5376kb):    4 bos, 21504 kb
TU: info:       vkAllocateMemory(4608kb):    4 bos, 18432 kb
TU: info:       vkAllocateMemory(8960kb):    4 bos, 35840 kb
TU: info:       vkAllocateMemory(2560kb):    4 bos, 10240 kb
TU: info:       vkAllocateMemory(2176kb):    5 bos, 10880 kb
TU: info:      vkAllocateMemory(21824kb):    5 bos, 109120 kb
TU: info:       vkAllocateMemory(4096kb):    6 bos, 24576 kb
TU: info:       vkAllocateMemory(4028kb):    6 bos, 24168 kb
TU: info:       vkAllocateMemory(2752kb):    6 bos, 16512 kb
TU: info:       vkAllocateMemory(4052kb):    6 bos, 24312 kb
TU: info:       vkAllocateMemory(2208kb):    6 bos, 13248 kb
TU: info:               draw epilogue cs:    9 bos, 144 kb
TU: info:       vkAllocateMemory(2688kb):    9 bos, 24192 kb
TU: info:       vkAllocateMemory(3600kb):   10 bos, 36000 kb
TU: info:       vkAllocateMemory(3624kb):   11 bos, 39864 kb
TU: info:       vkAllocateMemory(2048kb):   17 bos, 34816 kb
TU: info:       vkAllocateMemory(2112kb):   17 bos, 35904 kb
TU: info:                        draw cs:   22 bos, 3088 kb
TU: info:                    draw sub cs:   26 bos, 3144 kb
TU: info:      vkAllocateMemory(16384kb):   66 bos, 1081344 kb
TU: info:                         cmd cs:   93 bos, 3888 kb
TU: info:              pipeline_suballoc: 1795 bos, 229760 kb
TU: info:              embedded samplers: 3025 bos, 12100 kb
TU: info: submitted 5305 bos (3490 MB)
TU: info:       vkAllocateMemory(6624kb):    1 bos, 6624 kb
TU: info:      vkAllocateMemory(24576kb):    1 bos, 24576 kb
TU: info:       vkAllocateMemory(3392kb):    1 bos, 3392 kb
TU: info:       vkAllocateMemory(7424kb):    1 bos, 7424 kb
TU: info:                         global:    1 bos, 532 kb
TU: info:      vkAllocateMemory(10688kb):    1 bos, 10688 kb
TU: info:      vkAllocateMemory(16448kb):    1 bos, 16448 kb
TU: info:       vkAllocateMemory(9280kb):    1 bos, 9280 kb
TU: info:       vkAllocateMemory(4908kb):    1 bos, 4908 kb
TU: info:      vkAllocateMemory(14472kb):    1 bos, 14472 kb
TU: info:       vkAllocateMemory(4340kb):    1 bos, 4340 kb
TU: info:       vkAllocateMemory(8512kb):    1 bos, 8512 kb
TU: info:       vkAllocateMemory(5440kb):    1 bos, 5440 kb
TU: info:       vkAllocateMemory(9224kb):    1 bos, 9224 kb
TU: info:       vkAllocateMemory(4480kb):    1 bos, 4480 kb
TU: info:       vkAllocateMemory(4576kb):    1 bos, 4576 kb
TU: info:                     query pool:    1 bos, 4 kb
TU: info:      vkAllocateMemory(11328kb):    1 bos, 11328 kb
TU: info:      vkAllocateMemory(21504kb):    1 bos, 21504 kb
TU: info:       vkAllocateMemory(2452kb):    1 bos, 2452 kb
TU: info:       vkAllocateMemory(9152kb):    1 bos, 9152 kb
TU: info:       vkAllocateMemory(4288kb):    1 bos, 4288 kb
TU: info:       vkAllocateMemory(8640kb):    1 bos, 8640 kb
TU: info:       vkAllocateMemory(5344kb):    1 bos, 5344 kb
TU: info:       vkAllocateMemory(5640kb):    1 bos, 5640 kb
TU: info:       vkAllocateMemory(6912kb):    1 bos, 6912 kb
TU: info:       vkAllocateMemory(6976kb):    1 bos, 6976 kb
TU: info:      vkAllocateMemory(10080kb):    1 bos, 10080 kb
TU: info:       vkAllocateMemory(5760kb):    1 bos, 5760 kb
TU: info:       vkAllocateMemory(3692kb):    1 bos, 3692 kb
TU: info:       vkAllocateMemory(2736kb):    1 bos, 2736 kb
TU: info:       vkAllocateMemory(5888kb):    1 bos, 5888 kb
TU: info:       vkAllocateMemory(6464kb):    1 bos, 6464 kb
TU: info:       vkAllocateMemory(5712kb):    1 bos, 5712 kb
TU: info:       vkAllocateMemory(2816kb):    1 bos, 2816 kb
TU: info:      vkAllocateMemory(24512kb):    1 bos, 24512 kb
TU: info:       vkAllocateMemory(8160kb):    1 bos, 8160 kb
TU: info:       vkAllocateMemory(3132kb):    1 bos, 3132 kb
TU: info:       vkAllocateMemory(4864kb):    1 bos, 4864 kb
TU: info:       vkAllocateMemory(7360kb):    1 bos, 7360 kb
TU: info:       vkAllocateMemory(6552kb):    1 bos, 6552 kb
TU: info:       vkAllocateMemory(3840kb):    1 bos, 3840 kb
TU: info:                descriptor pool:    1 bos, 4 kb
TU: info:       vkAllocateMemory(5464kb):    1 bos, 5464 kb
TU: info:       vkAllocateMemory(2540kb):    1 bos, 2540 kb
TU: info:      vkAllocateMemory(10112kb):    1 bos, 10112 kb
TU: info:                  device sub cs:    1 bos, 4 kb
TU: info:      vkAllocateMemory(11392kb):    1 bos, 11392 kb
TU: info:       vkAllocateMemory(5220kb):    1 bos, 5220 kb
TU: info:      vkAllocateMemory(15936kb):    1 bos, 15936 kb
TU: info:       vkAllocateMemory(8196kb):    1 bos, 8196 kb
TU: info:       vkAllocateMemory(4180kb):    1 bos, 4180 kb
TU: info:       vkAllocateMemory(3740kb):    1 bos, 3740 kb
TU: info:       vkAllocateMemory(2368kb):    1 bos, 2368 kb
TU: info:       vkAllocateMemory(3264kb):    1 bos, 3264 kb
TU: info:       vkAllocateMemory(6000kb):    1 bos, 6000 kb
TU: info:       vkAllocateMemory(3712kb):    1 bos, 3712 kb
TU: info:       vkAllocateMemory(3168kb):    1 bos, 3168 kb
TU: info:       vkAllocateMemory(6144kb):    1 bos, 6144 kb
TU: info:                           tess:    1 bos, 136 kb
TU: info:       vkAllocateMemory(2920kb):    1 bos, 2920 kb
TU: info:     vkAllocateMemory(131072kb):    1 bos, 131072 kb
TU: info:      vkAllocateMemory(14720kb):    1 bos, 14720 kb
TU: info:        vkAllocateMemory(128kb):    1 bos, 128 kb
TU: info:       vkAllocateMemory(5248kb):    1 bos, 5248 kb
TU: info:       vkAllocateMemory(4672kb):    1 bos, 4672 kb
TU: info:       vkAllocateMemory(4824kb):    1 bos, 4824 kb
TU: info:       vkAllocateMemory(8896kb):    1 bos, 8896 kb
TU: info:       vkAllocateMemory(9664kb):    1 bos, 9664 kb
TU: info:       vkAllocateMemory(3136kb):    1 bos, 3136 kb
TU: info:       vkAllocateMemory(7680kb):    1 bos, 7680 kb
TU: info:       vkAllocateMemory(4176kb):    1 bos, 4176 kb
TU: info:       vkAllocateMemory(2056kb):    2 bos, 4112 kb
TU: info:     vkAllocateMemory(187501kb):    2 bos, 375008 kb
TU: info:       vkAllocateMemory(7236kb):    2 bos, 14472 kb
TU: info:       vkAllocateMemory(2944kb):    2 bos, 5888 kb
TU: info:       vkAllocateMemory(1024kb):    2 bos, 2048 kb
TU: info:      vkAllocateMemory(33544kb):    2 bos, 67088 kb
TU: info:       vkAllocateMemory(5472kb):    2 bos, 10944 kb
TU: info:       vkAllocateMemory(9472kb):    2 bos, 18944 kb
TU: info:       vkAllocateMemory(4200kb):    2 bos, 8400 kb
TU: info:       vkAllocateMemory(4032kb):    2 bos, 8064 kb
TU: info:       vkAllocateMemory(4544kb):    2 bos, 9088 kb
TU: info:       vkAllocateMemory(2496kb):    2 bos, 4992 kb
TU: info:       vkAllocateMemory(2720kb):    2 bos, 5440 kb
TU: info:       vkAllocateMemory(4932kb):    2 bos, 9864 kb
TU: info:          vkAllocateMemory(4kb):    2 bos, 8 kb
TU: info:       vkAllocateMemory(7813kb):    2 bos, 15632 kb
TU: info:       vkAllocateMemory(4112kb):    2 bos, 8224 kb
TU: info:       vkAllocateMemory(4896kb):    2 bos, 9792 kb
TU: info:       vkAllocateMemory(4612kb):    3 bos, 13836 kb
TU: info:       vkAllocateMemory(2624kb):    3 bos, 7872 kb
TU: info:       vkAllocateMemory(5120kb):    3 bos, 15360 kb
TU: info:       vkAllocateMemory(2304kb):    3 bos, 6912 kb
TU: info:       vkAllocateMemory(3072kb):    3 bos, 9216 kb
TU: info:         vkAllocateMemory(41kb):    3 bos, 132 kb
TU: info:          vkAllocateMemory(7kb):    3 bos, 24 kb
TU: info:      vkAllocateMemory(10240kb):    3 bos, 30720 kb
TU: info:       vkAllocateMemory(2240kb):    3 bos, 6720 kb
TU: info:      vkAllocateMemory(51200kb):    3 bos, 153600 kb
TU: info:                         pvtmem:    3 bos, 122880 kb
TU: info:       vkAllocateMemory(8192kb):    4 bos, 32768 kb
TU: info:      vkAllocateMemory(43712kb):    4 bos, 174848 kb
TU: info:       vkAllocateMemory(5376kb):    4 bos, 21504 kb
TU: info:       vkAllocateMemory(4608kb):    4 bos, 18432 kb
TU: info:       vkAllocateMemory(8960kb):    4 bos, 35840 kb
TU: info:       vkAllocateMemory(2560kb):    4 bos, 10240 kb
TU: info:       vkAllocateMemory(2176kb):    5 bos, 10880 kb
TU: info:      vkAllocateMemory(21824kb):    5 bos, 109120 kb
TU: info:       vkAllocateMemory(4096kb):    6 bos, 24576 kb
TU: info:       vkAllocateMemory(4028kb):    6 bos, 24168 kb
TU: info:       vkAllocateMemory(2752kb):    6 bos, 16512 kb
TU: info:       vkAllocateMemory(4052kb):    6 bos, 24312 kb
TU: info:       vkAllocateMemory(2208kb):    6 bos, 13248 kb
TU: info:               draw epilogue cs:    9 bos, 144 kb
TU: info:       vkAllocateMemory(2688kb):    9 bos, 24192 kb
TU: info:       vkAllocateMemory(3600kb):   10 bos, 36000 kb
TU: info:       vkAllocateMemory(3624kb):   11 bos, 39864 kb
TU: info:       vkAllocateMemory(2048kb):   17 bos, 34816 kb
TU: info:       vkAllocateMemory(2112kb):   17 bos, 35904 kb
TU: info:                        draw cs:   22 bos, 3088 kb
TU: info:                    draw sub cs:   26 bos, 3144 kb
TU: info:      vkAllocateMemory(16384kb):   66 bos, 1081344 kb
TU: info:                         cmd cs:   93 bos, 3888 kb
TU: info:              pipeline_suballoc: 1796 bos, 229888 kb
TU: info:              embedded samplers: 3025 bos, 12100 kb
TU: info: submitted 5306 bos (3490 MB)
TU: info:       vkAllocateMemory(6624kb):    1 bos, 6624 kb
TU: info:      vkAllocateMemory(24576kb):    1 bos, 24576 kb
TU: info:       vkAllocateMemory(3392kb):    1 bos, 3392 kb
TU: info:       vkAllocateMemory(7424kb):    1 bos, 7424 kb
TU: info:                         global:    1 bos, 532 kb
TU: info:      vkAllocateMemory(10688kb):    1 bos, 10688 kb
TU: info:      vkAllocateMemory(16448kb):    1 bos, 16448 kb
TU: info:       vkAllocateMemory(9280kb):    1 bos, 9280 kb
TU: info:       vkAllocateMemory(4908kb):    1 bos, 4908 kb
TU: info:      vkAllocateMemory(14472kb):    1 bos, 14472 kb
TU: info:       vkAllocateMemory(4340kb):    1 bos, 4340 kb
TU: info:       vkAllocateMemory(8512kb):    1 bos, 8512 kb
TU: info:       vkAllocateMemory(5440kb):    1 bos, 5440 kb
TU: info:       vkAllocateMemory(9224kb):    1 bos, 9224 kb
TU: info:       vkAllocateMemory(4480kb):    1 bos, 4480 kb
TU: info:       vkAllocateMemory(4576kb):    1 bos, 4576 kb
TU: info:                     query pool:    1 bos, 4 kb
TU: info:      vkAllocateMemory(11328kb):    1 bos, 11328 kb
TU: info:      vkAllocateMemory(21504kb):    1 bos, 21504 kb
TU: info:       vkAllocateMemory(2452kb):    1 bos, 2452 kb
TU: info:       vkAllocateMemory(9152kb):    1 bos, 9152 kb
TU: info:       vkAllocateMemory(4288kb):    1 bos, 4288 kb
TU: info:       vkAllocateMemory(8640kb):    1 bos, 8640 kb
TU: info:       vkAllocateMemory(5344kb):    1 bos, 5344 kb
TU: info:       vkAllocateMemory(5640kb):    1 bos, 5640 kb
TU: info:       vkAllocateMemory(6912kb):    1 bos, 6912 kb
TU: info:       vkAllocateMemory(6976kb):    1 bos, 6976 kb
TU: info:      vkAllocateMemory(10080kb):    1 bos, 10080 kb
TU: info:       vkAllocateMemory(5760kb):    1 bos, 5760 kb
TU: info:       vkAllocateMemory(3692kb):    1 bos, 3692 kb
TU: info:       vkAllocateMemory(2736kb):    1 bos, 2736 kb
TU: info:       vkAllocateMemory(5888kb):    1 bos, 5888 kb
TU: info:       vkAllocateMemory(6464kb):    1 bos, 6464 kb
TU: info:       vkAllocateMemory(5712kb):    1 bos, 5712 kb
TU: info:       vkAllocateMemory(2816kb):    1 bos, 2816 kb
TU: info:      vkAllocateMemory(24512kb):    1 bos, 24512 kb
TU: info:       vkAllocateMemory(8160kb):    1 bos, 8160 kb
TU: info:       vkAllocateMemory(3132kb):    1 bos, 3132 kb
TU: info:       vkAllocateMemory(4864kb):    1 bos, 4864 kb
TU: info:       vkAllocateMemory(7360kb):    1 bos, 7360 kb
TU: info:       vkAllocateMemory(6552kb):    1 bos, 6552 kb
TU: info:       vkAllocateMemory(3840kb):    1 bos, 3840 kb
TU: info:                descriptor pool:    1 bos, 4 kb
TU: info:       vkAllocateMemory(5464kb):    1 bos, 5464 kb
TU: info:       vkAllocateMemory(2540kb):    1 bos, 2540 kb
TU: info:      vkAllocateMemory(10112kb):    1 bos, 10112 kb
TU: info:                  device sub cs:    1 bos, 4 kb
TU: info:      vkAllocateMemory(11392kb):    1 bos, 11392 kb
TU: info:       vkAllocateMemory(5220kb):    1 bos, 5220 kb
TU: info:      vkAllocateMemory(15936kb):    1 bos, 15936 kb
TU: info:       vkAllocateMemory(8196kb):    1 bos, 8196 kb
TU: info:       vkAllocateMemory(4180kb):    1 bos, 4180 kb
TU: info:       vkAllocateMemory(3740kb):    1 bos, 3740 kb
TU: info:       vkAllocateMemory(2368kb):    1 bos, 2368 kb
TU: info:       vkAllocateMemory(3264kb):    1 bos, 3264 kb
TU: info:       vkAllocateMemory(6000kb):    1 bos, 6000 kb
TU: info:       vkAllocateMemory(3712kb):    1 bos, 3712 kb
TU: info:       vkAllocateMemory(3168kb):    1 bos, 3168 kb
TU: info:       vkAllocateMemory(6144kb):    1 bos, 6144 kb
TU: info:                           tess:    1 bos, 136 kb
TU: info:       vkAllocateMemory(2920kb):    1 bos, 2920 kb
TU: info:     vkAllocateMemory(131072kb):    1 bos, 131072 kb
TU: info:      vkAllocateMemory(14720kb):    1 bos, 14720 kb
TU: info:        vkAllocateMemory(128kb):    1 bos, 128 kb
TU: info:       vkAllocateMemory(5248kb):    1 bos, 5248 kb
TU: info:       vkAllocateMemory(4672kb):    1 bos, 4672 kb
TU: info:       vkAllocateMemory(4824kb):    1 bos, 4824 kb
TU: info:       vkAllocateMemory(8896kb):    1 bos, 8896 kb
TU: info:       vkAllocateMemory(9664kb):    1 bos, 9664 kb
TU: info:       vkAllocateMemory(3136kb):    1 bos, 3136 kb
TU: info:       vkAllocateMemory(7680kb):    1 bos, 7680 kb
TU: info:       vkAllocateMemory(4176kb):    1 bos, 4176 kb
TU: info:       vkAllocateMemory(2056kb):    2 bos, 4112 kb
TU: info:     vkAllocateMemory(187501kb):    2 bos, 375008 kb
TU: info:       vkAllocateMemory(7236kb):    2 bos, 14472 kb
TU: info:       vkAllocateMemory(2944kb):    2 bos, 5888 kb
TU: info:       vkAllocateMemory(1024kb):    2 bos, 2048 kb
TU: info:      vkAllocateMemory(33544kb):    2 bos, 67088 kb
TU: info:       vkAllocateMemory(5472kb):    2 bos, 10944 kb
TU: info:       vkAllocateMemory(9472kb):    2 bos, 18944 kb
TU: info:       vkAllocateMemory(4200kb):    2 bos, 8400 kb
TU: info:       vkAllocateMemory(4032kb):    2 bos, 8064 kb
TU: info:       vkAllocateMemory(4544kb):    2 bos, 9088 kb
TU: info:       vkAllocateMemory(2496kb):    2 bos, 4992 kb
TU: info:       vkAllocateMemory(2720kb):    2 bos, 5440 kb
TU: info:       vkAllocateMemory(4932kb):    2 bos, 9864 kb
TU: info:          vkAllocateMemory(4kb):    2 bos, 8 kb
TU: info:       vkAllocateMemory(7813kb):    2 bos, 15632 kb
TU: info:       vkAllocateMemory(4112kb):    2 bos, 8224 kb
TU: info:       vkAllocateMemory(4896kb):    2 bos, 9792 kb
TU: info:       vkAllocateMemory(4612kb):    3 bos, 13836 kb
TU: info:       vkAllocateMemory(2624kb):    3 bos, 7872 kb
TU: info:       vkAllocateMemory(5120kb):    3 bos, 15360 kb
TU: info:       vkAllocateMemory(2304kb):    3 bos, 6912 kb
TU: info:       vkAllocateMemory(3072kb):    3 bos, 9216 kb
TU: info:         vkAllocateMemory(41kb):    3 bos, 132 kb
TU: info:          vkAllocateMemory(7kb):    3 bos, 24 kb
TU: info:      vkAllocateMemory(10240kb):    3 bos, 30720 kb
TU: info:       vkAllocateMemory(2240kb):    3 bos, 6720 kb
TU: info:      vkAllocateMemory(51200kb):    3 bos, 153600 kb
TU: info:                         pvtmem:    3 bos, 122880 kb
TU: info:       vkAllocateMemory(8192kb):    4 bos, 32768 kb
TU: info:      vkAllocateMemory(43712kb):    4 bos, 174848 kb
TU: info:       vkAllocateMemory(5376kb):    4 bos, 21504 kb
TU: info:       vkAllocateMemory(4608kb):    4 bos, 18432 kb
TU: info:       vkAllocateMemory(8960kb):    4 bos, 35840 kb
TU: info:       vkAllocateMemory(2560kb):    4 bos, 10240 kb
TU: info:       vkAllocateMemory(2176kb):    5 bos, 10880 kb
TU: info:      vkAllocateMemory(21824kb):    5 bos, 109120 kb
TU: info:       vkAllocateMemory(4096kb):    6 bos, 24576 kb
TU: info:       vkAllocateMemory(4028kb):    6 bos, 24168 kb
TU: info:       vkAllocateMemory(2752kb):    6 bos, 16512 kb
TU: info:       vkAllocateMemory(4052kb):    6 bos, 24312 kb
TU: info:       vkAllocateMemory(2208kb):    6 bos, 13248 kb
TU: info:               draw epilogue cs:    9 bos, 144 kb
TU: info:       vkAllocateMemory(2688kb):    9 bos, 24192 kb
TU: info:       vkAllocateMemory(3600kb):   10 bos, 36000 kb
TU: info:       vkAllocateMemory(3624kb):   11 bos, 39864 kb
TU: info:       vkAllocateMemory(2048kb):   17 bos, 34816 kb
TU: info:       vkAllocateMemory(2112kb):   17 bos, 35904 kb
TU: info:                        draw cs:   22 bos, 3088 kb
TU: info:                    draw sub cs:   26 bos, 3144 kb
TU: info:      vkAllocateMemory(16384kb):   66 bos, 1081344 kb
TU: info:                         cmd cs:   93 bos, 3888 kb
TU: info:              pipeline_suballoc: 1796 bos, 229888 kb
TU: info:              embedded samplers: 3025 bos, 12100 kb
TU: info: submitted 5306 bos (3490 MB)
TU: info:       vkAllocateMemory(6624kb):    1 bos, 6624 kb
TU: info:      vkAllocateMemory(24576kb):    1 bos, 24576 kb
TU: info:       vkAllocateMemory(3392kb):    1 bos, 3392 kb
TU: info:       vkAllocateMemory(7424kb):    1 bos, 7424 kb
TU: info:                         global:    1 bos, 532 kb
TU: info:      vkAllocateMemory(10688kb):    1 bos, 10688 kb
TU: info:      vkAllocateMemory(16448kb):    1 bos, 16448 kb
TU: info:       vkAllocateMemory(9280kb):    1 bos, 9280 kb
TU: info:       vkAllocateMemory(4908kb):    1 bos, 4908 kb
TU: info:      vkAllocateMemory(14472kb):    1 bos, 14472 kb
TU: info:       vkAllocateMemory(4340kb):    1 bos, 4340 kb
TU: info:       vkAllocateMemory(8512kb):    1 bos, 8512 kb
TU: info:       vkAllocateMemory(5440kb):    1 bos, 5440 kb
TU: info:       vkAllocateMemory(9224kb):    1 bos, 9224 kb
TU: info:       vkAllocateMemory(4480kb):    1 bos, 4480 kb
TU: info:       vkAllocateMemory(4576kb):    1 bos, 4576 kb
TU: info:                     query pool:    1 bos, 4 kb
TU: info:      vkAllocateMemory(11328kb):    1 bos, 11328 kb
TU: info:      vkAllocateMemory(21504kb):    1 bos, 21504 kb
TU: info:       vkAllocateMemory(2452kb):    1 bos, 2452 kb
TU: info:       vkAllocateMemory(9152kb):    1 bos, 9152 kb
TU: info:       vkAllocateMemory(4288kb):    1 bos, 4288 kb
TU: info:       vkAllocateMemory(8640kb):    1 bos, 8640 kb
TU: info:       vkAllocateMemory(5344kb):    1 bos, 5344 kb
TU: info:       vkAllocateMemory(5640kb):    1 bos, 5640 kb
TU: info:       vkAllocateMemory(6912kb):    1 bos, 6912 kb
TU: info:       vkAllocateMemory(6976kb):    1 bos, 6976 kb
TU: info:      vkAllocateMemory(10080kb):    1 bos, 10080 kb
TU: info:       vkAllocateMemory(5760kb):    1 bos, 5760 kb
TU: info:       vkAllocateMemory(3692kb):    1 bos, 3692 kb
TU: info:       vkAllocateMemory(2736kb):    1 bos, 2736 kb
TU: info:       vkAllocateMemory(5888kb):    1 bos, 5888 kb
TU: info:       vkAllocateMemory(6464kb):    1 bos, 6464 kb
TU: info:       vkAllocateMemory(5712kb):    1 bos, 5712 kb
TU: info:       vkAllocateMemory(2816kb):    1 bos, 2816 kb
TU: info:      vkAllocateMemory(24512kb):    1 bos, 24512 kb
TU: info:       vkAllocateMemory(8160kb):    1 bos, 8160 kb
TU: info:       vkAllocateMemory(3132kb):    1 bos, 3132 kb
TU: info:       vkAllocateMemory(4864kb):    1 bos, 4864 kb
TU: info:       vkAllocateMemory(7360kb):    1 bos, 7360 kb
TU: info:       vkAllocateMemory(6552kb):    1 bos, 6552 kb
TU: info:       vkAllocateMemory(3840kb):    1 bos, 3840 kb
TU: info:                descriptor pool:    1 bos, 4 kb
TU: info:       vkAllocateMemory(5464kb):    1 bos, 5464 kb
TU: info:       vkAllocateMemory(2540kb):    1 bos, 2540 kb
TU: info:      vkAllocateMemory(10112kb):    1 bos, 10112 kb
TU: info:                  device sub cs:    1 bos, 4 kb
TU: info:      vkAllocateMemory(11392kb):    1 bos, 11392 kb
TU: info:       vkAllocateMemory(5220kb):    1 bos, 5220 kb
TU: info:      vkAllocateMemory(15936kb):    1 bos, 15936 kb
TU: info:       vkAllocateMemory(8196kb):    1 bos, 8196 kb
TU: info:       vkAllocateMemory(4180kb):    1 bos, 4180 kb
TU: info:       vkAllocateMemory(3740kb):    1 bos, 3740 kb
TU: info:       vkAllocateMemory(2368kb):    1 bos, 2368 kb
TU: info:       vkAllocateMemory(3264kb):    1 bos, 3264 kb
TU: info:       vkAllocateMemory(6000kb):    1 bos, 6000 kb
TU: info:       vkAllocateMemory(3712kb):    1 bos, 3712 kb
TU: info:       vkAllocateMemory(3168kb):    1 bos, 3168 kb
TU: info:       vkAllocateMemory(6144kb):    1 bos, 6144 kb
TU: info:                           tess:    1 bos, 136 kb
TU: info:       vkAllocateMemory(2920kb):    1 bos, 2920 kb
TU: info:     vkAllocateMemory(131072kb):    1 bos, 131072 kb
TU: info:      vkAllocateMemory(14720kb):    1 bos, 14720 kb
TU: info:        vkAllocateMemory(128kb):    1 bos, 128 kb
TU: info:       vkAllocateMemory(5248kb):    1 bos, 5248 kb
TU: info:       vkAllocateMemory(4672kb):    1 bos, 4672 kb
TU: info:       vkAllocateMemory(4824kb):    1 bos, 4824 kb
TU: info:       vkAllocateMemory(8896kb):    1 bos, 8896 kb
TU: info:       vkAllocateMemory(9664kb):    1 bos, 9664 kb
TU: info:       vkAllocateMemory(3136kb):    1 bos, 3136 kb
TU: info:       vkAllocateMemory(7680kb):    1 bos, 7680 kb
TU: info:       vkAllocateMemory(4176kb):    1 bos, 4176 kb
TU: info:       vkAllocateMemory(2056kb):    2 bos, 4112 kb
TU: info:     vkAllocateMemory(187501kb):    2 bos, 375008 kb
TU: info:       vkAllocateMemory(7236kb):    2 bos, 14472 kb
TU: info:       vkAllocateMemory(2944kb):    2 bos, 5888 kb
TU: info:       vkAllocateMemory(1024kb):    2 bos, 2048 kb
TU: info:      vkAllocateMemory(33544kb):    2 bos, 67088 kb
TU: info:       vkAllocateMemory(5472kb):    2 bos, 10944 kb
TU: info:       vkAllocateMemory(9472kb):    2 bos, 18944 kb
TU: info:       vkAllocateMemory(4200kb):    2 bos, 8400 kb
TU: info:       vkAllocateMemory(4032kb):    2 bos, 8064 kb
TU: info:       vkAllocateMemory(4544kb):    2 bos, 9088 kb
TU: info:       vkAllocateMemory(2496kb):    2 bos, 4992 kb
TU: info:       vkAllocateMemory(2720kb):    2 bos, 5440 kb
TU: info:       vkAllocateMemory(4932kb):    2 bos, 9864 kb
TU: info:          vkAllocateMemory(4kb):    2 bos, 8 kb
TU: info:       vkAllocateMemory(7813kb):    2 bos, 15632 kb
TU: info:       vkAllocateMemory(4112kb):    2 bos, 8224 kb
TU: info:       vkAllocateMemory(4896kb):    2 bos, 9792 kb
TU: info:       vkAllocateMemory(4612kb):    3 bos, 13836 kb
TU: info:       vkAllocateMemory(2624kb):    3 bos, 7872 kb
TU: info:       vkAllocateMemory(5120kb):    3 bos, 15360 kb
TU: info:       vkAllocateMemory(2304kb):    3 bos, 6912 kb
TU: info:       vkAllocateMemory(3072kb):    3 bos, 9216 kb
TU: info:         vkAllocateMemory(41kb):    3 bos, 132 kb
TU: info:          vkAllocateMemory(7kb):    3 bos, 24 kb
TU: info:      vkAllocateMemory(10240kb):    3 bos, 30720 kb
TU: info:       vkAllocateMemory(2240kb):    3 bos, 6720 kb
TU: info:      vkAllocateMemory(51200kb):    3 bos, 153600 kb
TU: info:                         pvtmem:    3 bos, 122880 kb
TU: info:       vkAllocateMemory(8192kb):    4 bos, 32768 kb
TU: info:      vkAllocateMemory(43712kb):    4 bos, 174848 kb
TU: info:       vkAllocateMemory(5376kb):    4 bos, 21504 kb
TU: info:       vkAllocateMemory(4608kb):    4 bos, 18432 kb
TU: info:       vkAllocateMemory(8960kb):    4 bos, 35840 kb
TU: info:       vkAllocateMemory(2560kb):    4 bos, 10240 kb
TU: info:       vkAllocateMemory(2176kb):    5 bos, 10880 kb
TU: info:      vkAllocateMemory(21824kb):    5 bos, 109120 kb
TU: info:       vkAllocateMemory(4096kb):    6 bos, 24576 kb
TU: info:       vkAllocateMemory(4028kb):    6 bos, 24168 kb
TU: info:       vkAllocateMemory(2752kb):    6 bos, 16512 kb
TU: info:       vkAllocateMemory(4052kb):    6 bos, 24312 kb
TU: info:       vkAllocateMemory(2208kb):    6 bos, 13248 kb
TU: info:               draw epilogue cs:    9 bos, 144 kb
TU: info:       vkAllocateMemory(2688kb):    9 bos, 24192 kb
TU: info:       vkAllocateMemory(3600kb):   10 bos, 36000 kb
TU: info:       vkAllocateMemory(3624kb):   11 bos, 39864 kb
TU: info:       vkAllocateMemory(2048kb):   17 bos, 34816 kb
TU: info:       vkAllocateMemory(2112kb):   17 bos, 35904 kb
TU: info:                        draw cs:   22 bos, 3088 kb
TU: info:                    draw sub cs:   26 bos, 3144 kb
TU: info:      vkAllocateMemory(16384kb):   66 bos, 1081344 kb
TU: info:                         cmd cs:   93 bos, 3888 kb
TU: info:              pipeline_suballoc: 1796 bos, 229888 kb
TU: info:              embedded samplers: 3025 bos, 12100 kb
TU: info: submitted 5306 bos (3490 MB)
TU: info:       vkAllocateMemory(6624kb):    1 bos, 6624 kb
TU: info:      vkAllocateMemory(24576kb):    1 bos, 24576 kb
TU: info:       vkAllocateMemory(3392kb):    1 bos, 3392 kb
TU: info:       vkAllocateMemory(7424kb):    1 bos, 7424 kb
TU: info:                         global:    1 bos, 532 kb
TU: info:      vkAllocateMemory(10688kb):    1 bos, 10688 kb
TU: info:      vkAllocateMemory(16448kb):    1 bos, 16448 kb
TU: info:       vkAllocateMemory(9280kb):    1 bos, 9280 kb
TU: info:       vkAllocateMemory(4908kb):    1 bos, 4908 kb
TU: info:      vkAllocateMemory(14472kb):    1 bos, 14472 kb
TU: info:       vkAllocateMemory(4340kb):    1 bos, 4340 kb
TU: info:       vkAllocateMemory(8512kb):    1 bos, 8512 kb
TU: info:       vkAllocateMemory(5440kb):    1 bos, 5440 kb
TU: info:       vkAllocateMemory(9224kb):    1 bos, 9224 kb
TU: info:       vkAllocateMemory(4480kb):    1 bos, 4480 kb
TU: info:       vkAllocateMemory(4576kb):    1 bos, 4576 kb
TU: info:                     query pool:    1 bos, 4 kb
TU: info:      vkAllocateMemory(11328kb):    1 bos, 11328 kb
TU: info:      vkAllocateMemory(21504kb):    1 bos, 21504 kb
TU: info:       vkAllocateMemory(2452kb):    1 bos, 2452 kb
TU: info:       vkAllocateMemory(9152kb):    1 bos, 9152 kb
TU: info:       vkAllocateMemory(4288kb):    1 bos, 4288 kb
TU: info:       vkAllocateMemory(8640kb):    1 bos, 8640 kb
TU: info:       vkAllocateMemory(5344kb):    1 bos, 5344 kb
TU: info:       vkAllocateMemory(5640kb):    1 bos, 5640 kb
TU: info:       vkAllocateMemory(6912kb):    1 bos, 6912 kb
TU: info:       vkAllocateMemory(6976kb):    1 bos, 6976 kb
TU: info:      vkAllocateMemory(10080kb):    1 bos, 10080 kb
TU: info:       vkAllocateMemory(5760kb):    1 bos, 5760 kb
TU: info:       vkAllocateMemory(3692kb):    1 bos, 3692 kb
TU: info:       vkAllocateMemory(2736kb):    1 bos, 2736 kb
TU: info:       vkAllocateMemory(5888kb):    1 bos, 5888 kb
TU: info:       vkAllocateMemory(6464kb):    1 bos, 6464 kb
TU: info:       vkAllocateMemory(5712kb):    1 bos, 5712 kb
TU: info:       vkAllocateMemory(2816kb):    1 bos, 2816 kb
TU: info:      vkAllocateMemory(24512kb):    1 bos, 24512 kb
TU: info:       vkAllocateMemory(8160kb):    1 bos, 8160 kb
TU: info:       vkAllocateMemory(3132kb):    1 bos, 3132 kb
TU: info:       vkAllocateMemory(4864kb):    1 bos, 4864 kb
TU: info:       vkAllocateMemory(7360kb):    1 bos, 7360 kb
TU: info:       vkAllocateMemory(6552kb):    1 bos, 6552 kb
TU: info:       vkAllocateMemory(3840kb):    1 bos, 3840 kb
TU: info:                descriptor pool:    1 bos, 4 kb
TU: info:       vkAllocateMemory(5464kb):    1 bos, 5464 kb
TU: info:       vkAllocateMemory(2540kb):    1 bos, 2540 kb
TU: info:      vkAllocateMemory(10112kb):    1 bos, 10112 kb
TU: info:                  device sub cs:    1 bos, 4 kb
TU: info:      vkAllocateMemory(11392kb):    1 bos, 11392 kb
TU: info:       vkAllocateMemory(5220kb):    1 bos, 5220 kb
TU: info:      vkAllocateMemory(15936kb):    1 bos, 15936 kb
TU: info:       vkAllocateMemory(8196kb):    1 bos, 8196 kb
TU: info:       vkAllocateMemory(4180kb):    1 bos, 4180 kb
TU: info:       vkAllocateMemory(3740kb):    1 bos, 3740 kb
TU: info:       vkAllocateMemory(2368kb):    1 bos, 2368 kb
TU: info:       vkAllocateMemory(3264kb):    1 bos, 3264 kb
TU: info:       vkAllocateMemory(6000kb):    1 bos, 6000 kb
TU: info:       vkAllocateMemory(3712kb):    1 bos, 3712 kb
TU: info:       vkAllocateMemory(3168kb):    1 bos, 3168 kb
TU: info:       vkAllocateMemory(6144kb):    1 bos, 6144 kb
TU: info:                           tess:    1 bos, 136 kb
TU: info:       vkAllocateMemory(2920kb):    1 bos, 2920 kb
TU: info:     vkAllocateMemory(131072kb):    1 bos, 131072 kb
TU: info:      vkAllocateMemory(14720kb):    1 bos, 14720 kb
TU: info:        vkAllocateMemory(128kb):    1 bos, 128 kb
TU: info:       vkAllocateMemory(5248kb):    1 bos, 5248 kb
TU: info:       vkAllocateMemory(4672kb):    1 bos, 4672 kb
TU: info:       vkAllocateMemory(4824kb):    1 bos, 4824 kb
TU: info:       vkAllocateMemory(8896kb):    1 bos, 8896 kb
TU: info:       vkAllocateMemory(9664kb):    1 bos, 9664 kb
TU: info:       vkAllocateMemory(3136kb):    1 bos, 3136 kb
TU: info:       vkAllocateMemory(7680kb):    1 bos, 7680 kb
TU: info:       vkAllocateMemory(4176kb):    1 bos, 4176 kb
TU: info:       vkAllocateMemory(2056kb):    2 bos, 4112 kb
TU: info:     vkAllocateMemory(187501kb):    2 bos, 375008 kb
TU: info:       vkAllocateMemory(7236kb):    2 bos, 14472 kb
TU: info:       vkAllocateMemory(2944kb):    2 bos, 5888 kb
TU: info:       vkAllocateMemory(1024kb):    2 bos, 2048 kb
TU: info:      vkAllocateMemory(33544kb):    2 bos, 67088 kb
TU: info:       vkAllocateMemory(5472kb):    2 bos, 10944 kb
TU: info:       vkAllocateMemory(9472kb):    2 bos, 18944 kb
TU: info:       vkAllocateMemory(4200kb):    2 bos, 8400 kb
TU: info:       vkAllocateMemory(4032kb):    2 bos, 8064 kb
TU: info:       vkAllocateMemory(4544kb):    2 bos, 9088 kb
TU: info:       vkAllocateMemory(2496kb):    2 bos, 4992 kb
TU: info:       vkAllocateMemory(2720kb):    2 bos, 5440 kb
TU: info:       vkAllocateMemory(4932kb):    2 bos, 9864 kb
TU: info:          vkAllocateMemory(4kb):    2 bos, 8 kb
TU: info:       vkAllocateMemory(7813kb):    2 bos, 15632 kb
TU: info:       vkAllocateMemory(4112kb):    2 bos, 8224 kb
TU: info:       vkAllocateMemory(4896kb):    2 bos, 9792 kb
TU: info:       vkAllocateMemory(4612kb):    3 bos, 13836 kb
TU: info:       vkAllocateMemory(2624kb):    3 bos, 7872 kb
TU: info:       vkAllocateMemory(5120kb):    3 bos, 15360 kb
TU: info:       vkAllocateMemory(2304kb):    3 bos, 6912 kb
TU: info:       vkAllocateMemory(3072kb):    3 bos, 9216 kb
TU: info:         vkAllocateMemory(41kb):    3 bos, 132 kb
TU: info:          vkAllocateMemory(7kb):    3 bos, 24 kb
TU: info:      vkAllocateMemory(10240kb):    3 bos, 30720 kb
TU: info:       vkAllocateMemory(2240kb):    3 bos, 6720 kb
TU: info:      vkAllocateMemory(51200kb):    3 bos, 153600 kb
TU: info:                         pvtmem:    3 bos, 122880 kb
TU: info:       vkAllocateMemory(8192kb):    4 bos, 32768 kb
TU: info:      vkAllocateMemory(43712kb):    4 bos, 174848 kb
TU: info:       vkAllocateMemory(5376kb):    4 bos, 21504 kb
TU: info:       vkAllocateMemory(4608kb):    4 bos, 18432 kb
TU: info:       vkAllocateMemory(8960kb):    4 bos, 35840 kb
TU: info:       vkAllocateMemory(2560kb):    4 bos, 10240 kb
TU: info:       vkAllocateMemory(2176kb):    5 bos, 10880 kb
TU: info:      vkAllocateMemory(21824kb):    5 bos, 109120 kb
TU: info:       vkAllocateMemory(4096kb):    6 bos, 24576 kb
TU: info:       vkAllocateMemory(4028kb):    6 bos, 24168 kb
TU: info:       vkAllocateMemory(2752kb):    6 bos, 16512 kb
TU: info:       vkAllocateMemory(4052kb):    6 bos, 24312 kb
TU: info:       vkAllocateMemory(2208kb):    6 bos, 13248 kb
TU: info:               draw epilogue cs:    9 bos, 144 kb
TU: info:       vkAllocateMemory(2688kb):    9 bos, 24192 kb
TU: info:       vkAllocateMemory(3600kb):   10 bos, 36000 kb
TU: info:       vkAllocateMemory(3624kb):   11 bos, 39864 kb
TU: info:       vkAllocateMemory(2048kb):   17 bos, 34816 kb
TU: info:       vkAllocateMemory(2112kb):   17 bos, 35904 kb
TU: info:                        draw cs:   22 bos, 3088 kb
TU: info:                    draw sub cs:   26 bos, 3144 kb
TU: info:      vkAllocateMemory(16384kb):   66 bos, 1081344 kb
TU: info:                         cmd cs:   93 bos, 3888 kb
TU: info:              pipeline_suballoc: 1796 bos, 229888 kb
TU: info:              embedded samplers: 3025 bos, 12100 kb
TU: info: submitted 5306 bos (3490 MB)
TU: info:       vkAllocateMemory(6624kb):    1 bos, 6624 kb
TU: info:      vkAllocateMemory(24576kb):    1 bos, 24576 kb
TU: info:       vkAllocateMemory(3392kb):    1 bos, 3392 kb
TU: info:       vkAllocateMemory(7424kb):    1 bos, 7424 kb
TU: info:                         global:    1 bos, 532 kb
TU: info:      vkAllocateMemory(10688kb):    1 bos, 10688 kb
TU: info:      vkAllocateMemory(16448kb):    1 bos, 16448 kb
TU: info:       vkAllocateMemory(9280kb):    1 bos, 9280 kb
TU: info:       vkAllocateMemory(4908kb):    1 bos, 4908 kb
TU: info:      vkAllocateMemory(14472kb):    1 bos, 14472 kb
TU: info:       vkAllocateMemory(4340kb):    1 bos, 4340 kb
TU: info:       vkAllocateMemory(8512kb):    1 bos, 8512 kb
TU: info:       vkAllocateMemory(5440kb):    1 bos, 5440 kb
TU: info:       vkAllocateMemory(9224kb):    1 bos, 9224 kb
TU: info:       vkAllocateMemory(4480kb):    1 bos, 4480 kb
TU: info:       vkAllocateMemory(4576kb):    1 bos, 4576 kb
TU: info:                     query pool:    1 bos, 4 kb
TU: info:      vkAllocateMemory(11328kb):    1 bos, 11328 kb
TU: info:      vkAllocateMemory(21504kb):    1 bos, 21504 kb
TU: info:       vkAllocateMemory(2452kb):    1 bos, 2452 kb
TU: info:       vkAllocateMemory(9152kb):    1 bos, 9152 kb
TU: info:       vkAllocateMemory(4288kb):    1 bos, 4288 kb
TU: info:       vkAllocateMemory(8640kb):    1 bos, 8640 kb
TU: info:       vkAllocateMemory(5344kb):    1 bos, 5344 kb
TU: info:       vkAllocateMemory(5640kb):    1 bos, 5640 kb
TU: info:       vkAllocateMemory(6912kb):    1 bos, 6912 kb
TU: info:       vkAllocateMemory(6976kb):    1 bos, 6976 kb
TU: info:      vkAllocateMemory(10080kb):    1 bos, 10080 kb
TU: info:       vkAllocateMemory(5760kb):    1 bos, 5760 kb
TU: info:       vkAllocateMemory(3692kb):    1 bos, 3692 kb
TU: info:       vkAllocateMemory(2736kb):    1 bos, 2736 kb
TU: info:       vkAllocateMemory(5888kb):    1 bos, 5888 kb
TU: info:       vkAllocateMemory(6464kb):    1 bos, 6464 kb
TU: info:       vkAllocateMemory(5712kb):    1 bos, 5712 kb
TU: info:       vkAllocateMemory(2816kb):    1 bos, 2816 kb
TU: info:      vkAllocateMemory(24512kb):    1 bos, 24512 kb
TU: info:       vkAllocateMemory(8160kb):    1 bos, 8160 kb
TU: info:       vkAllocateMemory(3132kb):    1 bos, 3132 kb
TU: info:       vkAllocateMemory(4864kb):    1 bos, 4864 kb
TU: info:       vkAllocateMemory(7360kb):    1 bos, 7360 kb
TU: info:       vkAllocateMemory(6552kb):    1 bos, 6552 kb
TU: info:       vkAllocateMemory(3840kb):    1 bos, 3840 kb
TU: info:                descriptor pool:    1 bos, 4 kb
TU: info:       vkAllocateMemory(5464kb):    1 bos, 5464 kb
TU: info:       vkAllocateMemory(2540kb):    1 bos, 2540 kb
TU: info:      vkAllocateMemory(10112kb):    1 bos, 10112 kb
TU: info:                  device sub cs:    1 bos, 4 kb
TU: info:      vkAllocateMemory(11392kb):    1 bos, 11392 kb
TU: info:       vkAllocateMemory(5220kb):    1 bos, 5220 kb
TU: info:      vkAllocateMemory(15936kb):    1 bos, 15936 kb
TU: info:       vkAllocateMemory(8196kb):    1 bos, 8196 kb
TU: info:       vkAllocateMemory(4180kb):    1 bos, 4180 kb
TU: info:       vkAllocateMemory(3740kb):    1 bos, 3740 kb
TU: info:       vkAllocateMemory(2368kb):    1 bos, 2368 kb
TU: info:       vkAllocateMemory(3264kb):    1 bos, 3264 kb
TU: info:       vkAllocateMemory(6000kb):    1 bos, 6000 kb
TU: info:       vkAllocateMemory(3712kb):    1 bos, 3712 kb
TU: info:       vkAllocateMemory(3168kb):    1 bos, 3168 kb
TU: info:       vkAllocateMemory(6144kb):    1 bos, 6144 kb
TU: info:                           tess:    1 bos, 136 kb
TU: info:       vkAllocateMemory(2920kb):    1 bos, 2920 kb
TU: info:     vkAllocateMemory(131072kb):    1 bos, 131072 kb
TU: info:      vkAllocateMemory(14720kb):    1 bos, 14720 kb
TU: info:        vkAllocateMemory(128kb):    1 bos, 128 kb
TU: info:       vkAllocateMemory(5248kb):    1 bos, 5248 kb
TU: info:       vkAllocateMemory(4672kb):    1 bos, 4672 kb
TU: info:       vkAllocateMemory(4824kb):    1 bos, 4824 kb
TU: info:       vkAllocateMemory(8896kb):    1 bos, 8896 kb
TU: info:       vkAllocateMemory(9664kb):    1 bos, 9664 kb
TU: info:       vkAllocateMemory(3136kb):    1 bos, 3136 kb
TU: info:       vkAllocateMemory(7680kb):    1 bos, 7680 kb
TU: info:       vkAllocateMemory(4176kb):    1 bos, 4176 kb
TU: info:       vkAllocateMemory(2056kb):    2 bos, 4112 kb
TU: info:     vkAllocateMemory(187501kb):    2 bos, 375008 kb
TU: info:       vkAllocateMemory(7236kb):    2 bos, 14472 kb
TU: info:       vkAllocateMemory(2944kb):    2 bos, 5888 kb
TU: info:       vkAllocateMemory(1024kb):    2 bos, 2048 kb
TU: info:      vkAllocateMemory(33544kb):    2 bos, 67088 kb
TU: info:       vkAllocateMemory(5472kb):    2 bos, 10944 kb
TU: info:       vkAllocateMemory(9472kb):    2 bos, 18944 kb
TU: info:       vkAllocateMemory(4200kb):    2 bos, 8400 kb
TU: info:       vkAllocateMemory(4032kb):    2 bos, 8064 kb
TU: info:       vkAllocateMemory(4544kb):    2 bos, 9088 kb
TU: info:       vkAllocateMemory(2496kb):    2 bos, 4992 kb
TU: info:       vkAllocateMemory(2720kb):    2 bos, 5440 kb
TU: info:       vkAllocateMemory(4932kb):    2 bos, 9864 kb
TU: info:          vkAllocateMemory(4kb):    2 bos, 8 kb
TU: info:       vkAllocateMemory(7813kb):    2 bos, 15632 kb
TU: info:       vkAllocateMemory(4112kb):    2 bos, 8224 kb
TU: info:       vkAllocateMemory(4896kb):    2 bos, 9792 kb
TU: info:       vkAllocateMemory(4612kb):    3 bos, 13836 kb
TU: info:       vkAllocateMemory(2624kb):    3 bos, 7872 kb
TU: info:       vkAllocateMemory(5120kb):    3 bos, 15360 kb
TU: info:       vkAllocateMemory(2304kb):    3 bos, 6912 kb
TU: info:       vkAllocateMemory(3072kb):    3 bos, 9216 kb
TU: info:         vkAllocateMemory(41kb):    3 bos, 132 kb
TU: info:          vkAllocateMemory(7kb):    3 bos, 24 kb
TU: info:      vkAllocateMemory(10240kb):    3 bos, 30720 kb
TU: info:       vkAllocateMemory(2240kb):    3 bos, 6720 kb
TU: info:      vkAllocateMemory(51200kb):    3 bos, 153600 kb
TU: info:                         pvtmem:    3 bos, 122880 kb
TU: info:       vkAllocateMemory(8192kb):    4 bos, 32768 kb
TU: info:      vkAllocateMemory(43712kb):    4 bos, 174848 kb
TU: info:       vkAllocateMemory(5376kb):    4 bos, 21504 kb
TU: info:       vkAllocateMemory(4608kb):    4 bos, 18432 kb
TU: info:       vkAllocateMemory(8960kb):    4 bos, 35840 kb
TU: info:       vkAllocateMemory(2560kb):    4 bos, 10240 kb
TU: info:       vkAllocateMemory(2176kb):    5 bos, 10880 kb
TU: info:      vkAllocateMemory(21824kb):    5 bos, 109120 kb
TU: info:       vkAllocateMemory(4096kb):    6 bos, 24576 kb
TU: info:       vkAllocateMemory(4028kb):    6 bos, 24168 kb
TU: info:       vkAllocateMemory(2752kb):    6 bos, 16512 kb
TU: info:       vkAllocateMemory(4052kb):    6 bos, 24312 kb
TU: info:       vkAllocateMemory(2208kb):    6 bos, 13248 kb
TU: info:               draw epilogue cs:    9 bos, 144 kb
TU: info:       vkAllocateMemory(2688kb):    9 bos, 24192 kb
TU: info:       vkAllocateMemory(3600kb):   10 bos, 36000 kb
TU: info:       vkAllocateMemory(3624kb):   11 bos, 39864 kb
TU: info:       vkAllocateMemory(2048kb):   17 bos, 34816 kb
TU: info:       vkAllocateMemory(2112kb):   17 bos, 35904 kb
TU: info:                        draw cs:   22 bos, 3088 kb
TU: info:                    draw sub cs:   26 bos, 3144 kb
TU: info:      vkAllocateMemory(16384kb):   66 bos, 1081344 kb
TU: info:                         cmd cs:   93 bos, 3888 kb
TU: info:              pipeline_suballoc: 1796 bos, 229888 kb
TU: info:              embedded samplers: 3025 bos, 12100 kb
TU: info: submitted 5306 bos (3490 MB)
TU: info:       vkAllocateMemory(6624kb):    1 bos, 6624 kb
TU: info:      vkAllocateMemory(24576kb):    1 bos, 24576 kb
TU: info:       vkAllocateMemory(3392kb):    1 bos, 3392 kb
TU: info:       vkAllocateMemory(7424kb):    1 bos, 7424 kb
TU: info:                         global:    1 bos, 532 kb
TU: info:      vkAllocateMemory(10688kb):    1 bos, 10688 kb
TU: info:      vkAllocateMemory(16448kb):    1 bos, 16448 kb
TU: info:       vkAllocateMemory(9280kb):    1 bos, 9280 kb
TU: info:       vkAllocateMemory(4908kb):    1 bos, 4908 kb
TU: info:      vkAllocateMemory(14472kb):    1 bos, 14472 kb
TU: info:       vkAllocateMemory(4340kb):    1 bos, 4340 kb
TU: info:       vkAllocateMemory(8512kb):    1 bos, 8512 kb
TU: info:       vkAllocateMemory(5440kb):    1 bos, 5440 kb
TU: info:       vkAllocateMemory(9224kb):    1 bos, 9224 kb
TU: info:       vkAllocateMemory(4480kb):    1 bos, 4480 kb
TU: info:       vkAllocateMemory(4576kb):    1 bos, 4576 kb
TU: info:                     query pool:    1 bos, 4 kb
TU: info:      vkAllocateMemory(11328kb):    1 bos, 11328 kb
TU: info:      vkAllocateMemory(21504kb):    1 bos, 21504 kb
TU: info:       vkAllocateMemory(2452kb):    1 bos, 2452 kb
TU: info:       vkAllocateMemory(9152kb):    1 bos, 9152 kb
TU: info:       vkAllocateMemory(4288kb):    1 bos, 4288 kb
TU: info:       vkAllocateMemory(8640kb):    1 bos, 8640 kb
TU: info:       vkAllocateMemory(5344kb):    1 bos, 5344 kb
TU: info:       vkAllocateMemory(5640kb):    1 bos, 5640 kb
TU: info:       vkAllocateMemory(6912kb):    1 bos, 6912 kb
TU: info:       vkAllocateMemory(6976kb):    1 bos, 6976 kb
TU: info:      vkAllocateMemory(10080kb):    1 bos, 10080 kb
TU: info:       vkAllocateMemory(5760kb):    1 bos, 5760 kb
TU: info:       vkAllocateMemory(3692kb):    1 bos, 3692 kb
TU: info:       vkAllocateMemory(2736kb):    1 bos, 2736 kb
TU: info:       vkAllocateMemory(5888kb):    1 bos, 5888 kb
TU: info:       vkAllocateMemory(6464kb):    1 bos, 6464 kb
TU: info:       vkAllocateMemory(5712kb):    1 bos, 5712 kb
TU: info:       vkAllocateMemory(2816kb):    1 bos, 2816 kb
TU: info:      vkAllocateMemory(24512kb):    1 bos, 24512 kb
TU: info:       vkAllocateMemory(8160kb):    1 bos, 8160 kb
TU: info:       vkAllocateMemory(3132kb):    1 bos, 3132 kb
TU: info:       vkAllocateMemory(4864kb):    1 bos, 4864 kb
TU: info:       vkAllocateMemory(7360kb):    1 bos, 7360 kb
TU: info:       vkAllocateMemory(6552kb):    1 bos, 6552 kb
TU: info:       vkAllocateMemory(3840kb):    1 bos, 3840 kb
TU: info:                descriptor pool:    1 bos, 4 kb
TU: info:       vkAllocateMemory(5464kb):    1 bos, 5464 kb
TU: info:       vkAllocateMemory(2540kb):    1 bos, 2540 kb
TU: info:      vkAllocateMemory(10112kb):    1 bos, 10112 kb
TU: info:                  device sub cs:    1 bos, 4 kb
TU: info:      vkAllocateMemory(11392kb):    1 bos, 11392 kb
TU: info:       vkAllocateMemory(5220kb):    1 bos, 5220 kb
TU: info:      vkAllocateMemory(15936kb):    1 bos, 15936 kb
TU: info:       vkAllocateMemory(8196kb):    1 bos, 8196 kb
TU: info:       vkAllocateMemory(4180kb):    1 bos, 4180 kb
TU: info:       vkAllocateMemory(3740kb):    1 bos, 3740 kb
TU: info:       vkAllocateMemory(2368kb):    1 bos, 2368 kb
TU: info:       vkAllocateMemory(3264kb):    1 bos, 3264 kb
TU: info:       vkAllocateMemory(6000kb):    1 bos, 6000 kb
TU: info:       vkAllocateMemory(3712kb):    1 bos, 3712 kb
TU: info:       vkAllocateMemory(3168kb):    1 bos, 3168 kb
TU: info:       vkAllocateMemory(6144kb):    1 bos, 6144 kb
TU: info:                           tess:    1 bos, 136 kb
TU: info:       vkAllocateMemory(2920kb):    1 bos, 2920 kb
TU: info:     vkAllocateMemory(131072kb):    1 bos, 131072 kb
TU: info:      vkAllocateMemory(14720kb):    1 bos, 14720 kb
TU: info:        vkAllocateMemory(128kb):    1 bos, 128 kb
TU: info:       vkAllocateMemory(5248kb):    1 bos, 5248 kb
TU: info:       vkAllocateMemory(4672kb):    1 bos, 4672 kb
TU: info:       vkAllocateMemory(4824kb):    1 bos, 4824 kb
TU: info:       vkAllocateMemory(8896kb):    1 bos, 8896 kb
TU: info:       vkAllocateMemory(9664kb):    1 bos, 9664 kb
TU: info:       vkAllocateMemory(3136kb):    1 bos, 3136 kb
TU: info:       vkAllocateMemory(7680kb):    1 bos, 7680 kb
TU: info:       vkAllocateMemory(4176kb):    1 bos, 4176 kb
TU: info:       vkAllocateMemory(2056kb):    2 bos, 4112 kb
TU: info:     vkAllocateMemory(187501kb):    2 bos, 375008 kb
TU: info:       vkAllocateMemory(7236kb):    2 bos, 14472 kb
TU: info:       vkAllocateMemory(2944kb):    2 bos, 5888 kb
TU: info:       vkAllocateMemory(1024kb):    2 bos, 2048 kb
TU: info:      vkAllocateMemory(33544kb):    2 bos, 67088 kb
TU: info:       vkAllocateMemory(5472kb):    2 bos, 10944 kb
TU: info:       vkAllocateMemory(9472kb):    2 bos, 18944 kb
TU: info:       vkAllocateMemory(4200kb):    2 bos, 8400 kb
TU: info:       vkAllocateMemory(4032kb):    2 bos, 8064 kb
TU: info:       vkAllocateMemory(4544kb):    2 bos, 9088 kb
TU: info:       vkAllocateMemory(2496kb):    2 bos, 4992 kb
TU: info:       vkAllocateMemory(2720kb):    2 bos, 5440 kb
TU: info:       vkAllocateMemory(4932kb):    2 bos, 9864 kb
TU: info:          vkAllocateMemory(4kb):    2 bos, 8 kb
TU: info:       vkAllocateMemory(7813kb):    2 bos, 15632 kb
TU: info:       vkAllocateMemory(4112kb):    2 bos, 8224 kb
TU: info:       vkAllocateMemory(4896kb):    2 bos, 9792 kb
TU: info:       vkAllocateMemory(4612kb):    3 bos, 13836 kb
TU: info:       vkAllocateMemory(2624kb):    3 bos, 7872 kb
TU: info:       vkAllocateMemory(5120kb):    3 bos, 15360 kb
TU: info:       vkAllocateMemory(2304kb):    3 bos, 6912 kb
TU: info:       vkAllocateMemory(3072kb):    3 bos, 9216 kb
TU: info:         vkAllocateMemory(41kb):    3 bos, 132 kb
TU: info:          vkAllocateMemory(7kb):    3 bos, 24 kb
TU: info:      vkAllocateMemory(10240kb):    3 bos, 30720 kb
TU: info:       vkAllocateMemory(2240kb):    3 bos, 6720 kb
TU: info:      vkAllocateMemory(51200kb):    3 bos, 153600 kb
TU: info:                         pvtmem:    3 bos, 122880 kb
TU: info:       vkAllocateMemory(8192kb):    4 bos, 32768 kb
TU: info:      vkAllocateMemory(43712kb):    4 bos, 174848 kb
TU: info:       vkAllocateMemory(5376kb):    4 bos, 21504 kb
TU: info:       vkAllocateMemory(4608kb):    4 bos, 18432 kb
TU: info:       vkAllocateMemory(8960kb):    4 bos, 35840 kb
TU: info:       vkAllocateMemory(2560kb):    4 bos, 10240 kb
TU: info:       vkAllocateMemory(2176kb):    5 bos, 10880 kb
TU: info:      vkAllocateMemory(21824kb):    5 bos, 109120 kb
TU: info:       vkAllocateMemory(4096kb):    6 bos, 24576 kb
TU: info:       vkAllocateMemory(4028kb):    6 bos, 24168 kb
TU: info:       vkAllocateMemory(2752kb):    6 bos, 16512 kb
TU: info:       vkAllocateMemory(4052kb):    6 bos, 24312 kb
TU: info:       vkAllocateMemory(2208kb):    6 bos, 13248 kb
TU: info:               draw epilogue cs:    9 bos, 144 kb
TU: info:       vkAllocateMemory(2688kb):    9 bos, 24192 kb
TU: info:       vkAllocateMemory(3600kb):   10 bos, 36000 kb
TU: info:       vkAllocateMemory(3624kb):   11 bos, 39864 kb
TU: info:       vkAllocateMemory(2048kb):   17 bos, 34816 kb
TU: info:       vkAllocateMemory(2112kb):   17 bos, 35904 kb
TU: info:                        draw cs:   22 bos, 3088 kb
TU: info:                    draw sub cs:   26 bos, 3144 kb
TU: info:      vkAllocateMemory(16384kb):   66 bos, 1081344 kb
TU: info:                         cmd cs:   93 bos, 3888 kb
TU: info:              pipeline_suballoc: 1796 bos, 229888 kb
TU: info:              embedded samplers: 3025 bos, 12100 kb
TU: info: submitted 5306 bos (3490 MB)
TU: info:       vkAllocateMemory(6624kb):    1 bos, 6624 kb
TU: info:      vkAllocateMemory(24576kb):    1 bos, 24576 kb
TU: info:       vkAllocateMemory(3392kb):    1 bos, 3392 kb
TU: info:       vkAllocateMemory(7424kb):    1 bos, 7424 kb
TU: info:                         global:    1 bos, 532 kb
TU: info:      vkAllocateMemory(10688kb):    1 bos, 10688 kb
TU: info:      vkAllocateMemory(16448kb):    1 bos, 16448 kb
TU: info:       vkAllocateMemory(9280kb):    1 bos, 9280 kb
TU: info:       vkAllocateMemory(4908kb):    1 bos, 4908 kb
TU: info:      vkAllocateMemory(14472kb):    1 bos, 14472 kb
TU: info:       vkAllocateMemory(4340kb):    1 bos, 4340 kb
TU: info:       vkAllocateMemory(8512kb):    1 bos, 8512 kb
TU: info:       vkAllocateMemory(5440kb):    1 bos, 5440 kb
TU: info:       vkAllocateMemory(9224kb):    1 bos, 9224 kb
TU: info:       vkAllocateMemory(4480kb):    1 bos, 4480 kb
TU: info:       vkAllocateMemory(4576kb):    1 bos, 4576 kb
TU: info:                     query pool:    1 bos, 4 kb
TU: info:      vkAllocateMemory(11328kb):    1 bos, 11328 kb
TU: info:      vkAllocateMemory(21504kb):    1 bos, 21504 kb
TU: info:       vkAllocateMemory(2452kb):    1 bos, 2452 kb
TU: info:       vkAllocateMemory(9152kb):    1 bos, 9152 kb
TU: info:       vkAllocateMemory(4288kb):    1 bos, 4288 kb
TU: info:       vkAllocateMemory(8640kb):    1 bos, 8640 kb
TU: info:       vkAllocateMemory(5344kb):    1 bos, 5344 kb
TU: info:       vkAllocateMemory(5640kb):    1 bos, 5640 kb
TU: info:       vkAllocateMemory(6912kb):    1 bos, 6912 kb
TU: info:       vkAllocateMemory(6976kb):    1 bos, 6976 kb
TU: info:      vkAllocateMemory(10080kb):    1 bos, 10080 kb
TU: info:       vkAllocateMemory(5760kb):    1 bos, 5760 kb
TU: info:       vkAllocateMemory(3692kb):    1 bos, 3692 kb
TU: info:       vkAllocateMemory(2736kb):    1 bos, 2736 kb
TU: info:       vkAllocateMemory(5888kb):    1 bos, 5888 kb
TU: info:       vkAllocateMemory(6464kb):    1 bos, 6464 kb
TU: info:       vkAllocateMemory(5712kb):    1 bos, 5712 kb
TU: info:       vkAllocateMemory(2816kb):    1 bos, 2816 kb
TU: info:      vkAllocateMemory(24512kb):    1 bos, 24512 kb
TU: info:       vkAllocateMemory(8160kb):    1 bos, 8160 kb
TU: info:       vkAllocateMemory(3132kb):    1 bos, 3132 kb
TU: info:       vkAllocateMemory(4864kb):    1 bos, 4864 kb
TU: info:       vkAllocateMemory(7360kb):    1 bos, 7360 kb
TU: info:       vkAllocateMemory(6552kb):    1 bos, 6552 kb
TU: info:       vkAllocateMemory(3840kb):    1 bos, 3840 kb
TU: info:                descriptor pool:    1 bos, 4 kb
TU: info:       vkAllocateMemory(5464kb):    1 bos, 5464 kb
TU: info:       vkAllocateMemory(2540kb):    1 bos, 2540 kb
TU: info:      vkAllocateMemory(10112kb):    1 bos, 10112 kb
TU: info:                  device sub cs:    1 bos, 4 kb
TU: info:      vkAllocateMemory(11392kb):    1 bos, 11392 kb
TU: info:       vkAllocateMemory(5220kb):    1 bos, 5220 kb
TU: info:      vkAllocateMemory(15936kb):    1 bos, 15936 kb
TU: info:       vkAllocateMemory(8196kb):    1 bos, 8196 kb
TU: info:       vkAllocateMemory(4180kb):    1 bos, 4180 kb
TU: info:       vkAllocateMemory(3740kb):    1 bos, 3740 kb
TU: info:       vkAllocateMemory(2368kb):    1 bos, 2368 kb
TU: info:       vkAllocateMemory(3264kb):    1 bos, 3264 kb
TU: info:       vkAllocateMemory(6000kb):    1 bos, 6000 kb
TU: info:       vkAllocateMemory(3712kb):    1 bos, 3712 kb
TU: info:       vkAllocateMemory(3168kb):    1 bos, 3168 kb
TU: info:       vkAllocateMemory(6144kb):    1 bos, 6144 kb
TU: info:                           tess:    1 bos, 136 kb
TU: info:       vkAllocateMemory(2920kb):    1 bos, 2920 kb
TU: info:     vkAllocateMemory(131072kb):    1 bos, 131072 kb
TU: info:      vkAllocateMemory(14720kb):    1 bos, 14720 kb
TU: info:        vkAllocateMemory(128kb):    1 bos, 128 kb
TU: info:       vkAllocateMemory(5248kb):    1 bos, 5248 kb
TU: info:       vkAllocateMemory(4672kb):    1 bos, 4672 kb
TU: info:       vkAllocateMemory(4824kb):    1 bos, 4824 kb
TU: info:       vkAllocateMemory(8896kb):    1 bos, 8896 kb
TU: info:       vkAllocateMemory(9664kb):    1 bos, 9664 kb
TU: info:       vkAllocateMemory(3136kb):    1 bos, 3136 kb
TU: info:       vkAllocateMemory(7680kb):    1 bos, 7680 kb
TU: info:       vkAllocateMemory(4176kb):    1 bos, 4176 kb
TU: info:       vkAllocateMemory(2056kb):    2 bos, 4112 kb
TU: info:     vkAllocateMemory(187501kb):    2 bos, 375008 kb
TU: info:       vkAllocateMemory(7236kb):    2 bos, 14472 kb
TU: info:       vkAllocateMemory(2944kb):    2 bos, 5888 kb
TU: info:       vkAllocateMemory(1024kb):    2 bos, 2048 kb
TU: info:      vkAllocateMemory(33544kb):    2 bos, 67088 kb
TU: info:       vkAllocateMemory(5472kb):    2 bos, 10944 kb
TU: info:       vkAllocateMemory(9472kb):    2 bos, 18944 kb
TU: info:       vkAllocateMemory(4200kb):    2 bos, 8400 kb
TU: info:       vkAllocateMemory(4032kb):    2 bos, 8064 kb
TU: info:       vkAllocateMemory(4544kb):    2 bos, 9088 kb
TU: info:       vkAllocateMemory(2496kb):    2 bos, 4992 kb
TU: info:       vkAllocateMemory(2720kb):    2 bos, 5440 kb
TU: info:       vkAllocateMemory(4932kb):    2 bos, 9864 kb
TU: info:          vkAllocateMemory(4kb):    2 bos, 8 kb
TU: info:       vkAllocateMemory(7813kb):    2 bos, 15632 kb
TU: info:       vkAllocateMemory(4112kb):    2 bos, 8224 kb
TU: info:       vkAllocateMemory(4896kb):    2 bos, 9792 kb
TU: info:       vkAllocateMemory(4612kb):    3 bos, 13836 kb
TU: info:       vkAllocateMemory(2624kb):    3 bos, 7872 kb
TU: info:       vkAllocateMemory(5120kb):    3 bos, 15360 kb
TU: info:       vkAllocateMemory(2304kb):    3 bos, 6912 kb
TU: info:       vkAllocateMemory(3072kb):    3 bos, 9216 kb
TU: info:         vkAllocateMemory(41kb):    3 bos, 132 kb
TU: info:          vkAllocateMemory(7kb):    3 bos, 24 kb
TU: info:      vkAllocateMemory(10240kb):    3 bos, 30720 kb
TU: info:       vkAllocateMemory(2240kb):    3 bos, 6720 kb
TU: info:      vkAllocateMemory(51200kb):    3 bos, 153600 kb
TU: info:                         pvtmem:    3 bos, 122880 kb
TU: info:       vkAllocateMemory(8192kb):    4 bos, 32768 kb
TU: info:      vkAllocateMemory(43712kb):    4 bos, 174848 kb
TU: info:       vkAllocateMemory(5376kb):    4 bos, 21504 kb
TU: info:       vkAllocateMemory(4608kb):    4 bos, 18432 kb
TU: info:       vkAllocateMemory(8960kb):    4 bos, 35840 kb
TU: info:       vkAllocateMemory(2560kb):    4 bos, 10240 kb
TU: info:       vkAllocateMemory(2176kb):    5 bos, 10880 kb
TU: info:      vkAllocateMemory(21824kb):    5 bos, 109120 kb
TU: info:       vkAllocateMemory(4096kb):    6 bos, 24576 kb
TU: info:       vkAllocateMemory(4028kb):    6 bos, 24168 kb
TU: info:       vkAllocateMemory(2752kb):    6 bos, 16512 kb
TU: info:       vkAllocateMemory(4052kb):    6 bos, 24312 kb
TU: info:       vkAllocateMemory(2208kb):    6 bos, 13248 kb
TU: info:               draw epilogue cs:    9 bos, 144 kb
TU: info:       vkAllocateMemory(2688kb):    9 bos, 24192 kb
TU: info:       vkAllocateMemory(3600kb):   10 bos, 36000 kb
TU: info:       vkAllocateMemory(3624kb):   11 bos, 39864 kb
TU: info:       vkAllocateMemory(2048kb):   17 bos, 34816 kb
TU: info:       vkAllocateMemory(2112kb):   17 bos, 35904 kb
TU: info:                        draw cs:   22 bos, 3088 kb
TU: info:                    draw sub cs:   26 bos, 3144 kb
TU: info:      vkAllocateMemory(16384kb):   66 bos, 1081344 kb
TU: info:                         cmd cs:   93 bos, 3888 kb
TU: info:              pipeline_suballoc: 1796 bos, 229888 kb
TU: info:              embedded samplers: 3025 bos, 12100 kb
TU: info: submitted 5306 bos (3490 MB)
TU: info:       vkAllocateMemory(6624kb):    1 bos, 6624 kb
TU: info:      vkAllocateMemory(24576kb):    1 bos, 24576 kb
TU: info:       vkAllocateMemory(3392kb):    1 bos, 3392 kb
TU: info:       vkAllocateMemory(7424kb):    1 bos, 7424 kb
TU: info:                         global:    1 bos, 532 kb
TU: info:      vkAllocateMemory(10688kb):    1 bos, 10688 kb
TU: info:      vkAllocateMemory(16448kb):    1 bos, 16448 kb
TU: info:       vkAllocateMemory(9280kb):    1 bos, 9280 kb
TU: info:       vkAllocateMemory(4908kb):    1 bos, 4908 kb
TU: info:      vkAllocateMemory(14472kb):    1 bos, 14472 kb
TU: info:       vkAllocateMemory(4340kb):    1 bos, 4340 kb
TU: info:       vkAllocateMemory(8512kb):    1 bos, 8512 kb
TU: info:       vkAllocateMemory(5440kb):    1 bos, 5440 kb
TU: info:       vkAllocateMemory(9224kb):    1 bos, 9224 kb
TU: info:       vkAllocateMemory(4480kb):    1 bos, 4480 kb
TU: info:       vkAllocateMemory(4576kb):    1 bos, 4576 kb
TU: info:                     query pool:    1 bos, 4 kb
TU: info:      vkAllocateMemory(11328kb):    1 bos, 11328 kb
TU: info:      vkAllocateMemory(21504kb):    1 bos, 21504 kb
TU: info:       vkAllocateMemory(2452kb):    1 bos, 2452 kb
TU: info:       vkAllocateMemory(9152kb):    1 bos, 9152 kb
TU: info:       vkAllocateMemory(4288kb):    1 bos, 4288 kb
TU: info:       vkAllocateMemory(8640kb):    1 bos, 8640 kb
TU: info:       vkAllocateMemory(5344kb):    1 bos, 5344 kb
TU: info:       vkAllocateMemory(5640kb):    1 bos, 5640 kb
TU: info:       vkAllocateMemory(6912kb):    1 bos, 6912 kb
TU: info:       vkAllocateMemory(6976kb):    1 bos, 6976 kb
TU: info:      vkAllocateMemory(10080kb):    1 bos, 10080 kb
TU: info:       vkAllocateMemory(5760kb):    1 bos, 5760 kb
TU: info:       vkAllocateMemory(3692kb):    1 bos, 3692 kb
TU: info:       vkAllocateMemory(2736kb):    1 bos, 2736 kb
TU: info:       vkAllocateMemory(5888kb):    1 bos, 5888 kb
TU: info:       vkAllocateMemory(6464kb):    1 bos, 6464 kb
TU: info:       vkAllocateMemory(5712kb):    1 bos, 5712 kb
TU: info:       vkAllocateMemory(2816kb):    1 bos, 2816 kb
TU: info:      vkAllocateMemory(24512kb):    1 bos, 24512 kb
TU: info:       vkAllocateMemory(8160kb):    1 bos, 8160 kb
TU: info:       vkAllocateMemory(3132kb):    1 bos, 3132 kb
TU: info:       vkAllocateMemory(4864kb):    1 bos, 4864 kb
TU: info:       vkAllocateMemory(7360kb):    1 bos, 7360 kb
TU: info:       vkAllocateMemory(6552kb):    1 bos, 6552 kb
TU: info:       vkAllocateMemory(3840kb):    1 bos, 3840 kb
TU: info:                descriptor pool:    1 bos, 4 kb
TU: info:       vkAllocateMemory(5464kb):    1 bos, 5464 kb
TU: info:       vkAllocateMemory(2540kb):    1 bos, 2540 kb
TU: info:      vkAllocateMemory(10112kb):    1 bos, 10112 kb
TU: info:                  device sub cs:    1 bos, 4 kb
TU: info:      vkAllocateMemory(11392kb):    1 bos, 11392 kb
TU: info:       vkAllocateMemory(5220kb):    1 bos, 5220 kb
TU: info:      vkAllocateMemory(15936kb):    1 bos, 15936 kb
TU: info:       vkAllocateMemory(8196kb):    1 bos, 8196 kb
TU: info:       vkAllocateMemory(4180kb):    1 bos, 4180 kb
TU: info:       vkAllocateMemory(3740kb):    1 bos, 3740 kb
TU: info:       vkAllocateMemory(2368kb):    1 bos, 2368 kb
TU: info:       vkAllocateMemory(3264kb):    1 bos, 3264 kb
TU: info:       vkAllocateMemory(6000kb):    1 bos, 6000 kb
TU: info:       vkAllocateMemory(3712kb):    1 bos, 3712 kb
TU: info:       vkAllocateMemory(3168kb):    1 bos, 3168 kb
TU: info:       vkAllocateMemory(6144kb):    1 bos, 6144 kb
TU: info:                           tess:    1 bos, 136 kb
TU: info:       vkAllocateMemory(2920kb):    1 bos, 2920 kb
TU: info:     vkAllocateMemory(131072kb):    1 bos, 131072 kb
TU: info:      vkAllocateMemory(14720kb):    1 bos, 14720 kb
TU: info:        vkAllocateMemory(128kb):    1 bos, 128 kb
TU: info:       vkAllocateMemory(5248kb):    1 bos, 5248 kb
TU: info:       vkAllocateMemory(4672kb):    1 bos, 4672 kb
TU: info:       vkAllocateMemory(4824kb):    1 bos, 4824 kb
TU: info:       vkAllocateMemory(8896kb):    1 bos, 8896 kb
TU: info:       vkAllocateMemory(9664kb):    1 bos, 9664 kb
TU: info:       vkAllocateMemory(3136kb):    1 bos, 3136 kb
TU: info:       vkAllocateMemory(7680kb):    1 bos, 7680 kb
TU: info:       vkAllocateMemory(4176kb):    1 bos, 4176 kb
TU: info:       vkAllocateMemory(2056kb):    2 bos, 4112 kb
TU: info:     vkAllocateMemory(187501kb):    2 bos, 375008 kb
TU: info:       vkAllocateMemory(7236kb):    2 bos, 14472 kb
TU: info:       vkAllocateMemory(2944kb):    2 bos, 5888 kb
TU: info:       vkAllocateMemory(1024kb):    2 bos, 2048 kb
TU: info:      vkAllocateMemory(33544kb):    2 bos, 67088 kb
TU: info:       vkAllocateMemory(5472kb):    2 bos, 10944 kb
TU: info:       vkAllocateMemory(9472kb):    2 bos, 18944 kb
TU: info:       vkAllocateMemory(4200kb):    2 bos, 8400 kb
TU: info:       vkAllocateMemory(4032kb):    2 bos, 8064 kb
TU: info:       vkAllocateMemory(4544kb):    2 bos, 9088 kb
TU: info:       vkAllocateMemory(2496kb):    2 bos, 4992 kb
TU: info:       vkAllocateMemory(2720kb):    2 bos, 5440 kb
TU: info:       vkAllocateMemory(4932kb):    2 bos, 9864 kb
TU: info:          vkAllocateMemory(4kb):    2 bos, 8 kb
TU: info:       vkAllocateMemory(7813kb):    2 bos, 15632 kb
TU: info:       vkAllocateMemory(4112kb):    2 bos, 8224 kb
TU: info:       vkAllocateMemory(4896kb):    2 bos, 9792 kb
TU: info:       vkAllocateMemory(4612kb):    3 bos, 13836 kb
TU: info:       vkAllocateMemory(2624kb):    3 bos, 7872 kb
TU: info:       vkAllocateMemory(5120kb):    3 bos, 15360 kb
TU: info:       vkAllocateMemory(2304kb):    3 bos, 6912 kb
TU: info:       vkAllocateMemory(3072kb):    3 bos, 9216 kb
TU: info:         vkAllocateMemory(41kb):    3 bos, 132 kb
TU: info:          vkAllocateMemory(7kb):    3 bos, 24 kb
TU: info:      vkAllocateMemory(10240kb):    3 bos, 30720 kb
TU: info:       vkAllocateMemory(2240kb):    3 bos, 6720 kb
TU: info:      vkAllocateMemory(51200kb):    3 bos, 153600 kb
TU: info:                         pvtmem:    3 bos, 122880 kb
TU: info:       vkAllocateMemory(8192kb):    4 bos, 32768 kb
TU: info:      vkAllocateMemory(43712kb):    4 bos, 174848 kb
TU: info:       vkAllocateMemory(5376kb):    4 bos, 21504 kb
TU: info:       vkAllocateMemory(4608kb):    4 bos, 18432 kb
TU: info:       vkAllocateMemory(8960kb):    4 bos, 35840 kb
TU: info:       vkAllocateMemory(2560kb):    4 bos, 10240 kb
TU: info:       vkAllocateMemory(2176kb):    5 bos, 10880 kb
TU: info:      vkAllocateMemory(21824kb):    5 bos, 109120 kb
TU: info:       vkAllocateMemory(4096kb):    6 bos, 24576 kb
TU: info:       vkAllocateMemory(4028kb):    6 bos, 24168 kb
TU: info:       vkAllocateMemory(2752kb):    6 bos, 16512 kb
TU: info:       vkAllocateMemory(4052kb):    6 bos, 24312 kb
TU: info:       vkAllocateMemory(2208kb):    6 bos, 13248 kb
TU: info:               draw epilogue cs:    9 bos, 144 kb
TU: info:       vkAllocateMemory(2688kb):    9 bos, 24192 kb
TU: info:       vkAllocateMemory(3600kb):   10 bos, 36000 kb
TU: info:       vkAllocateMemory(3624kb):   11 bos, 39864 kb
TU: info:       vkAllocateMemory(2048kb):   17 bos, 34816 kb
TU: info:       vkAllocateMemory(2112kb):   17 bos, 35904 kb
TU: info:                        draw cs:   22 bos, 3088 kb
TU: info:                    draw sub cs:   26 bos, 3144 kb
TU: info:      vkAllocateMemory(16384kb):   66 bos, 1081344 kb
TU: info:                         cmd cs:   93 bos, 3888 kb
TU: info:              pipeline_suballoc: 1796 bos, 229888 kb
TU: info:              embedded samplers: 3025 bos, 12100 kb
TU: info: submitted 5306 bos (3490 MB)
TU: info:       vkAllocateMemory(6624kb):    1 bos, 6624 kb
TU: info:      vkAllocateMemory(24576kb):    1 bos, 24576 kb
TU: info:       vkAllocateMemory(3392kb):    1 bos, 3392 kb
TU: info:       vkAllocateMemory(7424kb):    1 bos, 7424 kb
TU: info:                         global:    1 bos, 532 kb
TU: info:      vkAllocateMemory(10688kb):    1 bos, 10688 kb
TU: info:      vkAllocateMemory(16448kb):    1 bos, 16448 kb
TU: info:       vkAllocateMemory(9280kb):    1 bos, 9280 kb
TU: info:       vkAllocateMemory(4908kb):    1 bos, 4908 kb
TU: info:      vkAllocateMemory(14472kb):    1 bos, 14472 kb
TU: info:       vkAllocateMemory(4340kb):    1 bos, 4340 kb
TU: info:       vkAllocateMemory(8512kb):    1 bos, 8512 kb
TU: info:       vkAllocateMemory(5440kb):    1 bos, 5440 kb
TU: info:       vkAllocateMemory(9224kb):    1 bos, 9224 kb
TU: info:       vkAllocateMemory(4480kb):    1 bos, 4480 kb
TU: info:       vkAllocateMemory(4576kb):    1 bos, 4576 kb
TU: info:                     query pool:    1 bos, 4 kb
TU: info:      vkAllocateMemory(11328kb):    1 bos, 11328 kb
TU: info:      vkAllocateMemory(21504kb):    1 bos, 21504 kb
TU: info:       vkAllocateMemory(2452kb):    1 bos, 2452 kb
TU: info:       vkAllocateMemory(9152kb):    1 bos, 9152 kb
TU: info:       vkAllocateMemory(4288kb):    1 bos, 4288 kb
TU: info:       vkAllocateMemory(8640kb):    1 bos, 8640 kb
TU: info:       vkAllocateMemory(5344kb):    1 bos, 5344 kb
TU: info:       vkAllocateMemory(5640kb):    1 bos, 5640 kb
TU: info:       vkAllocateMemory(6912kb):    1 bos, 6912 kb
TU: info:       vkAllocateMemory(6976kb):    1 bos, 6976 kb
TU: info:      vkAllocateMemory(10080kb):    1 bos, 10080 kb
TU: info:       vkAllocateMemory(5760kb):    1 bos, 5760 kb
TU: info:       vkAllocateMemory(3692kb):    1 bos, 3692 kb
TU: info:       vkAllocateMemory(2736kb):    1 bos, 2736 kb
TU: info:       vkAllocateMemory(5888kb):    1 bos, 5888 kb
TU: info:       vkAllocateMemory(6464kb):    1 bos, 6464 kb
TU: info:       vkAllocateMemory(5712kb):    1 bos, 5712 kb
TU: info:       vkAllocateMemory(2816kb):    1 bos, 2816 kb
TU: info:      vkAllocateMemory(24512kb):    1 bos, 24512 kb
TU: info:       vkAllocateMemory(8160kb):    1 bos, 8160 kb
TU: info:       vkAllocateMemory(3132kb):    1 bos, 3132 kb
TU: info:       vkAllocateMemory(4864kb):    1 bos, 4864 kb
TU: info:       vkAllocateMemory(7360kb):    1 bos, 7360 kb
TU: info:       vkAllocateMemory(6552kb):    1 bos, 6552 kb
TU: info:       vkAllocateMemory(3840kb):    1 bos, 3840 kb
TU: info:                descriptor pool:    1 bos, 4 kb
TU: info:       vkAllocateMemory(5464kb):    1 bos, 5464 kb
TU: info:       vkAllocateMemory(2540kb):    1 bos, 2540 kb
TU: info:      vkAllocateMemory(10112kb):    1 bos, 10112 kb
TU: info:                  device sub cs:    1 bos, 4 kb
TU: info:      vkAllocateMemory(11392kb):    1 bos, 11392 kb
TU: info:       vkAllocateMemory(5220kb):    1 bos, 5220 kb
TU: info:      vkAllocateMemory(15936kb):    1 bos, 15936 kb
TU: info:       vkAllocateMemory(8196kb):    1 bos, 8196 kb
TU: info:       vkAllocateMemory(4180kb):    1 bos, 4180 kb
TU: info:       vkAllocateMemory(3740kb):    1 bos, 3740 kb
TU: info:       vkAllocateMemory(2368kb):    1 bos, 2368 kb
TU: info:       vkAllocateMemory(3264kb):    1 bos, 3264 kb
TU: info:       vkAllocateMemory(6000kb):    1 bos, 6000 kb
TU: info:       vkAllocateMemory(3712kb):    1 bos, 3712 kb
TU: info:       vkAllocateMemory(3168kb):    1 bos, 3168 kb
TU: info:       vkAllocateMemory(6144kb):    1 bos, 6144 kb
TU: info:                           tess:    1 bos, 136 kb
TU: info:       vkAllocateMemory(2920kb):    1 bos, 2920 kb
TU: info:     vkAllocateMemory(131072kb):    1 bos, 131072 kb
TU: info:      vkAllocateMemory(14720kb):    1 bos, 14720 kb
TU: info:        vkAllocateMemory(128kb):    1 bos, 128 kb
TU: info:       vkAllocateMemory(5248kb):    1 bos, 5248 kb
TU: info:       vkAllocateMemory(4672kb):    1 bos, 4672 kb
TU: info:       vkAllocateMemory(4824kb):    1 bos, 4824 kb
TU: info:       vkAllocateMemory(8896kb):    1 bos, 8896 kb
TU: info:       vkAllocateMemory(9664kb):    1 bos, 9664 kb
TU: info:       vkAllocateMemory(3136kb):    1 bos, 3136 kb
TU: info:       vkAllocateMemory(7680kb):    1 bos, 7680 kb
TU: info:       vkAllocateMemory(4176kb):    1 bos, 4176 kb
TU: info:       vkAllocateMemory(2056kb):    2 bos, 4112 kb
TU: info:     vkAllocateMemory(187501kb):    2 bos, 375008 kb
TU: info:       vkAllocateMemory(7236kb):    2 bos, 14472 kb
TU: info:       vkAllocateMemory(2944kb):    2 bos, 5888 kb
TU: info:       vkAllocateMemory(1024kb):    2 bos, 2048 kb
TU: info:      vkAllocateMemory(33544kb):    2 bos, 67088 kb
TU: info:       vkAllocateMemory(5472kb):    2 bos, 10944 kb
TU: info:       vkAllocateMemory(9472kb):    2 bos, 18944 kb
TU: info:       vkAllocateMemory(4200kb):    2 bos, 8400 kb
TU: info:       vkAllocateMemory(4032kb):    2 bos, 8064 kb
TU: info:       vkAllocateMemory(4544kb):    2 bos, 9088 kb
TU: info:       vkAllocateMemory(2496kb):    2 bos, 4992 kb
TU: info:       vkAllocateMemory(2720kb):    2 bos, 5440 kb
TU: info:       vkAllocateMemory(4932kb):    2 bos, 9864 kb
TU: info:          vkAllocateMemory(4kb):    2 bos, 8 kb
TU: info:       vkAllocateMemory(7813kb):    2 bos, 15632 kb
TU: info:       vkAllocateMemory(4112kb):    2 bos, 8224 kb
TU: info:       vkAllocateMemory(4896kb):    2 bos, 9792 kb
TU: info:       vkAllocateMemory(4612kb):    3 bos, 13836 kb
TU: info:       vkAllocateMemory(2624kb):    3 bos, 7872 kb
TU: info:       vkAllocateMemory(5120kb):    3 bos, 15360 kb
TU: info:       vkAllocateMemory(2304kb):    3 bos, 6912 kb
TU: info:       vkAllocateMemory(3072kb):    3 bos, 9216 kb
TU: info:         vkAllocateMemory(41kb):    3 bos, 132 kb
TU: info:          vkAllocateMemory(7kb):    3 bos, 24 kb
TU: info:      vkAllocateMemory(10240kb):    3 bos, 30720 kb
TU: info:       vkAllocateMemory(2240kb):    3 bos, 6720 kb
TU: info:      vkAllocateMemory(51200kb):    3 bos, 153600 kb
TU: info:                         pvtmem:    3 bos, 122880 kb
TU: info:       vkAllocateMemory(8192kb):    4 bos, 32768 kb
TU: info:      vkAllocateMemory(43712kb):    4 bos, 174848 kb
TU: info:       vkAllocateMemory(5376kb):    4 bos, 21504 kb
TU: info:       vkAllocateMemory(4608kb):    4 bos, 18432 kb
TU: info:       vkAllocateMemory(8960kb):    4 bos, 35840 kb
TU: info:       vkAllocateMemory(2560kb):    4 bos, 10240 kb
TU: info:       vkAllocateMemory(2176kb):    5 bos, 10880 kb
TU: info:      vkAllocateMemory(21824kb):    5 bos, 109120 kb
TU: info:       vkAllocateMemory(4096kb):    6 bos, 24576 kb
TU: info:       vkAllocateMemory(4028kb):    6 bos, 24168 kb
TU: info:       vkAllocateMemory(2752kb):    6 bos, 16512 kb
TU: info:       vkAllocateMemory(4052kb):    6 bos, 24312 kb
TU: info:       vkAllocateMemory(2208kb):    6 bos, 13248 kb
TU: info:               draw epilogue cs:    9 bos, 144 kb
TU: info:       vkAllocateMemory(2688kb):    9 bos, 24192 kb
TU: info:       vkAllocateMemory(3600kb):   10 bos, 36000 kb
TU: info:       vkAllocateMemory(3624kb):   11 bos, 39864 kb
TU: info:       vkAllocateMemory(2048kb):   17 bos, 34816 kb
TU: info:       vkAllocateMemory(2112kb):   17 bos, 35904 kb
TU: info:                        draw cs:   22 bos, 3088 kb
TU: info:                    draw sub cs:   26 bos, 3144 kb
TU: info:      vkAllocateMemory(16384kb):   66 bos, 1081344 kb
TU: info:                         cmd cs:   93 bos, 3888 kb
TU: info:              pipeline_suballoc: 1796 bos, 229888 kb
TU: info:              embedded samplers: 3025 bos, 12100 kb
TU: info: submitted 5306 bos (3490 MB)
TU: info:       vkAllocateMemory(6624kb):    1 bos, 6624 kb
TU: info:      vkAllocateMemory(24576kb):    1 bos, 24576 kb
TU: info:       vkAllocateMemory(3392kb):    1 bos, 3392 kb
TU: info:       vkAllocateMemory(7424kb):    1 bos, 7424 kb
TU: info:                         global:    1 bos, 532 kb
TU: info:      vkAllocateMemory(10688kb):    1 bos, 10688 kb
TU: info:      vkAllocateMemory(16448kb):    1 bos, 16448 kb
TU: info:       vkAllocateMemory(9280kb):    1 bos, 9280 kb
TU: info:       vkAllocateMemory(4908kb):    1 bos, 4908 kb
TU: info:      vkAllocateMemory(14472kb):    1 bos, 14472 kb
TU: info:       vkAllocateMemory(4340kb):    1 bos, 4340 kb
TU: info:       vkAllocateMemory(8512kb):    1 bos, 8512 kb
TU: info:       vkAllocateMemory(5440kb):    1 bos, 5440 kb
TU: info:       vkAllocateMemory(9224kb):    1 bos, 9224 kb
TU: info:       vkAllocateMemory(4480kb):    1 bos, 4480 kb
TU: info:       vkAllocateMemory(4576kb):    1 bos, 4576 kb
TU: info:                     query pool:    1 bos, 4 kb
TU: info:      vkAllocateMemory(11328kb):    1 bos, 11328 kb
TU: info:      vkAllocateMemory(21504kb):    1 bos, 21504 kb
TU: info:       vkAllocateMemory(2452kb):    1 bos, 2452 kb
TU: info:       vkAllocateMemory(9152kb):    1 bos, 9152 kb
TU: info:       vkAllocateMemory(4288kb):    1 bos, 4288 kb
TU: info:       vkAllocateMemory(8640kb):    1 bos, 8640 kb
TU: info:       vkAllocateMemory(5344kb):    1 bos, 5344 kb
TU: info:       vkAllocateMemory(5640kb):    1 bos, 5640 kb
TU: info:       vkAllocateMemory(6912kb):    1 bos, 6912 kb
TU: info:       vkAllocateMemory(6976kb):    1 bos, 6976 kb
TU: info:      vkAllocateMemory(10080kb):    1 bos, 10080 kb
TU: info:       vkAllocateMemory(5760kb):    1 bos, 5760 kb
TU: info:       vkAllocateMemory(3692kb):    1 bos, 3692 kb
TU: info:       vkAllocateMemory(2736kb):    1 bos, 2736 kb
TU: info:       vkAllocateMemory(5888kb):    1 bos, 5888 kb
TU: info:       vkAllocateMemory(6464kb):    1 bos, 6464 kb
TU: info:       vkAllocateMemory(5712kb):    1 bos, 5712 kb
TU: info:       vkAllocateMemory(2816kb):    1 bos, 2816 kb
TU: info:      vkAllocateMemory(24512kb):    1 bos, 24512 kb
TU: info:       vkAllocateMemory(8160kb):    1 bos, 8160 kb
TU: info:       vkAllocateMemory(3132kb):    1 bos, 3132 kb
TU: info:       vkAllocateMemory(4864kb):    1 bos, 4864 kb
TU: info:       vkAllocateMemory(7360kb):    1 bos, 7360 kb
TU: info:       vkAllocateMemory(6552kb):    1 bos, 6552 kb
TU: info:       vkAllocateMemory(3840kb):    1 bos, 3840 kb
TU: info:                descriptor pool:    1 bos, 4 kb
TU: info:       vkAllocateMemory(5464kb):    1 bos, 5464 kb
TU: info:       vkAllocateMemory(2540kb):    1 bos, 2540 kb
TU: info:      vkAllocateMemory(10112kb):    1 bos, 10112 kb
TU: info:                  device sub cs:    1 bos, 4 kb
TU: info:      vkAllocateMemory(11392kb):    1 bos, 11392 kb
TU: info:       vkAllocateMemory(5220kb):    1 bos, 5220 kb
TU: info:      vkAllocateMemory(15936kb):    1 bos, 15936 kb
TU: info:       vkAllocateMemory(8196kb):    1 bos, 8196 kb
TU: info:       vkAllocateMemory(4180kb):    1 bos, 4180 kb
TU: info:       vkAllocateMemory(3740kb):    1 bos, 3740 kb
TU: info:       vkAllocateMemory(2368kb):    1 bos, 2368 kb
TU: info:       vkAllocateMemory(3264kb):    1 bos, 3264 kb
TU: info:       vkAllocateMemory(6000kb):    1 bos, 6000 kb
TU: info:       vkAllocateMemory(3712kb):    1 bos, 3712 kb
TU: info:       vkAllocateMemory(3168kb):    1 bos, 3168 kb
TU: info:       vkAllocateMemory(6144kb):    1 bos, 6144 kb
TU: info:                           tess:    1 bos, 136 kb
TU: info:       vkAllocateMemory(2920kb):    1 bos, 2920 kb
TU: info:     vkAllocateMemory(131072kb):    1 bos, 131072 kb
TU: info:      vkAllocateMemory(14720kb):    1 bos, 14720 kb
TU: info:        vkAllocateMemory(128kb):    1 bos, 128 kb
TU: info:       vkAllocateMemory(5248kb):    1 bos, 5248 kb
TU: info:       vkAllocateMemory(4672kb):    1 bos, 4672 kb
TU: info:       vkAllocateMemory(4824kb):    1 bos, 4824 kb
TU: info:       vkAllocateMemory(8896kb):    1 bos, 8896 kb
TU: info:       vkAllocateMemory(9664kb):    1 bos, 9664 kb
TU: info:       vkAllocateMemory(3136kb):    1 bos, 3136 kb
TU: info:       vkAllocateMemory(7680kb):    1 bos, 7680 kb
TU: info:       vkAllocateMemory(4176kb):    1 bos, 4176 kb
TU: info:       vkAllocateMemory(2056kb):    2 bos, 4112 kb
TU: info:     vkAllocateMemory(187501kb):    2 bos, 375008 kb
TU: info:       vkAllocateMemory(7236kb):    2 bos, 14472 kb
TU: info:       vkAllocateMemory(2944kb):    2 bos, 5888 kb
TU: info:       vkAllocateMemory(1024kb):    2 bos, 2048 kb
TU: info:      vkAllocateMemory(33544kb):    2 bos, 67088 kb
TU: info:       vkAllocateMemory(5472kb):    2 bos, 10944 kb
TU: info:       vkAllocateMemory(9472kb):    2 bos, 18944 kb
TU: info:       vkAllocateMemory(4200kb):    2 bos, 8400 kb
TU: info:       vkAllocateMemory(4032kb):    2 bos, 8064 kb
TU: info:       vkAllocateMemory(4544kb):    2 bos, 9088 kb
TU: info:       vkAllocateMemory(2496kb):    2 bos, 4992 kb
TU: info:       vkAllocateMemory(2720kb):    2 bos, 5440 kb
TU: info:       vkAllocateMemory(4932kb):    2 bos, 9864 kb
TU: info:          vkAllocateMemory(4kb):    2 bos, 8 kb
TU: info:       vkAllocateMemory(7813kb):    2 bos, 15632 kb
TU: info:       vkAllocateMemory(4112kb):    2 bos, 8224 kb
TU: info:       vkAllocateMemory(4896kb):    2 bos, 9792 kb
TU: info:       vkAllocateMemory(4612kb):    3 bos, 13836 kb
TU: info:       vkAllocateMemory(2624kb):    3 bos, 7872 kb
TU: info:       vkAllocateMemory(5120kb):    3 bos, 15360 kb
TU: info:       vkAllocateMemory(2304kb):    3 bos, 6912 kb
TU: info:       vkAllocateMemory(3072kb):    3 bos, 9216 kb
TU: info:         vkAllocateMemory(41kb):    3 bos, 132 kb
TU: info:          vkAllocateMemory(7kb):    3 bos, 24 kb
TU: info:      vkAllocateMemory(10240kb):    3 bos, 30720 kb
TU: info:       vkAllocateMemory(2240kb):    3 bos, 6720 kb
TU: info:      vkAllocateMemory(51200kb):    3 bos, 153600 kb
TU: info:                         pvtmem:    3 bos, 122880 kb
TU: info:       vkAllocateMemory(8192kb):    4 bos, 32768 kb
TU: info:      vkAllocateMemory(43712kb):    4 bos, 174848 kb
TU: info:       vkAllocateMemory(5376kb):    4 bos, 21504 kb
TU: info:       vkAllocateMemory(4608kb):    4 bos, 18432 kb
TU: info:       vkAllocateMemory(8960kb):    4 bos, 35840 kb
TU: info:       vkAllocateMemory(2560kb):    4 bos, 10240 kb
TU: info:       vkAllocateMemory(2176kb):    5 bos, 10880 kb
TU: info:      vkAllocateMemory(21824kb):    5 bos, 109120 kb
TU: info:       vkAllocateMemory(4096kb):    6 bos, 24576 kb
TU: info:       vkAllocateMemory(4028kb):    6 bos, 24168 kb
TU: info:       vkAllocateMemory(2752kb):    6 bos, 16512 kb
TU: info:       vkAllocateMemory(4052kb):    6 bos, 24312 kb
TU: info:       vkAllocateMemory(2208kb):    6 bos, 13248 kb
TU: info:               draw epilogue cs:    9 bos, 144 kb
TU: info:       vkAllocateMemory(2688kb):    9 bos, 24192 kb
TU: info:       vkAllocateMemory(3600kb):   10 bos, 36000 kb
TU: info:       vkAllocateMemory(3624kb):   11 bos, 39864 kb
TU: info:       vkAllocateMemory(2048kb):   17 bos, 34816 kb
TU: info:       vkAllocateMemory(2112kb):   17 bos, 35904 kb
TU: info:                        draw cs:   22 bos, 3088 kb
TU: info:                    draw sub cs:   26 bos, 3144 kb
TU: info:      vkAllocateMemory(16384kb):   66 bos, 1081344 kb
TU: info:                         cmd cs:   93 bos, 3888 kb
TU: info:              pipeline_suballoc: 1796 bos, 229888 kb
TU: info:              embedded samplers: 3025 bos, 12100 kb
TU: info: submitted 5306 bos (3490 MB)
TU: info:       vkAllocateMemory(6624kb):    1 bos, 6624 kb
TU: info:      vkAllocateMemory(24576kb):    1 bos, 24576 kb
TU: info:       vkAllocateMemory(3392kb):    1 bos, 3392 kb
TU: info:       vkAllocateMemory(7424kb):    1 bos, 7424 kb
TU: info:                         global:    1 bos, 532 kb
TU: info:      vkAllocateMemory(10688kb):    1 bos, 10688 kb
TU: info:      vkAllocateMemory(16448kb):    1 bos, 16448 kb
TU: info:       vkAllocateMemory(9280kb):    1 bos, 9280 kb
TU: info:       vkAllocateMemory(4908kb):    1 bos, 4908 kb
TU: info:      vkAllocateMemory(14472kb):    1 bos, 14472 kb
TU: info:       vkAllocateMemory(4340kb):    1 bos, 4340 kb
TU: info:       vkAllocateMemory(8512kb):    1 bos, 8512 kb
TU: info:       vkAllocateMemory(5440kb):    1 bos, 5440 kb
TU: info:       vkAllocateMemory(9224kb):    1 bos, 9224 kb
TU: info:       vkAllocateMemory(4480kb):    1 bos, 4480 kb
TU: info:       vkAllocateMemory(4576kb):    1 bos, 4576 kb
TU: info:                     query pool:    1 bos, 4 kb
TU: info:      vkAllocateMemory(11328kb):    1 bos, 11328 kb
TU: info:      vkAllocateMemory(21504kb):    1 bos, 21504 kb
TU: info:       vkAllocateMemory(2452kb):    1 bos, 2452 kb
TU: info:       vkAllocateMemory(9152kb):    1 bos, 9152 kb
TU: info:       vkAllocateMemory(4288kb):    1 bos, 4288 kb
TU: info:       vkAllocateMemory(8640kb):    1 bos, 8640 kb
TU: info:       vkAllocateMemory(5344kb):    1 bos, 5344 kb
TU: info:       vkAllocateMemory(5640kb):    1 bos, 5640 kb
TU: info:       vkAllocateMemory(6912kb):    1 bos, 6912 kb
TU: info:       vkAllocateMemory(6976kb):    1 bos, 6976 kb
TU: info:      vkAllocateMemory(10080kb):    1 bos, 10080 kb
TU: info:       vkAllocateMemory(5760kb):    1 bos, 5760 kb
TU: info:       vkAllocateMemory(3692kb):    1 bos, 3692 kb
TU: info:       vkAllocateMemory(2736kb):    1 bos, 2736 kb
TU: info:       vkAllocateMemory(5888kb):    1 bos, 5888 kb
TU: info:       vkAllocateMemory(6464kb):    1 bos, 6464 kb
TU: info:       vkAllocateMemory(5712kb):    1 bos, 5712 kb
TU: info:       vkAllocateMemory(2816kb):    1 bos, 2816 kb
TU: info:      vkAllocateMemory(24512kb):    1 bos, 24512 kb
TU: info:       vkAllocateMemory(8160kb):    1 bos, 8160 kb
TU: info:       vkAllocateMemory(3132kb):    1 bos, 3132 kb
TU: info:       vkAllocateMemory(4864kb):    1 bos, 4864 kb
TU: info:       vkAllocateMemory(7360kb):    1 bos, 7360 kb
TU: info:       vkAllocateMemory(6552kb):    1 bos, 6552 kb
TU: info:       vkAllocateMemory(3840kb):    1 bos, 3840 kb
TU: info:                descriptor pool:    1 bos, 4 kb
TU: info:       vkAllocateMemory(5464kb):    1 bos, 5464 kb
TU: info:       vkAllocateMemory(2540kb):    1 bos, 2540 kb
TU: info:      vkAllocateMemory(10112kb):    1 bos, 10112 kb
TU: info:                  device sub cs:    1 bos, 4 kb
TU: info:      vkAllocateMemory(11392kb):    1 bos, 11392 kb
TU: info:       vkAllocateMemory(5220kb):    1 bos, 5220 kb
TU: info:      vkAllocateMemory(15936kb):    1 bos, 15936 kb
TU: info:       vkAllocateMemory(8196kb):    1 bos, 8196 kb
TU: info:       vkAllocateMemory(4180kb):    1 bos, 4180 kb
TU: info:       vkAllocateMemory(3740kb):    1 bos, 3740 kb
TU: info:       vkAllocateMemory(2368kb):    1 bos, 2368 kb
TU: info:       vkAllocateMemory(3264kb):    1 bos, 3264 kb
TU: info:       vkAllocateMemory(6000kb):    1 bos, 6000 kb
TU: info:       vkAllocateMemory(3712kb):    1 bos, 3712 kb
TU: info:       vkAllocateMemory(3168kb):    1 bos, 3168 kb
TU: info:       vkAllocateMemory(6144kb):    1 bos, 6144 kb
TU: info:                           tess:    1 bos, 136 kb
TU: info:       vkAllocateMemory(2920kb):    1 bos, 2920 kb
TU: info:     vkAllocateMemory(131072kb):    1 bos, 131072 kb
TU: info:      vkAllocateMemory(14720kb):    1 bos, 14720 kb
TU: info:        vkAllocateMemory(128kb):    1 bos, 128 kb
TU: info:       vkAllocateMemory(5248kb):    1 bos, 5248 kb
TU: info:       vkAllocateMemory(4672kb):    1 bos, 4672 kb
TU: info:       vkAllocateMemory(4824kb):    1 bos, 4824 kb
TU: info:       vkAllocateMemory(8896kb):    1 bos, 8896 kb
TU: info:       vkAllocateMemory(9664kb):    1 bos, 9664 kb
TU: info:       vkAllocateMemory(3136kb):    1 bos, 3136 kb
TU: info:       vkAllocateMemory(7680kb):    1 bos, 7680 kb
TU: info:       vkAllocateMemory(4176kb):    1 bos, 4176 kb
TU: info:       vkAllocateMemory(2056kb):    2 bos, 4112 kb
TU: info:     vkAllocateMemory(187501kb):    2 bos, 375008 kb
TU: info:       vkAllocateMemory(7236kb):    2 bos, 14472 kb
TU: info:       vkAllocateMemory(2944kb):    2 bos, 5888 kb
TU: info:       vkAllocateMemory(1024kb):    2 bos, 2048 kb
TU: info:      vkAllocateMemory(33544kb):    2 bos, 67088 kb
TU: info:       vkAllocateMemory(5472kb):    2 bos, 10944 kb
TU: info:       vkAllocateMemory(9472kb):    2 bos, 18944 kb
TU: info:       vkAllocateMemory(4200kb):    2 bos, 8400 kb
TU: info:       vkAllocateMemory(4032kb):    2 bos, 8064 kb
TU: info:       vkAllocateMemory(4544kb):    2 bos, 9088 kb
TU: info:       vkAllocateMemory(2496kb):    2 bos, 4992 kb
TU: info:       vkAllocateMemory(2720kb):    2 bos, 5440 kb
TU: info:       vkAllocateMemory(4932kb):    2 bos, 9864 kb
TU: info:          vkAllocateMemory(4kb):    2 bos, 8 kb
TU: info:       vkAllocateMemory(7813kb):    2 bos, 15632 kb
TU: info:       vkAllocateMemory(4112kb):    2 bos, 8224 kb
TU: info:       vkAllocateMemory(4896kb):    2 bos, 9792 kb
TU: info:       vkAllocateMemory(4612kb):    3 bos, 13836 kb
TU: info:       vkAllocateMemory(2624kb):    3 bos, 7872 kb
TU: info:       vkAllocateMemory(5120kb):    3 bos, 15360 kb
TU: info:       vkAllocateMemory(2304kb):    3 bos, 6912 kb
TU: info:       vkAllocateMemory(3072kb):    3 bos, 9216 kb
TU: info:         vkAllocateMemory(41kb):    3 bos, 132 kb
TU: info:          vkAllocateMemory(7kb):    3 bos, 24 kb
TU: info:      vkAllocateMemory(10240kb):    3 bos, 30720 kb
TU: info:       vkAllocateMemory(2240kb):    3 bos, 6720 kb
TU: info:      vkAllocateMemory(51200kb):    3 bos, 153600 kb
TU: info:                         pvtmem:    3 bos, 122880 kb
TU: info:       vkAllocateMemory(8192kb):    4 bos, 32768 kb
TU: info:      vkAllocateMemory(43712kb):    4 bos, 174848 kb
TU: info:       vkAllocateMemory(5376kb):    4 bos, 21504 kb
TU: info:       vkAllocateMemory(4608kb):    4 bos, 18432 kb
TU: info:       vkAllocateMemory(8960kb):    4 bos, 35840 kb
TU: info:       vkAllocateMemory(2560kb):    4 bos, 10240 kb
TU: info:       vkAllocateMemory(2176kb):    5 bos, 10880 kb
TU: info:      vkAllocateMemory(21824kb):    5 bos, 109120 kb
TU: info:       vkAllocateMemory(4096kb):    6 bos, 24576 kb
TU: info:       vkAllocateMemory(4028kb):    6 bos, 24168 kb
TU: info:       vkAllocateMemory(2752kb):    6 bos, 16512 kb
TU: info:       vkAllocateMemory(4052kb):    6 bos, 24312 kb
TU: info:       vkAllocateMemory(2208kb):    6 bos, 13248 kb
TU: info:               draw epilogue cs:    9 bos, 144 kb
TU: info:       vkAllocateMemory(2688kb):    9 bos, 24192 kb
TU: info:       vkAllocateMemory(3600kb):   10 bos, 36000 kb
TU: info:       vkAllocateMemory(3624kb):   11 bos, 39864 kb
TU: info:       vkAllocateMemory(2048kb):   17 bos, 34816 kb
TU: info:       vkAllocateMemory(2112kb):   17 bos, 35904 kb
TU: info:                        draw cs:   22 bos, 3088 kb
TU: info:                    draw sub cs:   26 bos, 3144 kb
TU: info:      vkAllocateMemory(16384kb):   66 bos, 1081344 kb
TU: info:                         cmd cs:   93 bos, 3888 kb
TU: info:              pipeline_suballoc: 1796 bos, 229888 kb
TU: info:              embedded samplers: 3025 bos, 12100 kb
TU: info: submitted 5306 bos (3490 MB)
TU: info:       vkAllocateMemory(6624kb):    1 bos, 6624 kb
TU: info:      vkAllocateMemory(24576kb):    1 bos, 24576 kb
TU: info:       vkAllocateMemory(3392kb):    1 bos, 3392 kb
TU: info:       vkAllocateMemory(7424kb):    1 bos, 7424 kb
TU: info:                         global:    1 bos, 532 kb
TU: info:      vkAllocateMemory(10688kb):    1 bos, 10688 kb
TU: info:      vkAllocateMemory(16448kb):    1 bos, 16448 kb
TU: info:       vkAllocateMemory(9280kb):    1 bos, 9280 kb
TU: info:       vkAllocateMemory(4908kb):    1 bos, 4908 kb
TU: info:      vkAllocateMemory(14472kb):    1 bos, 14472 kb
TU: info:       vkAllocateMemory(4340kb):    1 bos, 4340 kb
TU: info:       vkAllocateMemory(8512kb):    1 bos, 8512 kb
TU: info:       vkAllocateMemory(5440kb):    1 bos, 5440 kb
TU: info:       vkAllocateMemory(9224kb):    1 bos, 9224 kb
TU: info:       vkAllocateMemory(4480kb):    1 bos, 4480 kb
TU: info:       vkAllocateMemory(4576kb):    1 bos, 4576 kb
TU: info:                     query pool:    1 bos, 4 kb
TU: info:      vkAllocateMemory(11328kb):    1 bos, 11328 kb
TU: info:      vkAllocateMemory(21504kb):    1 bos, 21504 kb
TU: info:       vkAllocateMemory(2452kb):    1 bos, 2452 kb
TU: info:       vkAllocateMemory(9152kb):    1 bos, 9152 kb
TU: info:       vkAllocateMemory(4288kb):    1 bos, 4288 kb
TU: info:       vkAllocateMemory(8640kb):    1 bos, 8640 kb
TU: info:       vkAllocateMemory(5344kb):    1 bos, 5344 kb
TU: info:       vkAllocateMemory(5640kb):    1 bos, 5640 kb
TU: info:       vkAllocateMemory(6912kb):    1 bos, 6912 kb
TU: info:       vkAllocateMemory(6976kb):    1 bos, 6976 kb
TU: info:      vkAllocateMemory(10080kb):    1 bos, 10080 kb
TU: info:       vkAllocateMemory(5760kb):    1 bos, 5760 kb
TU: info:       vkAllocateMemory(3692kb):    1 bos, 3692 kb
TU: info:       vkAllocateMemory(2736kb):    1 bos, 2736 kb
TU: info:       vkAllocateMemory(5888kb):    1 bos, 5888 kb
TU: info:       vkAllocateMemory(6464kb):    1 bos, 6464 kb
TU: info:       vkAllocateMemory(5712kb):    1 bos, 5712 kb
TU: info:       vkAllocateMemory(2816kb):    1 bos, 2816 kb
TU: info:      vkAllocateMemory(24512kb):    1 bos, 24512 kb
TU: info:       vkAllocateMemory(8160kb):    1 bos, 8160 kb
TU: info:       vkAllocateMemory(3132kb):    1 bos, 3132 kb
TU: info:       vkAllocateMemory(4864kb):    1 bos, 4864 kb
TU: info:       vkAllocateMemory(7360kb):    1 bos, 7360 kb
TU: info:       vkAllocateMemory(6552kb):    1 bos, 6552 kb
TU: info:       vkAllocateMemory(3840kb):    1 bos, 3840 kb
TU: info:                descriptor pool:    1 bos, 4 kb
TU: info:       vkAllocateMemory(5464kb):    1 bos, 5464 kb
TU: info:       vkAllocateMemory(2540kb):    1 bos, 2540 kb
TU: info:      vkAllocateMemory(10112kb):    1 bos, 10112 kb
TU: info:                  device sub cs:    1 bos, 4 kb
TU: info:      vkAllocateMemory(11392kb):    1 bos, 11392 kb
TU: info:       vkAllocateMemory(5220kb):    1 bos, 5220 kb
TU: info:      vkAllocateMemory(15936kb):    1 bos, 15936 kb
TU: info:       vkAllocateMemory(8196kb):    1 bos, 8196 kb
TU: info:       vkAllocateMemory(4180kb):    1 bos, 4180 kb
TU: info:       vkAllocateMemory(3740kb):    1 bos, 3740 kb
TU: info:       vkAllocateMemory(2368kb):    1 bos, 2368 kb
TU: info:       vkAllocateMemory(3264kb):    1 bos, 3264 kb
TU: info:       vkAllocateMemory(6000kb):    1 bos, 6000 kb
TU: info:       vkAllocateMemory(3712kb):    1 bos, 3712 kb
TU: info:       vkAllocateMemory(3168kb):    1 bos, 3168 kb
TU: info:       vkAllocateMemory(6144kb):    1 bos, 6144 kb
TU: info:                           tess:    1 bos, 136 kb
TU: info:       vkAllocateMemory(2920kb):    1 bos, 2920 kb
TU: info:     vkAllocateMemory(131072kb):    1 bos, 131072 kb
TU: info:      vkAllocateMemory(14720kb):    1 bos, 14720 kb
TU: info:        vkAllocateMemory(128kb):    1 bos, 128 kb
TU: info:       vkAllocateMemory(5248kb):    1 bos, 5248 kb
TU: info:       vkAllocateMemory(4672kb):    1 bos, 4672 kb
TU: info:       vkAllocateMemory(4824kb):    1 bos, 4824 kb
TU: info:       vkAllocateMemory(8896kb):    1 bos, 8896 kb
TU: info:       vkAllocateMemory(9664kb):    1 bos, 9664 kb
TU: info:       vkAllocateMemory(3136kb):    1 bos, 3136 kb
TU: info:       vkAllocateMemory(7680kb):    1 bos, 7680 kb
TU: info:       vkAllocateMemory(4176kb):    1 bos, 4176 kb
TU: info:       vkAllocateMemory(2056kb):    2 bos, 4112 kb
TU: info:     vkAllocateMemory(187501kb):    2 bos, 375008 kb
TU: info:       vkAllocateMemory(7236kb):    2 bos, 14472 kb
TU: info:       vkAllocateMemory(2944kb):    2 bos, 5888 kb
TU: info:       vkAllocateMemory(1024kb):    2 bos, 2048 kb
TU: info:      vkAllocateMemory(33544kb):    2 bos, 67088 kb
TU: info:       vkAllocateMemory(5472kb):    2 bos, 10944 kb
TU: info:       vkAllocateMemory(9472kb):    2 bos, 18944 kb
TU: info:       vkAllocateMemory(4200kb):    2 bos, 8400 kb
TU: info:       vkAllocateMemory(4032kb):    2 bos, 8064 kb
TU: info:       vkAllocateMemory(4544kb):    2 bos, 9088 kb
TU: info:       vkAllocateMemory(2496kb):    2 bos, 4992 kb
TU: info:       vkAllocateMemory(2720kb):    2 bos, 5440 kb
TU: info:       vkAllocateMemory(4932kb):    2 bos, 9864 kb
TU: info:          vkAllocateMemory(4kb):    2 bos, 8 kb
TU: info:       vkAllocateMemory(7813kb):    2 bos, 15632 kb
TU: info:       vkAllocateMemory(4112kb):    2 bos, 8224 kb
TU: info:       vkAllocateMemory(4896kb):    2 bos, 9792 kb
TU: info:       vkAllocateMemory(4612kb):    3 bos, 13836 kb
TU: info:       vkAllocateMemory(2624kb):    3 bos, 7872 kb
TU: info:       vkAllocateMemory(5120kb):    3 bos, 15360 kb
TU: info:       vkAllocateMemory(2304kb):    3 bos, 6912 kb
TU: info:       vkAllocateMemory(3072kb):    3 bos, 9216 kb
TU: info:         vkAllocateMemory(41kb):    3 bos, 132 kb
TU: info:          vkAllocateMemory(7kb):    3 bos, 24 kb
TU: info:      vkAllocateMemory(10240kb):    3 bos, 30720 kb
TU: info:       vkAllocateMemory(2240kb):    3 bos, 6720 kb
TU: info:      vkAllocateMemory(51200kb):    3 bos, 153600 kb
TU: info:                         pvtmem:    3 bos, 122880 kb
TU: info:       vkAllocateMemory(8192kb):    4 bos, 32768 kb
TU: info:      vkAllocateMemory(43712kb):    4 bos, 174848 kb
TU: info:       vkAllocateMemory(5376kb):    4 bos, 21504 kb
TU: info:       vkAllocateMemory(4608kb):    4 bos, 18432 kb
TU: info:       vkAllocateMemory(8960kb):    4 bos, 35840 kb
TU: info:       vkAllocateMemory(2560kb):    4 bos, 10240 kb
TU: info:       vkAllocateMemory(2176kb):    5 bos, 10880 kb
TU: info:      vkAllocateMemory(21824kb):    5 bos, 109120 kb
TU: info:       vkAllocateMemory(4096kb):    6 bos, 24576 kb
TU: info:       vkAllocateMemory(4028kb):    6 bos, 24168 kb
TU: info:       vkAllocateMemory(2752kb):    6 bos, 16512 kb
TU: info:       vkAllocateMemory(4052kb):    6 bos, 24312 kb
TU: info:       vkAllocateMemory(2208kb):    6 bos, 13248 kb
TU: info:               draw epilogue cs:    9 bos, 144 kb
TU: info:       vkAllocateMemory(2688kb):    9 bos, 24192 kb
TU: info:       vkAllocateMemory(3600kb):   10 bos, 36000 kb
TU: info:       vkAllocateMemory(3624kb):   11 bos, 39864 kb
TU: info:       vkAllocateMemory(2048kb):   17 bos, 34816 kb
TU: info:       vkAllocateMemory(2112kb):   17 bos, 35904 kb
TU: info:                        draw cs:   22 bos, 3088 kb
TU: info:                    draw sub cs:   26 bos, 3144 kb
TU: info:      vkAllocateMemory(16384kb):   66 bos, 1081344 kb
TU: info:                         cmd cs:   93 bos, 3888 kb
TU: info:              pipeline_suballoc: 1796 bos, 229888 kb
TU: info:              embedded samplers: 3025 bos, 12100 kb
TU: info: submitted 5306 bos (3490 MB)
TU: info:       vkAllocateMemory(6624kb):    1 bos, 6624 kb
TU: info:      vkAllocateMemory(24576kb):    1 bos, 24576 kb
TU: info:       vkAllocateMemory(3392kb):    1 bos, 3392 kb
TU: info:       vkAllocateMemory(7424kb):    1 bos, 7424 kb
TU: info:                         global:    1 bos, 532 kb
TU: info:      vkAllocateMemory(10688kb):    1 bos, 10688 kb
TU: info:      vkAllocateMemory(16448kb):    1 bos, 16448 kb
TU: info:       vkAllocateMemory(9280kb):    1 bos, 9280 kb
TU: info:       vkAllocateMemory(4908kb):    1 bos, 4908 kb
TU: info:      vkAllocateMemory(14472kb):    1 bos, 14472 kb
TU: info:       vkAllocateMemory(4340kb):    1 bos, 4340 kb
TU: info:       vkAllocateMemory(8512kb):    1 bos, 8512 kb
TU: info:       vkAllocateMemory(5440kb):    1 bos, 5440 kb
TU: info:       vkAllocateMemory(9224kb):    1 bos, 9224 kb
TU: info:       vkAllocateMemory(4480kb):    1 bos, 4480 kb
TU: info:       vkAllocateMemory(4576kb):    1 bos, 4576 kb
TU: info:                     query pool:    1 bos, 4 kb
TU: info:      vkAllocateMemory(11328kb):    1 bos, 11328 kb
TU: info:      vkAllocateMemory(21504kb):    1 bos, 21504 kb
TU: info:       vkAllocateMemory(2452kb):    1 bos, 2452 kb
TU: info:       vkAllocateMemory(9152kb):    1 bos, 9152 kb
TU: info:       vkAllocateMemory(4288kb):    1 bos, 4288 kb
TU: info:       vkAllocateMemory(8640kb):    1 bos, 8640 kb
TU: info:       vkAllocateMemory(5344kb):    1 bos, 5344 kb
TU: info:       vkAllocateMemory(5640kb):    1 bos, 5640 kb
TU: info:       vkAllocateMemory(6912kb):    1 bos, 6912 kb
TU: info:       vkAllocateMemory(6976kb):    1 bos, 6976 kb
TU: info:      vkAllocateMemory(10080kb):    1 bos, 10080 kb
TU: info:       vkAllocateMemory(5760kb):    1 bos, 5760 kb
TU: info:       vkAllocateMemory(3692kb):    1 bos, 3692 kb
TU: info:       vkAllocateMemory(2736kb):    1 bos, 2736 kb
TU: info:       vkAllocateMemory(5888kb):    1 bos, 5888 kb
TU: info:       vkAllocateMemory(6464kb):    1 bos, 6464 kb
TU: info:       vkAllocateMemory(5712kb):    1 bos, 5712 kb
TU: info:       vkAllocateMemory(2816kb):    1 bos, 2816 kb
TU: info:      vkAllocateMemory(24512kb):    1 bos, 24512 kb
TU: info:       vkAllocateMemory(8160kb):    1 bos, 8160 kb
TU: info:       vkAllocateMemory(3132kb):    1 bos, 3132 kb
TU: info:       vkAllocateMemory(4864kb):    1 bos, 4864 kb
TU: info:       vkAllocateMemory(7360kb):    1 bos, 7360 kb
TU: info:       vkAllocateMemory(6552kb):    1 bos, 6552 kb
TU: info:       vkAllocateMemory(3840kb):    1 bos, 3840 kb
TU: info:                descriptor pool:    1 bos, 4 kb
TU: info:       vkAllocateMemory(5464kb):    1 bos, 5464 kb
TU: info:       vkAllocateMemory(2540kb):    1 bos, 2540 kb
TU: info:      vkAllocateMemory(10112kb):    1 bos, 10112 kb
TU: info:                  device sub cs:    1 bos, 4 kb
TU: info:      vkAllocateMemory(11392kb):    1 bos, 11392 kb
TU: info:       vkAllocateMemory(5220kb):    1 bos, 5220 kb
TU: info:      vkAllocateMemory(15936kb):    1 bos, 15936 kb
TU: info:       vkAllocateMemory(8196kb):    1 bos, 8196 kb
TU: info:       vkAllocateMemory(4180kb):    1 bos, 4180 kb
TU: info:       vkAllocateMemory(3740kb):    1 bos, 3740 kb
TU: info:       vkAllocateMemory(2368kb):    1 bos, 2368 kb
TU: info:       vkAllocateMemory(3264kb):    1 bos, 3264 kb
TU: info:       vkAllocateMemory(6000kb):    1 bos, 6000 kb
TU: info:       vkAllocateMemory(3712kb):    1 bos, 3712 kb
TU: info:       vkAllocateMemory(3168kb):    1 bos, 3168 kb
TU: info:       vkAllocateMemory(6144kb):    1 bos, 6144 kb
TU: info:                           tess:    1 bos, 136 kb
TU: info:       vkAllocateMemory(2920kb):    1 bos, 2920 kb
TU: info:     vkAllocateMemory(131072kb):    1 bos, 131072 kb
TU: info:      vkAllocateMemory(14720kb):    1 bos, 14720 kb
TU: info:        vkAllocateMemory(128kb):    1 bos, 128 kb
TU: info:       vkAllocateMemory(5248kb):    1 bos, 5248 kb
TU: info:       vkAllocateMemory(4672kb):    1 bos, 4672 kb
TU: info:       vkAllocateMemory(4824kb):    1 bos, 4824 kb
TU: info:       vkAllocateMemory(8896kb):    1 bos, 8896 kb
TU: info:       vkAllocateMemory(9664kb):    1 bos, 9664 kb
TU: info:       vkAllocateMemory(3136kb):    1 bos, 3136 kb
TU: info:       vkAllocateMemory(7680kb):    1 bos, 7680 kb
TU: info:       vkAllocateMemory(4176kb):    1 bos, 4176 kb
TU: info:       vkAllocateMemory(2056kb):    2 bos, 4112 kb
TU: info:     vkAllocateMemory(187501kb):    2 bos, 375008 kb
TU: info:       vkAllocateMemory(7236kb):    2 bos, 14472 kb
TU: info:       vkAllocateMemory(2944kb):    2 bos, 5888 kb
TU: info:       vkAllocateMemory(1024kb):    2 bos, 2048 kb
TU: info:      vkAllocateMemory(33544kb):    2 bos, 67088 kb
TU: info:       vkAllocateMemory(5472kb):    2 bos, 10944 kb
TU: info:       vkAllocateMemory(9472kb):    2 bos, 18944 kb
TU: info:       vkAllocateMemory(4200kb):    2 bos, 8400 kb
TU: info:       vkAllocateMemory(4032kb):    2 bos, 8064 kb
TU: info:       vkAllocateMemory(4544kb):    2 bos, 9088 kb
TU: info:       vkAllocateMemory(2496kb):    2 bos, 4992 kb
TU: info:       vkAllocateMemory(2720kb):    2 bos, 5440 kb
TU: info:       vkAllocateMemory(4932kb):    2 bos, 9864 kb
TU: info:          vkAllocateMemory(4kb):    2 bos, 8 kb
TU: info:       vkAllocateMemory(7813kb):    2 bos, 15632 kb
TU: info:       vkAllocateMemory(4112kb):    2 bos, 8224 kb
TU: info:       vkAllocateMemory(4896kb):    2 bos, 9792 kb
TU: info:       vkAllocateMemory(4612kb):    3 bos, 13836 kb
TU: info:       vkAllocateMemory(2624kb):    3 bos, 7872 kb
TU: info:       vkAllocateMemory(5120kb):    3 bos, 15360 kb
TU: info:       vkAllocateMemory(2304kb):    3 bos, 6912 kb
TU: info:       vkAllocateMemory(3072kb):    3 bos, 9216 kb
TU: info:         vkAllocateMemory(41kb):    3 bos, 132 kb
TU: info:          vkAllocateMemory(7kb):    3 bos, 24 kb
TU: info:      vkAllocateMemory(10240kb):    3 bos, 30720 kb
TU: info:       vkAllocateMemory(2240kb):    3 bos, 6720 kb
TU: info:      vkAllocateMemory(51200kb):    3 bos, 153600 kb
TU: info:                         pvtmem:    3 bos, 122880 kb
TU: info:       vkAllocateMemory(8192kb):    4 bos, 32768 kb
TU: info:      vkAllocateMemory(43712kb):    4 bos, 174848 kb
TU: info:       vkAllocateMemory(5376kb):    4 bos, 21504 kb
TU: info:       vkAllocateMemory(4608kb):    4 bos, 18432 kb
TU: info:       vkAllocateMemory(8960kb):    4 bos, 35840 kb
TU: info:       vkAllocateMemory(2560kb):    4 bos, 10240 kb
TU: info:       vkAllocateMemory(2176kb):    5 bos, 10880 kb
TU: info:      vkAllocateMemory(21824kb):    5 bos, 109120 kb
TU: info:       vkAllocateMemory(4096kb):    6 bos, 24576 kb
TU: info:       vkAllocateMemory(4028kb):    6 bos, 24168 kb
TU: info:       vkAllocateMemory(2752kb):    6 bos, 16512 kb
TU: info:       vkAllocateMemory(4052kb):    6 bos, 24312 kb
TU: info:       vkAllocateMemory(2208kb):    6 bos, 13248 kb
TU: info:               draw epilogue cs:    9 bos, 144 kb
TU: info:       vkAllocateMemory(2688kb):    9 bos, 24192 kb
TU: info:       vkAllocateMemory(3600kb):   10 bos, 36000 kb
TU: info:       vkAllocateMemory(3624kb):   11 bos, 39864 kb
TU: info:       vkAllocateMemory(2048kb):   17 bos, 34816 kb
TU: info:       vkAllocateMemory(2112kb):   17 bos, 35904 kb
TU: info:                        draw cs:   22 bos, 3088 kb
TU: info:                    draw sub cs:   26 bos, 3144 kb
TU: info:      vkAllocateMemory(16384kb):   66 bos, 1081344 kb
TU: info:                         cmd cs:   93 bos, 3888 kb
TU: info:              pipeline_suballoc: 1796 bos, 229888 kb
TU: info:              embedded samplers: 3025 bos, 12100 kb
TU: info: submitted 5306 bos (3490 MB)
TU: info:       vkAllocateMemory(6624kb):    1 bos, 6624 kb
TU: info:      vkAllocateMemory(24576kb):    1 bos, 24576 kb
TU: info:       vkAllocateMemory(3392kb):    1 bos, 3392 kb
TU: info:       vkAllocateMemory(7424kb):    1 bos, 7424 kb
TU: info:                         global:    1 bos, 532 kb
TU: info:      vkAllocateMemory(10688kb):    1 bos, 10688 kb
TU: info:      vkAllocateMemory(16448kb):    1 bos, 16448 kb
TU: info:       vkAllocateMemory(9280kb):    1 bos, 9280 kb
TU: info:       vkAllocateMemory(4908kb):    1 bos, 4908 kb
TU: info:      vkAllocateMemory(14472kb):    1 bos, 14472 kb
TU: info:       vkAllocateMemory(4340kb):    1 bos, 4340 kb
TU: info:       vkAllocateMemory(8512kb):    1 bos, 8512 kb
TU: info:       vkAllocateMemory(5440kb):    1 bos, 5440 kb
TU: info:       vkAllocateMemory(9224kb):    1 bos, 9224 kb
TU: info:       vkAllocateMemory(4480kb):    1 bos, 4480 kb
TU: info:       vkAllocateMemory(4576kb):    1 bos, 4576 kb
TU: info:                     query pool:    1 bos, 4 kb
TU: info:      vkAllocateMemory(11328kb):    1 bos, 11328 kb
TU: info:      vkAllocateMemory(21504kb):    1 bos, 21504 kb
TU: info:       vkAllocateMemory(2452kb):    1 bos, 2452 kb
TU: info:       vkAllocateMemory(9152kb):    1 bos, 9152 kb
TU: info:       vkAllocateMemory(4288kb):    1 bos, 4288 kb
TU: info:       vkAllocateMemory(8640kb):    1 bos, 8640 kb
TU: info:       vkAllocateMemory(5344kb):    1 bos, 5344 kb
TU: info:       vkAllocateMemory(5640kb):    1 bos, 5640 kb
TU: info:       vkAllocateMemory(6912kb):    1 bos, 6912 kb
TU: info:       vkAllocateMemory(6976kb):    1 bos, 6976 kb
TU: info:      vkAllocateMemory(10080kb):    1 bos, 10080 kb
TU: info:       vkAllocateMemory(5760kb):    1 bos, 5760 kb
TU: info:       vkAllocateMemory(3692kb):    1 bos, 3692 kb
TU: info:       vkAllocateMemory(2736kb):    1 bos, 2736 kb
TU: info:       vkAllocateMemory(5888kb):    1 bos, 5888 kb
TU: info:       vkAllocateMemory(6464kb):    1 bos, 6464 kb
TU: info:       vkAllocateMemory(5712kb):    1 bos, 5712 kb
TU: info:       vkAllocateMemory(2816kb):    1 bos, 2816 kb
TU: info:      vkAllocateMemory(24512kb):    1 bos, 24512 kb
TU: info:       vkAllocateMemory(8160kb):    1 bos, 8160 kb
TU: info:       vkAllocateMemory(3132kb):    1 bos, 3132 kb
TU: info:       vkAllocateMemory(4864kb):    1 bos, 4864 kb
TU: info:       vkAllocateMemory(7360kb):    1 bos, 7360 kb
TU: info:       vkAllocateMemory(6552kb):    1 bos, 6552 kb
TU: info:       vkAllocateMemory(3840kb):    1 bos, 3840 kb
TU: info:                descriptor pool:    1 bos, 4 kb
TU: info:       vkAllocateMemory(5464kb):    1 bos, 5464 kb
TU: info:       vkAllocateMemory(2540kb):    1 bos, 2540 kb
TU: info:      vkAllocateMemory(10112kb):    1 bos, 10112 kb
TU: info:                  device sub cs:    1 bos, 4 kb
TU: info:      vkAllocateMemory(11392kb):    1 bos, 11392 kb
TU: info:       vkAllocateMemory(5220kb):    1 bos, 5220 kb
TU: info:      vkAllocateMemory(15936kb):    1 bos, 15936 kb
TU: info:       vkAllocateMemory(8196kb):    1 bos, 8196 kb
TU: info:       vkAllocateMemory(4180kb):    1 bos, 4180 kb
TU: info:       vkAllocateMemory(3740kb):    1 bos, 3740 kb
TU: info:       vkAllocateMemory(2368kb):    1 bos, 2368 kb
TU: info:       vkAllocateMemory(3264kb):    1 bos, 3264 kb
TU: info:       vkAllocateMemory(6000kb):    1 bos, 6000 kb
TU: info:       vkAllocateMemory(3712kb):    1 bos, 3712 kb
TU: info:       vkAllocateMemory(3168kb):    1 bos, 3168 kb
TU: info:       vkAllocateMemory(6144kb):    1 bos, 6144 kb
TU: info:                           tess:    1 bos, 136 kb
TU: info:       vkAllocateMemory(2920kb):    1 bos, 2920 kb
TU: info:     vkAllocateMemory(131072kb):    1 bos, 131072 kb
TU: info:      vkAllocateMemory(14720kb):    1 bos, 14720 kb
TU: info:        vkAllocateMemory(128kb):    1 bos, 128 kb
TU: info:       vkAllocateMemory(5248kb):    1 bos, 5248 kb
TU: info:       vkAllocateMemory(4672kb):    1 bos, 4672 kb
TU: info:       vkAllocateMemory(4824kb):    1 bos, 4824 kb
TU: info:       vkAllocateMemory(8896kb):    1 bos, 8896 kb
TU: info:       vkAllocateMemory(9664kb):    1 bos, 9664 kb
TU: info:       vkAllocateMemory(3136kb):    1 bos, 3136 kb
TU: info:       vkAllocateMemory(7680kb):    1 bos, 7680 kb
TU: info:       vkAllocateMemory(4176kb):    1 bos, 4176 kb
TU: info:       vkAllocateMemory(2056kb):    2 bos, 4112 kb
TU: info:     vkAllocateMemory(187501kb):    2 bos, 375008 kb
TU: info:       vkAllocateMemory(7236kb):    2 bos, 14472 kb
TU: info:       vkAllocateMemory(2944kb):    2 bos, 5888 kb
TU: info:       vkAllocateMemory(1024kb):    2 bos, 2048 kb
TU: info:      vkAllocateMemory(33544kb):    2 bos, 67088 kb
TU: info:       vkAllocateMemory(5472kb):    2 bos, 10944 kb
TU: info:       vkAllocateMemory(9472kb):    2 bos, 18944 kb
TU: info:       vkAllocateMemory(4200kb):    2 bos, 8400 kb
TU: info:       vkAllocateMemory(4032kb):    2 bos, 8064 kb
TU: info:       vkAllocateMemory(4544kb):    2 bos, 9088 kb
TU: info:       vkAllocateMemory(2496kb):    2 bos, 4992 kb
TU: info:       vkAllocateMemory(2720kb):    2 bos, 5440 kb
TU: info:       vkAllocateMemory(4932kb):    2 bos, 9864 kb
TU: info:          vkAllocateMemory(4kb):    2 bos, 8 kb
TU: info:       vkAllocateMemory(7813kb):    2 bos, 15632 kb
TU: info:       vkAllocateMemory(4112kb):    2 bos, 8224 kb
TU: info:       vkAllocateMemory(4896kb):    2 bos, 9792 kb
TU: info:       vkAllocateMemory(4612kb):    3 bos, 13836 kb
TU: info:       vkAllocateMemory(2624kb):    3 bos, 7872 kb
TU: info:       vkAllocateMemory(5120kb):    3 bos, 15360 kb
TU: info:       vkAllocateMemory(2304kb):    3 bos, 6912 kb
TU: info:       vkAllocateMemory(3072kb):    3 bos, 9216 kb
TU: info:         vkAllocateMemory(41kb):    3 bos, 132 kb
TU: info:          vkAllocateMemory(7kb):    3 bos, 24 kb
TU: info:      vkAllocateMemory(10240kb):    3 bos, 30720 kb
TU: info:       vkAllocateMemory(2240kb):    3 bos, 6720 kb
TU: info:      vkAllocateMemory(51200kb):    3 bos, 153600 kb
TU: info:                         pvtmem:    3 bos, 122880 kb
TU: info:       vkAllocateMemory(8192kb):    4 bos, 32768 kb
TU: info:      vkAllocateMemory(43712kb):    4 bos, 174848 kb
TU: info:       vkAllocateMemory(5376kb):    4 bos, 21504 kb
TU: info:       vkAllocateMemory(4608kb):    4 bos, 18432 kb
TU: info:       vkAllocateMemory(8960kb):    4 bos, 35840 kb
TU: info:       vkAllocateMemory(2560kb):    4 bos, 10240 kb
TU: info:       vkAllocateMemory(2176kb):    5 bos, 10880 kb
TU: info:      vkAllocateMemory(21824kb):    5 bos, 109120 kb
TU: info:       vkAllocateMemory(4096kb):    6 bos, 24576 kb
TU: info:       vkAllocateMemory(4028kb):    6 bos, 24168 kb
TU: info:       vkAllocateMemory(2752kb):    6 bos, 16512 kb
TU: info:       vkAllocateMemory(4052kb):    6 bos, 24312 kb
TU: info:       vkAllocateMemory(2208kb):    6 bos, 13248 kb
TU: info:               draw epilogue cs:    9 bos, 144 kb
TU: info:       vkAllocateMemory(2688kb):    9 bos, 24192 kb
TU: info:       vkAllocateMemory(3600kb):   10 bos, 36000 kb
TU: info:       vkAllocateMemory(3624kb):   11 bos, 39864 kb
TU: info:       vkAllocateMemory(2048kb):   17 bos, 34816 kb
TU: info:       vkAllocateMemory(2112kb):   17 bos, 35904 kb
TU: info:                        draw cs:   22 bos, 3088 kb
TU: info:                    draw sub cs:   26 bos, 3144 kb
TU: info:      vkAllocateMemory(16384kb):   66 bos, 1081344 kb
TU: info:                         cmd cs:   93 bos, 3888 kb
TU: info:              pipeline_suballoc: 1796 bos, 229888 kb
TU: info:              embedded samplers: 3025 bos, 12100 kb
TU: info: submitted 5306 bos (3490 MB)
TU: info:       vkAllocateMemory(6624kb):    1 bos, 6624 kb
TU: info:      vkAllocateMemory(24576kb):    1 bos, 24576 kb
TU: info:       vkAllocateMemory(3392kb):    1 bos, 3392 kb
TU: info:       vkAllocateMemory(7424kb):    1 bos, 7424 kb
TU: info:                         global:    1 bos, 532 kb
TU: info:      vkAllocateMemory(10688kb):    1 bos, 10688 kb
TU: info:      vkAllocateMemory(16448kb):    1 bos, 16448 kb
TU: info:       vkAllocateMemory(9280kb):    1 bos, 9280 kb
TU: info:       vkAllocateMemory(4908kb):    1 bos, 4908 kb
TU: info:      vkAllocateMemory(14472kb):    1 bos, 14472 kb
TU: info:       vkAllocateMemory(4340kb):    1 bos, 4340 kb
TU: info:       vkAllocateMemory(8512kb):    1 bos, 8512 kb
TU: info:       vkAllocateMemory(5440kb):    1 bos, 5440 kb
TU: info:       vkAllocateMemory(9224kb):    1 bos, 9224 kb
TU: info:       vkAllocateMemory(4480kb):    1 bos, 4480 kb
TU: info:       vkAllocateMemory(4576kb):    1 bos, 4576 kb
TU: info:                     query pool:    1 bos, 4 kb
TU: info:      vkAllocateMemory(11328kb):    1 bos, 11328 kb
TU: info:      vkAllocateMemory(21504kb):    1 bos, 21504 kb
TU: info:       vkAllocateMemory(2452kb):    1 bos, 2452 kb
TU: info:       vkAllocateMemory(9152kb):    1 bos, 9152 kb
TU: info:       vkAllocateMemory(4288kb):    1 bos, 4288 kb
TU: info:       vkAllocateMemory(8640kb):    1 bos, 8640 kb
TU: info:       vkAllocateMemory(5344kb):    1 bos, 5344 kb
TU: info:       vkAllocateMemory(5640kb):    1 bos, 5640 kb
TU: info:       vkAllocateMemory(6912kb):    1 bos, 6912 kb
TU: info:       vkAllocateMemory(6976kb):    1 bos, 6976 kb
TU: info:      vkAllocateMemory(10080kb):    1 bos, 10080 kb
TU: info:       vkAllocateMemory(5760kb):    1 bos, 5760 kb
TU: info:       vkAllocateMemory(3692kb):    1 bos, 3692 kb
TU: info:       vkAllocateMemory(2736kb):    1 bos, 2736 kb
TU: info:       vkAllocateMemory(5888kb):    1 bos, 5888 kb
TU: info:       vkAllocateMemory(6464kb):    1 bos, 6464 kb
TU: info:       vkAllocateMemory(5712kb):    1 bos, 5712 kb
TU: info:       vkAllocateMemory(2816kb):    1 bos, 2816 kb
TU: info:      vkAllocateMemory(24512kb):    1 bos, 24512 kb
TU: info:       vkAllocateMemory(8160kb):    1 bos, 8160 kb
TU: info:       vkAllocateMemory(3132kb):    1 bos, 3132 kb
TU: info:       vkAllocateMemory(4864kb):    1 bos, 4864 kb
TU: info:       vkAllocateMemory(7360kb):    1 bos, 7360 kb
TU: info:       vkAllocateMemory(6552kb):    1 bos, 6552 kb
TU: info:       vkAllocateMemory(3840kb):    1 bos, 3840 kb
TU: info:                descriptor pool:    1 bos, 4 kb
TU: info:       vkAllocateMemory(5464kb):    1 bos, 5464 kb
TU: info:       vkAllocateMemory(2540kb):    1 bos, 2540 kb
TU: info:      vkAllocateMemory(10112kb):    1 bos, 10112 kb
TU: info:                  device sub cs:    1 bos, 4 kb
TU: info:      vkAllocateMemory(11392kb):    1 bos, 11392 kb
TU: info:       vkAllocateMemory(5220kb):    1 bos, 5220 kb
TU: info:      vkAllocateMemory(15936kb):    1 bos, 15936 kb
TU: info:       vkAllocateMemory(8196kb):    1 bos, 8196 kb
TU: info:       vkAllocateMemory(4180kb):    1 bos, 4180 kb
TU: info:       vkAllocateMemory(3740kb):    1 bos, 3740 kb
TU: info:       vkAllocateMemory(2368kb):    1 bos, 2368 kb
TU: info:       vkAllocateMemory(3264kb):    1 bos, 3264 kb
TU: info:       vkAllocateMemory(6000kb):    1 bos, 6000 kb
TU: info:       vkAllocateMemory(3712kb):    1 bos, 3712 kb
TU: info:       vkAllocateMemory(3168kb):    1 bos, 3168 kb
TU: info:       vkAllocateMemory(6144kb):    1 bos, 6144 kb
TU: info:                           tess:    1 bos, 136 kb
TU: info:       vkAllocateMemory(2920kb):    1 bos, 2920 kb
TU: info:     vkAllocateMemory(131072kb):    1 bos, 131072 kb
TU: info:      vkAllocateMemory(14720kb):    1 bos, 14720 kb
TU: info:        vkAllocateMemory(128kb):    1 bos, 128 kb
TU: info:       vkAllocateMemory(5248kb):    1 bos, 5248 kb
TU: info:       vkAllocateMemory(4672kb):    1 bos, 4672 kb
TU: info:       vkAllocateMemory(4824kb):    1 bos, 4824 kb
TU: info:       vkAllocateMemory(8896kb):    1 bos, 8896 kb
TU: info:       vkAllocateMemory(9664kb):    1 bos, 9664 kb
TU: info:       vkAllocateMemory(3136kb):    1 bos, 3136 kb
TU: info:       vkAllocateMemory(7680kb):    1 bos, 7680 kb
TU: info:       vkAllocateMemory(4176kb):    1 bos, 4176 kb
TU: info:       vkAllocateMemory(2056kb):    2 bos, 4112 kb
TU: info:     vkAllocateMemory(187501kb):    2 bos, 375008 kb
TU: info:       vkAllocateMemory(7236kb):    2 bos, 14472 kb
TU: info:       vkAllocateMemory(2944kb):    2 bos, 5888 kb
TU: info:       vkAllocateMemory(1024kb):    2 bos, 2048 kb
TU: info:      vkAllocateMemory(33544kb):    2 bos, 67088 kb
TU: info:       vkAllocateMemory(5472kb):    2 bos, 10944 kb
TU: info:       vkAllocateMemory(9472kb):    2 bos, 18944 kb
TU: info:       vkAllocateMemory(4200kb):    2 bos, 8400 kb
TU: info:       vkAllocateMemory(4032kb):    2 bos, 8064 kb
TU: info:       vkAllocateMemory(4544kb):    2 bos, 9088 kb
TU: info:       vkAllocateMemory(2496kb):    2 bos, 4992 kb
TU: info:       vkAllocateMemory(2720kb):    2 bos, 5440 kb
TU: info:       vkAllocateMemory(4932kb):    2 bos, 9864 kb
TU: info:          vkAllocateMemory(4kb):    2 bos, 8 kb
TU: info:       vkAllocateMemory(7813kb):    2 bos, 15632 kb
TU: info:       vkAllocateMemory(4112kb):    2 bos, 8224 kb
TU: info:       vkAllocateMemory(4896kb):    2 bos, 9792 kb
TU: info:       vkAllocateMemory(4612kb):    3 bos, 13836 kb
TU: info:       vkAllocateMemory(2624kb):    3 bos, 7872 kb
TU: info:       vkAllocateMemory(5120kb):    3 bos, 15360 kb
TU: info:       vkAllocateMemory(2304kb):    3 bos, 6912 kb
TU: info:       vkAllocateMemory(3072kb):    3 bos, 9216 kb
TU: info:         vkAllocateMemory(41kb):    3 bos, 132 kb
TU: info:          vkAllocateMemory(7kb):    3 bos, 24 kb
TU: info:      vkAllocateMemory(10240kb):    3 bos, 30720 kb
TU: info:       vkAllocateMemory(2240kb):    3 bos, 6720 kb
TU: info:      vkAllocateMemory(51200kb):    3 bos, 153600 kb
TU: info:                         pvtmem:    3 bos, 122880 kb
TU: info:       vkAllocateMemory(8192kb):    4 bos, 32768 kb
TU: info:      vkAllocateMemory(43712kb):    4 bos, 174848 kb
TU: info:       vkAllocateMemory(5376kb):    4 bos, 21504 kb
TU: info:       vkAllocateMemory(4608kb):    4 bos, 18432 kb
TU: info:       vkAllocateMemory(8960kb):    4 bos, 35840 kb
TU: info:       vkAllocateMemory(2560kb):    4 bos, 10240 kb
TU: info:       vkAllocateMemory(2176kb):    5 bos, 10880 kb
TU: info:      vkAllocateMemory(21824kb):    5 bos, 109120 kb
TU: info:       vkAllocateMemory(4096kb):    6 bos, 24576 kb
TU: info:       vkAllocateMemory(4028kb):    6 bos, 24168 kb
TU: info:       vkAllocateMemory(2752kb):    6 bos, 16512 kb
TU: info:       vkAllocateMemory(4052kb):    6 bos, 24312 kb
TU: info:       vkAllocateMemory(2208kb):    6 bos, 13248 kb
TU: info:               draw epilogue cs:    9 bos, 144 kb
TU: info:       vkAllocateMemory(2688kb):    9 bos, 24192 kb
TU: info:       vkAllocateMemory(3600kb):   10 bos, 36000 kb
TU: info:       vkAllocateMemory(3624kb):   11 bos, 39864 kb
TU: info:       vkAllocateMemory(2048kb):   17 bos, 34816 kb
TU: info:       vkAllocateMemory(2112kb):   17 bos, 35904 kb
TU: info:                        draw cs:   22 bos, 3088 kb
TU: info:                    draw sub cs:   26 bos, 3144 kb
TU: info:      vkAllocateMemory(16384kb):   66 bos, 1081344 kb
TU: info:                         cmd cs:   93 bos, 3888 kb
TU: info:              pipeline_suballoc: 1796 bos, 229888 kb
TU: info:              embedded samplers: 3025 bos, 12100 kb
TU: info: submitted 5306 bos (3490 MB)
TU: info:       vkAllocateMemory(6624kb):    1 bos, 6624 kb
TU: info:      vkAllocateMemory(24576kb):    1 bos, 24576 kb
TU: info:       vkAllocateMemory(3392kb):    1 bos, 3392 kb
TU: info:       vkAllocateMemory(7424kb):    1 bos, 7424 kb
TU: info:                         global:    1 bos, 532 kb
TU: info:      vkAllocateMemory(10688kb):    1 bos, 10688 kb
TU: info:      vkAllocateMemory(16448kb):    1 bos, 16448 kb
TU: info:       vkAllocateMemory(9280kb):    1 bos, 9280 kb
TU: info:       vkAllocateMemory(4908kb):    1 bos, 4908 kb
TU: info:      vkAllocateMemory(14472kb):    1 bos, 14472 kb
TU: info:       vkAllocateMemory(4340kb):    1 bos, 4340 kb
TU: info:       vkAllocateMemory(8512kb):    1 bos, 8512 kb
TU: info:       vkAllocateMemory(5440kb):    1 bos, 5440 kb
TU: info:       vkAllocateMemory(9224kb):    1 bos, 9224 kb
TU: info:       vkAllocateMemory(4480kb):    1 bos, 4480 kb
TU: info:       vkAllocateMemory(4576kb):    1 bos, 4576 kb
TU: info:                     query pool:    1 bos, 4 kb
TU: info:      vkAllocateMemory(11328kb):    1 bos, 11328 kb
TU: info:      vkAllocateMemory(21504kb):    1 bos, 21504 kb
TU: info:       vkAllocateMemory(2452kb):    1 bos, 2452 kb
TU: info:       vkAllocateMemory(9152kb):    1 bos, 9152 kb
TU: info:       vkAllocateMemory(4288kb):    1 bos, 4288 kb
TU: info:       vkAllocateMemory(8640kb):    1 bos, 8640 kb
TU: info:       vkAllocateMemory(5344kb):    1 bos, 5344 kb
TU: info:       vkAllocateMemory(5640kb):    1 bos, 5640 kb
TU: info:       vkAllocateMemory(6912kb):    1 bos, 6912 kb
TU: info:       vkAllocateMemory(6976kb):    1 bos, 6976 kb
TU: info:      vkAllocateMemory(10080kb):    1 bos, 10080 kb
TU: info:       vkAllocateMemory(5760kb):    1 bos, 5760 kb
TU: info:       vkAllocateMemory(3692kb):    1 bos, 3692 kb
TU: info:       vkAllocateMemory(2736kb):    1 bos, 2736 kb
TU: info:       vkAllocateMemory(5888kb):    1 bos, 5888 kb
TU: info:       vkAllocateMemory(6464kb):    1 bos, 6464 kb
TU: info:       vkAllocateMemory(5712kb):    1 bos, 5712 kb
TU: info:       vkAllocateMemory(2816kb):    1 bos, 2816 kb
TU: info:      vkAllocateMemory(24512kb):    1 bos, 24512 kb
TU: info:       vkAllocateMemory(8160kb):    1 bos, 8160 kb
TU: info:       vkAllocateMemory(3132kb):    1 bos, 3132 kb
TU: info:       vkAllocateMemory(4864kb):    1 bos, 4864 kb
TU: info:       vkAllocateMemory(7360kb):    1 bos, 7360 kb
TU: info:       vkAllocateMemory(6552kb):    1 bos, 6552 kb
TU: info:       vkAllocateMemory(3840kb):    1 bos, 3840 kb
TU: info:                descriptor pool:    1 bos, 4 kb
TU: info:       vkAllocateMemory(5464kb):    1 bos, 5464 kb
TU: info:       vkAllocateMemory(2540kb):    1 bos, 2540 kb
TU: info:      vkAllocateMemory(10112kb):    1 bos, 10112 kb
TU: info:                  device sub cs:    1 bos, 4 kb
TU: info:      vkAllocateMemory(11392kb):    1 bos, 11392 kb
TU: info:       vkAllocateMemory(5220kb):    1 bos, 5220 kb
TU: info:      vkAllocateMemory(15936kb):    1 bos, 15936 kb
TU: info:       vkAllocateMemory(8196kb):    1 bos, 8196 kb
TU: info:       vkAllocateMemory(4180kb):    1 bos, 4180 kb
TU: info:       vkAllocateMemory(3740kb):    1 bos, 3740 kb
TU: info:       vkAllocateMemory(2368kb):    1 bos, 2368 kb
TU: info:       vkAllocateMemory(3264kb):    1 bos, 3264 kb
TU: info:       vkAllocateMemory(6000kb):    1 bos, 6000 kb
TU: info:       vkAllocateMemory(3712kb):    1 bos, 3712 kb
TU: info:       vkAllocateMemory(3168kb):    1 bos, 3168 kb
TU: info:       vkAllocateMemory(6144kb):    1 bos, 6144 kb
TU: info:                           tess:    1 bos, 136 kb
TU: info:       vkAllocateMemory(2920kb):    1 bos, 2920 kb
TU: info:     vkAllocateMemory(131072kb):    1 bos, 131072 kb
TU: info:      vkAllocateMemory(14720kb):    1 bos, 14720 kb
TU: info:        vkAllocateMemory(128kb):    1 bos, 128 kb
TU: info:       vkAllocateMemory(5248kb):    1 bos, 5248 kb
TU: info:       vkAllocateMemory(4672kb):    1 bos, 4672 kb
TU: info:       vkAllocateMemory(4824kb):    1 bos, 4824 kb
TU: info:       vkAllocateMemory(8896kb):    1 bos, 8896 kb
TU: info:       vkAllocateMemory(9664kb):    1 bos, 9664 kb
TU: info:       vkAllocateMemory(3136kb):    1 bos, 3136 kb
TU: info:       vkAllocateMemory(7680kb):    1 bos, 7680 kb
TU: info:       vkAllocateMemory(4176kb):    1 bos, 4176 kb
TU: info:       vkAllocateMemory(2056kb):    2 bos, 4112 kb
TU: info:     vkAllocateMemory(187501kb):    2 bos, 375008 kb
TU: info:       vkAllocateMemory(7236kb):    2 bos, 14472 kb
TU: info:       vkAllocateMemory(2944kb):    2 bos, 5888 kb
TU: info:       vkAllocateMemory(1024kb):    2 bos, 2048 kb
TU: info:      vkAllocateMemory(33544kb):    2 bos, 67088 kb
TU: info:       vkAllocateMemory(5472kb):    2 bos, 10944 kb
TU: info:       vkAllocateMemory(9472kb):    2 bos, 18944 kb
TU: info:       vkAllocateMemory(4200kb):    2 bos, 8400 kb
TU: info:       vkAllocateMemory(4032kb):    2 bos, 8064 kb
TU: info:       vkAllocateMemory(4544kb):    2 bos, 9088 kb
TU: info:       vkAllocateMemory(2496kb):    2 bos, 4992 kb
TU: info:       vkAllocateMemory(2720kb):    2 bos, 5440 kb
TU: info:       vkAllocateMemory(4932kb):    2 bos, 9864 kb
TU: info:          vkAllocateMemory(4kb):    2 bos, 8 kb
TU: info:       vkAllocateMemory(7813kb):    2 bos, 15632 kb
TU: info:       vkAllocateMemory(4112kb):    2 bos, 8224 kb
TU: info:       vkAllocateMemory(4896kb):    2 bos, 9792 kb
TU: info:       vkAllocateMemory(4612kb):    3 bos, 13836 kb
TU: info:       vkAllocateMemory(2624kb):    3 bos, 7872 kb
TU: info:       vkAllocateMemory(5120kb):    3 bos, 15360 kb
TU: info:       vkAllocateMemory(2304kb):    3 bos, 6912 kb
TU: info:       vkAllocateMemory(3072kb):    3 bos, 9216 kb
TU: info:         vkAllocateMemory(41kb):    3 bos, 132 kb
TU: info:          vkAllocateMemory(7kb):    3 bos, 24 kb
TU: info:      vkAllocateMemory(10240kb):    3 bos, 30720 kb
TU: info:       vkAllocateMemory(2240kb):    3 bos, 6720 kb
TU: info:      vkAllocateMemory(51200kb):    3 bos, 153600 kb
TU: info:                         pvtmem:    3 bos, 122880 kb
TU: info:       vkAllocateMemory(8192kb):    4 bos, 32768 kb
TU: info:      vkAllocateMemory(43712kb):    4 bos, 174848 kb
TU: info:       vkAllocateMemory(5376kb):    4 bos, 21504 kb
TU: info:       vkAllocateMemory(4608kb):    4 bos, 18432 kb
TU: info:       vkAllocateMemory(8960kb):    4 bos, 35840 kb
TU: info:       vkAllocateMemory(2560kb):    4 bos, 10240 kb
TU: info:       vkAllocateMemory(2176kb):    5 bos, 10880 kb
TU: info:      vkAllocateMemory(21824kb):    5 bos, 109120 kb
TU: info:       vkAllocateMemory(4096kb):    6 bos, 24576 kb
TU: info:       vkAllocateMemory(4028kb):    6 bos, 24168 kb
TU: info:       vkAllocateMemory(2752kb):    6 bos, 16512 kb
TU: info:       vkAllocateMemory(4052kb):    6 bos, 24312 kb
TU: info:       vkAllocateMemory(2208kb):    6 bos, 13248 kb
TU: info:               draw epilogue cs:    9 bos, 144 kb
TU: info:       vkAllocateMemory(2688kb):    9 bos, 24192 kb
TU: info:       vkAllocateMemory(3600kb):   10 bos, 36000 kb
TU: info:       vkAllocateMemory(3624kb):   11 bos, 39864 kb
TU: info:       vkAllocateMemory(2048kb):   17 bos, 34816 kb
TU: info:       vkAllocateMemory(2112kb):   17 bos, 35904 kb
TU: info:                        draw cs:   22 bos, 3088 kb
TU: info:                    draw sub cs:   26 bos, 3144 kb
TU: info:      vkAllocateMemory(16384kb):   66 bos, 1081344 kb
TU: info:                         cmd cs:   93 bos, 3888 kb
TU: info:              pipeline_suballoc: 1796 bos, 229888 kb
TU: info:              embedded samplers: 3025 bos, 12100 kb
TU: info: submitted 5306 bos (3490 MB)
TU: info:       vkAllocateMemory(6624kb):    1 bos, 6624 kb
TU: info:      vkAllocateMemory(24576kb):    1 bos, 24576 kb
TU: info:       vkAllocateMemory(3392kb):    1 bos, 3392 kb
TU: info:       vkAllocateMemory(7424kb):    1 bos, 7424 kb
TU: info:                         global:    1 bos, 532 kb
TU: info:      vkAllocateMemory(10688kb):    1 bos, 10688 kb
TU: info:      vkAllocateMemory(16448kb):    1 bos, 16448 kb
TU: info:       vkAllocateMemory(9280kb):    1 bos, 9280 kb
TU: info:       vkAllocateMemory(4908kb):    1 bos, 4908 kb
TU: info:      vkAllocateMemory(14472kb):    1 bos, 14472 kb
TU: info:       vkAllocateMemory(4340kb):    1 bos, 4340 kb
TU: info:       vkAllocateMemory(8512kb):    1 bos, 8512 kb
TU: info:       vkAllocateMemory(5440kb):    1 bos, 5440 kb
TU: info:       vkAllocateMemory(9224kb):    1 bos, 9224 kb
TU: info:       vkAllocateMemory(4480kb):    1 bos, 4480 kb
TU: info:       vkAllocateMemory(4576kb):    1 bos, 4576 kb
TU: info:                     query pool:    1 bos, 4 kb
TU: info:      vkAllocateMemory(11328kb):    1 bos, 11328 kb
TU: info:      vkAllocateMemory(21504kb):    1 bos, 21504 kb
TU: info:       vkAllocateMemory(2452kb):    1 bos, 2452 kb
TU: info:       vkAllocateMemory(9152kb):    1 bos, 9152 kb
TU: info:       vkAllocateMemory(4288kb):    1 bos, 4288 kb
TU: info:       vkAllocateMemory(8640kb):    1 bos, 8640 kb
TU: info:       vkAllocateMemory(5344kb):    1 bos, 5344 kb
TU: info:       vkAllocateMemory(5640kb):    1 bos, 5640 kb
TU: info:       vkAllocateMemory(6912kb):    1 bos, 6912 kb
TU: info:       vkAllocateMemory(6976kb):    1 bos, 6976 kb
TU: info:      vkAllocateMemory(10080kb):    1 bos, 10080 kb
TU: info:       vkAllocateMemory(5760kb):    1 bos, 5760 kb
TU: info:       vkAllocateMemory(3692kb):    1 bos, 3692 kb
TU: info:       vkAllocateMemory(2736kb):    1 bos, 2736 kb
TU: info:       vkAllocateMemory(5888kb):    1 bos, 5888 kb
TU: info:       vkAllocateMemory(6464kb):    1 bos, 6464 kb
TU: info:       vkAllocateMemory(5712kb):    1 bos, 5712 kb
TU: info:       vkAllocateMemory(2816kb):    1 bos, 2816 kb
TU: info:      vkAllocateMemory(24512kb):    1 bos, 24512 kb
TU: info:       vkAllocateMemory(8160kb):    1 bos, 8160 kb
TU: info:       vkAllocateMemory(3132kb):    1 bos, 3132 kb
TU: info:       vkAllocateMemory(4864kb):    1 bos, 4864 kb
TU: info:       vkAllocateMemory(7360kb):    1 bos, 7360 kb
TU: info:       vkAllocateMemory(6552kb):    1 bos, 6552 kb
TU: info:       vkAllocateMemory(3840kb):    1 bos, 3840 kb
TU: info:                descriptor pool:    1 bos, 4 kb
TU: info:       vkAllocateMemory(5464kb):    1 bos, 5464 kb
TU: info:       vkAllocateMemory(2540kb):    1 bos, 2540 kb
TU: info:      vkAllocateMemory(10112kb):    1 bos, 10112 kb
TU: info:                  device sub cs:    1 bos, 4 kb
TU: info:      vkAllocateMemory(11392kb):    1 bos, 11392 kb
TU: info:       vkAllocateMemory(5220kb):    1 bos, 5220 kb
TU: info:      vkAllocateMemory(15936kb):    1 bos, 15936 kb
TU: info:       vkAllocateMemory(8196kb):    1 bos, 8196 kb
TU: info:       vkAllocateMemory(4180kb):    1 bos, 4180 kb
TU: info:       vkAllocateMemory(3740kb):    1 bos, 3740 kb
TU: info:       vkAllocateMemory(2368kb):    1 bos, 2368 kb
TU: info:       vkAllocateMemory(3264kb):    1 bos, 3264 kb
TU: info:       vkAllocateMemory(6000kb):    1 bos, 6000 kb
TU: info:       vkAllocateMemory(3712kb):    1 bos, 3712 kb
TU: info:       vkAllocateMemory(3168kb):    1 bos, 3168 kb
TU: info:       vkAllocateMemory(6144kb):    1 bos, 6144 kb
TU: info:                           tess:    1 bos, 136 kb
TU: info:       vkAllocateMemory(2920kb):    1 bos, 2920 kb
TU: info:     vkAllocateMemory(131072kb):    1 bos, 131072 kb
TU: info:      vkAllocateMemory(14720kb):    1 bos, 14720 kb
TU: info:        vkAllocateMemory(128kb):    1 bos, 128 kb
TU: info:       vkAllocateMemory(5248kb):    1 bos, 5248 kb
TU: info:       vkAllocateMemory(4672kb):    1 bos, 4672 kb
TU: info:       vkAllocateMemory(4824kb):    1 bos, 4824 kb
TU: info:       vkAllocateMemory(8896kb):    1 bos, 8896 kb
TU: info:       vkAllocateMemory(9664kb):    1 bos, 9664 kb
TU: info:       vkAllocateMemory(3136kb):    1 bos, 3136 kb
TU: info:       vkAllocateMemory(7680kb):    1 bos, 7680 kb
TU: info:       vkAllocateMemory(4176kb):    1 bos, 4176 kb
TU: info:       vkAllocateMemory(2056kb):    2 bos, 4112 kb
TU: info:     vkAllocateMemory(187501kb):    2 bos, 375008 kb
TU: info:       vkAllocateMemory(7236kb):    2 bos, 14472 kb
TU: info:       vkAllocateMemory(2944kb):    2 bos, 5888 kb
TU: info:       vkAllocateMemory(1024kb):    2 bos, 2048 kb
TU: info:      vkAllocateMemory(33544kb):    2 bos, 67088 kb
TU: info:       vkAllocateMemory(5472kb):    2 bos, 10944 kb
TU: info:       vkAllocateMemory(9472kb):    2 bos, 18944 kb
TU: info:       vkAllocateMemory(4200kb):    2 bos, 8400 kb
TU: info:       vkAllocateMemory(4032kb):    2 bos, 8064 kb
TU: info:       vkAllocateMemory(4544kb):    2 bos, 9088 kb
TU: info:       vkAllocateMemory(2496kb):    2 bos, 4992 kb
TU: info:       vkAllocateMemory(2720kb):    2 bos, 5440 kb
TU: info:       vkAllocateMemory(4932kb):    2 bos, 9864 kb
TU: info:          vkAllocateMemory(4kb):    2 bos, 8 kb
TU: info:       vkAllocateMemory(7813kb):    2 bos, 15632 kb
TU: info:       vkAllocateMemory(4112kb):    2 bos, 8224 kb
TU: info:       vkAllocateMemory(4896kb):    2 bos, 9792 kb
TU: info:       vkAllocateMemory(4612kb):    3 bos, 13836 kb
TU: info:       vkAllocateMemory(2624kb):    3 bos, 7872 kb
TU: info:       vkAllocateMemory(5120kb):    3 bos, 15360 kb
TU: info:       vkAllocateMemory(2304kb):    3 bos, 6912 kb
TU: info:       vkAllocateMemory(3072kb):    3 bos, 9216 kb
TU: info:         vkAllocateMemory(41kb):    3 bos, 132 kb
TU: info:          vkAllocateMemory(7kb):    3 bos, 24 kb
TU: info:      vkAllocateMemory(10240kb):    3 bos, 30720 kb
TU: info:       vkAllocateMemory(2240kb):    3 bos, 6720 kb
TU: info:      vkAllocateMemory(51200kb):    3 bos, 153600 kb
TU: info:                         pvtmem:    3 bos, 122880 kb
TU: info:       vkAllocateMemory(8192kb):    4 bos, 32768 kb
TU: info:      vkAllocateMemory(43712kb):    4 bos, 174848 kb
TU: info:       vkAllocateMemory(5376kb):    4 bos, 21504 kb
TU: info:       vkAllocateMemory(4608kb):    4 bos, 18432 kb
TU: info:       vkAllocateMemory(8960kb):    4 bos, 35840 kb
TU: info:       vkAllocateMemory(2560kb):    4 bos, 10240 kb
TU: info:       vkAllocateMemory(2176kb):    5 bos, 10880 kb
TU: info:      vkAllocateMemory(21824kb):    5 bos, 109120 kb
TU: info:       vkAllocateMemory(4096kb):    6 bos, 24576 kb
TU: info:       vkAllocateMemory(4028kb):    6 bos, 24168 kb
TU: info:       vkAllocateMemory(2752kb):    6 bos, 16512 kb
TU: info:       vkAllocateMemory(4052kb):    6 bos, 24312 kb
TU: info:       vkAllocateMemory(2208kb):    6 bos, 13248 kb
TU: info:               draw epilogue cs:    9 bos, 144 kb
TU: info:       vkAllocateMemory(2688kb):    9 bos, 24192 kb
TU: info:       vkAllocateMemory(3600kb):   10 bos, 36000 kb
TU: info:       vkAllocateMemory(3624kb):   11 bos, 39864 kb
TU: info:       vkAllocateMemory(2048kb):   17 bos, 34816 kb
TU: info:       vkAllocateMemory(2112kb):   17 bos, 35904 kb
TU: info:                        draw cs:   22 bos, 3088 kb
TU: info:                    draw sub cs:   26 bos, 3144 kb
TU: info:      vkAllocateMemory(16384kb):   66 bos, 1081344 kb
TU: info:                         cmd cs:   93 bos, 3888 kb
TU: info:              pipeline_suballoc: 1796 bos, 229888 kb
TU: info:              embedded samplers: 3025 bos, 12100 kb
TU: info: submitted 5306 bos (3490 MB)
TU: info:       vkAllocateMemory(6624kb):    1 bos, 6624 kb
TU: info:      vkAllocateMemory(24576kb):    1 bos, 24576 kb
TU: info:       vkAllocateMemory(3392kb):    1 bos, 3392 kb
TU: info:       vkAllocateMemory(7424kb):    1 bos, 7424 kb
TU: info:                         global:    1 bos, 532 kb
TU: info:      vkAllocateMemory(10688kb):    1 bos, 10688 kb
TU: info:      vkAllocateMemory(16448kb):    1 bos, 16448 kb
TU: info:       vkAllocateMemory(9280kb):    1 bos, 9280 kb
TU: info:       vkAllocateMemory(4908kb):    1 bos, 4908 kb
TU: info:      vkAllocateMemory(14472kb):    1 bos, 14472 kb
TU: info:       vkAllocateMemory(4340kb):    1 bos, 4340 kb
TU: info:       vkAllocateMemory(8512kb):    1 bos, 8512 kb
TU: info:       vkAllocateMemory(5440kb):    1 bos, 5440 kb
TU: info:       vkAllocateMemory(9224kb):    1 bos, 9224 kb
TU: info:       vkAllocateMemory(4480kb):    1 bos, 4480 kb
TU: info:       vkAllocateMemory(4576kb):    1 bos, 4576 kb
TU: info:                     query pool:    1 bos, 4 kb
TU: info:      vkAllocateMemory(11328kb):    1 bos, 11328 kb
TU: info:      vkAllocateMemory(21504kb):    1 bos, 21504 kb
TU: info:       vkAllocateMemory(2452kb):    1 bos, 2452 kb
TU: info:       vkAllocateMemory(9152kb):    1 bos, 9152 kb
TU: info:       vkAllocateMemory(4288kb):    1 bos, 4288 kb
TU: info:       vkAllocateMemory(8640kb):    1 bos, 8640 kb
TU: info:       vkAllocateMemory(5344kb):    1 bos, 5344 kb
TU: info:       vkAllocateMemory(5640kb):    1 bos, 5640 kb
TU: info:       vkAllocateMemory(6912kb):    1 bos, 6912 kb
TU: info:       vkAllocateMemory(6976kb):    1 bos, 6976 kb
TU: info:      vkAllocateMemory(10080kb):    1 bos, 10080 kb
TU: info:       vkAllocateMemory(5760kb):    1 bos, 5760 kb
TU: info:       vkAllocateMemory(3692kb):    1 bos, 3692 kb
TU: info:       vkAllocateMemory(2736kb):    1 bos, 2736 kb
TU: info:       vkAllocateMemory(5888kb):    1 bos, 5888 kb
TU: info:       vkAllocateMemory(6464kb):    1 bos, 6464 kb
TU: info:       vkAllocateMemory(5712kb):    1 bos, 5712 kb
TU: info:       vkAllocateMemory(2816kb):    1 bos, 2816 kb
TU: info:      vkAllocateMemory(24512kb):    1 bos, 24512 kb
TU: info:       vkAllocateMemory(8160kb):    1 bos, 8160 kb
TU: info:       vkAllocateMemory(3132kb):    1 bos, 3132 kb
TU: info:       vkAllocateMemory(4864kb):    1 bos, 4864 kb
TU: info:       vkAllocateMemory(7360kb):    1 bos, 7360 kb
TU: info:       vkAllocateMemory(6552kb):    1 bos, 6552 kb
TU: info:       vkAllocateMemory(3840kb):    1 bos, 3840 kb
TU: info:                descriptor pool:    1 bos, 4 kb
TU: info:       vkAllocateMemory(5464kb):    1 bos, 5464 kb
TU: info:       vkAllocateMemory(2540kb):    1 bos, 2540 kb
TU: info:      vkAllocateMemory(10112kb):    1 bos, 10112 kb
TU: info:                  device sub cs:    1 bos, 4 kb
TU: info:      vkAllocateMemory(11392kb):    1 bos, 11392 kb
TU: info:       vkAllocateMemory(5220kb):    1 bos, 5220 kb
TU: info:      vkAllocateMemory(15936kb):    1 bos, 15936 kb
TU: info:       vkAllocateMemory(8196kb):    1 bos, 8196 kb
TU: info:       vkAllocateMemory(4180kb):    1 bos, 4180 kb
TU: info:       vkAllocateMemory(3740kb):    1 bos, 3740 kb
TU: info:       vkAllocateMemory(2368kb):    1 bos, 2368 kb
TU: info:       vkAllocateMemory(3264kb):    1 bos, 3264 kb
TU: info:       vkAllocateMemory(6000kb):    1 bos, 6000 kb
TU: info:       vkAllocateMemory(3712kb):    1 bos, 3712 kb
TU: info:       vkAllocateMemory(3168kb):    1 bos, 3168 kb
TU: info:       vkAllocateMemory(6144kb):    1 bos, 6144 kb
TU: info:                           tess:    1 bos, 136 kb
TU: info:       vkAllocateMemory(2920kb):    1 bos, 2920 kb
TU: info:     vkAllocateMemory(131072kb):    1 bos, 131072 kb
TU: info:      vkAllocateMemory(14720kb):    1 bos, 14720 kb
TU: info:        vkAllocateMemory(128kb):    1 bos, 128 kb
TU: info:       vkAllocateMemory(5248kb):    1 bos, 5248 kb
TU: info:       vkAllocateMemory(4672kb):    1 bos, 4672 kb
TU: info:       vkAllocateMemory(4824kb):    1 bos, 4824 kb
TU: info:       vkAllocateMemory(8896kb):    1 bos, 8896 kb
TU: info:       vkAllocateMemory(9664kb):    1 bos, 9664 kb
TU: info:       vkAllocateMemory(3136kb):    1 bos, 3136 kb
TU: info:       vkAllocateMemory(7680kb):    1 bos, 7680 kb
TU: info:       vkAllocateMemory(4176kb):    1 bos, 4176 kb
TU: info:       vkAllocateMemory(2056kb):    2 bos, 4112 kb
TU: info:     vkAllocateMemory(187501kb):    2 bos, 375008 kb
TU: info:       vkAllocateMemory(7236kb):    2 bos, 14472 kb
TU: info:       vkAllocateMemory(2944kb):    2 bos, 5888 kb
TU: info:       vkAllocateMemory(1024kb):    2 bos, 2048 kb
TU: info:      vkAllocateMemory(33544kb):    2 bos, 67088 kb
TU: info:       vkAllocateMemory(5472kb):    2 bos, 10944 kb
TU: info:       vkAllocateMemory(9472kb):    2 bos, 18944 kb
TU: info:       vkAllocateMemory(4200kb):    2 bos, 8400 kb
TU: info:       vkAllocateMemory(4032kb):    2 bos, 8064 kb
TU: info:       vkAllocateMemory(4544kb):    2 bos, 9088 kb
TU: info:       vkAllocateMemory(2496kb):    2 bos, 4992 kb
TU: info:       vkAllocateMemory(2720kb):    2 bos, 5440 kb
TU: info:       vkAllocateMemory(4932kb):    2 bos, 9864 kb
TU: info:          vkAllocateMemory(4kb):    2 bos, 8 kb
TU: info:       vkAllocateMemory(7813kb):    2 bos, 15632 kb
TU: info:       vkAllocateMemory(4112kb):    2 bos, 8224 kb
TU: info:       vkAllocateMemory(4896kb):    2 bos, 9792 kb
TU: info:       vkAllocateMemory(4612kb):    3 bos, 13836 kb
TU: info:       vkAllocateMemory(2624kb):    3 bos, 7872 kb
TU: info:       vkAllocateMemory(5120kb):    3 bos, 15360 kb
TU: info:       vkAllocateMemory(2304kb):    3 bos, 6912 kb
TU: info:       vkAllocateMemory(3072kb):    3 bos, 9216 kb
TU: info:         vkAllocateMemory(41kb):    3 bos, 132 kb
TU: info:          vkAllocateMemory(7kb):    3 bos, 24 kb
TU: info:      vkAllocateMemory(10240kb):    3 bos, 30720 kb
TU: info:       vkAllocateMemory(2240kb):    3 bos, 6720 kb
TU: info:      vkAllocateMemory(51200kb):    3 bos, 153600 kb
TU: info:                         pvtmem:    3 bos, 122880 kb
TU: info:       vkAllocateMemory(8192kb):    4 bos, 32768 kb
TU: info:      vkAllocateMemory(43712kb):    4 bos, 174848 kb
TU: info:       vkAllocateMemory(5376kb):    4 bos, 21504 kb
TU: info:       vkAllocateMemory(4608kb):    4 bos, 18432 kb
TU: info:       vkAllocateMemory(8960kb):    4 bos, 35840 kb
TU: info:       vkAllocateMemory(2560kb):    4 bos, 10240 kb
TU: info:       vkAllocateMemory(2176kb):    5 bos, 10880 kb
TU: info:      vkAllocateMemory(21824kb):    5 bos, 109120 kb
TU: info:       vkAllocateMemory(4096kb):    6 bos, 24576 kb
TU: info:       vkAllocateMemory(4028kb):    6 bos, 24168 kb
TU: info:       vkAllocateMemory(2752kb):    6 bos, 16512 kb
TU: info:       vkAllocateMemory(4052kb):    6 bos, 24312 kb
TU: info:       vkAllocateMemory(2208kb):    6 bos, 13248 kb
TU: info:               draw epilogue cs:    9 bos, 144 kb
TU: info:       vkAllocateMemory(2688kb):    9 bos, 24192 kb
TU: info:       vkAllocateMemory(3600kb):   10 bos, 36000 kb
TU: info:       vkAllocateMemory(3624kb):   11 bos, 39864 kb
TU: info:       vkAllocateMemory(2048kb):   17 bos, 34816 kb
TU: info:       vkAllocateMemory(2112kb):   17 bos, 35904 kb
TU: info:                        draw cs:   22 bos, 3088 kb
TU: info:                    draw sub cs:   26 bos, 3144 kb
TU: info:      vkAllocateMemory(16384kb):   66 bos, 1081344 kb
TU: info:                         cmd cs:   93 bos, 3888 kb
TU: info:              pipeline_suballoc: 1796 bos, 229888 kb
TU: info:              embedded samplers: 3025 bos, 12100 kb
TU: info: submitted 5306 bos (3490 MB)
TU: info:       vkAllocateMemory(6624kb):    1 bos, 6624 kb
TU: info:      vkAllocateMemory(24576kb):    1 bos, 24576 kb
TU: info:       vkAllocateMemory(3392kb):    1 bos, 3392 kb
TU: info:       vkAllocateMemory(7424kb):    1 bos, 7424 kb
TU: info:                         global:    1 bos, 532 kb
TU: info:      vkAllocateMemory(10688kb):    1 bos, 10688 kb
TU: info:      vkAllocateMemory(16448kb):    1 bos, 16448 kb
TU: info:       vkAllocateMemory(9280kb):    1 bos, 9280 kb
TU: info:       vkAllocateMemory(4908kb):    1 bos, 4908 kb
TU: info:      vkAllocateMemory(14472kb):    1 bos, 14472 kb
TU: info:       vkAllocateMemory(4340kb):    1 bos, 4340 kb
TU: info:       vkAllocateMemory(8512kb):    1 bos, 8512 kb
TU: info:       vkAllocateMemory(5440kb):    1 bos, 5440 kb
TU: info:       vkAllocateMemory(9224kb):    1 bos, 9224 kb
TU: info:       vkAllocateMemory(4480kb):    1 bos, 4480 kb
TU: info:       vkAllocateMemory(4576kb):    1 bos, 4576 kb
TU: info:                     query pool:    1 bos, 4 kb
TU: info:      vkAllocateMemory(11328kb):    1 bos, 11328 kb
TU: info:      vkAllocateMemory(21504kb):    1 bos, 21504 kb
TU: info:       vkAllocateMemory(2452kb):    1 bos, 2452 kb
TU: info:       vkAllocateMemory(9152kb):    1 bos, 9152 kb
TU: info:       vkAllocateMemory(4288kb):    1 bos, 4288 kb
TU: info:       vkAllocateMemory(8640kb):    1 bos, 8640 kb
TU: info:       vkAllocateMemory(5344kb):    1 bos, 5344 kb
TU: info:       vkAllocateMemory(5640kb):    1 bos, 5640 kb
TU: info:       vkAllocateMemory(6912kb):    1 bos, 6912 kb
TU: info:       vkAllocateMemory(6976kb):    1 bos, 6976 kb
TU: info:      vkAllocateMemory(10080kb):    1 bos, 10080 kb
TU: info:       vkAllocateMemory(5760kb):    1 bos, 5760 kb
TU: info:       vkAllocateMemory(3692kb):    1 bos, 3692 kb
TU: info:       vkAllocateMemory(2736kb):    1 bos, 2736 kb
TU: info:       vkAllocateMemory(5888kb):    1 bos, 5888 kb
TU: info:       vkAllocateMemory(6464kb):    1 bos, 6464 kb
TU: info:       vkAllocateMemory(5712kb):    1 bos, 5712 kb
TU: info:       vkAllocateMemory(2816kb):    1 bos, 2816 kb
TU: info:      vkAllocateMemory(24512kb):    1 bos, 24512 kb
TU: info:       vkAllocateMemory(8160kb):    1 bos, 8160 kb
TU: info:       vkAllocateMemory(3132kb):    1 bos, 3132 kb
TU: info:       vkAllocateMemory(4864kb):    1 bos, 4864 kb
TU: info:       vkAllocateMemory(7360kb):    1 bos, 7360 kb
TU: info:       vkAllocateMemory(6552kb):    1 bos, 6552 kb
TU: info:       vkAllocateMemory(3840kb):    1 bos, 3840 kb
TU: info:                descriptor pool:    1 bos, 4 kb
TU: info:       vkAllocateMemory(5464kb):    1 bos, 5464 kb
TU: info:       vkAllocateMemory(2540kb):    1 bos, 2540 kb
TU: info:      vkAllocateMemory(10112kb):    1 bos, 10112 kb
TU: info:                  device sub cs:    1 bos, 4 kb
TU: info:      vkAllocateMemory(11392kb):    1 bos, 11392 kb
TU: info:       vkAllocateMemory(5220kb):    1 bos, 5220 kb
TU: info:      vkAllocateMemory(15936kb):    1 bos, 15936 kb
TU: info:       vkAllocateMemory(8196kb):    1 bos, 8196 kb
TU: info:       vkAllocateMemory(4180kb):    1 bos, 4180 kb
TU: info:       vkAllocateMemory(3740kb):    1 bos, 3740 kb
TU: info:       vkAllocateMemory(2368kb):    1 bos, 2368 kb
TU: info:       vkAllocateMemory(3264kb):    1 bos, 3264 kb
TU: info:       vkAllocateMemory(6000kb):    1 bos, 6000 kb
TU: info:       vkAllocateMemory(3712kb):    1 bos, 3712 kb
TU: info:       vkAllocateMemory(3168kb):    1 bos, 3168 kb
TU: info:       vkAllocateMemory(6144kb):    1 bos, 6144 kb
TU: info:                           tess:    1 bos, 136 kb
TU: info:       vkAllocateMemory(2920kb):    1 bos, 2920 kb
TU: info:     vkAllocateMemory(131072kb):    1 bos, 131072 kb
TU: info:      vkAllocateMemory(14720kb):    1 bos, 14720 kb
TU: info:        vkAllocateMemory(128kb):    1 bos, 128 kb
TU: info:       vkAllocateMemory(5248kb):    1 bos, 5248 kb
TU: info:       vkAllocateMemory(4672kb):    1 bos, 4672 kb
TU: info:       vkAllocateMemory(4824kb):    1 bos, 4824 kb
TU: info:       vkAllocateMemory(8896kb):    1 bos, 8896 kb
TU: info:       vkAllocateMemory(9664kb):    1 bos, 9664 kb
TU: info:       vkAllocateMemory(3136kb):    1 bos, 3136 kb
TU: info:       vkAllocateMemory(7680kb):    1 bos, 7680 kb
TU: info:       vkAllocateMemory(4176kb):    1 bos, 4176 kb
TU: info:       vkAllocateMemory(2056kb):    2 bos, 4112 kb
TU: info:     vkAllocateMemory(187501kb):    2 bos, 375008 kb
TU: info:       vkAllocateMemory(7236kb):    2 bos, 14472 kb
TU: info:       vkAllocateMemory(2944kb):    2 bos, 5888 kb
TU: info:       vkAllocateMemory(1024kb):    2 bos, 2048 kb
TU: info:      vkAllocateMemory(33544kb):    2 bos, 67088 kb
TU: info:       vkAllocateMemory(5472kb):    2 bos, 10944 kb
TU: info:       vkAllocateMemory(9472kb):    2 bos, 18944 kb
TU: info:       vkAllocateMemory(4200kb):    2 bos, 8400 kb
TU: info:       vkAllocateMemory(4032kb):    2 bos, 8064 kb
TU: info:       vkAllocateMemory(4544kb):    2 bos, 9088 kb
TU: info:       vkAllocateMemory(2496kb):    2 bos, 4992 kb
TU: info:       vkAllocateMemory(2720kb):    2 bos, 5440 kb
TU: info:       vkAllocateMemory(4932kb):    2 bos, 9864 kb
TU: info:          vkAllocateMemory(4kb):    2 bos, 8 kb
TU: info:       vkAllocateMemory(7813kb):    2 bos, 15632 kb
TU: info:       vkAllocateMemory(4112kb):    2 bos, 8224 kb
TU: info:       vkAllocateMemory(4896kb):    2 bos, 9792 kb
TU: info:       vkAllocateMemory(4612kb):    3 bos, 13836 kb
TU: info:       vkAllocateMemory(2624kb):    3 bos, 7872 kb
TU: info:       vkAllocateMemory(5120kb):    3 bos, 15360 kb
TU: info:       vkAllocateMemory(2304kb):    3 bos, 6912 kb
TU: info:       vkAllocateMemory(3072kb):    3 bos, 9216 kb
TU: info:         vkAllocateMemory(41kb):    3 bos, 132 kb
TU: info:          vkAllocateMemory(7kb):    3 bos, 24 kb
TU: info:      vkAllocateMemory(10240kb):    3 bos, 30720 kb
TU: info:       vkAllocateMemory(2240kb):    3 bos, 6720 kb
TU: info:      vkAllocateMemory(51200kb):    3 bos, 153600 kb
TU: info:                         pvtmem:    3 bos, 122880 kb
TU: info:       vkAllocateMemory(8192kb):    4 bos, 32768 kb
TU: info:      vkAllocateMemory(43712kb):    4 bos, 174848 kb
TU: info:       vkAllocateMemory(5376kb):    4 bos, 21504 kb
TU: info:       vkAllocateMemory(4608kb):    4 bos, 18432 kb
TU: info:       vkAllocateMemory(8960kb):    4 bos, 35840 kb
TU: info:       vkAllocateMemory(2560kb):    4 bos, 10240 kb
TU: info:       vkAllocateMemory(2176kb):    5 bos, 10880 kb
TU: info:      vkAllocateMemory(21824kb):    5 bos, 109120 kb
TU: info:       vkAllocateMemory(4096kb):    6 bos, 24576 kb
TU: info:       vkAllocateMemory(4028kb):    6 bos, 24168 kb
TU: info:       vkAllocateMemory(2752kb):    6 bos, 16512 kb
TU: info:       vkAllocateMemory(4052kb):    6 bos, 24312 kb
TU: info:       vkAllocateMemory(2208kb):    6 bos, 13248 kb
TU: info:               draw epilogue cs:    9 bos, 144 kb
TU: info:       vkAllocateMemory(2688kb):    9 bos, 24192 kb
TU: info:       vkAllocateMemory(3600kb):   10 bos, 36000 kb
TU: info:       vkAllocateMemory(3624kb):   11 bos, 39864 kb
TU: info:       vkAllocateMemory(2048kb):   17 bos, 34816 kb
TU: info:       vkAllocateMemory(2112kb):   17 bos, 35904 kb
TU: info:                        draw cs:   22 bos, 3088 kb
TU: info:                    draw sub cs:   26 bos, 3144 kb
TU: info:      vkAllocateMemory(16384kb):   66 bos, 1081344 kb
TU: info:                         cmd cs:   93 bos, 3888 kb
TU: info:              pipeline_suballoc: 1796 bos, 229888 kb
TU: info:              embedded samplers: 3025 bos, 12100 kb
TU: info: submitted 5306 bos (3490 MB)
TU: info:       vkAllocateMemory(6624kb):    1 bos, 6624 kb
TU: info:      vkAllocateMemory(24576kb):    1 bos, 24576 kb
TU: info:       vkAllocateMemory(3392kb):    1 bos, 3392 kb
TU: info:       vkAllocateMemory(7424kb):    1 bos, 7424 kb
TU: info:                         global:    1 bos, 532 kb
TU: info:      vkAllocateMemory(10688kb):    1 bos, 10688 kb
TU: info:      vkAllocateMemory(16448kb):    1 bos, 16448 kb
TU: info:       vkAllocateMemory(9280kb):    1 bos, 9280 kb
TU: info:       vkAllocateMemory(4908kb):    1 bos, 4908 kb
TU: info:      vkAllocateMemory(14472kb):    1 bos, 14472 kb
TU: info:       vkAllocateMemory(4340kb):    1 bos, 4340 kb
TU: info:       vkAllocateMemory(8512kb):    1 bos, 8512 kb
TU: info:       vkAllocateMemory(5440kb):    1 bos, 5440 kb
TU: info:       vkAllocateMemory(9224kb):    1 bos, 9224 kb
TU: info:       vkAllocateMemory(4480kb):    1 bos, 4480 kb
TU: info:       vkAllocateMemory(4576kb):    1 bos, 4576 kb
TU: info:                     query pool:    1 bos, 4 kb
TU: info:      vkAllocateMemory(11328kb):    1 bos, 11328 kb
TU: info:      vkAllocateMemory(21504kb):    1 bos, 21504 kb
TU: info:       vkAllocateMemory(2452kb):    1 bos, 2452 kb
TU: info:       vkAllocateMemory(9152kb):    1 bos, 9152 kb
TU: info:       vkAllocateMemory(4288kb):    1 bos, 4288 kb
TU: info:       vkAllocateMemory(8640kb):    1 bos, 8640 kb
TU: info:       vkAllocateMemory(5344kb):    1 bos, 5344 kb
TU: info:       vkAllocateMemory(5640kb):    1 bos, 5640 kb
TU: info:       vkAllocateMemory(6912kb):    1 bos, 6912 kb
TU: info:       vkAllocateMemory(6976kb):    1 bos, 6976 kb
TU: info:      vkAllocateMemory(10080kb):    1 bos, 10080 kb
TU: info:       vkAllocateMemory(5760kb):    1 bos, 5760 kb
TU: info:       vkAllocateMemory(3692kb):    1 bos, 3692 kb
TU: info:       vkAllocateMemory(2736kb):    1 bos, 2736 kb
TU: info:       vkAllocateMemory(5888kb):    1 bos, 5888 kb
TU: info:       vkAllocateMemory(6464kb):    1 bos, 6464 kb
TU: info:       vkAllocateMemory(5712kb):    1 bos, 5712 kb
TU: info:       vkAllocateMemory(2816kb):    1 bos, 2816 kb
TU: info:      vkAllocateMemory(24512kb):    1 bos, 24512 kb
TU: info:       vkAllocateMemory(8160kb):    1 bos, 8160 kb
TU: info:       vkAllocateMemory(3132kb):    1 bos, 3132 kb
TU: info:       vkAllocateMemory(4864kb):    1 bos, 4864 kb
TU: info:       vkAllocateMemory(7360kb):    1 bos, 7360 kb
TU: info:       vkAllocateMemory(6552kb):    1 bos, 6552 kb
TU: info:       vkAllocateMemory(3840kb):    1 bos, 3840 kb
TU: info:                descriptor pool:    1 bos, 4 kb
TU: info:       vkAllocateMemory(5464kb):    1 bos, 5464 kb
TU: info:       vkAllocateMemory(2540kb):    1 bos, 2540 kb
TU: info:      vkAllocateMemory(10112kb):    1 bos, 10112 kb
TU: info:                  device sub cs:    1 bos, 4 kb
TU: info:      vkAllocateMemory(11392kb):    1 bos, 11392 kb
TU: info:       vkAllocateMemory(5220kb):    1 bos, 5220 kb
TU: info:      vkAllocateMemory(15936kb):    1 bos, 15936 kb
TU: info:       vkAllocateMemory(8196kb):    1 bos, 8196 kb
TU: info:       vkAllocateMemory(4180kb):    1 bos, 4180 kb
TU: info:       vkAllocateMemory(3740kb):    1 bos, 3740 kb
TU: info:       vkAllocateMemory(2368kb):    1 bos, 2368 kb
TU: info:       vkAllocateMemory(3264kb):    1 bos, 3264 kb
TU: info:       vkAllocateMemory(6000kb):    1 bos, 6000 kb
TU: info:       vkAllocateMemory(3712kb):    1 bos, 3712 kb
TU: info:       vkAllocateMemory(3168kb):    1 bos, 3168 kb
TU: info:       vkAllocateMemory(6144kb):    1 bos, 6144 kb
TU: info:                           tess:    1 bos, 136 kb
TU: info:       vkAllocateMemory(2920kb):    1 bos, 2920 kb
TU: info:     vkAllocateMemory(131072kb):    1 bos, 131072 kb
TU: info:      vkAllocateMemory(14720kb):    1 bos, 14720 kb
TU: info:        vkAllocateMemory(128kb):    1 bos, 128 kb
TU: info:       vkAllocateMemory(5248kb):    1 bos, 5248 kb
TU: info:       vkAllocateMemory(4672kb):    1 bos, 4672 kb
TU: info:       vkAllocateMemory(4824kb):    1 bos, 4824 kb
TU: info:       vkAllocateMemory(8896kb):    1 bos, 8896 kb
TU: info:       vkAllocateMemory(9664kb):    1 bos, 9664 kb
TU: info:       vkAllocateMemory(3136kb):    1 bos, 3136 kb
TU: info:       vkAllocateMemory(7680kb):    1 bos, 7680 kb
TU: info:       vkAllocateMemory(4176kb):    1 bos, 4176 kb
TU: info:       vkAllocateMemory(2056kb):    2 bos, 4112 kb
TU: info:     vkAllocateMemory(187501kb):    2 bos, 375008 kb
TU: info:       vkAllocateMemory(7236kb):    2 bos, 14472 kb
TU: info:       vkAllocateMemory(2944kb):    2 bos, 5888 kb
TU: info:       vkAllocateMemory(1024kb):    2 bos, 2048 kb
TU: info:      vkAllocateMemory(33544kb):    2 bos, 67088 kb
TU: info:       vkAllocateMemory(5472kb):    2 bos, 10944 kb
TU: info:       vkAllocateMemory(9472kb):    2 bos, 18944 kb
TU: info:       vkAllocateMemory(4200kb):    2 bos, 8400 kb
TU: info:       vkAllocateMemory(4032kb):    2 bos, 8064 kb
TU: info:       vkAllocateMemory(4544kb):    2 bos, 9088 kb
TU: info:       vkAllocateMemory(2496kb):    2 bos, 4992 kb
TU: info:       vkAllocateMemory(2720kb):    2 bos, 5440 kb
TU: info:       vkAllocateMemory(4932kb):    2 bos, 9864 kb
TU: info:          vkAllocateMemory(4kb):    2 bos, 8 kb
TU: info:       vkAllocateMemory(7813kb):    2 bos, 15632 kb
TU: info:       vkAllocateMemory(4112kb):    2 bos, 8224 kb
TU: info:       vkAllocateMemory(4896kb):    2 bos, 9792 kb
TU: info:       vkAllocateMemory(4612kb):    3 bos, 13836 kb
TU: info:       vkAllocateMemory(2624kb):    3 bos, 7872 kb
TU: info:       vkAllocateMemory(5120kb):    3 bos, 15360 kb
TU: info:       vkAllocateMemory(2304kb):    3 bos, 6912 kb
TU: info:       vkAllocateMemory(3072kb):    3 bos, 9216 kb
TU: info:         vkAllocateMemory(41kb):    3 bos, 132 kb
TU: info:          vkAllocateMemory(7kb):    3 bos, 24 kb
TU: info:      vkAllocateMemory(10240kb):    3 bos, 30720 kb
TU: info:       vkAllocateMemory(2240kb):    3 bos, 6720 kb
TU: info:      vkAllocateMemory(51200kb):    3 bos, 153600 kb
TU: info:                         pvtmem:    3 bos, 122880 kb
TU: info:       vkAllocateMemory(8192kb):    4 bos, 32768 kb
TU: info:      vkAllocateMemory(43712kb):    4 bos, 174848 kb
TU: info:       vkAllocateMemory(5376kb):    4 bos, 21504 kb
TU: info:       vkAllocateMemory(4608kb):    4 bos, 18432 kb
TU: info:       vkAllocateMemory(8960kb):    4 bos, 35840 kb
TU: info:       vkAllocateMemory(2560kb):    4 bos, 10240 kb
TU: info:       vkAllocateMemory(2176kb):    5 bos, 10880 kb
TU: info:      vkAllocateMemory(21824kb):    5 bos, 109120 kb
TU: info:       vkAllocateMemory(4096kb):    6 bos, 24576 kb
TU: info:       vkAllocateMemory(4028kb):    6 bos, 24168 kb
TU: info:       vkAllocateMemory(2752kb):    6 bos, 16512 kb
TU: info:       vkAllocateMemory(4052kb):    6 bos, 24312 kb
TU: info:       vkAllocateMemory(2208kb):    6 bos, 13248 kb
TU: info:               draw epilogue cs:    9 bos, 144 kb
TU: info:       vkAllocateMemory(2688kb):    9 bos, 24192 kb
TU: info:       vkAllocateMemory(3600kb):   10 bos, 36000 kb
TU: info:       vkAllocateMemory(3624kb):   11 bos, 39864 kb
TU: info:       vkAllocateMemory(2048kb):   17 bos, 34816 kb
TU: info:       vkAllocateMemory(2112kb):   17 bos, 35904 kb
TU: info:                        draw cs:   22 bos, 3088 kb
TU: info:                    draw sub cs:   26 bos, 3144 kb
TU: info:      vkAllocateMemory(16384kb):   66 bos, 1081344 kb
TU: info:                         cmd cs:   93 bos, 3888 kb
TU: info:              pipeline_suballoc: 1796 bos, 229888 kb
TU: info:              embedded samplers: 3025 bos, 12100 kb
TU: info: submitted 5306 bos (3490 MB)
TU: info:       vkAllocateMemory(6624kb):    1 bos, 6624 kb
TU: info:      vkAllocateMemory(24576kb):    1 bos, 24576 kb
TU: info:       vkAllocateMemory(3392kb):    1 bos, 3392 kb
TU: info:       vkAllocateMemory(7424kb):    1 bos, 7424 kb
TU: info:                         global:    1 bos, 532 kb
TU: info:      vkAllocateMemory(10688kb):    1 bos, 10688 kb
TU: info:      vkAllocateMemory(16448kb):    1 bos, 16448 kb
TU: info:       vkAllocateMemory(9280kb):    1 bos, 9280 kb
TU: info:       vkAllocateMemory(4908kb):    1 bos, 4908 kb
TU: info:      vkAllocateMemory(14472kb):    1 bos, 14472 kb
TU: info:       vkAllocateMemory(4340kb):    1 bos, 4340 kb
TU: info:       vkAllocateMemory(8512kb):    1 bos, 8512 kb
TU: info:       vkAllocateMemory(5440kb):    1 bos, 5440 kb
TU: info:       vkAllocateMemory(9224kb):    1 bos, 9224 kb
TU: info:       vkAllocateMemory(4480kb):    1 bos, 4480 kb
TU: info:       vkAllocateMemory(4576kb):    1 bos, 4576 kb
TU: info:                     query pool:    1 bos, 4 kb
TU: info:      vkAllocateMemory(11328kb):    1 bos, 11328 kb
TU: info:      vkAllocateMemory(21504kb):    1 bos, 21504 kb
TU: info:       vkAllocateMemory(2452kb):    1 bos, 2452 kb
TU: info:       vkAllocateMemory(9152kb):    1 bos, 9152 kb
TU: info:       vkAllocateMemory(4288kb):    1 bos, 4288 kb
TU: info:       vkAllocateMemory(8640kb):    1 bos, 8640 kb
TU: info:       vkAllocateMemory(5344kb):    1 bos, 5344 kb
TU: info:       vkAllocateMemory(5640kb):    1 bos, 5640 kb
TU: info:       vkAllocateMemory(6912kb):    1 bos, 6912 kb
TU: info:       vkAllocateMemory(6976kb):    1 bos, 6976 kb
TU: info:      vkAllocateMemory(10080kb):    1 bos, 10080 kb
TU: info:       vkAllocateMemory(5760kb):    1 bos, 5760 kb
TU: info:       vkAllocateMemory(3692kb):    1 bos, 3692 kb
TU: info:       vkAllocateMemory(2736kb):    1 bos, 2736 kb
TU: info:       vkAllocateMemory(5888kb):    1 bos, 5888 kb
TU: info:       vkAllocateMemory(6464kb):    1 bos, 6464 kb
TU: info:       vkAllocateMemory(5712kb):    1 bos, 5712 kb
TU: info:       vkAllocateMemory(2816kb):    1 bos, 2816 kb
TU: info:      vkAllocateMemory(24512kb):    1 bos, 24512 kb
TU: info:       vkAllocateMemory(8160kb):    1 bos, 8160 kb
TU: info:       vkAllocateMemory(3132kb):    1 bos, 3132 kb
TU: info:       vkAllocateMemory(4864kb):    1 bos, 4864 kb
TU: info:       vkAllocateMemory(7360kb):    1 bos, 7360 kb
TU: info:       vkAllocateMemory(6552kb):    1 bos, 6552 kb
TU: info:       vkAllocateMemory(3840kb):    1 bos, 3840 kb
TU: info:                descriptor pool:    1 bos, 4 kb
TU: info:       vkAllocateMemory(5464kb):    1 bos, 5464 kb
TU: info:       vkAllocateMemory(2540kb):    1 bos, 2540 kb
TU: info:      vkAllocateMemory(10112kb):    1 bos, 10112 kb
TU: info:                  device sub cs:    1 bos, 4 kb
TU: info:      vkAllocateMemory(11392kb):    1 bos, 11392 kb
TU: info:       vkAllocateMemory(5220kb):    1 bos, 5220 kb
TU: info:      vkAllocateMemory(15936kb):    1 bos, 15936 kb
TU: info:       vkAllocateMemory(8196kb):    1 bos, 8196 kb
TU: info:       vkAllocateMemory(4180kb):    1 bos, 4180 kb
TU: info:       vkAllocateMemory(3740kb):    1 bos, 3740 kb
TU: info:       vkAllocateMemory(2368kb):    1 bos, 2368 kb
TU: info:       vkAllocateMemory(3264kb):    1 bos, 3264 kb
TU: info:       vkAllocateMemory(6000kb):    1 bos, 6000 kb
TU: info:       vkAllocateMemory(3712kb):    1 bos, 3712 kb
TU: info:       vkAllocateMemory(3168kb):    1 bos, 3168 kb
TU: info:       vkAllocateMemory(6144kb):    1 bos, 6144 kb
TU: info:                           tess:    1 bos, 136 kb
TU: info:       vkAllocateMemory(2920kb):    1 bos, 2920 kb
TU: info:     vkAllocateMemory(131072kb):    1 bos, 131072 kb
TU: info:      vkAllocateMemory(14720kb):    1 bos, 14720 kb
TU: info:        vkAllocateMemory(128kb):    1 bos, 128 kb
TU: info:       vkAllocateMemory(5248kb):    1 bos, 5248 kb
TU: info:       vkAllocateMemory(4672kb):    1 bos, 4672 kb
TU: info:       vkAllocateMemory(4824kb):    1 bos, 4824 kb
TU: info:       vkAllocateMemory(8896kb):    1 bos, 8896 kb
TU: info:       vkAllocateMemory(9664kb):    1 bos, 9664 kb
TU: info:       vkAllocateMemory(3136kb):    1 bos, 3136 kb
TU: info:       vkAllocateMemory(7680kb):    1 bos, 7680 kb
TU: info:       vkAllocateMemory(4176kb):    1 bos, 4176 kb
TU: info:       vkAllocateMemory(2056kb):    2 bos, 4112 kb
TU: info:     vkAllocateMemory(187501kb):    2 bos, 375008 kb
TU: info:       vkAllocateMemory(7236kb):    2 bos, 14472 kb
TU: info:       vkAllocateMemory(2944kb):    2 bos, 5888 kb
TU: info:       vkAllocateMemory(1024kb):    2 bos, 2048 kb
TU: info:      vkAllocateMemory(33544kb):    2 bos, 67088 kb
TU: info:       vkAllocateMemory(5472kb):    2 bos, 10944 kb
TU: info:       vkAllocateMemory(9472kb):    2 bos, 18944 kb
TU: info:       vkAllocateMemory(4200kb):    2 bos, 8400 kb
TU: info:       vkAllocateMemory(4032kb):    2 bos, 8064 kb
TU: info:       vkAllocateMemory(4544kb):    2 bos, 9088 kb
TU: info:       vkAllocateMemory(2496kb):    2 bos, 4992 kb
TU: info:       vkAllocateMemory(2720kb):    2 bos, 5440 kb
TU: info:       vkAllocateMemory(4932kb):    2 bos, 9864 kb
TU: info:          vkAllocateMemory(4kb):    2 bos, 8 kb
TU: info:       vkAllocateMemory(7813kb):    2 bos, 15632 kb
TU: info:       vkAllocateMemory(4112kb):    2 bos, 8224 kb
TU: info:       vkAllocateMemory(4896kb):    2 bos, 9792 kb
TU: info:       vkAllocateMemory(4612kb):    3 bos, 13836 kb
TU: info:       vkAllocateMemory(2624kb):    3 bos, 7872 kb
TU: info:       vkAllocateMemory(5120kb):    3 bos, 15360 kb
TU: info:       vkAllocateMemory(2304kb):    3 bos, 6912 kb
TU: info:       vkAllocateMemory(3072kb):    3 bos, 9216 kb
TU: info:         vkAllocateMemory(41kb):    3 bos, 132 kb
TU: info:          vkAllocateMemory(7kb):    3 bos, 24 kb
TU: info:      vkAllocateMemory(10240kb):    3 bos, 30720 kb
TU: info:       vkAllocateMemory(2240kb):    3 bos, 6720 kb
TU: info:      vkAllocateMemory(51200kb):    3 bos, 153600 kb
TU: info:                         pvtmem:    3 bos, 122880 kb
TU: info:       vkAllocateMemory(8192kb):    4 bos, 32768 kb
TU: info:      vkAllocateMemory(43712kb):    4 bos, 174848 kb
TU: info:       vkAllocateMemory(5376kb):    4 bos, 21504 kb
TU: info:       vkAllocateMemory(4608kb):    4 bos, 18432 kb
TU: info:       vkAllocateMemory(8960kb):    4 bos, 35840 kb
TU: info:       vkAllocateMemory(2560kb):    4 bos, 10240 kb
TU: info:       vkAllocateMemory(2176kb):    5 bos, 10880 kb
TU: info:      vkAllocateMemory(21824kb):    5 bos, 109120 kb
TU: info:       vkAllocateMemory(4096kb):    6 bos, 24576 kb
TU: info:       vkAllocateMemory(4028kb):    6 bos, 24168 kb
TU: info:       vkAllocateMemory(2752kb):    6 bos, 16512 kb
TU: info:       vkAllocateMemory(4052kb):    6 bos, 24312 kb
TU: info:       vkAllocateMemory(2208kb):    6 bos, 13248 kb
TU: info:               draw epilogue cs:    9 bos, 144 kb
TU: info:       vkAllocateMemory(2688kb):    9 bos, 24192 kb
TU: info:       vkAllocateMemory(3600kb):   10 bos, 36000 kb
TU: info:       vkAllocateMemory(3624kb):   11 bos, 39864 kb
TU: info:       vkAllocateMemory(2048kb):   17 bos, 34816 kb
TU: info:       vkAllocateMemory(2112kb):   17 bos, 35904 kb
TU: info:                        draw cs:   22 bos, 3088 kb
TU: info:                    draw sub cs:   26 bos, 3144 kb
TU: info:      vkAllocateMemory(16384kb):   66 bos, 1081344 kb
TU: info:                         cmd cs:   93 bos, 3888 kb
TU: info:              pipeline_suballoc: 1796 bos, 229888 kb
TU: info:              embedded samplers: 3025 bos, 12100 kb
TU: info: submitted 5306 bos (3490 MB)
TU: info:       vkAllocateMemory(6624kb):    1 bos, 6624 kb
TU: info:      vkAllocateMemory(24576kb):    1 bos, 24576 kb
TU: info:       vkAllocateMemory(3392kb):    1 bos, 3392 kb
TU: info:       vkAllocateMemory(7424kb):    1 bos, 7424 kb
TU: info:                         global:    1 bos, 532 kb
TU: info:      vkAllocateMemory(10688kb):    1 bos, 10688 kb
TU: info:      vkAllocateMemory(16448kb):    1 bos, 16448 kb
TU: info:       vkAllocateMemory(9280kb):    1 bos, 9280 kb
TU: info:       vkAllocateMemory(4908kb):    1 bos, 4908 kb
TU: info:      vkAllocateMemory(14472kb):    1 bos, 14472 kb
TU: info:       vkAllocateMemory(4340kb):    1 bos, 4340 kb
TU: info:       vkAllocateMemory(8512kb):    1 bos, 8512 kb
TU: info:       vkAllocateMemory(5440kb):    1 bos, 5440 kb
TU: info:       vkAllocateMemory(9224kb):    1 bos, 9224 kb
TU: info:       vkAllocateMemory(4480kb):    1 bos, 4480 kb
TU: info:       vkAllocateMemory(4576kb):    1 bos, 4576 kb
TU: info:                     query pool:    1 bos, 4 kb
TU: info:      vkAllocateMemory(11328kb):    1 bos, 11328 kb
TU: info:      vkAllocateMemory(21504kb):    1 bos, 21504 kb
TU: info:       vkAllocateMemory(2452kb):    1 bos, 2452 kb
TU: info:       vkAllocateMemory(9152kb):    1 bos, 9152 kb
TU: info:       vkAllocateMemory(4288kb):    1 bos, 4288 kb
TU: info:       vkAllocateMemory(8640kb):    1 bos, 8640 kb
TU: info:       vkAllocateMemory(5344kb):    1 bos, 5344 kb
TU: info:       vkAllocateMemory(5640kb):    1 bos, 5640 kb
TU: info:       vkAllocateMemory(6912kb):    1 bos, 6912 kb
TU: info:       vkAllocateMemory(6976kb):    1 bos, 6976 kb
TU: info:      vkAllocateMemory(10080kb):    1 bos, 10080 kb
TU: info:       vkAllocateMemory(5760kb):    1 bos, 5760 kb
TU: info:       vkAllocateMemory(3692kb):    1 bos, 3692 kb
TU: info:       vkAllocateMemory(2736kb):    1 bos, 2736 kb
TU: info:       vkAllocateMemory(5888kb):    1 bos, 5888 kb
TU: info:       vkAllocateMemory(6464kb):    1 bos, 6464 kb
TU: info:       vkAllocateMemory(5712kb):    1 bos, 5712 kb
TU: info:       vkAllocateMemory(2816kb):    1 bos, 2816 kb
TU: info:      vkAllocateMemory(24512kb):    1 bos, 24512 kb
TU: info:       vkAllocateMemory(8160kb):    1 bos, 8160 kb
TU: info:       vkAllocateMemory(3132kb):    1 bos, 3132 kb
TU: info:       vkAllocateMemory(4864kb):    1 bos, 4864 kb
TU: info:       vkAllocateMemory(7360kb):    1 bos, 7360 kb
TU: info:       vkAllocateMemory(6552kb):    1 bos, 6552 kb
TU: info:       vkAllocateMemory(3840kb):    1 bos, 3840 kb
TU: info:                descriptor pool:    1 bos, 4 kb
TU: info:       vkAllocateMemory(5464kb):    1 bos, 5464 kb
TU: info:       vkAllocateMemory(2540kb):    1 bos, 2540 kb
TU: info:      vkAllocateMemory(10112kb):    1 bos, 10112 kb
TU: info:                  device sub cs:    1 bos, 4 kb
TU: info:      vkAllocateMemory(11392kb):    1 bos, 11392 kb
TU: info:       vkAllocateMemory(5220kb):    1 bos, 5220 kb
TU: info:      vkAllocateMemory(15936kb):    1 bos, 15936 kb
TU: info:       vkAllocateMemory(8196kb):    1 bos, 8196 kb
TU: info:       vkAllocateMemory(4180kb):    1 bos, 4180 kb
TU: info:       vkAllocateMemory(3740kb):    1 bos, 3740 kb
TU: info:       vkAllocateMemory(2368kb):    1 bos, 2368 kb
TU: info:       vkAllocateMemory(3264kb):    1 bos, 3264 kb
TU: info:       vkAllocateMemory(6000kb):    1 bos, 6000 kb
TU: info:       vkAllocateMemory(3712kb):    1 bos, 3712 kb
TU: info:       vkAllocateMemory(3168kb):    1 bos, 3168 kb
TU: info:       vkAllocateMemory(6144kb):    1 bos, 6144 kb
TU: info:                           tess:    1 bos, 136 kb
TU: info:       vkAllocateMemory(2920kb):    1 bos, 2920 kb
TU: info:     vkAllocateMemory(131072kb):    1 bos, 131072 kb
TU: info:      vkAllocateMemory(14720kb):    1 bos, 14720 kb
TU: info:        vkAllocateMemory(128kb):    1 bos, 128 kb
TU: info:       vkAllocateMemory(5248kb):    1 bos, 5248 kb
TU: info:       vkAllocateMemory(4672kb):    1 bos, 4672 kb
TU: info:       vkAllocateMemory(4824kb):    1 bos, 4824 kb
TU: info:       vkAllocateMemory(8896kb):    1 bos, 8896 kb
TU: info:       vkAllocateMemory(9664kb):    1 bos, 9664 kb
TU: info:       vkAllocateMemory(3136kb):    1 bos, 3136 kb
TU: info:       vkAllocateMemory(7680kb):    1 bos, 7680 kb
TU: info:       vkAllocateMemory(4176kb):    1 bos, 4176 kb
TU: info:       vkAllocateMemory(2056kb):    2 bos, 4112 kb
TU: info:     vkAllocateMemory(187501kb):    2 bos, 375008 kb
TU: info:       vkAllocateMemory(7236kb):    2 bos, 14472 kb
TU: info:       vkAllocateMemory(2944kb):    2 bos, 5888 kb
TU: info:       vkAllocateMemory(1024kb):    2 bos, 2048 kb
TU: info:      vkAllocateMemory(33544kb):    2 bos, 67088 kb
TU: info:       vkAllocateMemory(5472kb):    2 bos, 10944 kb
TU: info:       vkAllocateMemory(9472kb):    2 bos, 18944 kb
TU: info:       vkAllocateMemory(4200kb):    2 bos, 8400 kb
TU: info:       vkAllocateMemory(4032kb):    2 bos, 8064 kb
TU: info:       vkAllocateMemory(4544kb):    2 bos, 9088 kb
TU: info:       vkAllocateMemory(2496kb):    2 bos, 4992 kb
TU: info:       vkAllocateMemory(2720kb):    2 bos, 5440 kb
TU: info:       vkAllocateMemory(4932kb):    2 bos, 9864 kb
TU: info:          vkAllocateMemory(4kb):    2 bos, 8 kb
TU: info:       vkAllocateMemory(7813kb):    2 bos, 15632 kb
TU: info:       vkAllocateMemory(4112kb):    2 bos, 8224 kb
TU: info:       vkAllocateMemory(4896kb):    2 bos, 9792 kb
TU: info:       vkAllocateMemory(4612kb):    3 bos, 13836 kb
TU: info:       vkAllocateMemory(2624kb):    3 bos, 7872 kb
TU: info:       vkAllocateMemory(5120kb):    3 bos, 15360 kb
TU: info:       vkAllocateMemory(2304kb):    3 bos, 6912 kb
TU: info:       vkAllocateMemory(3072kb):    3 bos, 9216 kb
TU: info:         vkAllocateMemory(41kb):    3 bos, 132 kb
TU: info:          vkAllocateMemory(7kb):    3 bos, 24 kb
TU: info:      vkAllocateMemory(10240kb):    3 bos, 30720 kb
TU: info:       vkAllocateMemory(2240kb):    3 bos, 6720 kb
TU: info:      vkAllocateMemory(51200kb):    3 bos, 153600 kb
TU: info:                         pvtmem:    3 bos, 122880 kb
TU: info:       vkAllocateMemory(8192kb):    4 bos, 32768 kb
TU: info:      vkAllocateMemory(43712kb):    4 bos, 174848 kb
TU: info:       vkAllocateMemory(5376kb):    4 bos, 21504 kb
TU: info:       vkAllocateMemory(4608kb):    4 bos, 18432 kb
TU: info:       vkAllocateMemory(8960kb):    4 bos, 35840 kb
TU: info:       vkAllocateMemory(2560kb):    4 bos, 10240 kb
TU: info:       vkAllocateMemory(2176kb):    5 bos, 10880 kb
TU: info:      vkAllocateMemory(21824kb):    5 bos, 109120 kb
TU: info:       vkAllocateMemory(4096kb):    6 bos, 24576 kb
TU: info:       vkAllocateMemory(4028kb):    6 bos, 24168 kb
TU: info:       vkAllocateMemory(2752kb):    6 bos, 16512 kb
TU: info:       vkAllocateMemory(4052kb):    6 bos, 24312 kb
TU: info:       vkAllocateMemory(2208kb):    6 bos, 13248 kb
TU: info:               draw epilogue cs:    9 bos, 144 kb
TU: info:       vkAllocateMemory(2688kb):    9 bos, 24192 kb
TU: info:       vkAllocateMemory(3600kb):   10 bos, 36000 kb
TU: info:       vkAllocateMemory(3624kb):   11 bos, 39864 kb
TU: info:       vkAllocateMemory(2048kb):   17 bos, 34816 kb
TU: info:       vkAllocateMemory(2112kb):   17 bos, 35904 kb
TU: info:                        draw cs:   22 bos, 3088 kb
TU: info:                    draw sub cs:   26 bos, 3144 kb
TU: info:      vkAllocateMemory(16384kb):   66 bos, 1081344 kb
TU: info:                         cmd cs:   93 bos, 3888 kb
TU: info:              pipeline_suballoc: 1796 bos, 229888 kb
TU: info:              embedded samplers: 3025 bos, 12100 kb
TU: info: submitted 5306 bos (3490 MB)
TU: info:       vkAllocateMemory(6624kb):    1 bos, 6624 kb
TU: info:      vkAllocateMemory(24576kb):    1 bos, 24576 kb
TU: info:       vkAllocateMemory(3392kb):    1 bos, 3392 kb
TU: info:       vkAllocateMemory(7424kb):    1 bos, 7424 kb
TU: info:                         global:    1 bos, 532 kb
TU: info:      vkAllocateMemory(10688kb):    1 bos, 10688 kb
TU: info:      vkAllocateMemory(16448kb):    1 bos, 16448 kb
TU: info:       vkAllocateMemory(9280kb):    1 bos, 9280 kb
TU: info:       vkAllocateMemory(4908kb):    1 bos, 4908 kb
TU: info:      vkAllocateMemory(14472kb):    1 bos, 14472 kb
TU: info:       vkAllocateMemory(4340kb):    1 bos, 4340 kb
TU: info:       vkAllocateMemory(8512kb):    1 bos, 8512 kb
TU: info:       vkAllocateMemory(5440kb):    1 bos, 5440 kb
TU: info:       vkAllocateMemory(9224kb):    1 bos, 9224 kb
TU: info:       vkAllocateMemory(4480kb):    1 bos, 4480 kb
TU: info:       vkAllocateMemory(4576kb):    1 bos, 4576 kb
TU: info:                     query pool:    1 bos, 4 kb
TU: info:      vkAllocateMemory(11328kb):    1 bos, 11328 kb
TU: info:      vkAllocateMemory(21504kb):    1 bos, 21504 kb
TU: info:       vkAllocateMemory(2452kb):    1 bos, 2452 kb
TU: info:       vkAllocateMemory(9152kb):    1 bos, 9152 kb
TU: info:       vkAllocateMemory(4288kb):    1 bos, 4288 kb
TU: info:       vkAllocateMemory(8640kb):    1 bos, 8640 kb
TU: info:       vkAllocateMemory(5344kb):    1 bos, 5344 kb
TU: info:       vkAllocateMemory(5640kb):    1 bos, 5640 kb
TU: info:       vkAllocateMemory(6912kb):    1 bos, 6912 kb
TU: info:       vkAllocateMemory(6976kb):    1 bos, 6976 kb
TU: info:      vkAllocateMemory(10080kb):    1 bos, 10080 kb
TU: info:       vkAllocateMemory(5760kb):    1 bos, 5760 kb
TU: info:       vkAllocateMemory(3692kb):    1 bos, 3692 kb
TU: info:       vkAllocateMemory(2736kb):    1 bos, 2736 kb
TU: info:       vkAllocateMemory(5888kb):    1 bos, 5888 kb
TU: info:       vkAllocateMemory(6464kb):    1 bos, 6464 kb
TU: info:       vkAllocateMemory(5712kb):    1 bos, 5712 kb
TU: info:       vkAllocateMemory(2816kb):    1 bos, 2816 kb
TU: info:      vkAllocateMemory(24512kb):    1 bos, 24512 kb
TU: info:       vkAllocateMemory(8160kb):    1 bos, 8160 kb
TU: info:       vkAllocateMemory(3132kb):    1 bos, 3132 kb
TU: info:       vkAllocateMemory(4864kb):    1 bos, 4864 kb
TU: info:       vkAllocateMemory(7360kb):    1 bos, 7360 kb
TU: info:       vkAllocateMemory(6552kb):    1 bos, 6552 kb
TU: info:       vkAllocateMemory(3840kb):    1 bos, 3840 kb
TU: info:                descriptor pool:    1 bos, 4 kb
TU: info:       vkAllocateMemory(5464kb):    1 bos, 5464 kb
TU: info:       vkAllocateMemory(2540kb):    1 bos, 2540 kb
TU: info:      vkAllocateMemory(10112kb):    1 bos, 10112 kb
TU: info:                  device sub cs:    1 bos, 4 kb
TU: info:      vkAllocateMemory(11392kb):    1 bos, 11392 kb
TU: info:       vkAllocateMemory(5220kb):    1 bos, 5220 kb
TU: info:      vkAllocateMemory(15936kb):    1 bos, 15936 kb
TU: info:       vkAllocateMemory(8196kb):    1 bos, 8196 kb
TU: info:       vkAllocateMemory(4180kb):    1 bos, 4180 kb
TU: info:       vkAllocateMemory(3740kb):    1 bos, 3740 kb
TU: info:       vkAllocateMemory(2368kb):    1 bos, 2368 kb
TU: info:       vkAllocateMemory(3264kb):    1 bos, 3264 kb
TU: info:       vkAllocateMemory(6000kb):    1 bos, 6000 kb
TU: info:       vkAllocateMemory(3712kb):    1 bos, 3712 kb
TU: info:       vkAllocateMemory(3168kb):    1 bos, 3168 kb
TU: info:       vkAllocateMemory(6144kb):    1 bos, 6144 kb
TU: info:                           tess:    1 bos, 136 kb
TU: info:       vkAllocateMemory(2920kb):    1 bos, 2920 kb
TU: info:     vkAllocateMemory(131072kb):    1 bos, 131072 kb
TU: info:      vkAllocateMemory(14720kb):    1 bos, 14720 kb
TU: info:        vkAllocateMemory(128kb):    1 bos, 128 kb
TU: info:       vkAllocateMemory(5248kb):    1 bos, 5248 kb
TU: info:       vkAllocateMemory(4672kb):    1 bos, 4672 kb
TU: info:       vkAllocateMemory(4824kb):    1 bos, 4824 kb
TU: info:       vkAllocateMemory(8896kb):    1 bos, 8896 kb
TU: info:       vkAllocateMemory(9664kb):    1 bos, 9664 kb
TU: info:       vkAllocateMemory(3136kb):    1 bos, 3136 kb
TU: info:       vkAllocateMemory(7680kb):    1 bos, 7680 kb
TU: info:       vkAllocateMemory(4176kb):    1 bos, 4176 kb
TU: info:       vkAllocateMemory(2056kb):    2 bos, 4112 kb
TU: info:     vkAllocateMemory(187501kb):    2 bos, 375008 kb
TU: info:       vkAllocateMemory(7236kb):    2 bos, 14472 kb
TU: info:       vkAllocateMemory(2944kb):    2 bos, 5888 kb
TU: info:       vkAllocateMemory(1024kb):    2 bos, 2048 kb
TU: info:      vkAllocateMemory(33544kb):    2 bos, 67088 kb
TU: info:       vkAllocateMemory(5472kb):    2 bos, 10944 kb
TU: info:       vkAllocateMemory(9472kb):    2 bos, 18944 kb
TU: info:       vkAllocateMemory(4200kb):    2 bos, 8400 kb
TU: info:       vkAllocateMemory(4032kb):    2 bos, 8064 kb
TU: info:       vkAllocateMemory(4544kb):    2 bos, 9088 kb
TU: info:       vkAllocateMemory(2496kb):    2 bos, 4992 kb
TU: info:       vkAllocateMemory(2720kb):    2 bos, 5440 kb
TU: info:       vkAllocateMemory(4932kb):    2 bos, 9864 kb
TU: info:          vkAllocateMemory(4kb):    2 bos, 8 kb
TU: info:       vkAllocateMemory(7813kb):    2 bos, 15632 kb
TU: info:       vkAllocateMemory(4112kb):    2 bos, 8224 kb
TU: info:       vkAllocateMemory(4896kb):    2 bos, 9792 kb
TU: info:       vkAllocateMemory(4612kb):    3 bos, 13836 kb
TU: info:       vkAllocateMemory(2624kb):    3 bos, 7872 kb
TU: info:       vkAllocateMemory(5120kb):    3 bos, 15360 kb
TU: info:       vkAllocateMemory(2304kb):    3 bos, 6912 kb
TU: info:       vkAllocateMemory(3072kb):    3 bos, 9216 kb
TU: info:         vkAllocateMemory(41kb):    3 bos, 132 kb
TU: info:          vkAllocateMemory(7kb):    3 bos, 24 kb
TU: info:      vkAllocateMemory(10240kb):    3 bos, 30720 kb
TU: info:       vkAllocateMemory(2240kb):    3 bos, 6720 kb
TU: info:      vkAllocateMemory(51200kb):    3 bos, 153600 kb
TU: info:                         pvtmem:    3 bos, 122880 kb
TU: info:       vkAllocateMemory(8192kb):    4 bos, 32768 kb
TU: info:      vkAllocateMemory(43712kb):    4 bos, 174848 kb
TU: info:       vkAllocateMemory(5376kb):    4 bos, 21504 kb
TU: info:       vkAllocateMemory(4608kb):    4 bos, 18432 kb
TU: info:       vkAllocateMemory(8960kb):    4 bos, 35840 kb
TU: info:       vkAllocateMemory(2560kb):    4 bos, 10240 kb
TU: info:       vkAllocateMemory(2176kb):    5 bos, 10880 kb
TU: info:      vkAllocateMemory(21824kb):    5 bos, 109120 kb
TU: info:       vkAllocateMemory(4096kb):    6 bos, 24576 kb
TU: info:       vkAllocateMemory(4028kb):    6 bos, 24168 kb
TU: info:       vkAllocateMemory(2752kb):    6 bos, 16512 kb
TU: info:       vkAllocateMemory(4052kb):    6 bos, 24312 kb
TU: info:       vkAllocateMemory(2208kb):    6 bos, 13248 kb
TU: info:               draw epilogue cs:    9 bos, 144 kb
TU: info:       vkAllocateMemory(2688kb):    9 bos, 24192 kb
TU: info:       vkAllocateMemory(3600kb):   10 bos, 36000 kb
TU: info:       vkAllocateMemory(3624kb):   11 bos, 39864 kb
TU: info:       vkAllocateMemory(2048kb):   17 bos, 34816 kb
TU: info:       vkAllocateMemory(2112kb):   17 bos, 35904 kb
TU: info:                        draw cs:   22 bos, 3088 kb
TU: info:                    draw sub cs:   26 bos, 3144 kb
TU: info:      vkAllocateMemory(16384kb):   66 bos, 1081344 kb
TU: info:                         cmd cs:   93 bos, 3888 kb
TU: info:              pipeline_suballoc: 1796 bos, 229888 kb
TU: info:              embedded samplers: 3025 bos, 12100 kb
TU: info: submitted 5306 bos (3490 MB)
TU: info:       vkAllocateMemory(6624kb):    1 bos, 6624 kb
TU: info:      vkAllocateMemory(24576kb):    1 bos, 24576 kb
TU: info:       vkAllocateMemory(3392kb):    1 bos, 3392 kb
TU: info:       vkAllocateMemory(7424kb):    1 bos, 7424 kb
TU: info:                         global:    1 bos, 532 kb
TU: info:      vkAllocateMemory(10688kb):    1 bos, 10688 kb
TU: info:      vkAllocateMemory(16448kb):    1 bos, 16448 kb
TU: info:       vkAllocateMemory(9280kb):    1 bos, 9280 kb
TU: info:       vkAllocateMemory(4908kb):    1 bos, 4908 kb
TU: info:      vkAllocateMemory(14472kb):    1 bos, 14472 kb
TU: info:       vkAllocateMemory(4340kb):    1 bos, 4340 kb
TU: info:       vkAllocateMemory(8512kb):    1 bos, 8512 kb
TU: info:       vkAllocateMemory(5440kb):    1 bos, 5440 kb
TU: info:       vkAllocateMemory(9224kb):    1 bos, 9224 kb
TU: info:       vkAllocateMemory(4480kb):    1 bos, 4480 kb
TU: info:       vkAllocateMemory(4576kb):    1 bos, 4576 kb
TU: info:                     query pool:    1 bos, 4 kb
TU: info:      vkAllocateMemory(11328kb):    1 bos, 11328 kb
TU: info:      vkAllocateMemory(21504kb):    1 bos, 21504 kb
TU: info:       vkAllocateMemory(2452kb):    1 bos, 2452 kb
TU: info:       vkAllocateMemory(9152kb):    1 bos, 9152 kb
TU: info:       vkAllocateMemory(4288kb):    1 bos, 4288 kb
TU: info:       vkAllocateMemory(8640kb):    1 bos, 8640 kb
TU: info:       vkAllocateMemory(5344kb):    1 bos, 5344 kb
TU: info:       vkAllocateMemory(5640kb):    1 bos, 5640 kb
TU: info:       vkAllocateMemory(6912kb):    1 bos, 6912 kb
TU: info:       vkAllocateMemory(6976kb):    1 bos, 6976 kb
TU: info:      vkAllocateMemory(10080kb):    1 bos, 10080 kb
TU: info:       vkAllocateMemory(5760kb):    1 bos, 5760 kb
TU: info:       vkAllocateMemory(3692kb):    1 bos, 3692 kb
TU: info:       vkAllocateMemory(2736kb):    1 bos, 2736 kb
TU: info:       vkAllocateMemory(5888kb):    1 bos, 5888 kb
TU: info:       vkAllocateMemory(6464kb):    1 bos, 6464 kb
TU: info:       vkAllocateMemory(5712kb):    1 bos, 5712 kb
TU: info:       vkAllocateMemory(2816kb):    1 bos, 2816 kb
TU: info:      vkAllocateMemory(24512kb):    1 bos, 24512 kb
TU: info:       vkAllocateMemory(8160kb):    1 bos, 8160 kb
TU: info:       vkAllocateMemory(3132kb):    1 bos, 3132 kb
TU: info:       vkAllocateMemory(4864kb):    1 bos, 4864 kb
TU: info:       vkAllocateMemory(7360kb):    1 bos, 7360 kb
TU: info:       vkAllocateMemory(6552kb):    1 bos, 6552 kb
TU: info:       vkAllocateMemory(3840kb):    1 bos, 3840 kb
TU: info:                descriptor pool:    1 bos, 4 kb
TU: info:       vkAllocateMemory(5464kb):    1 bos, 5464 kb
TU: info:       vkAllocateMemory(2540kb):    1 bos, 2540 kb
TU: info:      vkAllocateMemory(10112kb):    1 bos, 10112 kb
TU: info:                  device sub cs:    1 bos, 4 kb
TU: info:      vkAllocateMemory(11392kb):    1 bos, 11392 kb
TU: info:       vkAllocateMemory(5220kb):    1 bos, 5220 kb
TU: info:      vkAllocateMemory(15936kb):    1 bos, 15936 kb
TU: info:       vkAllocateMemory(8196kb):    1 bos, 8196 kb
TU: info:       vkAllocateMemory(4180kb):    1 bos, 4180 kb
TU: info:       vkAllocateMemory(3740kb):    1 bos, 3740 kb
TU: info:       vkAllocateMemory(2368kb):    1 bos, 2368 kb
TU: info:       vkAllocateMemory(3264kb):    1 bos, 3264 kb
TU: info:       vkAllocateMemory(6000kb):    1 bos, 6000 kb
TU: info:       vkAllocateMemory(3712kb):    1 bos, 3712 kb
TU: info:       vkAllocateMemory(3168kb):    1 bos, 3168 kb
TU: info:       vkAllocateMemory(6144kb):    1 bos, 6144 kb
TU: info:                           tess:    1 bos, 136 kb
TU: info:       vkAllocateMemory(2920kb):    1 bos, 2920 kb
TU: info:     vkAllocateMemory(131072kb):    1 bos, 131072 kb
TU: info:      vkAllocateMemory(14720kb):    1 bos, 14720 kb
TU: info:        vkAllocateMemory(128kb):    1 bos, 128 kb
TU: info:       vkAllocateMemory(5248kb):    1 bos, 5248 kb
TU: info:       vkAllocateMemory(4672kb):    1 bos, 4672 kb
TU: info:       vkAllocateMemory(4824kb):    1 bos, 4824 kb
TU: info:       vkAllocateMemory(8896kb):    1 bos, 8896 kb
TU: info:       vkAllocateMemory(9664kb):    1 bos, 9664 kb
TU: info:       vkAllocateMemory(3136kb):    1 bos, 3136 kb
TU: info:       vkAllocateMemory(7680kb):    1 bos, 7680 kb
TU: info:       vkAllocateMemory(4176kb):    1 bos, 4176 kb
TU: info:       vkAllocateMemory(2056kb):    2 bos, 4112 kb
TU: info:     vkAllocateMemory(187501kb):    2 bos, 375008 kb
TU: info:       vkAllocateMemory(7236kb):    2 bos, 14472 kb
TU: info:       vkAllocateMemory(2944kb):    2 bos, 5888 kb
TU: info:       vkAllocateMemory(1024kb):    2 bos, 2048 kb
TU: info:      vkAllocateMemory(33544kb):    2 bos, 67088 kb
TU: info:       vkAllocateMemory(5472kb):    2 bos, 10944 kb
TU: info:       vkAllocateMemory(9472kb):    2 bos, 18944 kb
TU: info:       vkAllocateMemory(4200kb):    2 bos, 8400 kb
TU: info:       vkAllocateMemory(4032kb):    2 bos, 8064 kb
TU: info:       vkAllocateMemory(4544kb):    2 bos, 9088 kb
TU: info:       vkAllocateMemory(2496kb):    2 bos, 4992 kb
TU: info:       vkAllocateMemory(2720kb):    2 bos, 5440 kb
TU: info:       vkAllocateMemory(4932kb):    2 bos, 9864 kb
TU: info:          vkAllocateMemory(4kb):    2 bos, 8 kb
TU: info:       vkAllocateMemory(7813kb):    2 bos, 15632 kb
TU: info:       vkAllocateMemory(4112kb):    2 bos, 8224 kb
TU: info:       vkAllocateMemory(4896kb):    2 bos, 9792 kb
TU: info:       vkAllocateMemory(4612kb):    3 bos, 13836 kb
TU: info:       vkAllocateMemory(2624kb):    3 bos, 7872 kb
TU: info:       vkAllocateMemory(5120kb):    3 bos, 15360 kb
TU: info:       vkAllocateMemory(2304kb):    3 bos, 6912 kb
TU: info:       vkAllocateMemory(3072kb):    3 bos, 9216 kb
TU: info:         vkAllocateMemory(41kb):    3 bos, 132 kb
TU: info:          vkAllocateMemory(7kb):    3 bos, 24 kb
TU: info:      vkAllocateMemory(10240kb):    3 bos, 30720 kb
TU: info:       vkAllocateMemory(2240kb):    3 bos, 6720 kb
TU: info:      vkAllocateMemory(51200kb):    3 bos, 153600 kb
TU: info:                         pvtmem:    3 bos, 122880 kb
TU: info:       vkAllocateMemory(8192kb):    4 bos, 32768 kb
TU: info:      vkAllocateMemory(43712kb):    4 bos, 174848 kb
TU: info:       vkAllocateMemory(5376kb):    4 bos, 21504 kb
TU: info:       vkAllocateMemory(4608kb):    4 bos, 18432 kb
TU: info:       vkAllocateMemory(8960kb):    4 bos, 35840 kb
TU: info:       vkAllocateMemory(2560kb):    4 bos, 10240 kb
TU: info:       vkAllocateMemory(2176kb):    5 bos, 10880 kb
TU: info:      vkAllocateMemory(21824kb):    5 bos, 109120 kb
TU: info:       vkAllocateMemory(4096kb):    6 bos, 24576 kb
TU: info:       vkAllocateMemory(4028kb):    6 bos, 24168 kb
TU: info:       vkAllocateMemory(2752kb):    6 bos, 16512 kb
TU: info:       vkAllocateMemory(4052kb):    6 bos, 24312 kb
TU: info:       vkAllocateMemory(2208kb):    6 bos, 13248 kb
TU: info:               draw epilogue cs:    9 bos, 144 kb
TU: info:       vkAllocateMemory(2688kb):    9 bos, 24192 kb
TU: info:       vkAllocateMemory(3600kb):   10 bos, 36000 kb
TU: info:       vkAllocateMemory(3624kb):   11 bos, 39864 kb
TU: info:       vkAllocateMemory(2048kb):   17 bos, 34816 kb
TU: info:       vkAllocateMemory(2112kb):   17 bos, 35904 kb
TU: info:                        draw cs:   22 bos, 3088 kb
TU: info:                    draw sub cs:   26 bos, 3144 kb
TU: info:      vkAllocateMemory(16384kb):   66 bos, 1081344 kb
TU: info:                         cmd cs:   93 bos, 3888 kb
TU: info:              pipeline_suballoc: 1796 bos, 229888 kb
TU: info:              embedded samplers: 3025 bos, 12100 kb
TU: info: submitted 5306 bos (3490 MB)
TU: info:       vkAllocateMemory(6624kb):    1 bos, 6624 kb
TU: info:      vkAllocateMemory(24576kb):    1 bos, 24576 kb
TU: info:       vkAllocateMemory(3392kb):    1 bos, 3392 kb
TU: info:       vkAllocateMemory(7424kb):    1 bos, 7424 kb
TU: info:                         global:    1 bos, 532 kb
TU: info:      vkAllocateMemory(10688kb):    1 bos, 10688 kb
TU: info:      vkAllocateMemory(16448kb):    1 bos, 16448 kb
TU: info:       vkAllocateMemory(9280kb):    1 bos, 9280 kb
TU: info:       vkAllocateMemory(4908kb):    1 bos, 4908 kb
TU: info:      vkAllocateMemory(14472kb):    1 bos, 14472 kb
TU: info:       vkAllocateMemory(4340kb):    1 bos, 4340 kb
TU: info:       vkAllocateMemory(8512kb):    1 bos, 8512 kb
TU: info:       vkAllocateMemory(5440kb):    1 bos, 5440 kb
TU: info:       vkAllocateMemory(9224kb):    1 bos, 9224 kb
TU: info:       vkAllocateMemory(4480kb):    1 bos, 4480 kb
TU: info:       vkAllocateMemory(4576kb):    1 bos, 4576 kb
TU: info:                     query pool:    1 bos, 4 kb
TU: info:      vkAllocateMemory(11328kb):    1 bos, 11328 kb
TU: info:      vkAllocateMemory(21504kb):    1 bos, 21504 kb
TU: info:       vkAllocateMemory(2452kb):    1 bos, 2452 kb
TU: info:       vkAllocateMemory(9152kb):    1 bos, 9152 kb
TU: info:       vkAllocateMemory(4288kb):    1 bos, 4288 kb
TU: info:       vkAllocateMemory(8640kb):    1 bos, 8640 kb
TU: info:       vkAllocateMemory(5344kb):    1 bos, 5344 kb
TU: info:       vkAllocateMemory(5640kb):    1 bos, 5640 kb
TU: info:       vkAllocateMemory(6912kb):    1 bos, 6912 kb
TU: info:       vkAllocateMemory(6976kb):    1 bos, 6976 kb
TU: info:      vkAllocateMemory(10080kb):    1 bos, 10080 kb
TU: info:       vkAllocateMemory(5760kb):    1 bos, 5760 kb
TU: info:       vkAllocateMemory(3692kb):    1 bos, 3692 kb
TU: info:       vkAllocateMemory(2736kb):    1 bos, 2736 kb
TU: info:       vkAllocateMemory(5888kb):    1 bos, 5888 kb
TU: info:       vkAllocateMemory(6464kb):    1 bos, 6464 kb
TU: info:       vkAllocateMemory(5712kb):    1 bos, 5712 kb
TU: info:       vkAllocateMemory(2816kb):    1 bos, 2816 kb
TU: info:      vkAllocateMemory(24512kb):    1 bos, 24512 kb
TU: info:       vkAllocateMemory(8160kb):    1 bos, 8160 kb
TU: info:       vkAllocateMemory(3132kb):    1 bos, 3132 kb
TU: info:       vkAllocateMemory(4864kb):    1 bos, 4864 kb
TU: info:       vkAllocateMemory(7360kb):    1 bos, 7360 kb
TU: info:       vkAllocateMemory(6552kb):    1 bos, 6552 kb
TU: info:       vkAllocateMemory(3840kb):    1 bos, 3840 kb
TU: info:                descriptor pool:    1 bos, 4 kb
TU: info:       vkAllocateMemory(5464kb):    1 bos, 5464 kb
TU: info:       vkAllocateMemory(2540kb):    1 bos, 2540 kb
TU: info:      vkAllocateMemory(10112kb):    1 bos, 10112 kb
TU: info:                  device sub cs:    1 bos, 4 kb
TU: info:      vkAllocateMemory(11392kb):    1 bos, 11392 kb
TU: info:       vkAllocateMemory(5220kb):    1 bos, 5220 kb
TU: info:      vkAllocateMemory(15936kb):    1 bos, 15936 kb
TU: info:       vkAllocateMemory(8196kb):    1 bos, 8196 kb
TU: info:       vkAllocateMemory(4180kb):    1 bos, 4180 kb
TU: info:       vkAllocateMemory(3740kb):    1 bos, 3740 kb
TU: info:       vkAllocateMemory(2368kb):    1 bos, 2368 kb
TU: info:       vkAllocateMemory(3264kb):    1 bos, 3264 kb
TU: info:       vkAllocateMemory(6000kb):    1 bos, 6000 kb
TU: info:       vkAllocateMemory(3712kb):    1 bos, 3712 kb
TU: info:       vkAllocateMemory(3168kb):    1 bos, 3168 kb
TU: info:       vkAllocateMemory(6144kb):    1 bos, 6144 kb
TU: info:                           tess:    1 bos, 136 kb
TU: info:       vkAllocateMemory(2920kb):    1 bos, 2920 kb
TU: info:     vkAllocateMemory(131072kb):    1 bos, 131072 kb
TU: info:      vkAllocateMemory(14720kb):    1 bos, 14720 kb
TU: info:        vkAllocateMemory(128kb):    1 bos, 128 kb
TU: info:       vkAllocateMemory(5248kb):    1 bos, 5248 kb
TU: info:       vkAllocateMemory(4672kb):    1 bos, 4672 kb
TU: info:       vkAllocateMemory(4824kb):    1 bos, 4824 kb
TU: info:       vkAllocateMemory(8896kb):    1 bos, 8896 kb
TU: info:       vkAllocateMemory(9664kb):    1 bos, 9664 kb
TU: info:       vkAllocateMemory(3136kb):    1 bos, 3136 kb
TU: info:       vkAllocateMemory(7680kb):    1 bos, 7680 kb
TU: info:       vkAllocateMemory(4176kb):    1 bos, 4176 kb
TU: info:       vkAllocateMemory(2056kb):    2 bos, 4112 kb
TU: info:     vkAllocateMemory(187501kb):    2 bos, 375008 kb
TU: info:       vkAllocateMemory(7236kb):    2 bos, 14472 kb
TU: info:       vkAllocateMemory(2944kb):    2 bos, 5888 kb
TU: info:       vkAllocateMemory(1024kb):    2 bos, 2048 kb
TU: info:      vkAllocateMemory(33544kb):    2 bos, 67088 kb
TU: info:       vkAllocateMemory(5472kb):    2 bos, 10944 kb
TU: info:       vkAllocateMemory(9472kb):    2 bos, 18944 kb
TU: info:       vkAllocateMemory(4200kb):    2 bos, 8400 kb
TU: info:       vkAllocateMemory(4032kb):    2 bos, 8064 kb
TU: info:       vkAllocateMemory(4544kb):    2 bos, 9088 kb
TU: info:       vkAllocateMemory(2496kb):    2 bos, 4992 kb
TU: info:       vkAllocateMemory(2720kb):    2 bos, 5440 kb
TU: info:       vkAllocateMemory(4932kb):    2 bos, 9864 kb
TU: info:          vkAllocateMemory(4kb):    2 bos, 8 kb
TU: info:       vkAllocateMemory(7813kb):    2 bos, 15632 kb
TU: info:       vkAllocateMemory(4112kb):    2 bos, 8224 kb
TU: info:       vkAllocateMemory(4896kb):    2 bos, 9792 kb
TU: info:       vkAllocateMemory(4612kb):    3 bos, 13836 kb
TU: info:       vkAllocateMemory(2624kb):    3 bos, 7872 kb
TU: info:       vkAllocateMemory(5120kb):    3 bos, 15360 kb
TU: info:       vkAllocateMemory(2304kb):    3 bos, 6912 kb
TU: info:       vkAllocateMemory(3072kb):    3 bos, 9216 kb
TU: info:         vkAllocateMemory(41kb):    3 bos, 132 kb
TU: info:          vkAllocateMemory(7kb):    3 bos, 24 kb
TU: info:      vkAllocateMemory(10240kb):    3 bos, 30720 kb
TU: info:       vkAllocateMemory(2240kb):    3 bos, 6720 kb
TU: info:      vkAllocateMemory(51200kb):    3 bos, 153600 kb
TU: info:                         pvtmem:    3 bos, 122880 kb
TU: info:       vkAllocateMemory(8192kb):    4 bos, 32768 kb
TU: info:      vkAllocateMemory(43712kb):    4 bos, 174848 kb
TU: info:       vkAllocateMemory(5376kb):    4 bos, 21504 kb
TU: info:       vkAllocateMemory(4608kb):    4 bos, 18432 kb
TU: info:       vkAllocateMemory(8960kb):    4 bos, 35840 kb
TU: info:       vkAllocateMemory(2560kb):    4 bos, 10240 kb
TU: info:       vkAllocateMemory(2176kb):    5 bos, 10880 kb
TU: info:      vkAllocateMemory(21824kb):    5 bos, 109120 kb
TU: info:       vkAllocateMemory(4096kb):    6 bos, 24576 kb
TU: info:       vkAllocateMemory(4028kb):    6 bos, 24168 kb
TU: info:       vkAllocateMemory(2752kb):    6 bos, 16512 kb
TU: info:       vkAllocateMemory(4052kb):    6 bos, 24312 kb
TU: info:       vkAllocateMemory(2208kb):    6 bos, 13248 kb
TU: info:               draw epilogue cs:    9 bos, 144 kb
TU: info:       vkAllocateMemory(2688kb):    9 bos, 24192 kb
TU: info:       vkAllocateMemory(3600kb):   10 bos, 36000 kb
TU: info:       vkAllocateMemory(3624kb):   11 bos, 39864 kb
TU: info:       vkAllocateMemory(2048kb):   17 bos, 34816 kb
TU: info:       vkAllocateMemory(2112kb):   17 bos, 35904 kb
TU: info:                        draw cs:   22 bos, 3088 kb
TU: info:                    draw sub cs:   26 bos, 3144 kb
TU: info:      vkAllocateMemory(16384kb):   66 bos, 1081344 kb
TU: info:                         cmd cs:   93 bos, 3888 kb
TU: info:              pipeline_suballoc: 1796 bos, 229888 kb
TU: info:              embedded samplers: 3025 bos, 12100 kb
TU: info: submitted 5306 bos (3490 MB)
TU: info:       vkAllocateMemory(6624kb):    1 bos, 6624 kb
TU: info:      vkAllocateMemory(24576kb):    1 bos, 24576 kb
TU: info:       vkAllocateMemory(3392kb):    1 bos, 3392 kb
TU: info:       vkAllocateMemory(7424kb):    1 bos, 7424 kb
TU: info:                         global:    1 bos, 532 kb
TU: info:      vkAllocateMemory(10688kb):    1 bos, 10688 kb
TU: info:      vkAllocateMemory(16448kb):    1 bos, 16448 kb
TU: info:       vkAllocateMemory(9280kb):    1 bos, 9280 kb
TU: info:       vkAllocateMemory(4908kb):    1 bos, 4908 kb
TU: info:      vkAllocateMemory(14472kb):    1 bos, 14472 kb
TU: info:       vkAllocateMemory(4340kb):    1 bos, 4340 kb
TU: info:       vkAllocateMemory(8512kb):    1 bos, 8512 kb
TU: info:       vkAllocateMemory(5440kb):    1 bos, 5440 kb
TU: info:       vkAllocateMemory(9224kb):    1 bos, 9224 kb
TU: info:       vkAllocateMemory(4480kb):    1 bos, 4480 kb
TU: info:       vkAllocateMemory(4576kb):    1 bos, 4576 kb
TU: info:                     query pool:    1 bos, 4 kb
TU: info:      vkAllocateMemory(11328kb):    1 bos, 11328 kb
TU: info:      vkAllocateMemory(21504kb):    1 bos, 21504 kb
TU: info:       vkAllocateMemory(2452kb):    1 bos, 2452 kb
TU: info:       vkAllocateMemory(9152kb):    1 bos, 9152 kb
TU: info:       vkAllocateMemory(4288kb):    1 bos, 4288 kb
TU: info:       vkAllocateMemory(8640kb):    1 bos, 8640 kb
TU: info:       vkAllocateMemory(5344kb):    1 bos, 5344 kb
TU: info:       vkAllocateMemory(5640kb):    1 bos, 5640 kb
TU: info:       vkAllocateMemory(6912kb):    1 bos, 6912 kb
TU: info:       vkAllocateMemory(6976kb):    1 bos, 6976 kb
TU: info:      vkAllocateMemory(10080kb):    1 bos, 10080 kb
TU: info:       vkAllocateMemory(5760kb):    1 bos, 5760 kb
TU: info:       vkAllocateMemory(3692kb):    1 bos, 3692 kb
TU: info:       vkAllocateMemory(2736kb):    1 bos, 2736 kb
TU: info:       vkAllocateMemory(5888kb):    1 bos, 5888 kb
TU: info:       vkAllocateMemory(6464kb):    1 bos, 6464 kb
TU: info:       vkAllocateMemory(5712kb):    1 bos, 5712 kb
TU: info:       vkAllocateMemory(2816kb):    1 bos, 2816 kb
TU: info:      vkAllocateMemory(24512kb):    1 bos, 24512 kb
TU: info:       vkAllocateMemory(8160kb):    1 bos, 8160 kb
TU: info:       vkAllocateMemory(3132kb):    1 bos, 3132 kb
TU: info:       vkAllocateMemory(4864kb):    1 bos, 4864 kb
TU: info:       vkAllocateMemory(7360kb):    1 bos, 7360 kb
TU: info:       vkAllocateMemory(6552kb):    1 bos, 6552 kb
TU: info:       vkAllocateMemory(3840kb):    1 bos, 3840 kb
TU: info:                descriptor pool:    1 bos, 4 kb
TU: info:       vkAllocateMemory(5464kb):    1 bos, 5464 kb
TU: info:       vkAllocateMemory(2540kb):    1 bos, 2540 kb
TU: info:      vkAllocateMemory(10112kb):    1 bos, 10112 kb
TU: info:                  device sub cs:    1 bos, 4 kb
TU: info:      vkAllocateMemory(11392kb):    1 bos, 11392 kb
TU: info:       vkAllocateMemory(5220kb):    1 bos, 5220 kb
TU: info:      vkAllocateMemory(15936kb):    1 bos, 15936 kb
TU: info:       vkAllocateMemory(8196kb):    1 bos, 8196 kb
TU: info:       vkAllocateMemory(4180kb):    1 bos, 4180 kb
TU: info:       vkAllocateMemory(3740kb):    1 bos, 3740 kb
TU: info:       vkAllocateMemory(2368kb):    1 bos, 2368 kb
TU: info:       vkAllocateMemory(3264kb):    1 bos, 3264 kb
TU: info:       vkAllocateMemory(6000kb):    1 bos, 6000 kb
TU: info:       vkAllocateMemory(3712kb):    1 bos, 3712 kb
TU: info:       vkAllocateMemory(3168kb):    1 bos, 3168 kb
TU: info:       vkAllocateMemory(6144kb):    1 bos, 6144 kb
TU: info:                           tess:    1 bos, 136 kb
TU: info:       vkAllocateMemory(2920kb):    1 bos, 2920 kb
TU: info:     vkAllocateMemory(131072kb):    1 bos, 131072 kb
TU: info:      vkAllocateMemory(14720kb):    1 bos, 14720 kb
TU: info:        vkAllocateMemory(128kb):    1 bos, 128 kb
TU: info:       vkAllocateMemory(5248kb):    1 bos, 5248 kb
TU: info:       vkAllocateMemory(4672kb):    1 bos, 4672 kb
TU: info:       vkAllocateMemory(4824kb):    1 bos, 4824 kb
TU: info:       vkAllocateMemory(8896kb):    1 bos, 8896 kb
TU: info:       vkAllocateMemory(9664kb):    1 bos, 9664 kb
TU: info:       vkAllocateMemory(3136kb):    1 bos, 3136 kb
TU: info:       vkAllocateMemory(7680kb):    1 bos, 7680 kb
TU: info:       vkAllocateMemory(4176kb):    1 bos, 4176 kb
TU: info:       vkAllocateMemory(2056kb):    2 bos, 4112 kb
TU: info:     vkAllocateMemory(187501kb):    2 bos, 375008 kb
TU: info:       vkAllocateMemory(7236kb):    2 bos, 14472 kb
TU: info:       vkAllocateMemory(2944kb):    2 bos, 5888 kb
TU: info:       vkAllocateMemory(1024kb):    2 bos, 2048 kb
TU: info:      vkAllocateMemory(33544kb):    2 bos, 67088 kb
TU: info:       vkAllocateMemory(5472kb):    2 bos, 10944 kb
TU: info:       vkAllocateMemory(9472kb):    2 bos, 18944 kb
TU: info:       vkAllocateMemory(4200kb):    2 bos, 8400 kb
TU: info:       vkAllocateMemory(4032kb):    2 bos, 8064 kb
TU: info:       vkAllocateMemory(4544kb):    2 bos, 9088 kb
TU: info:       vkAllocateMemory(2496kb):    2 bos, 4992 kb
TU: info:       vkAllocateMemory(2720kb):    2 bos, 5440 kb
TU: info:       vkAllocateMemory(4932kb):    2 bos, 9864 kb
TU: info:          vkAllocateMemory(4kb):    2 bos, 8 kb
TU: info:       vkAllocateMemory(7813kb):    2 bos, 15632 kb
TU: info:       vkAllocateMemory(4112kb):    2 bos, 8224 kb
TU: info:       vkAllocateMemory(4896kb):    2 bos, 9792 kb
TU: info:       vkAllocateMemory(4612kb):    3 bos, 13836 kb
TU: info:       vkAllocateMemory(2624kb):    3 bos, 7872 kb
TU: info:       vkAllocateMemory(5120kb):    3 bos, 15360 kb
TU: info:       vkAllocateMemory(2304kb):    3 bos, 6912 kb
TU: info:       vkAllocateMemory(3072kb):    3 bos, 9216 kb
TU: info:         vkAllocateMemory(41kb):    3 bos, 132 kb
TU: info:          vkAllocateMemory(7kb):    3 bos, 24 kb
TU: info:      vkAllocateMemory(10240kb):    3 bos, 30720 kb
TU: info:       vkAllocateMemory(2240kb):    3 bos, 6720 kb
TU: info:      vkAllocateMemory(51200kb):    3 bos, 153600 kb
TU: info:                         pvtmem:    3 bos, 122880 kb
TU: info:       vkAllocateMemory(8192kb):    4 bos, 32768 kb
TU: info:      vkAllocateMemory(43712kb):    4 bos, 174848 kb
TU: info:       vkAllocateMemory(5376kb):    4 bos, 21504 kb
TU: info:       vkAllocateMemory(4608kb):    4 bos, 18432 kb
TU: info:       vkAllocateMemory(8960kb):    4 bos, 35840 kb
TU: info:       vkAllocateMemory(2560kb):    4 bos, 10240 kb
TU: info:       vkAllocateMemory(2176kb):    5 bos, 10880 kb
TU: info:      vkAllocateMemory(21824kb):    5 bos, 109120 kb
TU: info:       vkAllocateMemory(4096kb):    6 bos, 24576 kb
TU: info:       vkAllocateMemory(4028kb):    6 bos, 24168 kb
TU: info:       vkAllocateMemory(2752kb):    6 bos, 16512 kb
TU: info:       vkAllocateMemory(4052kb):    6 bos, 24312 kb
TU: info:       vkAllocateMemory(2208kb):    6 bos, 13248 kb
TU: info:               draw epilogue cs:    9 bos, 144 kb
TU: info:       vkAllocateMemory(2688kb):    9 bos, 24192 kb
TU: info:       vkAllocateMemory(3600kb):   10 bos, 36000 kb
TU: info:       vkAllocateMemory(3624kb):   11 bos, 39864 kb
TU: info:       vkAllocateMemory(2048kb):   17 bos, 34816 kb
TU: info:       vkAllocateMemory(2112kb):   17 bos, 35904 kb
TU: info:                        draw cs:   22 bos, 3088 kb
TU: info:                    draw sub cs:   26 bos, 3144 kb
TU: info:      vkAllocateMemory(16384kb):   66 bos, 1081344 kb
TU: info:                         cmd cs:   93 bos, 3888 kb
TU: info:              pipeline_suballoc: 1796 bos, 229888 kb
TU: info:              embedded samplers: 3025 bos, 12100 kb
TU: info: submitted 5306 bos (3490 MB)
TU: info:       vkAllocateMemory(6624kb):    1 bos, 6624 kb
TU: info:      vkAllocateMemory(24576kb):    1 bos, 24576 kb
TU: info:       vkAllocateMemory(3392kb):    1 bos, 3392 kb
TU: info:       vkAllocateMemory(7424kb):    1 bos, 7424 kb
TU: info:                         global:    1 bos, 532 kb
TU: info:      vkAllocateMemory(10688kb):    1 bos, 10688 kb
TU: info:      vkAllocateMemory(16448kb):    1 bos, 16448 kb
TU: info:       vkAllocateMemory(9280kb):    1 bos, 9280 kb
TU: info:       vkAllocateMemory(4908kb):    1 bos, 4908 kb
TU: info:      vkAllocateMemory(14472kb):    1 bos, 14472 kb
TU: info:       vkAllocateMemory(4340kb):    1 bos, 4340 kb
TU: info:       vkAllocateMemory(8512kb):    1 bos, 8512 kb
TU: info:       vkAllocateMemory(5440kb):    1 bos, 5440 kb
TU: info:       vkAllocateMemory(9224kb):    1 bos, 9224 kb
TU: info:       vkAllocateMemory(4480kb):    1 bos, 4480 kb
TU: info:       vkAllocateMemory(4576kb):    1 bos, 4576 kb
TU: info:                     query pool:    1 bos, 4 kb
TU: info:      vkAllocateMemory(11328kb):    1 bos, 11328 kb
TU: info:      vkAllocateMemory(21504kb):    1 bos, 21504 kb
TU: info:       vkAllocateMemory(2452kb):    1 bos, 2452 kb
TU: info:       vkAllocateMemory(9152kb):    1 bos, 9152 kb
TU: info:       vkAllocateMemory(4288kb):    1 bos, 4288 kb
TU: info:       vkAllocateMemory(8640kb):    1 bos, 8640 kb
TU: info:       vkAllocateMemory(5344kb):    1 bos, 5344 kb
TU: info:       vkAllocateMemory(5640kb):    1 bos, 5640 kb
TU: info:       vkAllocateMemory(6912kb):    1 bos, 6912 kb
TU: info:       vkAllocateMemory(6976kb):    1 bos, 6976 kb
TU: info:      vkAllocateMemory(10080kb):    1 bos, 10080 kb
TU: info:       vkAllocateMemory(5760kb):    1 bos, 5760 kb
TU: info:       vkAllocateMemory(3692kb):    1 bos, 3692 kb
TU: info:       vkAllocateMemory(2736kb):    1 bos, 2736 kb
TU: info:       vkAllocateMemory(5888kb):    1 bos, 5888 kb
TU: info:       vkAllocateMemory(6464kb):    1 bos, 6464 kb
TU: info:       vkAllocateMemory(5712kb):    1 bos, 5712 kb
TU: info:       vkAllocateMemory(2816kb):    1 bos, 2816 kb
TU: info:      vkAllocateMemory(24512kb):    1 bos, 24512 kb
TU: info:       vkAllocateMemory(8160kb):    1 bos, 8160 kb
TU: info:       vkAllocateMemory(3132kb):    1 bos, 3132 kb
TU: info:       vkAllocateMemory(4864kb):    1 bos, 4864 kb
TU: info:       vkAllocateMemory(7360kb):    1 bos, 7360 kb
TU: info:       vkAllocateMemory(6552kb):    1 bos, 6552 kb
TU: info:       vkAllocateMemory(3840kb):    1 bos, 3840 kb
TU: info:                descriptor pool:    1 bos, 4 kb
TU: info:       vkAllocateMemory(5464kb):    1 bos, 5464 kb
TU: info:       vkAllocateMemory(2540kb):    1 bos, 2540 kb
TU: info:      vkAllocateMemory(10112kb):    1 bos, 10112 kb
TU: info:                  device sub cs:    1 bos, 4 kb
TU: info:      vkAllocateMemory(11392kb):    1 bos, 11392 kb
TU: info:       vkAllocateMemory(5220kb):    1 bos, 5220 kb
TU: info:      vkAllocateMemory(15936kb):    1 bos, 15936 kb
TU: info:       vkAllocateMemory(8196kb):    1 bos, 8196 kb
TU: info:       vkAllocateMemory(4180kb):    1 bos, 4180 kb
TU: info:       vkAllocateMemory(3740kb):    1 bos, 3740 kb
TU: info:       vkAllocateMemory(2368kb):    1 bos, 2368 kb
TU: info:       vkAllocateMemory(3264kb):    1 bos, 3264 kb
TU: info:       vkAllocateMemory(6000kb):    1 bos, 6000 kb
TU: info:       vkAllocateMemory(3712kb):    1 bos, 3712 kb
TU: info:       vkAllocateMemory(3168kb):    1 bos, 3168 kb
TU: info:       vkAllocateMemory(6144kb):    1 bos, 6144 kb
TU: info:                           tess:    1 bos, 136 kb
TU: info:       vkAllocateMemory(2920kb):    1 bos, 2920 kb
TU: info:     vkAllocateMemory(131072kb):    1 bos, 131072 kb
TU: info:      vkAllocateMemory(14720kb):    1 bos, 14720 kb
TU: info:        vkAllocateMemory(128kb):    1 bos, 128 kb
TU: info:       vkAllocateMemory(5248kb):    1 bos, 5248 kb
TU: info:       vkAllocateMemory(4672kb):    1 bos, 4672 kb
TU: info:       vkAllocateMemory(4824kb):    1 bos, 4824 kb
TU: info:       vkAllocateMemory(8896kb):    1 bos, 8896 kb
TU: info:       vkAllocateMemory(9664kb):    1 bos, 9664 kb
TU: info:       vkAllocateMemory(3136kb):    1 bos, 3136 kb
TU: info:       vkAllocateMemory(7680kb):    1 bos, 7680 kb
TU: info:       vkAllocateMemory(4176kb):    1 bos, 4176 kb
TU: info:       vkAllocateMemory(2056kb):    2 bos, 4112 kb
TU: info:     vkAllocateMemory(187501kb):    2 bos, 375008 kb
TU: info:       vkAllocateMemory(7236kb):    2 bos, 14472 kb
TU: info:       vkAllocateMemory(2944kb):    2 bos, 5888 kb
TU: info:       vkAllocateMemory(1024kb):    2 bos, 2048 kb
TU: info:      vkAllocateMemory(33544kb):    2 bos, 67088 kb
TU: info:       vkAllocateMemory(5472kb):    2 bos, 10944 kb
TU: info:       vkAllocateMemory(9472kb):    2 bos, 18944 kb
TU: info:       vkAllocateMemory(4200kb):    2 bos, 8400 kb
TU: info:       vkAllocateMemory(4032kb):    2 bos, 8064 kb
TU: info:       vkAllocateMemory(4544kb):    2 bos, 9088 kb
TU: info:       vkAllocateMemory(2496kb):    2 bos, 4992 kb
TU: info:       vkAllocateMemory(2720kb):    2 bos, 5440 kb
TU: info:       vkAllocateMemory(4932kb):    2 bos, 9864 kb
TU: info:          vkAllocateMemory(4kb):    2 bos, 8 kb
TU: info:       vkAllocateMemory(7813kb):    2 bos, 15632 kb
TU: info:       vkAllocateMemory(4112kb):    2 bos, 8224 kb
TU: info:       vkAllocateMemory(4896kb):    2 bos, 9792 kb
TU: info:       vkAllocateMemory(4612kb):    3 bos, 13836 kb
TU: info:       vkAllocateMemory(2624kb):    3 bos, 7872 kb
TU: info:       vkAllocateMemory(5120kb):    3 bos, 15360 kb
TU: info:       vkAllocateMemory(2304kb):    3 bos, 6912 kb
TU: info:       vkAllocateMemory(3072kb):    3 bos, 9216 kb
TU: info:         vkAllocateMemory(41kb):    3 bos, 132 kb
TU: info:          vkAllocateMemory(7kb):    3 bos, 24 kb
TU: info:      vkAllocateMemory(10240kb):    3 bos, 30720 kb
TU: info:       vkAllocateMemory(2240kb):    3 bos, 6720 kb
TU: info:      vkAllocateMemory(51200kb):    3 bos, 153600 kb
TU: info:                         pvtmem:    3 bos, 122880 kb
TU: info:       vkAllocateMemory(8192kb):    4 bos, 32768 kb
TU: info:      vkAllocateMemory(43712kb):    4 bos, 174848 kb
TU: info:       vkAllocateMemory(5376kb):    4 bos, 21504 kb
TU: info:       vkAllocateMemory(4608kb):    4 bos, 18432 kb
TU: info:       vkAllocateMemory(8960kb):    4 bos, 35840 kb
TU: info:       vkAllocateMemory(2560kb):    4 bos, 10240 kb
TU: info:       vkAllocateMemory(2176kb):    5 bos, 10880 kb
TU: info:      vkAllocateMemory(21824kb):    5 bos, 109120 kb
TU: info:       vkAllocateMemory(4096kb):    6 bos, 24576 kb
TU: info:       vkAllocateMemory(4028kb):    6 bos, 24168 kb
TU: info:       vkAllocateMemory(2752kb):    6 bos, 16512 kb
TU: info:       vkAllocateMemory(4052kb):    6 bos, 24312 kb
TU: info:       vkAllocateMemory(2208kb):    6 bos, 13248 kb
TU: info:               draw epilogue cs:    9 bos, 144 kb
TU: info:       vkAllocateMemory(2688kb):    9 bos, 24192 kb
TU: info:       vkAllocateMemory(3600kb):   10 bos, 36000 kb
TU: info:       vkAllocateMemory(3624kb):   11 bos, 39864 kb
TU: info:       vkAllocateMemory(2048kb):   17 bos, 34816 kb
TU: info:       vkAllocateMemory(2112kb):   17 bos, 35904 kb
TU: info:                        draw cs:   22 bos, 3088 kb
TU: info:                    draw sub cs:   26 bos, 3144 kb
TU: info:      vkAllocateMemory(16384kb):   66 bos, 1081344 kb
TU: info:                         cmd cs:   93 bos, 3888 kb
TU: info:              pipeline_suballoc: 1796 bos, 229888 kb
TU: info:              embedded samplers: 3025 bos, 12100 kb
TU: info: submitted 5306 bos (3490 MB)
TU: info:       vkAllocateMemory(6624kb):    1 bos, 6624 kb
TU: info:      vkAllocateMemory(24576kb):    1 bos, 24576 kb
TU: info:       vkAllocateMemory(3392kb):    1 bos, 3392 kb
TU: info:       vkAllocateMemory(7424kb):    1 bos, 7424 kb
TU: info:                         global:    1 bos, 532 kb
TU: info:      vkAllocateMemory(10688kb):    1 bos, 10688 kb
TU: info:      vkAllocateMemory(16448kb):    1 bos, 16448 kb
TU: info:       vkAllocateMemory(9280kb):    1 bos, 9280 kb
TU: info:       vkAllocateMemory(4908kb):    1 bos, 4908 kb
TU: info:      vkAllocateMemory(14472kb):    1 bos, 14472 kb
TU: info:       vkAllocateMemory(4340kb):    1 bos, 4340 kb
TU: info:       vkAllocateMemory(8512kb):    1 bos, 8512 kb
TU: info:       vkAllocateMemory(5440kb):    1 bos, 5440 kb
TU: info:       vkAllocateMemory(9224kb):    1 bos, 9224 kb
TU: info:       vkAllocateMemory(4480kb):    1 bos, 4480 kb
TU: info:       vkAllocateMemory(4576kb):    1 bos, 4576 kb
TU: info:                     query pool:    1 bos, 4 kb
TU: info:      vkAllocateMemory(11328kb):    1 bos, 11328 kb
TU: info:      vkAllocateMemory(21504kb):    1 bos, 21504 kb
TU: info:       vkAllocateMemory(2452kb):    1 bos, 2452 kb
TU: info:       vkAllocateMemory(9152kb):    1 bos, 9152 kb
TU: info:       vkAllocateMemory(4288kb):    1 bos, 4288 kb
TU: info:       vkAllocateMemory(8640kb):    1 bos, 8640 kb
TU: info:       vkAllocateMemory(5344kb):    1 bos, 5344 kb
TU: info:       vkAllocateMemory(5640kb):    1 bos, 5640 kb
TU: info:       vkAllocateMemory(6912kb):    1 bos, 6912 kb
TU: info:       vkAllocateMemory(6976kb):    1 bos, 6976 kb
TU: info:      vkAllocateMemory(10080kb):    1 bos, 10080 kb
TU: info:       vkAllocateMemory(5760kb):    1 bos, 5760 kb
TU: info:       vkAllocateMemory(3692kb):    1 bos, 3692 kb
TU: info:       vkAllocateMemory(2736kb):    1 bos, 2736 kb
TU: info:       vkAllocateMemory(5888kb):    1 bos, 5888 kb
TU: info:       vkAllocateMemory(6464kb):    1 bos, 6464 kb
TU: info:       vkAllocateMemory(5712kb):    1 bos, 5712 kb
TU: info:       vkAllocateMemory(2816kb):    1 bos, 2816 kb
TU: info:      vkAllocateMemory(24512kb):    1 bos, 24512 kb
TU: info:       vkAllocateMemory(8160kb):    1 bos, 8160 kb
TU: info:       vkAllocateMemory(3132kb):    1 bos, 3132 kb
TU: info:       vkAllocateMemory(4864kb):    1 bos, 4864 kb
TU: info:       vkAllocateMemory(7360kb):    1 bos, 7360 kb
TU: info:       vkAllocateMemory(6552kb):    1 bos, 6552 kb
TU: info:       vkAllocateMemory(3840kb):    1 bos, 3840 kb
TU: info:                descriptor pool:    1 bos, 4 kb
TU: info:       vkAllocateMemory(5464kb):    1 bos, 5464 kb
TU: info:       vkAllocateMemory(2540kb):    1 bos, 2540 kb
TU: info:      vkAllocateMemory(10112kb):    1 bos, 10112 kb
TU: info:                  device sub cs:    1 bos, 4 kb
TU: info:      vkAllocateMemory(11392kb):    1 bos, 11392 kb
TU: info:       vkAllocateMemory(5220kb):    1 bos, 5220 kb
TU: info:      vkAllocateMemory(15936kb):    1 bos, 15936 kb
TU: info:       vkAllocateMemory(8196kb):    1 bos, 8196 kb
TU: info:       vkAllocateMemory(4180kb):    1 bos, 4180 kb
TU: info:       vkAllocateMemory(3740kb):    1 bos, 3740 kb
TU: info:       vkAllocateMemory(2368kb):    1 bos, 2368 kb
TU: info:       vkAllocateMemory(3264kb):    1 bos, 3264 kb
TU: info:       vkAllocateMemory(6000kb):    1 bos, 6000 kb
TU: info:       vkAllocateMemory(3712kb):    1 bos, 3712 kb
TU: info:       vkAllocateMemory(3168kb):    1 bos, 3168 kb
TU: info:       vkAllocateMemory(6144kb):    1 bos, 6144 kb
TU: info:                           tess:    1 bos, 136 kb
TU: info:       vkAllocateMemory(2920kb):    1 bos, 2920 kb
TU: info:     vkAllocateMemory(131072kb):    1 bos, 131072 kb
TU: info:      vkAllocateMemory(14720kb):    1 bos, 14720 kb
TU: info:        vkAllocateMemory(128kb):    1 bos, 128 kb
TU: info:       vkAllocateMemory(5248kb):    1 bos, 5248 kb
TU: info:       vkAllocateMemory(4672kb):    1 bos, 4672 kb
TU: info:       vkAllocateMemory(4824kb):    1 bos, 4824 kb
TU: info:       vkAllocateMemory(8896kb):    1 bos, 8896 kb
TU: info:       vkAllocateMemory(9664kb):    1 bos, 9664 kb
TU: info:       vkAllocateMemory(3136kb):    1 bos, 3136 kb
TU: info:       vkAllocateMemory(7680kb):    1 bos, 7680 kb
TU: info:       vkAllocateMemory(4176kb):    1 bos, 4176 kb
TU: info:       vkAllocateMemory(2056kb):    2 bos, 4112 kb
TU: info:     vkAllocateMemory(187501kb):    2 bos, 375008 kb
TU: info:       vkAllocateMemory(7236kb):    2 bos, 14472 kb
TU: info:       vkAllocateMemory(2944kb):    2 bos, 5888 kb
TU: info:       vkAllocateMemory(1024kb):    2 bos, 2048 kb
TU: info:      vkAllocateMemory(33544kb):    2 bos, 67088 kb
TU: info:       vkAllocateMemory(5472kb):    2 bos, 10944 kb
TU: info:       vkAllocateMemory(9472kb):    2 bos, 18944 kb
TU: info:       vkAllocateMemory(4200kb):    2 bos, 8400 kb
TU: info:       vkAllocateMemory(4032kb):    2 bos, 8064 kb
TU: info:       vkAllocateMemory(4544kb):    2 bos, 9088 kb
TU: info:       vkAllocateMemory(2496kb):    2 bos, 4992 kb
TU: info:       vkAllocateMemory(2720kb):    2 bos, 5440 kb
TU: info:       vkAllocateMemory(4932kb):    2 bos, 9864 kb
TU: info:          vkAllocateMemory(4kb):    2 bos, 8 kb
TU: info:       vkAllocateMemory(7813kb):    2 bos, 15632 kb
TU: info:       vkAllocateMemory(4112kb):    2 bos, 8224 kb
TU: info:       vkAllocateMemory(4896kb):    2 bos, 9792 kb
TU: info:       vkAllocateMemory(4612kb):    3 bos, 13836 kb
TU: info:       vkAllocateMemory(2624kb):    3 bos, 7872 kb
TU: info:       vkAllocateMemory(5120kb):    3 bos, 15360 kb
TU: info:       vkAllocateMemory(2304kb):    3 bos, 6912 kb
TU: info:       vkAllocateMemory(3072kb):    3 bos, 9216 kb
TU: info:         vkAllocateMemory(41kb):    3 bos, 132 kb
TU: info:          vkAllocateMemory(7kb):    3 bos, 24 kb
TU: info:      vkAllocateMemory(10240kb):    3 bos, 30720 kb
TU: info:       vkAllocateMemory(2240kb):    3 bos, 6720 kb
TU: info:      vkAllocateMemory(51200kb):    3 bos, 153600 kb
TU: info:                         pvtmem:    3 bos, 122880 kb
TU: info:       vkAllocateMemory(8192kb):    4 bos, 32768 kb
TU: info:      vkAllocateMemory(43712kb):    4 bos, 174848 kb
TU: info:       vkAllocateMemory(5376kb):    4 bos, 21504 kb
TU: info:       vkAllocateMemory(4608kb):    4 bos, 18432 kb
TU: info:       vkAllocateMemory(8960kb):    4 bos, 35840 kb
TU: info:       vkAllocateMemory(2560kb):    4 bos, 10240 kb
TU: info:       vkAllocateMemory(2176kb):    5 bos, 10880 kb
TU: info:      vkAllocateMemory(21824kb):    5 bos, 109120 kb
TU: info:       vkAllocateMemory(4096kb):    6 bos, 24576 kb
TU: info:       vkAllocateMemory(4028kb):    6 bos, 24168 kb
TU: info:       vkAllocateMemory(2752kb):    6 bos, 16512 kb
TU: info:       vkAllocateMemory(4052kb):    6 bos, 24312 kb
TU: info:       vkAllocateMemory(2208kb):    6 bos, 13248 kb
TU: info:               draw epilogue cs:    9 bos, 144 kb
TU: info:       vkAllocateMemory(2688kb):    9 bos, 24192 kb
TU: info:       vkAllocateMemory(3600kb):   10 bos, 36000 kb
TU: info:       vkAllocateMemory(3624kb):   11 bos, 39864 kb
TU: info:       vkAllocateMemory(2048kb):   17 bos, 34816 kb
TU: info:       vkAllocateMemory(2112kb):   17 bos, 35904 kb
TU: info:                        draw cs:   22 bos, 3088 kb
TU: info:                    draw sub cs:   26 bos, 3144 kb
TU: info:      vkAllocateMemory(16384kb):   66 bos, 1081344 kb
TU: info:                         cmd cs:   93 bos, 3888 kb
TU: info:              pipeline_suballoc: 1796 bos, 229888 kb
TU: info:              embedded samplers: 3025 bos, 12100 kb
TU: info: submitted 5306 bos (3490 MB)
TU: info:       vkAllocateMemory(6624kb):    1 bos, 6624 kb
TU: info:      vkAllocateMemory(24576kb):    1 bos, 24576 kb
TU: info:       vkAllocateMemory(3392kb):    1 bos, 3392 kb
TU: info:       vkAllocateMemory(7424kb):    1 bos, 7424 kb
TU: info:                         global:    1 bos, 532 kb
TU: info:      vkAllocateMemory(10688kb):    1 bos, 10688 kb
TU: info:      vkAllocateMemory(16448kb):    1 bos, 16448 kb
TU: info:       vkAllocateMemory(9280kb):    1 bos, 9280 kb
TU: info:       vkAllocateMemory(4908kb):    1 bos, 4908 kb
TU: info:      vkAllocateMemory(14472kb):    1 bos, 14472 kb
TU: info:       vkAllocateMemory(4340kb):    1 bos, 4340 kb
TU: info:       vkAllocateMemory(8512kb):    1 bos, 8512 kb
TU: info:       vkAllocateMemory(5440kb):    1 bos, 5440 kb
TU: info:       vkAllocateMemory(9224kb):    1 bos, 9224 kb
TU: info:       vkAllocateMemory(4480kb):    1 bos, 4480 kb
TU: info:       vkAllocateMemory(4576kb):    1 bos, 4576 kb
TU: info:                     query pool:    1 bos, 4 kb
TU: info:      vkAllocateMemory(11328kb):    1 bos, 11328 kb
TU: info:      vkAllocateMemory(21504kb):    1 bos, 21504 kb
TU: info:       vkAllocateMemory(2452kb):    1 bos, 2452 kb
TU: info:       vkAllocateMemory(9152kb):    1 bos, 9152 kb
TU: info:       vkAllocateMemory(4288kb):    1 bos, 4288 kb
TU: info:       vkAllocateMemory(8640kb):    1 bos, 8640 kb
TU: info:       vkAllocateMemory(5344kb):    1 bos, 5344 kb
TU: info:       vkAllocateMemory(5640kb):    1 bos, 5640 kb
TU: info:       vkAllocateMemory(6912kb):    1 bos, 6912 kb
TU: info:       vkAllocateMemory(6976kb):    1 bos, 6976 kb
TU: info:      vkAllocateMemory(10080kb):    1 bos, 10080 kb
TU: info:       vkAllocateMemory(5760kb):    1 bos, 5760 kb
TU: info:       vkAllocateMemory(3692kb):    1 bos, 3692 kb
TU: info:       vkAllocateMemory(2736kb):    1 bos, 2736 kb
TU: info:       vkAllocateMemory(5888kb):    1 bos, 5888 kb
TU: info:       vkAllocateMemory(6464kb):    1 bos, 6464 kb
TU: info:       vkAllocateMemory(5712kb):    1 bos, 5712 kb
TU: info:       vkAllocateMemory(2816kb):    1 bos, 2816 kb
TU: info:      vkAllocateMemory(24512kb):    1 bos, 24512 kb
TU: info:       vkAllocateMemory(8160kb):    1 bos, 8160 kb
TU: info:       vkAllocateMemory(3132kb):    1 bos, 3132 kb
TU: info:       vkAllocateMemory(4864kb):    1 bos, 4864 kb
TU: info:       vkAllocateMemory(7360kb):    1 bos, 7360 kb
TU: info:       vkAllocateMemory(6552kb):    1 bos, 6552 kb
TU: info:       vkAllocateMemory(3840kb):    1 bos, 3840 kb
TU: info:                descriptor pool:    1 bos, 4 kb
TU: info:       vkAllocateMemory(5464kb):    1 bos, 5464 kb
TU: info:       vkAllocateMemory(2540kb):    1 bos, 2540 kb
TU: info:      vkAllocateMemory(10112kb):    1 bos, 10112 kb
TU: info:                  device sub cs:    1 bos, 4 kb
TU: info:      vkAllocateMemory(11392kb):    1 bos, 11392 kb
TU: info:       vkAllocateMemory(5220kb):    1 bos, 5220 kb
TU: info:      vkAllocateMemory(15936kb):    1 bos, 15936 kb
TU: info:       vkAllocateMemory(8196kb):    1 bos, 8196 kb
TU: info:       vkAllocateMemory(4180kb):    1 bos, 4180 kb
TU: info:       vkAllocateMemory(3740kb):    1 bos, 3740 kb
TU: info:       vkAllocateMemory(2368kb):    1 bos, 2368 kb
TU: info:       vkAllocateMemory(3264kb):    1 bos, 3264 kb
TU: info:       vkAllocateMemory(6000kb):    1 bos, 6000 kb
TU: info:       vkAllocateMemory(3712kb):    1 bos, 3712 kb
TU: info:       vkAllocateMemory(3168kb):    1 bos, 3168 kb
TU: info:       vkAllocateMemory(6144kb):    1 bos, 6144 kb
TU: info:                           tess:    1 bos, 136 kb
TU: info:       vkAllocateMemory(2920kb):    1 bos, 2920 kb
TU: info:     vkAllocateMemory(131072kb):    1 bos, 131072 kb
TU: info:      vkAllocateMemory(14720kb):    1 bos, 14720 kb
TU: info:        vkAllocateMemory(128kb):    1 bos, 128 kb
TU: info:       vkAllocateMemory(5248kb):    1 bos, 5248 kb
TU: info:       vkAllocateMemory(4672kb):    1 bos, 4672 kb
TU: info:       vkAllocateMemory(4824kb):    1 bos, 4824 kb
TU: info:       vkAllocateMemory(8896kb):    1 bos, 8896 kb
TU: info:       vkAllocateMemory(9664kb):    1 bos, 9664 kb
TU: info:       vkAllocateMemory(3136kb):    1 bos, 3136 kb
TU: info:       vkAllocateMemory(7680kb):    1 bos, 7680 kb
TU: info:       vkAllocateMemory(4176kb):    1 bos, 4176 kb
TU: info:       vkAllocateMemory(2056kb):    2 bos, 4112 kb
TU: info:     vkAllocateMemory(187501kb):    2 bos, 375008 kb
TU: info:       vkAllocateMemory(7236kb):    2 bos, 14472 kb
TU: info:       vkAllocateMemory(2944kb):    2 bos, 5888 kb
TU: info:       vkAllocateMemory(1024kb):    2 bos, 2048 kb
TU: info:      vkAllocateMemory(33544kb):    2 bos, 67088 kb
TU: info:       vkAllocateMemory(5472kb):    2 bos, 10944 kb
TU: info:       vkAllocateMemory(9472kb):    2 bos, 18944 kb
TU: info:       vkAllocateMemory(4200kb):    2 bos, 8400 kb
TU: info:       vkAllocateMemory(4032kb):    2 bos, 8064 kb
TU: info:       vkAllocateMemory(4544kb):    2 bos, 9088 kb
TU: info:       vkAllocateMemory(2496kb):    2 bos, 4992 kb
TU: info:       vkAllocateMemory(2720kb):    2 bos, 5440 kb
TU: info:       vkAllocateMemory(4932kb):    2 bos, 9864 kb
TU: info:          vkAllocateMemory(4kb):    2 bos, 8 kb
TU: info:       vkAllocateMemory(7813kb):    2 bos, 15632 kb
TU: info:       vkAllocateMemory(4112kb):    2 bos, 8224 kb
TU: info:       vkAllocateMemory(4896kb):    2 bos, 9792 kb
TU: info:       vkAllocateMemory(4612kb):    3 bos, 13836 kb
TU: info:       vkAllocateMemory(2624kb):    3 bos, 7872 kb
TU: info:       vkAllocateMemory(5120kb):    3 bos, 15360 kb
TU: info:       vkAllocateMemory(2304kb):    3 bos, 6912 kb
TU: info:       vkAllocateMemory(3072kb):    3 bos, 9216 kb
TU: info:         vkAllocateMemory(41kb):    3 bos, 132 kb
TU: info:          vkAllocateMemory(7kb):    3 bos, 24 kb
TU: info:      vkAllocateMemory(10240kb):    3 bos, 30720 kb
TU: info:       vkAllocateMemory(2240kb):    3 bos, 6720 kb
TU: info:      vkAllocateMemory(51200kb):    3 bos, 153600 kb
TU: info:                         pvtmem:    3 bos, 122880 kb
TU: info:       vkAllocateMemory(8192kb):    4 bos, 32768 kb
TU: info:      vkAllocateMemory(43712kb):    4 bos, 174848 kb
TU: info:       vkAllocateMemory(5376kb):    4 bos, 21504 kb
TU: info:       vkAllocateMemory(4608kb):    4 bos, 18432 kb
TU: info:       vkAllocateMemory(8960kb):    4 bos, 35840 kb
TU: info:       vkAllocateMemory(2560kb):    4 bos, 10240 kb
TU: info:       vkAllocateMemory(2176kb):    5 bos, 10880 kb
TU: info:      vkAllocateMemory(21824kb):    5 bos, 109120 kb
TU: info:       vkAllocateMemory(4096kb):    6 bos, 24576 kb
TU: info:       vkAllocateMemory(4028kb):    6 bos, 24168 kb
TU: info:       vkAllocateMemory(2752kb):    6 bos, 16512 kb
TU: info:       vkAllocateMemory(4052kb):    6 bos, 24312 kb
TU: info:       vkAllocateMemory(2208kb):    6 bos, 13248 kb
TU: info:               draw epilogue cs:    9 bos, 144 kb
TU: info:       vkAllocateMemory(2688kb):    9 bos, 24192 kb
TU: info:       vkAllocateMemory(3600kb):   10 bos, 36000 kb
TU: info:       vkAllocateMemory(3624kb):   11 bos, 39864 kb
TU: info:       vkAllocateMemory(2048kb):   17 bos, 34816 kb
TU: info:       vkAllocateMemory(2112kb):   17 bos, 35904 kb
TU: info:                        draw cs:   22 bos, 3088 kb
TU: info:                    draw sub cs:   26 bos, 3144 kb
TU: info:      vkAllocateMemory(16384kb):   66 bos, 1081344 kb
TU: info:                         cmd cs:   93 bos, 3888 kb
TU: info:              pipeline_suballoc: 1796 bos, 229888 kb
TU: info:              embedded samplers: 3025 bos, 12100 kb
TU: info: submitted 5306 bos (3490 MB)
TU: info:       vkAllocateMemory(6624kb):    1 bos, 6624 kb
TU: info:      vkAllocateMemory(24576kb):    1 bos, 24576 kb
TU: info:       vkAllocateMemory(3392kb):    1 bos, 3392 kb
TU: info:       vkAllocateMemory(7424kb):    1 bos, 7424 kb
TU: info:                         global:    1 bos, 532 kb
TU: info:      vkAllocateMemory(10688kb):    1 bos, 10688 kb
TU: info:      vkAllocateMemory(16448kb):    1 bos, 16448 kb
TU: info:       vkAllocateMemory(9280kb):    1 bos, 9280 kb
TU: info:       vkAllocateMemory(4908kb):    1 bos, 4908 kb
TU: info:      vkAllocateMemory(14472kb):    1 bos, 14472 kb
TU: info:       vkAllocateMemory(4340kb):    1 bos, 4340 kb
TU: info:       vkAllocateMemory(8512kb):    1 bos, 8512 kb
TU: info:       vkAllocateMemory(5440kb):    1 bos, 5440 kb
TU: info:       vkAllocateMemory(9224kb):    1 bos, 9224 kb
TU: info:       vkAllocateMemory(4480kb):    1 bos, 4480 kb
TU: info:       vkAllocateMemory(4576kb):    1 bos, 4576 kb
TU: info:                     query pool:    1 bos, 4 kb
TU: info:      vkAllocateMemory(11328kb):    1 bos, 11328 kb
TU: info:      vkAllocateMemory(21504kb):    1 bos, 21504 kb
TU: info:       vkAllocateMemory(2452kb):    1 bos, 2452 kb
TU: info:       vkAllocateMemory(9152kb):    1 bos, 9152 kb
TU: info:       vkAllocateMemory(4288kb):    1 bos, 4288 kb
TU: info:       vkAllocateMemory(8640kb):    1 bos, 8640 kb
TU: info:       vkAllocateMemory(5344kb):    1 bos, 5344 kb
TU: info:       vkAllocateMemory(5640kb):    1 bos, 5640 kb
TU: info:       vkAllocateMemory(6912kb):    1 bos, 6912 kb
TU: info:       vkAllocateMemory(6976kb):    1 bos, 6976 kb
TU: info:      vkAllocateMemory(10080kb):    1 bos, 10080 kb
TU: info:       vkAllocateMemory(5760kb):    1 bos, 5760 kb
TU: info:       vkAllocateMemory(3692kb):    1 bos, 3692 kb
TU: info:       vkAllocateMemory(2736kb):    1 bos, 2736 kb
TU: info:       vkAllocateMemory(5888kb):    1 bos, 5888 kb
TU: info:       vkAllocateMemory(6464kb):    1 bos, 6464 kb
TU: info:       vkAllocateMemory(5712kb):    1 bos, 5712 kb
TU: info:       vkAllocateMemory(2816kb):    1 bos, 2816 kb
TU: info:      vkAllocateMemory(24512kb):    1 bos, 24512 kb
TU: info:       vkAllocateMemory(8160kb):    1 bos, 8160 kb
TU: info:       vkAllocateMemory(3132kb):    1 bos, 3132 kb
TU: info:       vkAllocateMemory(4864kb):    1 bos, 4864 kb
TU: info:       vkAllocateMemory(7360kb):    1 bos, 7360 kb
TU: info:       vkAllocateMemory(6552kb):    1 bos, 6552 kb
TU: info:       vkAllocateMemory(3840kb):    1 bos, 3840 kb
TU: info:                descriptor pool:    1 bos, 4 kb
TU: info:       vkAllocateMemory(5464kb):    1 bos, 5464 kb
TU: info:       vkAllocateMemory(2540kb):    1 bos, 2540 kb
TU: info:      vkAllocateMemory(10112kb):    1 bos, 10112 kb
TU: info:                  device sub cs:    1 bos, 4 kb
TU: info:      vkAllocateMemory(11392kb):    1 bos, 11392 kb
TU: info:       vkAllocateMemory(5220kb):    1 bos, 5220 kb
TU: info:      vkAllocateMemory(15936kb):    1 bos, 15936 kb
TU: info:       vkAllocateMemory(8196kb):    1 bos, 8196 kb
TU: info:       vkAllocateMemory(4180kb):    1 bos, 4180 kb
TU: info:       vkAllocateMemory(3740kb):    1 bos, 3740 kb
TU: info:       vkAllocateMemory(2368kb):    1 bos, 2368 kb
TU: info:       vkAllocateMemory(3264kb):    1 bos, 3264 kb
TU: info:       vkAllocateMemory(6000kb):    1 bos, 6000 kb
TU: info:       vkAllocateMemory(3712kb):    1 bos, 3712 kb
TU: info:       vkAllocateMemory(3168kb):    1 bos, 3168 kb
TU: info:       vkAllocateMemory(6144kb):    1 bos, 6144 kb
TU: info:                           tess:    1 bos, 136 kb
TU: info:       vkAllocateMemory(2920kb):    1 bos, 2920 kb
TU: info:     vkAllocateMemory(131072kb):    1 bos, 131072 kb
TU: info:      vkAllocateMemory(14720kb):    1 bos, 14720 kb
TU: info:        vkAllocateMemory(128kb):    1 bos, 128 kb
TU: info:       vkAllocateMemory(5248kb):    1 bos, 5248 kb
TU: info:       vkAllocateMemory(4672kb):    1 bos, 4672 kb
TU: info:       vkAllocateMemory(4824kb):    1 bos, 4824 kb
TU: info:       vkAllocateMemory(8896kb):    1 bos, 8896 kb
TU: info:       vkAllocateMemory(9664kb):    1 bos, 9664 kb
TU: info:       vkAllocateMemory(3136kb):    1 bos, 3136 kb
TU: info:       vkAllocateMemory(7680kb):    1 bos, 7680 kb
TU: info:       vkAllocateMemory(4176kb):    1 bos, 4176 kb
TU: info:       vkAllocateMemory(2056kb):    2 bos, 4112 kb
TU: info:     vkAllocateMemory(187501kb):    2 bos, 375008 kb
TU: info:       vkAllocateMemory(7236kb):    2 bos, 14472 kb
TU: info:       vkAllocateMemory(2944kb):    2 bos, 5888 kb
TU: info:       vkAllocateMemory(1024kb):    2 bos, 2048 kb
TU: info:      vkAllocateMemory(33544kb):    2 bos, 67088 kb
TU: info:       vkAllocateMemory(5472kb):    2 bos, 10944 kb
TU: info:       vkAllocateMemory(9472kb):    2 bos, 18944 kb
TU: info:       vkAllocateMemory(4200kb):    2 bos, 8400 kb
TU: info:       vkAllocateMemory(4032kb):    2 bos, 8064 kb
TU: info:       vkAllocateMemory(4544kb):    2 bos, 9088 kb
TU: info:       vkAllocateMemory(2496kb):    2 bos, 4992 kb
TU: info:       vkAllocateMemory(2720kb):    2 bos, 5440 kb
TU: info:       vkAllocateMemory(4932kb):    2 bos, 9864 kb
TU: info:          vkAllocateMemory(4kb):    2 bos, 8 kb
TU: info:       vkAllocateMemory(7813kb):    2 bos, 15632 kb
TU: info:       vkAllocateMemory(4112kb):    2 bos, 8224 kb
TU: info:       vkAllocateMemory(4896kb):    2 bos, 9792 kb
TU: info:       vkAllocateMemory(4612kb):    3 bos, 13836 kb
TU: info:       vkAllocateMemory(2624kb):    3 bos, 7872 kb
TU: info:       vkAllocateMemory(5120kb):    3 bos, 15360 kb
TU: info:       vkAllocateMemory(2304kb):    3 bos, 6912 kb
TU: info:       vkAllocateMemory(3072kb):    3 bos, 9216 kb
TU: info:         vkAllocateMemory(41kb):    3 bos, 132 kb
TU: info:          vkAllocateMemory(7kb):    3 bos, 24 kb
TU: info:      vkAllocateMemory(10240kb):    3 bos, 30720 kb
TU: info:       vkAllocateMemory(2240kb):    3 bos, 6720 kb
TU: info:      vkAllocateMemory(51200kb):    3 bos, 153600 kb
TU: info:                         pvtmem:    3 bos, 122880 kb
TU: info:       vkAllocateMemory(8192kb):    4 bos, 32768 kb
TU: info:      vkAllocateMemory(43712kb):    4 bos, 174848 kb
TU: info:       vkAllocateMemory(5376kb):    4 bos, 21504 kb
TU: info:       vkAllocateMemory(4608kb):    4 bos, 18432 kb
TU: info:       vkAllocateMemory(8960kb):    4 bos, 35840 kb
TU: info:       vkAllocateMemory(2560kb):    4 bos, 10240 kb
TU: info:       vkAllocateMemory(2176kb):    5 bos, 10880 kb
TU: info:      vkAllocateMemory(21824kb):    5 bos, 109120 kb
TU: info:       vkAllocateMemory(4096kb):    6 bos, 24576 kb
TU: info:       vkAllocateMemory(4028kb):    6 bos, 24168 kb
TU: info:       vkAllocateMemory(2752kb):    6 bos, 16512 kb
TU: info:       vkAllocateMemory(4052kb):    6 bos, 24312 kb
TU: info:       vkAllocateMemory(2208kb):    6 bos, 13248 kb
TU: info:               draw epilogue cs:    9 bos, 144 kb
TU: info:       vkAllocateMemory(2688kb):    9 bos, 24192 kb
TU: info:       vkAllocateMemory(3600kb):   10 bos, 36000 kb
TU: info:       vkAllocateMemory(3624kb):   11 bos, 39864 kb
TU: info:       vkAllocateMemory(2048kb):   17 bos, 34816 kb
TU: info:       vkAllocateMemory(2112kb):   17 bos, 35904 kb
TU: info:                        draw cs:   22 bos, 3088 kb
TU: info:                    draw sub cs:   26 bos, 3144 kb
TU: info:      vkAllocateMemory(16384kb):   66 bos, 1081344 kb
TU: info:                         cmd cs:   93 bos, 3888 kb
TU: info:              pipeline_suballoc: 1796 bos, 229888 kb
TU: info:              embedded samplers: 3025 bos, 12100 kb
TU: info: submitted 5306 bos (3490 MB)
TU: info:       vkAllocateMemory(6624kb):    1 bos, 6624 kb
TU: info:      vkAllocateMemory(24576kb):    1 bos, 24576 kb
TU: info:       vkAllocateMemory(3392kb):    1 bos, 3392 kb
TU: info:       vkAllocateMemory(7424kb):    1 bos, 7424 kb
TU: info:                         global:    1 bos, 532 kb
TU: info:      vkAllocateMemory(10688kb):    1 bos, 10688 kb
TU: info:      vkAllocateMemory(16448kb):    1 bos, 16448 kb
TU: info:       vkAllocateMemory(9280kb):    1 bos, 9280 kb
TU: info:       vkAllocateMemory(4908kb):    1 bos, 4908 kb
TU: info:      vkAllocateMemory(14472kb):    1 bos, 14472 kb
TU: info:       vkAllocateMemory(4340kb):    1 bos, 4340 kb
TU: info:       vkAllocateMemory(8512kb):    1 bos, 8512 kb
TU: info:       vkAllocateMemory(5440kb):    1 bos, 5440 kb
TU: info:       vkAllocateMemory(9224kb):    1 bos, 9224 kb
TU: info:       vkAllocateMemory(4480kb):    1 bos, 4480 kb
TU: info:       vkAllocateMemory(4576kb):    1 bos, 4576 kb
TU: info:                     query pool:    1 bos, 4 kb
TU: info:      vkAllocateMemory(11328kb):    1 bos, 11328 kb
TU: info:      vkAllocateMemory(21504kb):    1 bos, 21504 kb
TU: info:       vkAllocateMemory(2452kb):    1 bos, 2452 kb
TU: info:       vkAllocateMemory(9152kb):    1 bos, 9152 kb
TU: info:       vkAllocateMemory(4288kb):    1 bos, 4288 kb
TU: info:       vkAllocateMemory(8640kb):    1 bos, 8640 kb
TU: info:       vkAllocateMemory(5344kb):    1 bos, 5344 kb
TU: info:       vkAllocateMemory(5640kb):    1 bos, 5640 kb
TU: info:       vkAllocateMemory(6912kb):    1 bos, 6912 kb
TU: info:       vkAllocateMemory(6976kb):    1 bos, 6976 kb
TU: info:      vkAllocateMemory(10080kb):    1 bos, 10080 kb
TU: info:       vkAllocateMemory(5760kb):    1 bos, 5760 kb
TU: info:       vkAllocateMemory(3692kb):    1 bos, 3692 kb
TU: info:       vkAllocateMemory(2736kb):    1 bos, 2736 kb
TU: info:       vkAllocateMemory(5888kb):    1 bos, 5888 kb
TU: info:       vkAllocateMemory(6464kb):    1 bos, 6464 kb
TU: info:       vkAllocateMemory(5712kb):    1 bos, 5712 kb
TU: info:       vkAllocateMemory(2816kb):    1 bos, 2816 kb
TU: info:      vkAllocateMemory(24512kb):    1 bos, 24512 kb
TU: info:       vkAllocateMemory(8160kb):    1 bos, 8160 kb
TU: info:       vkAllocateMemory(3132kb):    1 bos, 3132 kb
TU: info:       vkAllocateMemory(4864kb):    1 bos, 4864 kb
TU: info:       vkAllocateMemory(7360kb):    1 bos, 7360 kb
TU: info:       vkAllocateMemory(6552kb):    1 bos, 6552 kb
TU: info:       vkAllocateMemory(3840kb):    1 bos, 3840 kb
TU: info:                descriptor pool:    1 bos, 4 kb
TU: info:       vkAllocateMemory(5464kb):    1 bos, 5464 kb
TU: info:       vkAllocateMemory(2540kb):    1 bos, 2540 kb
TU: info:      vkAllocateMemory(10112kb):    1 bos, 10112 kb
TU: info:                  device sub cs:    1 bos, 4 kb
TU: info:      vkAllocateMemory(11392kb):    1 bos, 11392 kb
TU: info:       vkAllocateMemory(5220kb):    1 bos, 5220 kb
TU: info:      vkAllocateMemory(15936kb):    1 bos, 15936 kb
TU: info:       vkAllocateMemory(8196kb):    1 bos, 8196 kb
TU: info:       vkAllocateMemory(4180kb):    1 bos, 4180 kb
TU: info:       vkAllocateMemory(3740kb):    1 bos, 3740 kb
TU: info:       vkAllocateMemory(2368kb):    1 bos, 2368 kb
TU: info:       vkAllocateMemory(3264kb):    1 bos, 3264 kb
TU: info:       vkAllocateMemory(6000kb):    1 bos, 6000 kb
TU: info:       vkAllocateMemory(3712kb):    1 bos, 3712 kb
TU: info:       vkAllocateMemory(3168kb):    1 bos, 3168 kb
TU: info:       vkAllocateMemory(6144kb):    1 bos, 6144 kb
TU: info:                           tess:    1 bos, 136 kb
TU: info:       vkAllocateMemory(2920kb):    1 bos, 2920 kb
TU: info:     vkAllocateMemory(131072kb):    1 bos, 131072 kb
TU: info:      vkAllocateMemory(14720kb):    1 bos, 14720 kb
TU: info:        vkAllocateMemory(128kb):    1 bos, 128 kb
TU: info:       vkAllocateMemory(5248kb):    1 bos, 5248 kb
TU: info:       vkAllocateMemory(4672kb):    1 bos, 4672 kb
TU: info:       vkAllocateMemory(4824kb):    1 bos, 4824 kb
TU: info:       vkAllocateMemory(8896kb):    1 bos, 8896 kb
TU: info:       vkAllocateMemory(9664kb):    1 bos, 9664 kb
TU: info:       vkAllocateMemory(3136kb):    1 bos, 3136 kb
TU: info:       vkAllocateMemory(7680kb):    1 bos, 7680 kb
TU: info:       vkAllocateMemory(4176kb):    1 bos, 4176 kb
TU: info:       vkAllocateMemory(2056kb):    2 bos, 4112 kb
TU: info:     vkAllocateMemory(187501kb):    2 bos, 375008 kb
TU: info:       vkAllocateMemory(7236kb):    2 bos, 14472 kb
TU: info:       vkAllocateMemory(2944kb):    2 bos, 5888 kb
TU: info:       vkAllocateMemory(1024kb):    2 bos, 2048 kb
TU: info:      vkAllocateMemory(33544kb):    2 bos, 67088 kb
TU: info:       vkAllocateMemory(5472kb):    2 bos, 10944 kb
TU: info:       vkAllocateMemory(9472kb):    2 bos, 18944 kb
TU: info:       vkAllocateMemory(4200kb):    2 bos, 8400 kb
TU: info:       vkAllocateMemory(4032kb):    2 bos, 8064 kb
TU: info:       vkAllocateMemory(4544kb):    2 bos, 9088 kb
TU: info:       vkAllocateMemory(2496kb):    2 bos, 4992 kb
TU: info:       vkAllocateMemory(2720kb):    2 bos, 5440 kb
TU: info:       vkAllocateMemory(4932kb):    2 bos, 9864 kb
TU: info:          vkAllocateMemory(4kb):    2 bos, 8 kb
TU: info:       vkAllocateMemory(7813kb):    2 bos, 15632 kb
TU: info:       vkAllocateMemory(4112kb):    2 bos, 8224 kb
TU: info:       vkAllocateMemory(4896kb):    2 bos, 9792 kb
TU: info:       vkAllocateMemory(4612kb):    3 bos, 13836 kb
TU: info:       vkAllocateMemory(2624kb):    3 bos, 7872 kb
TU: info:       vkAllocateMemory(5120kb):    3 bos, 15360 kb
TU: info:       vkAllocateMemory(2304kb):    3 bos, 6912 kb
TU: info:       vkAllocateMemory(3072kb):    3 bos, 9216 kb
TU: info:         vkAllocateMemory(41kb):    3 bos, 132 kb
TU: info:          vkAllocateMemory(7kb):    3 bos, 24 kb
TU: info:      vkAllocateMemory(10240kb):    3 bos, 30720 kb
TU: info:       vkAllocateMemory(2240kb):    3 bos, 6720 kb
TU: info:      vkAllocateMemory(51200kb):    3 bos, 153600 kb
TU: info:                         pvtmem:    3 bos, 122880 kb
TU: info:       vkAllocateMemory(8192kb):    4 bos, 32768 kb
TU: info:      vkAllocateMemory(43712kb):    4 bos, 174848 kb
TU: info:       vkAllocateMemory(5376kb):    4 bos, 21504 kb
TU: info:       vkAllocateMemory(4608kb):    4 bos, 18432 kb
TU: info:       vkAllocateMemory(8960kb):    4 bos, 35840 kb
TU: info:       vkAllocateMemory(2560kb):    4 bos, 10240 kb
TU: info:       vkAllocateMemory(2176kb):    5 bos, 10880 kb
TU: info:      vkAllocateMemory(21824kb):    5 bos, 109120 kb
TU: info:       vkAllocateMemory(4096kb):    6 bos, 24576 kb
TU: info:       vkAllocateMemory(4028kb):    6 bos, 24168 kb
TU: info:       vkAllocateMemory(2752kb):    6 bos, 16512 kb
TU: info:       vkAllocateMemory(4052kb):    6 bos, 24312 kb
TU: info:       vkAllocateMemory(2208kb):    6 bos, 13248 kb
TU: info:               draw epilogue cs:    9 bos, 144 kb
TU: info:       vkAllocateMemory(2688kb):    9 bos, 24192 kb
TU: info:       vkAllocateMemory(3600kb):   10 bos, 36000 kb
TU: info:       vkAllocateMemory(3624kb):   11 bos, 39864 kb
TU: info:       vkAllocateMemory(2048kb):   17 bos, 34816 kb
TU: info:       vkAllocateMemory(2112kb):   17 bos, 35904 kb
TU: info:                        draw cs:   22 bos, 3088 kb
TU: info:                    draw sub cs:   26 bos, 3144 kb
TU: info:      vkAllocateMemory(16384kb):   66 bos, 1081344 kb
TU: info:                         cmd cs:   93 bos, 3888 kb
TU: info:              pipeline_suballoc: 1796 bos, 229888 kb
TU: info:              embedded samplers: 3025 bos, 12100 kb
TU: info: submitted 5306 bos (3490 MB)
TU: info:       vkAllocateMemory(6624kb):    1 bos, 6624 kb
TU: info:      vkAllocateMemory(24576kb):    1 bos, 24576 kb
TU: info:       vkAllocateMemory(3392kb):    1 bos, 3392 kb
TU: info:       vkAllocateMemory(7424kb):    1 bos, 7424 kb
TU: info:                         global:    1 bos, 532 kb
TU: info:      vkAllocateMemory(10688kb):    1 bos, 10688 kb
TU: info:      vkAllocateMemory(16448kb):    1 bos, 16448 kb
TU: info:       vkAllocateMemory(9280kb):    1 bos, 9280 kb
TU: info:       vkAllocateMemory(4908kb):    1 bos, 4908 kb
TU: info:      vkAllocateMemory(14472kb):    1 bos, 14472 kb
TU: info:       vkAllocateMemory(4340kb):    1 bos, 4340 kb
TU: info:       vkAllocateMemory(8512kb):    1 bos, 8512 kb
TU: info:       vkAllocateMemory(5440kb):    1 bos, 5440 kb
TU: info:       vkAllocateMemory(9224kb):    1 bos, 9224 kb
TU: info:       vkAllocateMemory(4480kb):    1 bos, 4480 kb
TU: info:       vkAllocateMemory(4576kb):    1 bos, 4576 kb
TU: info:                     query pool:    1 bos, 4 kb
TU: info:      vkAllocateMemory(11328kb):    1 bos, 11328 kb
TU: info:      vkAllocateMemory(21504kb):    1 bos, 21504 kb
TU: info:       vkAllocateMemory(2452kb):    1 bos, 2452 kb
TU: info:       vkAllocateMemory(9152kb):    1 bos, 9152 kb
TU: info:       vkAllocateMemory(4288kb):    1 bos, 4288 kb
TU: info:       vkAllocateMemory(8640kb):    1 bos, 8640 kb
TU: info:       vkAllocateMemory(5344kb):    1 bos, 5344 kb
TU: info:       vkAllocateMemory(5640kb):    1 bos, 5640 kb
TU: info:       vkAllocateMemory(6912kb):    1 bos, 6912 kb
TU: info:       vkAllocateMemory(6976kb):    1 bos, 6976 kb
TU: info:      vkAllocateMemory(10080kb):    1 bos, 10080 kb
TU: info:       vkAllocateMemory(5760kb):    1 bos, 5760 kb
TU: info:       vkAllocateMemory(3692kb):    1 bos, 3692 kb
TU: info:       vkAllocateMemory(2736kb):    1 bos, 2736 kb
TU: info:       vkAllocateMemory(5888kb):    1 bos, 5888 kb
TU: info:       vkAllocateMemory(6464kb):    1 bos, 6464 kb
TU: info:       vkAllocateMemory(5712kb):    1 bos, 5712 kb
TU: info:       vkAllocateMemory(2816kb):    1 bos, 2816 kb
TU: info:      vkAllocateMemory(24512kb):    1 bos, 24512 kb
TU: info:       vkAllocateMemory(8160kb):    1 bos, 8160 kb
TU: info:       vkAllocateMemory(3132kb):    1 bos, 3132 kb
TU: info:       vkAllocateMemory(4864kb):    1 bos, 4864 kb
TU: info:       vkAllocateMemory(7360kb):    1 bos, 7360 kb
TU: info:       vkAllocateMemory(6552kb):    1 bos, 6552 kb
TU: info:       vkAllocateMemory(3840kb):    1 bos, 3840 kb
TU: info:                descriptor pool:    1 bos, 4 kb
TU: info:       vkAllocateMemory(5464kb):    1 bos, 5464 kb
TU: info:       vkAllocateMemory(2540kb):    1 bos, 2540 kb
TU: info:      vkAllocateMemory(10112kb):    1 bos, 10112 kb
TU: info:                  device sub cs:    1 bos, 4 kb
TU: info:      vkAllocateMemory(11392kb):    1 bos, 11392 kb
TU: info:       vkAllocateMemory(5220kb):    1 bos, 5220 kb
TU: info:      vkAllocateMemory(15936kb):    1 bos, 15936 kb
TU: info:       vkAllocateMemory(8196kb):    1 bos, 8196 kb
TU: info:       vkAllocateMemory(4180kb):    1 bos, 4180 kb
TU: info:       vkAllocateMemory(3740kb):    1 bos, 3740 kb
TU: info:       vkAllocateMemory(2368kb):    1 bos, 2368 kb
TU: info:       vkAllocateMemory(3264kb):    1 bos, 3264 kb
TU: info:       vkAllocateMemory(6000kb):    1 bos, 6000 kb
TU: info:       vkAllocateMemory(3712kb):    1 bos, 3712 kb
TU: info:       vkAllocateMemory(3168kb):    1 bos, 3168 kb
TU: info:       vkAllocateMemory(6144kb):    1 bos, 6144 kb
TU: info:                           tess:    1 bos, 136 kb
TU: info:       vkAllocateMemory(2920kb):    1 bos, 2920 kb
TU: info:     vkAllocateMemory(131072kb):    1 bos, 131072 kb
TU: info:      vkAllocateMemory(14720kb):    1 bos, 14720 kb
TU: info:        vkAllocateMemory(128kb):    1 bos, 128 kb
TU: info:       vkAllocateMemory(5248kb):    1 bos, 5248 kb
TU: info:       vkAllocateMemory(4672kb):    1 bos, 4672 kb
TU: info:       vkAllocateMemory(4824kb):    1 bos, 4824 kb
TU: info:       vkAllocateMemory(8896kb):    1 bos, 8896 kb
TU: info:       vkAllocateMemory(9664kb):    1 bos, 9664 kb
TU: info:       vkAllocateMemory(3136kb):    1 bos, 3136 kb
TU: info:       vkAllocateMemory(7680kb):    1 bos, 7680 kb
TU: info:       vkAllocateMemory(4176kb):    1 bos, 4176 kb
TU: info:       vkAllocateMemory(2056kb):    2 bos, 4112 kb
TU: info:     vkAllocateMemory(187501kb):    2 bos, 375008 kb
TU: info:       vkAllocateMemory(7236kb):    2 bos, 14472 kb
TU: info:       vkAllocateMemory(2944kb):    2 bos, 5888 kb
TU: info:       vkAllocateMemory(1024kb):    2 bos, 2048 kb
TU: info:      vkAllocateMemory(33544kb):    2 bos, 67088 kb
TU: info:       vkAllocateMemory(5472kb):    2 bos, 10944 kb
TU: info:       vkAllocateMemory(9472kb):    2 bos, 18944 kb
TU: info:       vkAllocateMemory(4200kb):    2 bos, 8400 kb
TU: info:       vkAllocateMemory(4032kb):    2 bos, 8064 kb
TU: info:       vkAllocateMemory(4544kb):    2 bos, 9088 kb
TU: info:       vkAllocateMemory(2496kb):    2 bos, 4992 kb
TU: info:       vkAllocateMemory(2720kb):    2 bos, 5440 kb
TU: info:       vkAllocateMemory(4932kb):    2 bos, 9864 kb
TU: info:          vkAllocateMemory(4kb):    2 bos, 8 kb
TU: info:       vkAllocateMemory(7813kb):    2 bos, 15632 kb
TU: info:       vkAllocateMemory(4112kb):    2 bos, 8224 kb
TU: info:       vkAllocateMemory(4896kb):    2 bos, 9792 kb
TU: info:       vkAllocateMemory(4612kb):    3 bos, 13836 kb
TU: info:       vkAllocateMemory(2624kb):    3 bos, 7872 kb
TU: info:       vkAllocateMemory(5120kb):    3 bos, 15360 kb
TU: info:       vkAllocateMemory(2304kb):    3 bos, 6912 kb
TU: info:       vkAllocateMemory(3072kb):    3 bos, 9216 kb
TU: info:         vkAllocateMemory(41kb):    3 bos, 132 kb
TU: info:          vkAllocateMemory(7kb):    3 bos, 24 kb
TU: info:      vkAllocateMemory(10240kb):    3 bos, 30720 kb
TU: info:       vkAllocateMemory(2240kb):    3 bos, 6720 kb
TU: info:      vkAllocateMemory(51200kb):    3 bos, 153600 kb
TU: info:                         pvtmem:    3 bos, 122880 kb
TU: info:       vkAllocateMemory(8192kb):    4 bos, 32768 kb
TU: info:      vkAllocateMemory(43712kb):    4 bos, 174848 kb
TU: info:       vkAllocateMemory(5376kb):    4 bos, 21504 kb
TU: info:       vkAllocateMemory(4608kb):    4 bos, 18432 kb
TU: info:       vkAllocateMemory(8960kb):    4 bos, 35840 kb
TU: info:       vkAllocateMemory(2560kb):    4 bos, 10240 kb
TU: info:       vkAllocateMemory(2176kb):    5 bos, 10880 kb
TU: info:      vkAllocateMemory(21824kb):    5 bos, 109120 kb
TU: info:       vkAllocateMemory(4096kb):    6 bos, 24576 kb
TU: info:       vkAllocateMemory(4028kb):    6 bos, 24168 kb
TU: info:       vkAllocateMemory(2752kb):    6 bos, 16512 kb
TU: info:       vkAllocateMemory(4052kb):    6 bos, 24312 kb
TU: info:       vkAllocateMemory(2208kb):    6 bos, 13248 kb
TU: info:               draw epilogue cs:    9 bos, 144 kb
TU: info:       vkAllocateMemory(2688kb):    9 bos, 24192 kb
TU: info:       vkAllocateMemory(3600kb):   10 bos, 36000 kb
TU: info:       vkAllocateMemory(3624kb):   11 bos, 39864 kb
TU: info:       vkAllocateMemory(2048kb):   17 bos, 34816 kb
TU: info:       vkAllocateMemory(2112kb):   17 bos, 35904 kb
TU: info:                        draw cs:   22 bos, 3088 kb
TU: info:                    draw sub cs:   26 bos, 3144 kb
TU: info:      vkAllocateMemory(16384kb):   66 bos, 1081344 kb
TU: info:                         cmd cs:   93 bos, 3888 kb
TU: info:              pipeline_suballoc: 1796 bos, 229888 kb
TU: info:              embedded samplers: 3025 bos, 12100 kb
TU: info: submitted 5306 bos (3490 MB)
TU: info:       vkAllocateMemory(6624kb):    1 bos, 6624 kb
TU: info:      vkAllocateMemory(24576kb):    1 bos, 24576 kb
TU: info:       vkAllocateMemory(3392kb):    1 bos, 3392 kb
TU: info:       vkAllocateMemory(7424kb):    1 bos, 7424 kb
TU: info:                         global:    1 bos, 532 kb
TU: info:      vkAllocateMemory(10688kb):    1 bos, 10688 kb
TU: info:      vkAllocateMemory(16448kb):    1 bos, 16448 kb
TU: info:       vkAllocateMemory(9280kb):    1 bos, 9280 kb
TU: info:       vkAllocateMemory(4908kb):    1 bos, 4908 kb
TU: info:      vkAllocateMemory(14472kb):    1 bos, 14472 kb
TU: info:       vkAllocateMemory(4340kb):    1 bos, 4340 kb
TU: info:       vkAllocateMemory(8512kb):    1 bos, 8512 kb
TU: info:       vkAllocateMemory(5440kb):    1 bos, 5440 kb
TU: info:       vkAllocateMemory(9224kb):    1 bos, 9224 kb
TU: info:       vkAllocateMemory(4480kb):    1 bos, 4480 kb
TU: info:       vkAllocateMemory(4576kb):    1 bos, 4576 kb
TU: info:                     query pool:    1 bos, 4 kb
TU: info:      vkAllocateMemory(11328kb):    1 bos, 11328 kb
TU: info:      vkAllocateMemory(21504kb):    1 bos, 21504 kb
TU: info:       vkAllocateMemory(2452kb):    1 bos, 2452 kb
TU: info:       vkAllocateMemory(9152kb):    1 bos, 9152 kb
TU: info:       vkAllocateMemory(4288kb):    1 bos, 4288 kb
TU: info:       vkAllocateMemory(8640kb):    1 bos, 8640 kb
TU: info:       vkAllocateMemory(5344kb):    1 bos, 5344 kb
TU: info:       vkAllocateMemory(5640kb):    1 bos, 5640 kb
TU: info:       vkAllocateMemory(6912kb):    1 bos, 6912 kb
TU: info:       vkAllocateMemory(6976kb):    1 bos, 6976 kb
TU: info:      vkAllocateMemory(10080kb):    1 bos, 10080 kb
TU: info:       vkAllocateMemory(5760kb):    1 bos, 5760 kb
TU: info:       vkAllocateMemory(3692kb):    1 bos, 3692 kb
TU: info:       vkAllocateMemory(2736kb):    1 bos, 2736 kb
TU: info:       vkAllocateMemory(5888kb):    1 bos, 5888 kb
TU: info:       vkAllocateMemory(6464kb):    1 bos, 6464 kb
TU: info:       vkAllocateMemory(5712kb):    1 bos, 5712 kb
TU: info:       vkAllocateMemory(2816kb):    1 bos, 2816 kb
TU: info:      vkAllocateMemory(24512kb):    1 bos, 24512 kb
TU: info:       vkAllocateMemory(8160kb):    1 bos, 8160 kb
TU: info:       vkAllocateMemory(3132kb):    1 bos, 3132 kb
TU: info:       vkAllocateMemory(4864kb):    1 bos, 4864 kb
TU: info:       vkAllocateMemory(7360kb):    1 bos, 7360 kb
TU: info:       vkAllocateMemory(6552kb):    1 bos, 6552 kb
TU: info:       vkAllocateMemory(3840kb):    1 bos, 3840 kb
TU: info:                descriptor pool:    1 bos, 4 kb
TU: info:       vkAllocateMemory(5464kb):    1 bos, 5464 kb
TU: info:       vkAllocateMemory(2540kb):    1 bos, 2540 kb
TU: info:      vkAllocateMemory(10112kb):    1 bos, 10112 kb
TU: info:                  device sub cs:    1 bos, 4 kb
TU: info:      vkAllocateMemory(11392kb):    1 bos, 11392 kb
TU: info:       vkAllocateMemory(5220kb):    1 bos, 5220 kb
TU: info:      vkAllocateMemory(15936kb):    1 bos, 15936 kb
TU: info:       vkAllocateMemory(8196kb):    1 bos, 8196 kb
TU: info:       vkAllocateMemory(4180kb):    1 bos, 4180 kb
TU: info:       vkAllocateMemory(3740kb):    1 bos, 3740 kb
TU: info:       vkAllocateMemory(2368kb):    1 bos, 2368 kb
TU: info:       vkAllocateMemory(3264kb):    1 bos, 3264 kb
TU: info:       vkAllocateMemory(6000kb):    1 bos, 6000 kb
TU: info:       vkAllocateMemory(3712kb):    1 bos, 3712 kb
TU: info:       vkAllocateMemory(3168kb):    1 bos, 3168 kb
TU: info:       vkAllocateMemory(6144kb):    1 bos, 6144 kb
TU: info:                           tess:    1 bos, 136 kb
TU: info:       vkAllocateMemory(2920kb):    1 bos, 2920 kb
TU: info:     vkAllocateMemory(131072kb):    1 bos, 131072 kb
TU: info:      vkAllocateMemory(14720kb):    1 bos, 14720 kb
TU: info:        vkAllocateMemory(128kb):    1 bos, 128 kb
TU: info:       vkAllocateMemory(5248kb):    1 bos, 5248 kb
TU: info:       vkAllocateMemory(4672kb):    1 bos, 4672 kb
TU: info:       vkAllocateMemory(4824kb):    1 bos, 4824 kb
TU: info:       vkAllocateMemory(8896kb):    1 bos, 8896 kb
TU: info:       vkAllocateMemory(9664kb):    1 bos, 9664 kb
TU: info:       vkAllocateMemory(3136kb):    1 bos, 3136 kb
TU: info:       vkAllocateMemory(7680kb):    1 bos, 7680 kb
TU: info:       vkAllocateMemory(4176kb):    1 bos, 4176 kb
TU: info:       vkAllocateMemory(2056kb):    2 bos, 4112 kb
TU: info:     vkAllocateMemory(187501kb):    2 bos, 375008 kb
TU: info:       vkAllocateMemory(7236kb):    2 bos, 14472 kb
TU: info:       vkAllocateMemory(2944kb):    2 bos, 5888 kb
TU: info:       vkAllocateMemory(1024kb):    2 bos, 2048 kb
TU: info:      vkAllocateMemory(33544kb):    2 bos, 67088 kb
TU: info:       vkAllocateMemory(5472kb):    2 bos, 10944 kb
TU: info:       vkAllocateMemory(9472kb):    2 bos, 18944 kb
TU: info:       vkAllocateMemory(4200kb):    2 bos, 8400 kb
TU: info:       vkAllocateMemory(4032kb):    2 bos, 8064 kb
TU: info:       vkAllocateMemory(4544kb):    2 bos, 9088 kb
TU: info:       vkAllocateMemory(2496kb):    2 bos, 4992 kb
TU: info:       vkAllocateMemory(2720kb):    2 bos, 5440 kb
TU: info:       vkAllocateMemory(4932kb):    2 bos, 9864 kb
TU: info:          vkAllocateMemory(4kb):    2 bos, 8 kb
TU: info:       vkAllocateMemory(7813kb):    2 bos, 15632 kb
TU: info:       vkAllocateMemory(4112kb):    2 bos, 8224 kb
TU: info:       vkAllocateMemory(4896kb):    2 bos, 9792 kb
TU: info:       vkAllocateMemory(4612kb):    3 bos, 13836 kb
TU: info:       vkAllocateMemory(2624kb):    3 bos, 7872 kb
TU: info:       vkAllocateMemory(5120kb):    3 bos, 15360 kb
TU: info:       vkAllocateMemory(2304kb):    3 bos, 6912 kb
TU: info:       vkAllocateMemory(3072kb):    3 bos, 9216 kb
TU: info:         vkAllocateMemory(41kb):    3 bos, 132 kb
TU: info:          vkAllocateMemory(7kb):    3 bos, 24 kb
TU: info:      vkAllocateMemory(10240kb):    3 bos, 30720 kb
TU: info:       vkAllocateMemory(2240kb):    3 bos, 6720 kb
TU: info:      vkAllocateMemory(51200kb):    3 bos, 153600 kb
TU: info:                         pvtmem:    3 bos, 122880 kb
TU: info:       vkAllocateMemory(8192kb):    4 bos, 32768 kb
TU: info:      vkAllocateMemory(43712kb):    4 bos, 174848 kb
TU: info:       vkAllocateMemory(5376kb):    4 bos, 21504 kb
TU: info:       vkAllocateMemory(4608kb):    4 bos, 18432 kb
TU: info:       vkAllocateMemory(8960kb):    4 bos, 35840 kb
TU: info:       vkAllocateMemory(2560kb):    4 bos, 10240 kb
TU: info:       vkAllocateMemory(2176kb):    5 bos, 10880 kb
TU: info:      vkAllocateMemory(21824kb):    5 bos, 109120 kb
TU: info:       vkAllocateMemory(4096kb):    6 bos, 24576 kb
TU: info:       vkAllocateMemory(4028kb):    6 bos, 24168 kb
TU: info:       vkAllocateMemory(2752kb):    6 bos, 16512 kb
TU: info:       vkAllocateMemory(4052kb):    6 bos, 24312 kb
TU: info:       vkAllocateMemory(2208kb):    6 bos, 13248 kb
TU: info:               draw epilogue cs:    9 bos, 144 kb
TU: info:       vkAllocateMemory(2688kb):    9 bos, 24192 kb
TU: info:       vkAllocateMemory(3600kb):   10 bos, 36000 kb
TU: info:       vkAllocateMemory(3624kb):   11 bos, 39864 kb
TU: info:       vkAllocateMemory(2048kb):   17 bos, 34816 kb
TU: info:       vkAllocateMemory(2112kb):   17 bos, 35904 kb
TU: info:                        draw cs:   22 bos, 3088 kb
TU: info:                    draw sub cs:   26 bos, 3144 kb
TU: info:      vkAllocateMemory(16384kb):   66 bos, 1081344 kb
TU: info:                         cmd cs:   93 bos, 3888 kb
TU: info:              pipeline_suballoc: 1796 bos, 229888 kb
TU: info:              embedded samplers: 3025 bos, 12100 kb
TU: info: submitted 5306 bos (3490 MB)
TU: info:       vkAllocateMemory(6624kb):    1 bos, 6624 kb
TU: info:      vkAllocateMemory(24576kb):    1 bos, 24576 kb
TU: info:       vkAllocateMemory(3392kb):    1 bos, 3392 kb
TU: info:       vkAllocateMemory(7424kb):    1 bos, 7424 kb
TU: info:                         global:    1 bos, 532 kb
TU: info:      vkAllocateMemory(10688kb):    1 bos, 10688 kb
TU: info:      vkAllocateMemory(16448kb):    1 bos, 16448 kb
TU: info:       vkAllocateMemory(9280kb):    1 bos, 9280 kb
TU: info:       vkAllocateMemory(4908kb):    1 bos, 4908 kb
TU: info:      vkAllocateMemory(14472kb):    1 bos, 14472 kb
TU: info:       vkAllocateMemory(4340kb):    1 bos, 4340 kb
TU: info:       vkAllocateMemory(8512kb):    1 bos, 8512 kb
TU: info:       vkAllocateMemory(5440kb):    1 bos, 5440 kb
TU: info:       vkAllocateMemory(9224kb):    1 bos, 9224 kb
TU: info:       vkAllocateMemory(4480kb):    1 bos, 4480 kb
TU: info:       vkAllocateMemory(4576kb):    1 bos, 4576 kb
TU: info:                     query pool:    1 bos, 4 kb
TU: info:      vkAllocateMemory(11328kb):    1 bos, 11328 kb
TU: info:      vkAllocateMemory(21504kb):    1 bos, 21504 kb
TU: info:       vkAllocateMemory(2452kb):    1 bos, 2452 kb
TU: info:       vkAllocateMemory(9152kb):    1 bos, 9152 kb
TU: info:       vkAllocateMemory(4288kb):    1 bos, 4288 kb
TU: info:       vkAllocateMemory(8640kb):    1 bos, 8640 kb
TU: info:       vkAllocateMemory(5344kb):    1 bos, 5344 kb
TU: info:       vkAllocateMemory(5640kb):    1 bos, 5640 kb
TU: info:       vkAllocateMemory(6912kb):    1 bos, 6912 kb
TU: info:       vkAllocateMemory(6976kb):    1 bos, 6976 kb
TU: info:      vkAllocateMemory(10080kb):    1 bos, 10080 kb
TU: info:       vkAllocateMemory(5760kb):    1 bos, 5760 kb
TU: info:       vkAllocateMemory(3692kb):    1 bos, 3692 kb
TU: info:       vkAllocateMemory(2736kb):    1 bos, 2736 kb
TU: info:       vkAllocateMemory(5888kb):    1 bos, 5888 kb
TU: info:       vkAllocateMemory(6464kb):    1 bos, 6464 kb
TU: info:       vkAllocateMemory(5712kb):    1 bos, 5712 kb
TU: info:       vkAllocateMemory(2816kb):    1 bos, 2816 kb
TU: info:      vkAllocateMemory(24512kb):    1 bos, 24512 kb
TU: info:       vkAllocateMemory(8160kb):    1 bos, 8160 kb
TU: info:       vkAllocateMemory(3132kb):    1 bos, 3132 kb
TU: info:       vkAllocateMemory(4864kb):    1 bos, 4864 kb
TU: info:       vkAllocateMemory(7360kb):    1 bos, 7360 kb
TU: info:       vkAllocateMemory(6552kb):    1 bos, 6552 kb
TU: info:       vkAllocateMemory(3840kb):    1 bos, 3840 kb
TU: info:                descriptor pool:    1 bos, 4 kb
TU: info:       vkAllocateMemory(5464kb):    1 bos, 5464 kb
TU: info:       vkAllocateMemory(2540kb):    1 bos, 2540 kb
TU: info:      vkAllocateMemory(10112kb):    1 bos, 10112 kb
TU: info:                  device sub cs:    1 bos, 4 kb
TU: info:      vkAllocateMemory(11392kb):    1 bos, 11392 kb
TU: info:       vkAllocateMemory(5220kb):    1 bos, 5220 kb
TU: info:      vkAllocateMemory(15936kb):    1 bos, 15936 kb
TU: info:       vkAllocateMemory(8196kb):    1 bos, 8196 kb
TU: info:       vkAllocateMemory(4180kb):    1 bos, 4180 kb
TU: info:       vkAllocateMemory(3740kb):    1 bos, 3740 kb
TU: info:       vkAllocateMemory(2368kb):    1 bos, 2368 kb
TU: info:       vkAllocateMemory(3264kb):    1 bos, 3264 kb
TU: info:       vkAllocateMemory(6000kb):    1 bos, 6000 kb
TU: info:       vkAllocateMemory(3712kb):    1 bos, 3712 kb
TU: info:       vkAllocateMemory(3168kb):    1 bos, 3168 kb
TU: info:       vkAllocateMemory(6144kb):    1 bos, 6144 kb
TU: info:                           tess:    1 bos, 136 kb
TU: info:       vkAllocateMemory(2920kb):    1 bos, 2920 kb
TU: info:     vkAllocateMemory(131072kb):    1 bos, 131072 kb
TU: info:      vkAllocateMemory(14720kb):    1 bos, 14720 kb
TU: info:        vkAllocateMemory(128kb):    1 bos, 128 kb
TU: info:       vkAllocateMemory(5248kb):    1 bos, 5248 kb
TU: info:       vkAllocateMemory(4672kb):    1 bos, 4672 kb
TU: info:       vkAllocateMemory(4824kb):    1 bos, 4824 kb
TU: info:       vkAllocateMemory(8896kb):    1 bos, 8896 kb
TU: info:       vkAllocateMemory(9664kb):    1 bos, 9664 kb
TU: info:       vkAllocateMemory(3136kb):    1 bos, 3136 kb
TU: info:       vkAllocateMemory(7680kb):    1 bos, 7680 kb
TU: info:       vkAllocateMemory(4176kb):    1 bos, 4176 kb
TU: info:       vkAllocateMemory(2056kb):    2 bos, 4112 kb
TU: info:     vkAllocateMemory(187501kb):    2 bos, 375008 kb
TU: info:       vkAllocateMemory(7236kb):    2 bos, 14472 kb
TU: info:       vkAllocateMemory(2944kb):    2 bos, 5888 kb
TU: info:       vkAllocateMemory(1024kb):    2 bos, 2048 kb
TU: info:      vkAllocateMemory(33544kb):    2 bos, 67088 kb
TU: info:       vkAllocateMemory(5472kb):    2 bos, 10944 kb
TU: info:       vkAllocateMemory(9472kb):    2 bos, 18944 kb
TU: info:       vkAllocateMemory(4200kb):    2 bos, 8400 kb
TU: info:       vkAllocateMemory(4032kb):    2 bos, 8064 kb
TU: info:       vkAllocateMemory(4544kb):    2 bos, 9088 kb
TU: info:       vkAllocateMemory(2496kb):    2 bos, 4992 kb
TU: info:       vkAllocateMemory(2720kb):    2 bos, 5440 kb
TU: info:       vkAllocateMemory(4932kb):    2 bos, 9864 kb
TU: info:          vkAllocateMemory(4kb):    2 bos, 8 kb
TU: info:       vkAllocateMemory(7813kb):    2 bos, 15632 kb
TU: info:       vkAllocateMemory(4112kb):    2 bos, 8224 kb
TU: info:       vkAllocateMemory(4896kb):    2 bos, 9792 kb
TU: info:       vkAllocateMemory(4612kb):    3 bos, 13836 kb
TU: info:       vkAllocateMemory(2624kb):    3 bos, 7872 kb
TU: info:       vkAllocateMemory(5120kb):    3 bos, 15360 kb
TU: info:       vkAllocateMemory(2304kb):    3 bos, 6912 kb
TU: info:       vkAllocateMemory(3072kb):    3 bos, 9216 kb
TU: info:         vkAllocateMemory(41kb):    3 bos, 132 kb
TU: info:          vkAllocateMemory(7kb):    3 bos, 24 kb
TU: info:      vkAllocateMemory(10240kb):    3 bos, 30720 kb
TU: info:       vkAllocateMemory(2240kb):    3 bos, 6720 kb
TU: info:      vkAllocateMemory(51200kb):    3 bos, 153600 kb
TU: info:                         pvtmem:    3 bos, 122880 kb
TU: info:       vkAllocateMemory(8192kb):    4 bos, 32768 kb
TU: info:      vkAllocateMemory(43712kb):    4 bos, 174848 kb
TU: info:       vkAllocateMemory(5376kb):    4 bos, 21504 kb
TU: info:       vkAllocateMemory(4608kb):    4 bos, 18432 kb
TU: info:       vkAllocateMemory(8960kb):    4 bos, 35840 kb
TU: info:       vkAllocateMemory(2560kb):    4 bos, 10240 kb
TU: info:       vkAllocateMemory(2176kb):    5 bos, 10880 kb
TU: info:      vkAllocateMemory(21824kb):    5 bos, 109120 kb
TU: info:       vkAllocateMemory(4096kb):    6 bos, 24576 kb
TU: info:       vkAllocateMemory(4028kb):    6 bos, 24168 kb
TU: info:       vkAllocateMemory(2752kb):    6 bos, 16512 kb
TU: info:       vkAllocateMemory(4052kb):    6 bos, 24312 kb
TU: info:       vkAllocateMemory(2208kb):    6 bos, 13248 kb
TU: info:               draw epilogue cs:    9 bos, 144 kb
TU: info:       vkAllocateMemory(2688kb):    9 bos, 24192 kb
TU: info:       vkAllocateMemory(3600kb):   10 bos, 36000 kb
TU: info:       vkAllocateMemory(3624kb):   11 bos, 39864 kb
TU: info:       vkAllocateMemory(2048kb):   17 bos, 34816 kb
TU: info:       vkAllocateMemory(2112kb):   17 bos, 35904 kb
TU: info:                        draw cs:   22 bos, 3088 kb
TU: info:                    draw sub cs:   26 bos, 3144 kb
TU: info:      vkAllocateMemory(16384kb):   66 bos, 1081344 kb
TU: info:                         cmd cs:   93 bos, 3888 kb
TU: info:              pipeline_suballoc: 1796 bos, 229888 kb
TU: info:              embedded samplers: 3025 bos, 12100 kb
TU: info: submitted 5306 bos (3490 MB)
TU: info:       vkAllocateMemory(6624kb):    1 bos, 6624 kb
TU: info:      vkAllocateMemory(24576kb):    1 bos, 24576 kb
TU: info:       vkAllocateMemory(3392kb):    1 bos, 3392 kb
TU: info:       vkAllocateMemory(7424kb):    1 bos, 7424 kb
TU: info:                         global:    1 bos, 532 kb
TU: info:      vkAllocateMemory(10688kb):    1 bos, 10688 kb
TU: info:      vkAllocateMemory(16448kb):    1 bos, 16448 kb
TU: info:       vkAllocateMemory(9280kb):    1 bos, 9280 kb
TU: info:       vkAllocateMemory(4908kb):    1 bos, 4908 kb
TU: info:      vkAllocateMemory(14472kb):    1 bos, 14472 kb
TU: info:       vkAllocateMemory(4340kb):    1 bos, 4340 kb
TU: info:       vkAllocateMemory(8512kb):    1 bos, 8512 kb
TU: info:       vkAllocateMemory(5440kb):    1 bos, 5440 kb
TU: info:       vkAllocateMemory(9224kb):    1 bos, 9224 kb
TU: info:       vkAllocateMemory(4480kb):    1 bos, 4480 kb
TU: info:       vkAllocateMemory(4576kb):    1 bos, 4576 kb
TU: info:                     query pool:    1 bos, 4 kb
TU: info:      vkAllocateMemory(11328kb):    1 bos, 11328 kb
TU: info:      vkAllocateMemory(21504kb):    1 bos, 21504 kb
TU: info:       vkAllocateMemory(2452kb):    1 bos, 2452 kb
TU: info:       vkAllocateMemory(9152kb):    1 bos, 9152 kb
TU: info:       vkAllocateMemory(4288kb):    1 bos, 4288 kb
TU: info:       vkAllocateMemory(8640kb):    1 bos, 8640 kb
TU: info:       vkAllocateMemory(5344kb):    1 bos, 5344 kb
TU: info:       vkAllocateMemory(5640kb):    1 bos, 5640 kb
TU: info:       vkAllocateMemory(6912kb):    1 bos, 6912 kb
TU: info:       vkAllocateMemory(6976kb):    1 bos, 6976 kb
TU: info:      vkAllocateMemory(10080kb):    1 bos, 10080 kb
TU: info:       vkAllocateMemory(5760kb):    1 bos, 5760 kb
TU: info:       vkAllocateMemory(3692kb):    1 bos, 3692 kb
TU: info:       vkAllocateMemory(2736kb):    1 bos, 2736 kb
TU: info:       vkAllocateMemory(5888kb):    1 bos, 5888 kb
TU: info:       vkAllocateMemory(6464kb):    1 bos, 6464 kb
TU: info:       vkAllocateMemory(5712kb):    1 bos, 5712 kb
TU: info:       vkAllocateMemory(2816kb):    1 bos, 2816 kb
TU: info:      vkAllocateMemory(24512kb):    1 bos, 24512 kb
TU: info:       vkAllocateMemory(8160kb):    1 bos, 8160 kb
TU: info:       vkAllocateMemory(3132kb):    1 bos, 3132 kb
TU: info:       vkAllocateMemory(4864kb):    1 bos, 4864 kb
TU: info:       vkAllocateMemory(7360kb):    1 bos, 7360 kb
TU: info:       vkAllocateMemory(6552kb):    1 bos, 6552 kb
TU: info:       vkAllocateMemory(3840kb):    1 bos, 3840 kb
TU: info:                descriptor pool:    1 bos, 4 kb
TU: info:       vkAllocateMemory(5464kb):    1 bos, 5464 kb
TU: info:       vkAllocateMemory(2540kb):    1 bos, 2540 kb
TU: info:      vkAllocateMemory(10112kb):    1 bos, 10112 kb
TU: info:                  device sub cs:    1 bos, 4 kb
TU: info:      vkAllocateMemory(11392kb):    1 bos, 11392 kb
TU: info:       vkAllocateMemory(5220kb):    1 bos, 5220 kb
TU: info:      vkAllocateMemory(15936kb):    1 bos, 15936 kb
TU: info:       vkAllocateMemory(8196kb):    1 bos, 8196 kb
TU: info:       vkAllocateMemory(4180kb):    1 bos, 4180 kb
TU: info:       vkAllocateMemory(3740kb):    1 bos, 3740 kb
TU: info:       vkAllocateMemory(2368kb):    1 bos, 2368 kb
TU: info:       vkAllocateMemory(3264kb):    1 bos, 3264 kb
TU: info:       vkAllocateMemory(6000kb):    1 bos, 6000 kb
TU: info:       vkAllocateMemory(3712kb):    1 bos, 3712 kb
TU: info:       vkAllocateMemory(3168kb):    1 bos, 3168 kb
TU: info:       vkAllocateMemory(6144kb):    1 bos, 6144 kb
TU: info:                           tess:    1 bos, 136 kb
TU: info:       vkAllocateMemory(2920kb):    1 bos, 2920 kb
TU: info:     vkAllocateMemory(131072kb):    1 bos, 131072 kb
TU: info:      vkAllocateMemory(14720kb):    1 bos, 14720 kb
TU: info:        vkAllocateMemory(128kb):    1 bos, 128 kb
TU: info:       vkAllocateMemory(5248kb):    1 bos, 5248 kb
TU: info:       vkAllocateMemory(4672kb):    1 bos, 4672 kb
TU: info:       vkAllocateMemory(4824kb):    1 bos, 4824 kb
TU: info:       vkAllocateMemory(8896kb):    1 bos, 8896 kb
TU: info:       vkAllocateMemory(9664kb):    1 bos, 9664 kb
TU: info:       vkAllocateMemory(3136kb):    1 bos, 3136 kb
TU: info:       vkAllocateMemory(7680kb):    1 bos, 7680 kb
TU: info:       vkAllocateMemory(4176kb):    1 bos, 4176 kb
TU: info:       vkAllocateMemory(2056kb):    2 bos, 4112 kb
TU: info:     vkAllocateMemory(187501kb):    2 bos, 375008 kb
TU: info:       vkAllocateMemory(7236kb):    2 bos, 14472 kb
TU: info:       vkAllocateMemory(2944kb):    2 bos, 5888 kb
TU: info:       vkAllocateMemory(1024kb):    2 bos, 2048 kb
TU: info:      vkAllocateMemory(33544kb):    2 bos, 67088 kb
TU: info:       vkAllocateMemory(5472kb):    2 bos, 10944 kb
TU: info:       vkAllocateMemory(9472kb):    2 bos, 18944 kb
TU: info:       vkAllocateMemory(4200kb):    2 bos, 8400 kb
TU: info:       vkAllocateMemory(4032kb):    2 bos, 8064 kb
TU: info:       vkAllocateMemory(4544kb):    2 bos, 9088 kb
TU: info:       vkAllocateMemory(2496kb):    2 bos, 4992 kb
TU: info:       vkAllocateMemory(2720kb):    2 bos, 5440 kb
TU: info:       vkAllocateMemory(4932kb):    2 bos, 9864 kb
TU: info:          vkAllocateMemory(4kb):    2 bos, 8 kb
TU: info:       vkAllocateMemory(7813kb):    2 bos, 15632 kb
TU: info:       vkAllocateMemory(4112kb):    2 bos, 8224 kb
TU: info:       vkAllocateMemory(4896kb):    2 bos, 9792 kb
TU: info:       vkAllocateMemory(4612kb):    3 bos, 13836 kb
TU: info:       vkAllocateMemory(2624kb):    3 bos, 7872 kb
TU: info:       vkAllocateMemory(5120kb):    3 bos, 15360 kb
TU: info:       vkAllocateMemory(2304kb):    3 bos, 6912 kb
TU: info:       vkAllocateMemory(3072kb):    3 bos, 9216 kb
TU: info:         vkAllocateMemory(41kb):    3 bos, 132 kb
TU: info:          vkAllocateMemory(7kb):    3 bos, 24 kb
TU: info:      vkAllocateMemory(10240kb):    3 bos, 30720 kb
TU: info:       vkAllocateMemory(2240kb):    3 bos, 6720 kb
TU: info:      vkAllocateMemory(51200kb):    3 bos, 153600 kb
TU: info:                         pvtmem:    3 bos, 122880 kb
TU: info:       vkAllocateMemory(8192kb):    4 bos, 32768 kb
TU: info:      vkAllocateMemory(43712kb):    4 bos, 174848 kb
TU: info:       vkAllocateMemory(5376kb):    4 bos, 21504 kb
TU: info:       vkAllocateMemory(4608kb):    4 bos, 18432 kb
TU: info:       vkAllocateMemory(8960kb):    4 bos, 35840 kb
TU: info:       vkAllocateMemory(2560kb):    4 bos, 10240 kb
TU: info:       vkAllocateMemory(2176kb):    5 bos, 10880 kb
TU: info:      vkAllocateMemory(21824kb):    5 bos, 109120 kb
TU: info:       vkAllocateMemory(4096kb):    6 bos, 24576 kb
TU: info:       vkAllocateMemory(4028kb):    6 bos, 24168 kb
TU: info:       vkAllocateMemory(2752kb):    6 bos, 16512 kb
TU: info:       vkAllocateMemory(4052kb):    6 bos, 24312 kb
TU: info:       vkAllocateMemory(2208kb):    6 bos, 13248 kb
TU: info:               draw epilogue cs:    9 bos, 144 kb
TU: info:       vkAllocateMemory(2688kb):    9 bos, 24192 kb
TU: info:       vkAllocateMemory(3600kb):   10 bos, 36000 kb
TU: info:       vkAllocateMemory(3624kb):   11 bos, 39864 kb
TU: info:       vkAllocateMemory(2048kb):   17 bos, 34816 kb
TU: info:       vkAllocateMemory(2112kb):   17 bos, 35904 kb
TU: info:                        draw cs:   22 bos, 3088 kb
TU: info:                    draw sub cs:   26 bos, 3144 kb
TU: info:      vkAllocateMemory(16384kb):   66 bos, 1081344 kb
TU: info:                         cmd cs:   93 bos, 3888 kb
TU: info:              pipeline_suballoc: 1796 bos, 229888 kb
TU: info:              embedded samplers: 3025 bos, 12100 kb
TU: info: submitted 5306 bos (3490 MB)
TU: info:       vkAllocateMemory(6624kb):    1 bos, 6624 kb
TU: info:      vkAllocateMemory(24576kb):    1 bos, 24576 kb
TU: info:       vkAllocateMemory(3392kb):    1 bos, 3392 kb
TU: info:       vkAllocateMemory(7424kb):    1 bos, 7424 kb
TU: info:                         global:    1 bos, 532 kb
TU: info:      vkAllocateMemory(10688kb):    1 bos, 10688 kb
TU: info:      vkAllocateMemory(16448kb):    1 bos, 16448 kb
TU: info:       vkAllocateMemory(9280kb):    1 bos, 9280 kb
TU: info:       vkAllocateMemory(4908kb):    1 bos, 4908 kb
TU: info:      vkAllocateMemory(14472kb):    1 bos, 14472 kb
TU: info:       vkAllocateMemory(4340kb):    1 bos, 4340 kb
TU: info:       vkAllocateMemory(8512kb):    1 bos, 8512 kb
TU: info:       vkAllocateMemory(5440kb):    1 bos, 5440 kb
TU: info:       vkAllocateMemory(9224kb):    1 bos, 9224 kb
TU: info:       vkAllocateMemory(4480kb):    1 bos, 4480 kb
TU: info:       vkAllocateMemory(4576kb):    1 bos, 4576 kb
TU: info:                     query pool:    1 bos, 4 kb
TU: info:      vkAllocateMemory(11328kb):    1 bos, 11328 kb
TU: info:      vkAllocateMemory(21504kb):    1 bos, 21504 kb
TU: info:       vkAllocateMemory(2452kb):    1 bos, 2452 kb
TU: info:       vkAllocateMemory(9152kb):    1 bos, 9152 kb
TU: info:       vkAllocateMemory(4288kb):    1 bos, 4288 kb
TU: info:       vkAllocateMemory(8640kb):    1 bos, 8640 kb
TU: info:       vkAllocateMemory(5344kb):    1 bos, 5344 kb
TU: info:       vkAllocateMemory(5640kb):    1 bos, 5640 kb
TU: info:       vkAllocateMemory(6912kb):    1 bos, 6912 kb
TU: info:       vkAllocateMemory(6976kb):    1 bos, 6976 kb
TU: info:      vkAllocateMemory(10080kb):    1 bos, 10080 kb
TU: info:       vkAllocateMemory(5760kb):    1 bos, 5760 kb
TU: info:       vkAllocateMemory(3692kb):    1 bos, 3692 kb
TU: info:       vkAllocateMemory(2736kb):    1 bos, 2736 kb
TU: info:       vkAllocateMemory(5888kb):    1 bos, 5888 kb
TU: info:       vkAllocateMemory(6464kb):    1 bos, 6464 kb
TU: info:       vkAllocateMemory(5712kb):    1 bos, 5712 kb
TU: info:       vkAllocateMemory(2816kb):    1 bos, 2816 kb
TU: info:      vkAllocateMemory(24512kb):    1 bos, 24512 kb
TU: info:       vkAllocateMemory(8160kb):    1 bos, 8160 kb
TU: info:       vkAllocateMemory(3132kb):    1 bos, 3132 kb
TU: info:       vkAllocateMemory(4864kb):    1 bos, 4864 kb
TU: info:       vkAllocateMemory(7360kb):    1 bos, 7360 kb
TU: info:       vkAllocateMemory(6552kb):    1 bos, 6552 kb
TU: info:       vkAllocateMemory(3840kb):    1 bos, 3840 kb
TU: info:                descriptor pool:    1 bos, 4 kb
TU: info:       vkAllocateMemory(5464kb):    1 bos, 5464 kb
TU: info:       vkAllocateMemory(2540kb):    1 bos, 2540 kb
TU: info:      vkAllocateMemory(10112kb):    1 bos, 10112 kb
TU: info:                  device sub cs:    1 bos, 4 kb
TU: info:      vkAllocateMemory(11392kb):    1 bos, 11392 kb
TU: info:       vkAllocateMemory(5220kb):    1 bos, 5220 kb
TU: info:      vkAllocateMemory(15936kb):    1 bos, 15936 kb
TU: info:       vkAllocateMemory(8196kb):    1 bos, 8196 kb
TU: info:       vkAllocateMemory(4180kb):    1 bos, 4180 kb
TU: info:       vkAllocateMemory(3740kb):    1 bos, 3740 kb
TU: info:       vkAllocateMemory(2368kb):    1 bos, 2368 kb
TU: info:       vkAllocateMemory(3264kb):    1 bos, 3264 kb
TU: info:       vkAllocateMemory(6000kb):    1 bos, 6000 kb
TU: info:       vkAllocateMemory(3712kb):    1 bos, 3712 kb
TU: info:       vkAllocateMemory(3168kb):    1 bos, 3168 kb
TU: info:       vkAllocateMemory(6144kb):    1 bos, 6144 kb
TU: info:                           tess:    1 bos, 136 kb
TU: info:       vkAllocateMemory(2920kb):    1 bos, 2920 kb
TU: info:     vkAllocateMemory(131072kb):    1 bos, 131072 kb
TU: info:      vkAllocateMemory(14720kb):    1 bos, 14720 kb
TU: info:        vkAllocateMemory(128kb):    1 bos, 128 kb
TU: info:       vkAllocateMemory(5248kb):    1 bos, 5248 kb
TU: info:       vkAllocateMemory(4672kb):    1 bos, 4672 kb
TU: info:       vkAllocateMemory(4824kb):    1 bos, 4824 kb
TU: info:       vkAllocateMemory(8896kb):    1 bos, 8896 kb
TU: info:       vkAllocateMemory(9664kb):    1 bos, 9664 kb
TU: info:       vkAllocateMemory(3136kb):    1 bos, 3136 kb
TU: info:       vkAllocateMemory(7680kb):    1 bos, 7680 kb
TU: info:       vkAllocateMemory(4176kb):    1 bos, 4176 kb
TU: info:       vkAllocateMemory(2056kb):    2 bos, 4112 kb
TU: info:     vkAllocateMemory(187501kb):    2 bos, 375008 kb
TU: info:       vkAllocateMemory(7236kb):    2 bos, 14472 kb
TU: info:       vkAllocateMemory(2944kb):    2 bos, 5888 kb
TU: info:       vkAllocateMemory(1024kb):    2 bos, 2048 kb
TU: info:      vkAllocateMemory(33544kb):    2 bos, 67088 kb
TU: info:       vkAllocateMemory(5472kb):    2 bos, 10944 kb
TU: info:       vkAllocateMemory(9472kb):    2 bos, 18944 kb
TU: info:       vkAllocateMemory(4200kb):    2 bos, 8400 kb
TU: info:       vkAllocateMemory(4032kb):    2 bos, 8064 kb
TU: info:       vkAllocateMemory(4544kb):    2 bos, 9088 kb
TU: info:       vkAllocateMemory(2496kb):    2 bos, 4992 kb
TU: info:       vkAllocateMemory(2720kb):    2 bos, 5440 kb
TU: info:       vkAllocateMemory(4932kb):    2 bos, 9864 kb
TU: info:          vkAllocateMemory(4kb):    2 bos, 8 kb
TU: info:       vkAllocateMemory(7813kb):    2 bos, 15632 kb
TU: info:       vkAllocateMemory(4112kb):    2 bos, 8224 kb
TU: info:       vkAllocateMemory(4896kb):    2 bos, 9792 kb
TU: info:       vkAllocateMemory(4612kb):    3 bos, 13836 kb
TU: info:       vkAllocateMemory(2624kb):    3 bos, 7872 kb
TU: info:       vkAllocateMemory(5120kb):    3 bos, 15360 kb
TU: info:       vkAllocateMemory(2304kb):    3 bos, 6912 kb
TU: info:       vkAllocateMemory(3072kb):    3 bos, 9216 kb
TU: info:         vkAllocateMemory(41kb):    3 bos, 132 kb
TU: info:          vkAllocateMemory(7kb):    3 bos, 24 kb
TU: info:      vkAllocateMemory(10240kb):    3 bos, 30720 kb
TU: info:       vkAllocateMemory(2240kb):    3 bos, 6720 kb
TU: info:      vkAllocateMemory(51200kb):    3 bos, 153600 kb
TU: info:                         pvtmem:    3 bos, 122880 kb
TU: info:       vkAllocateMemory(8192kb):    4 bos, 32768 kb
TU: info:      vkAllocateMemory(43712kb):    4 bos, 174848 kb
TU: info:       vkAllocateMemory(5376kb):    4 bos, 21504 kb
TU: info:       vkAllocateMemory(4608kb):    4 bos, 18432 kb
TU: info:       vkAllocateMemory(8960kb):    4 bos, 35840 kb
TU: info:       vkAllocateMemory(2560kb):    4 bos, 10240 kb
TU: info:       vkAllocateMemory(2176kb):    5 bos, 10880 kb
TU: info:      vkAllocateMemory(21824kb):    5 bos, 109120 kb
TU: info:       vkAllocateMemory(4096kb):    6 bos, 24576 kb
TU: info:       vkAllocateMemory(4028kb):    6 bos, 24168 kb
TU: info:       vkAllocateMemory(2752kb):    6 bos, 16512 kb
TU: info:       vkAllocateMemory(4052kb):    6 bos, 24312 kb
TU: info:       vkAllocateMemory(2208kb):    6 bos, 13248 kb
TU: info:               draw epilogue cs:    9 bos, 144 kb
TU: info:       vkAllocateMemory(2688kb):    9 bos, 24192 kb
TU: info:       vkAllocateMemory(3600kb):   10 bos, 36000 kb
TU: info:       vkAllocateMemory(3624kb):   11 bos, 39864 kb
TU: info:       vkAllocateMemory(2048kb):   17 bos, 34816 kb
TU: info:       vkAllocateMemory(2112kb):   17 bos, 35904 kb
TU: info:                        draw cs:   22 bos, 3088 kb
TU: info:                    draw sub cs:   26 bos, 3144 kb
TU: info:      vkAllocateMemory(16384kb):   66 bos, 1081344 kb
TU: info:                         cmd cs:   93 bos, 3888 kb
TU: info:              pipeline_suballoc: 1796 bos, 229888 kb
TU: info:              embedded samplers: 3025 bos, 12100 kb
TU: info: submitted 5306 bos (3490 MB)
TU: info:       vkAllocateMemory(6624kb):    1 bos, 6624 kb
TU: info:      vkAllocateMemory(24576kb):    1 bos, 24576 kb
TU: info:       vkAllocateMemory(3392kb):    1 bos, 3392 kb
TU: info:       vkAllocateMemory(7424kb):    1 bos, 7424 kb
TU: info:                         global:    1 bos, 532 kb
TU: info:      vkAllocateMemory(10688kb):    1 bos, 10688 kb
TU: info:      vkAllocateMemory(16448kb):    1 bos, 16448 kb
TU: info:       vkAllocateMemory(9280kb):    1 bos, 9280 kb
TU: info:       vkAllocateMemory(4908kb):    1 bos, 4908 kb
TU: info:      vkAllocateMemory(14472kb):    1 bos, 14472 kb
TU: info:       vkAllocateMemory(4340kb):    1 bos, 4340 kb
TU: info:       vkAllocateMemory(8512kb):    1 bos, 8512 kb
TU: info:       vkAllocateMemory(5440kb):    1 bos, 5440 kb
TU: info:       vkAllocateMemory(9224kb):    1 bos, 9224 kb
TU: info:       vkAllocateMemory(4480kb):    1 bos, 4480 kb
TU: info:       vkAllocateMemory(4576kb):    1 bos, 4576 kb
TU: info:                     query pool:    1 bos, 4 kb
TU: info:      vkAllocateMemory(11328kb):    1 bos, 11328 kb
TU: info:      vkAllocateMemory(21504kb):    1 bos, 21504 kb
TU: info:       vkAllocateMemory(2452kb):    1 bos, 2452 kb
TU: info:       vkAllocateMemory(9152kb):    1 bos, 9152 kb
TU: info:       vkAllocateMemory(4288kb):    1 bos, 4288 kb
TU: info:       vkAllocateMemory(8640kb):    1 bos, 8640 kb
TU: info:       vkAllocateMemory(5344kb):    1 bos, 5344 kb
TU: info:       vkAllocateMemory(5640kb):    1 bos, 5640 kb
TU: info:       vkAllocateMemory(6912kb):    1 bos, 6912 kb
TU: info:       vkAllocateMemory(6976kb):    1 bos, 6976 kb
TU: info:      vkAllocateMemory(10080kb):    1 bos, 10080 kb
TU: info:       vkAllocateMemory(5760kb):    1 bos, 5760 kb
TU: info:       vkAllocateMemory(3692kb):    1 bos, 3692 kb
TU: info:       vkAllocateMemory(2736kb):    1 bos, 2736 kb
TU: info:       vkAllocateMemory(5888kb):    1 bos, 5888 kb
TU: info:       vkAllocateMemory(6464kb):    1 bos, 6464 kb
TU: info:       vkAllocateMemory(5712kb):    1 bos, 5712 kb
TU: info:       vkAllocateMemory(2816kb):    1 bos, 2816 kb
TU: info:      vkAllocateMemory(24512kb):    1 bos, 24512 kb
TU: info:       vkAllocateMemory(8160kb):    1 bos, 8160 kb
TU: info:       vkAllocateMemory(3132kb):    1 bos, 3132 kb
TU: info:       vkAllocateMemory(4864kb):    1 bos, 4864 kb
TU: info:       vkAllocateMemory(7360kb):    1 bos, 7360 kb
TU: info:       vkAllocateMemory(6552kb):    1 bos, 6552 kb
TU: info:       vkAllocateMemory(3840kb):    1 bos, 3840 kb
TU: info:                descriptor pool:    1 bos, 4 kb
TU: info:       vkAllocateMemory(5464kb):    1 bos, 5464 kb
TU: info:       vkAllocateMemory(2540kb):    1 bos, 2540 kb
TU: info:      vkAllocateMemory(10112kb):    1 bos, 10112 kb
TU: info:                  device sub cs:    1 bos, 4 kb
TU: info:      vkAllocateMemory(11392kb):    1 bos, 11392 kb
TU: info:       vkAllocateMemory(5220kb):    1 bos, 5220 kb
TU: info:      vkAllocateMemory(15936kb):    1 bos, 15936 kb
TU: info:       vkAllocateMemory(8196kb):    1 bos, 8196 kb
TU: info:       vkAllocateMemory(4180kb):    1 bos, 4180 kb
TU: info:       vkAllocateMemory(3740kb):    1 bos, 3740 kb
TU: info:       vkAllocateMemory(2368kb):    1 bos, 2368 kb
TU: info:       vkAllocateMemory(3264kb):    1 bos, 3264 kb
TU: info:       vkAllocateMemory(6000kb):    1 bos, 6000 kb
TU: info:       vkAllocateMemory(3712kb):    1 bos, 3712 kb
TU: info:       vkAllocateMemory(3168kb):    1 bos, 3168 kb
TU: info:       vkAllocateMemory(6144kb):    1 bos, 6144 kb
TU: info:                           tess:    1 bos, 136 kb
TU: info:       vkAllocateMemory(2920kb):    1 bos, 2920 kb
TU: info:     vkAllocateMemory(131072kb):    1 bos, 131072 kb
TU: info:      vkAllocateMemory(14720kb):    1 bos, 14720 kb
TU: info:        vkAllocateMemory(128kb):    1 bos, 128 kb
TU: info:       vkAllocateMemory(5248kb):    1 bos, 5248 kb
TU: info:       vkAllocateMemory(4672kb):    1 bos, 4672 kb
TU: info:       vkAllocateMemory(4824kb):    1 bos, 4824 kb
TU: info:       vkAllocateMemory(8896kb):    1 bos, 8896 kb
TU: info:       vkAllocateMemory(9664kb):    1 bos, 9664 kb
TU: info:       vkAllocateMemory(3136kb):    1 bos, 3136 kb
TU: info:       vkAllocateMemory(7680kb):    1 bos, 7680 kb
TU: info:       vkAllocateMemory(4176kb):    1 bos, 4176 kb
TU: info:       vkAllocateMemory(2056kb):    2 bos, 4112 kb
TU: info:     vkAllocateMemory(187501kb):    2 bos, 375008 kb
TU: info:       vkAllocateMemory(7236kb):    2 bos, 14472 kb
TU: info:       vkAllocateMemory(2944kb):    2 bos, 5888 kb
TU: info:       vkAllocateMemory(1024kb):    2 bos, 2048 kb
TU: info:      vkAllocateMemory(33544kb):    2 bos, 67088 kb
TU: info:       vkAllocateMemory(5472kb):    2 bos, 10944 kb
TU: info:       vkAllocateMemory(9472kb):    2 bos, 18944 kb
TU: info:       vkAllocateMemory(4200kb):    2 bos, 8400 kb
TU: info:       vkAllocateMemory(4032kb):    2 bos, 8064 kb
TU: info:       vkAllocateMemory(4544kb):    2 bos, 9088 kb
TU: info:       vkAllocateMemory(2496kb):    2 bos, 4992 kb
TU: info:       vkAllocateMemory(2720kb):    2 bos, 5440 kb
TU: info:       vkAllocateMemory(4932kb):    2 bos, 9864 kb
TU: info:          vkAllocateMemory(4kb):    2 bos, 8 kb
TU: info:       vkAllocateMemory(7813kb):    2 bos, 15632 kb
TU: info:       vkAllocateMemory(4112kb):    2 bos, 8224 kb
TU: info:       vkAllocateMemory(4896kb):    2 bos, 9792 kb
TU: info:       vkAllocateMemory(4612kb):    3 bos, 13836 kb
TU: info:       vkAllocateMemory(2624kb):    3 bos, 7872 kb
TU: info:       vkAllocateMemory(5120kb):    3 bos, 15360 kb
TU: info:       vkAllocateMemory(2304kb):    3 bos, 6912 kb
TU: info:       vkAllocateMemory(3072kb):    3 bos, 9216 kb
TU: info:         vkAllocateMemory(41kb):    3 bos, 132 kb
TU: info:          vkAllocateMemory(7kb):    3 bos, 24 kb
TU: info:      vkAllocateMemory(10240kb):    3 bos, 30720 kb
TU: info:       vkAllocateMemory(2240kb):    3 bos, 6720 kb
TU: info:      vkAllocateMemory(51200kb):    3 bos, 153600 kb
TU: info:                         pvtmem:    3 bos, 122880 kb
TU: info:       vkAllocateMemory(8192kb):    4 bos, 32768 kb
TU: info:      vkAllocateMemory(43712kb):    4 bos, 174848 kb
TU: info:       vkAllocateMemory(5376kb):    4 bos, 21504 kb
TU: info:       vkAllocateMemory(4608kb):    4 bos, 18432 kb
TU: info:       vkAllocateMemory(8960kb):    4 bos, 35840 kb
TU: info:       vkAllocateMemory(2560kb):    4 bos, 10240 kb
TU: info:       vkAllocateMemory(2176kb):    5 bos, 10880 kb
TU: info:      vkAllocateMemory(21824kb):    5 bos, 109120 kb
TU: info:       vkAllocateMemory(4096kb):    6 bos, 24576 kb
TU: info:       vkAllocateMemory(4028kb):    6 bos, 24168 kb
TU: info:       vkAllocateMemory(2752kb):    6 bos, 16512 kb
TU: info:       vkAllocateMemory(4052kb):    6 bos, 24312 kb
TU: info:       vkAllocateMemory(2208kb):    6 bos, 13248 kb
TU: info:               draw epilogue cs:    9 bos, 144 kb
TU: info:       vkAllocateMemory(2688kb):    9 bos, 24192 kb
TU: info:       vkAllocateMemory(3600kb):   10 bos, 36000 kb
TU: info:       vkAllocateMemory(3624kb):   11 bos, 39864 kb
TU: info:       vkAllocateMemory(2048kb):   17 bos, 34816 kb
TU: info:       vkAllocateMemory(2112kb):   17 bos, 35904 kb
TU: info:                        draw cs:   22 bos, 3088 kb
TU: info:                    draw sub cs:   26 bos, 3144 kb
TU: info:      vkAllocateMemory(16384kb):   66 bos, 1081344 kb
TU: info:                         cmd cs:   93 bos, 3888 kb
TU: info:              pipeline_suballoc: 1796 bos, 229888 kb
TU: info:              embedded samplers: 3025 bos, 12100 kb
TU: info: submitted 5306 bos (3490 MB)
TU: info:       vkAllocateMemory(6624kb):    1 bos, 6624 kb
TU: info:      vkAllocateMemory(24576kb):    1 bos, 24576 kb
TU: info:       vkAllocateMemory(3392kb):    1 bos, 3392 kb
TU: info:       vkAllocateMemory(7424kb):    1 bos, 7424 kb
TU: info:                         global:    1 bos, 532 kb
TU: info:      vkAllocateMemory(10688kb):    1 bos, 10688 kb
TU: info:      vkAllocateMemory(16448kb):    1 bos, 16448 kb
TU: info:       vkAllocateMemory(9280kb):    1 bos, 9280 kb
TU: info:       vkAllocateMemory(4908kb):    1 bos, 4908 kb
TU: info:      vkAllocateMemory(14472kb):    1 bos, 14472 kb
TU: info:       vkAllocateMemory(4340kb):    1 bos, 4340 kb
TU: info:       vkAllocateMemory(8512kb):    1 bos, 8512 kb
TU: info:       vkAllocateMemory(5440kb):    1 bos, 5440 kb
TU: info:       vkAllocateMemory(9224kb):    1 bos, 9224 kb
TU: info:       vkAllocateMemory(4480kb):    1 bos, 4480 kb
TU: info:       vkAllocateMemory(4576kb):    1 bos, 4576 kb
TU: info:                     query pool:    1 bos, 4 kb
TU: info:      vkAllocateMemory(11328kb):    1 bos, 11328 kb
TU: info:      vkAllocateMemory(21504kb):    1 bos, 21504 kb
TU: info:       vkAllocateMemory(2452kb):    1 bos, 2452 kb
TU: info:       vkAllocateMemory(9152kb):    1 bos, 9152 kb
TU: info:       vkAllocateMemory(4288kb):    1 bos, 4288 kb
TU: info:       vkAllocateMemory(8640kb):    1 bos, 8640 kb
TU: info:       vkAllocateMemory(5344kb):    1 bos, 5344 kb
TU: info:       vkAllocateMemory(5640kb):    1 bos, 5640 kb
TU: info:       vkAllocateMemory(6912kb):    1 bos, 6912 kb
TU: info:       vkAllocateMemory(6976kb):    1 bos, 6976 kb
TU: info:      vkAllocateMemory(10080kb):    1 bos, 10080 kb
TU: info:       vkAllocateMemory(5760kb):    1 bos, 5760 kb
TU: info:       vkAllocateMemory(3692kb):    1 bos, 3692 kb
TU: info:       vkAllocateMemory(2736kb):    1 bos, 2736 kb
TU: info:       vkAllocateMemory(5888kb):    1 bos, 5888 kb
TU: info:       vkAllocateMemory(6464kb):    1 bos, 6464 kb
TU: info:       vkAllocateMemory(5712kb):    1 bos, 5712 kb
TU: info:       vkAllocateMemory(2816kb):    1 bos, 2816 kb
TU: info:      vkAllocateMemory(24512kb):    1 bos, 24512 kb
TU: info:       vkAllocateMemory(8160kb):    1 bos, 8160 kb
TU: info:       vkAllocateMemory(3132kb):    1 bos, 3132 kb
TU: info:       vkAllocateMemory(4864kb):    1 bos, 4864 kb
TU: info:       vkAllocateMemory(7360kb):    1 bos, 7360 kb
TU: info:       vkAllocateMemory(6552kb):    1 bos, 6552 kb
TU: info:       vkAllocateMemory(3840kb):    1 bos, 3840 kb
TU: info:                descriptor pool:    1 bos, 4 kb
TU: info:       vkAllocateMemory(5464kb):    1 bos, 5464 kb
TU: info:       vkAllocateMemory(2540kb):    1 bos, 2540 kb
TU: info:      vkAllocateMemory(10112kb):    1 bos, 10112 kb
TU: info:                  device sub cs:    1 bos, 4 kb
TU: info:      vkAllocateMemory(11392kb):    1 bos, 11392 kb
TU: info:       vkAllocateMemory(5220kb):    1 bos, 5220 kb
TU: info:      vkAllocateMemory(15936kb):    1 bos, 15936 kb
TU: info:       vkAllocateMemory(8196kb):    1 bos, 8196 kb
TU: info:       vkAllocateMemory(4180kb):    1 bos, 4180 kb
TU: info:       vkAllocateMemory(3740kb):    1 bos, 3740 kb
TU: info:       vkAllocateMemory(2368kb):    1 bos, 2368 kb
TU: info:       vkAllocateMemory(3264kb):    1 bos, 3264 kb
TU: info:       vkAllocateMemory(6000kb):    1 bos, 6000 kb
TU: info:       vkAllocateMemory(3712kb):    1 bos, 3712 kb
TU: info:       vkAllocateMemory(3168kb):    1 bos, 3168 kb
TU: info:       vkAllocateMemory(6144kb):    1 bos, 6144 kb
TU: info:                           tess:    1 bos, 136 kb
TU: info:       vkAllocateMemory(2920kb):    1 bos, 2920 kb
TU: info:     vkAllocateMemory(131072kb):    1 bos, 131072 kb
TU: info:      vkAllocateMemory(14720kb):    1 bos, 14720 kb
TU: info:        vkAllocateMemory(128kb):    1 bos, 128 kb
TU: info:       vkAllocateMemory(5248kb):    1 bos, 5248 kb
TU: info:       vkAllocateMemory(4672kb):    1 bos, 4672 kb
TU: info:       vkAllocateMemory(4824kb):    1 bos, 4824 kb
TU: info:       vkAllocateMemory(8896kb):    1 bos, 8896 kb
TU: info:       vkAllocateMemory(9664kb):    1 bos, 9664 kb
TU: info:       vkAllocateMemory(3136kb):    1 bos, 3136 kb
TU: info:       vkAllocateMemory(7680kb):    1 bos, 7680 kb
TU: info:       vkAllocateMemory(4176kb):    1 bos, 4176 kb
TU: info:       vkAllocateMemory(2056kb):    2 bos, 4112 kb
TU: info:     vkAllocateMemory(187501kb):    2 bos, 375008 kb
TU: info:       vkAllocateMemory(7236kb):    2 bos, 14472 kb
TU: info:       vkAllocateMemory(2944kb):    2 bos, 5888 kb
TU: info:       vkAllocateMemory(1024kb):    2 bos, 2048 kb
TU: info:      vkAllocateMemory(33544kb):    2 bos, 67088 kb
TU: info:       vkAllocateMemory(5472kb):    2 bos, 10944 kb
TU: info:       vkAllocateMemory(9472kb):    2 bos, 18944 kb
TU: info:       vkAllocateMemory(4200kb):    2 bos, 8400 kb
TU: info:       vkAllocateMemory(4032kb):    2 bos, 8064 kb
TU: info:       vkAllocateMemory(4544kb):    2 bos, 9088 kb
TU: info:       vkAllocateMemory(2496kb):    2 bos, 4992 kb
TU: info:       vkAllocateMemory(2720kb):    2 bos, 5440 kb
TU: info:       vkAllocateMemory(4932kb):    2 bos, 9864 kb
TU: info:          vkAllocateMemory(4kb):    2 bos, 8 kb
TU: info:       vkAllocateMemory(7813kb):    2 bos, 15632 kb
TU: info:       vkAllocateMemory(4112kb):    2 bos, 8224 kb
TU: info:       vkAllocateMemory(4896kb):    2 bos, 9792 kb
TU: info:       vkAllocateMemory(4612kb):    3 bos, 13836 kb
TU: info:       vkAllocateMemory(2624kb):    3 bos, 7872 kb
TU: info:       vkAllocateMemory(5120kb):    3 bos, 15360 kb
TU: info:       vkAllocateMemory(2304kb):    3 bos, 6912 kb
TU: info:       vkAllocateMemory(3072kb):    3 bos, 9216 kb
TU: info:         vkAllocateMemory(41kb):    3 bos, 132 kb
TU: info:          vkAllocateMemory(7kb):    3 bos, 24 kb
TU: info:      vkAllocateMemory(10240kb):    3 bos, 30720 kb
TU: info:       vkAllocateMemory(2240kb):    3 bos, 6720 kb
TU: info:      vkAllocateMemory(51200kb):    3 bos, 153600 kb
TU: info:                         pvtmem:    3 bos, 122880 kb
TU: info:       vkAllocateMemory(8192kb):    4 bos, 32768 kb
TU: info:      vkAllocateMemory(43712kb):    4 bos, 174848 kb
TU: info:       vkAllocateMemory(5376kb):    4 bos, 21504 kb
TU: info:       vkAllocateMemory(4608kb):    4 bos, 18432 kb
TU: info:       vkAllocateMemory(8960kb):    4 bos, 35840 kb
TU: info:       vkAllocateMemory(2560kb):    4 bos, 10240 kb
TU: info:       vkAllocateMemory(2176kb):    5 bos, 10880 kb
TU: info:      vkAllocateMemory(21824kb):    5 bos, 109120 kb
TU: info:       vkAllocateMemory(4096kb):    6 bos, 24576 kb
TU: info:       vkAllocateMemory(4028kb):    6 bos, 24168 kb
TU: info:       vkAllocateMemory(2752kb):    6 bos, 16512 kb
TU: info:       vkAllocateMemory(4052kb):    6 bos, 24312 kb
TU: info:       vkAllocateMemory(2208kb):    6 bos, 13248 kb
TU: info:               draw epilogue cs:    9 bos, 144 kb
TU: info:       vkAllocateMemory(2688kb):    9 bos, 24192 kb
TU: info:       vkAllocateMemory(3600kb):   10 bos, 36000 kb
TU: info:       vkAllocateMemory(3624kb):   11 bos, 39864 kb
TU: info:       vkAllocateMemory(2048kb):   17 bos, 34816 kb
TU: info:       vkAllocateMemory(2112kb):   17 bos, 35904 kb
TU: info:                        draw cs:   22 bos, 3088 kb
TU: info:                    draw sub cs:   26 bos, 3144 kb
TU: info:      vkAllocateMemory(16384kb):   66 bos, 1081344 kb
TU: info:                         cmd cs:   93 bos, 3888 kb
TU: info:              pipeline_suballoc: 1796 bos, 229888 kb
TU: info:              embedded samplers: 3025 bos, 12100 kb
TU: info: submitted 5306 bos (3490 MB)
TU: info:       vkAllocateMemory(6624kb):    1 bos, 6624 kb
TU: info:      vkAllocateMemory(24576kb):    1 bos, 24576 kb
TU: info:       vkAllocateMemory(3392kb):    1 bos, 3392 kb
TU: info:       vkAllocateMemory(7424kb):    1 bos, 7424 kb
TU: info:                         global:    1 bos, 532 kb
TU: info:      vkAllocateMemory(10688kb):    1 bos, 10688 kb
TU: info:      vkAllocateMemory(16448kb):    1 bos, 16448 kb
TU: info:       vkAllocateMemory(9280kb):    1 bos, 9280 kb
TU: info:       vkAllocateMemory(4908kb):    1 bos, 4908 kb
TU: info:      vkAllocateMemory(14472kb):    1 bos, 14472 kb
TU: info:       vkAllocateMemory(4340kb):    1 bos, 4340 kb
TU: info:       vkAllocateMemory(8512kb):    1 bos, 8512 kb
TU: info:       vkAllocateMemory(5440kb):    1 bos, 5440 kb
TU: info:       vkAllocateMemory(9224kb):    1 bos, 9224 kb
TU: info:       vkAllocateMemory(4480kb):    1 bos, 4480 kb
TU: info:       vkAllocateMemory(4576kb):    1 bos, 4576 kb
TU: info:                     query pool:    1 bos, 4 kb
TU: info:      vkAllocateMemory(11328kb):    1 bos, 11328 kb
TU: info:      vkAllocateMemory(21504kb):    1 bos, 21504 kb
TU: info:       vkAllocateMemory(2452kb):    1 bos, 2452 kb
TU: info:       vkAllocateMemory(9152kb):    1 bos, 9152 kb
TU: info:       vkAllocateMemory(4288kb):    1 bos, 4288 kb
TU: info:       vkAllocateMemory(8640kb):    1 bos, 8640 kb
TU: info:       vkAllocateMemory(5344kb):    1 bos, 5344 kb
TU: info:       vkAllocateMemory(5640kb):    1 bos, 5640 kb
TU: info:       vkAllocateMemory(6912kb):    1 bos, 6912 kb
TU: info:       vkAllocateMemory(6976kb):    1 bos, 6976 kb
TU: info:      vkAllocateMemory(10080kb):    1 bos, 10080 kb
TU: info:       vkAllocateMemory(5760kb):    1 bos, 5760 kb
TU: info:       vkAllocateMemory(3692kb):    1 bos, 3692 kb
TU: info:       vkAllocateMemory(2736kb):    1 bos, 2736 kb
TU: info:       vkAllocateMemory(5888kb):    1 bos, 5888 kb
TU: info:       vkAllocateMemory(6464kb):    1 bos, 6464 kb
TU: info:       vkAllocateMemory(5712kb):    1 bos, 5712 kb
TU: info:       vkAllocateMemory(2816kb):    1 bos, 2816 kb
TU: info:      vkAllocateMemory(24512kb):    1 bos, 24512 kb
TU: info:       vkAllocateMemory(8160kb):    1 bos, 8160 kb
TU: info:       vkAllocateMemory(3132kb):    1 bos, 3132 kb
TU: info:       vkAllocateMemory(4864kb):    1 bos, 4864 kb
TU: info:       vkAllocateMemory(7360kb):    1 bos, 7360 kb
TU: info:       vkAllocateMemory(6552kb):    1 bos, 6552 kb
TU: info:       vkAllocateMemory(3840kb):    1 bos, 3840 kb
TU: info:                descriptor pool:    1 bos, 4 kb
TU: info:       vkAllocateMemory(5464kb):    1 bos, 5464 kb
TU: info:       vkAllocateMemory(2540kb):    1 bos, 2540 kb
TU: info:      vkAllocateMemory(10112kb):    1 bos, 10112 kb
TU: info:                  device sub cs:    1 bos, 4 kb
TU: info:      vkAllocateMemory(11392kb):    1 bos, 11392 kb
TU: info:       vkAllocateMemory(5220kb):    1 bos, 5220 kb
TU: info:      vkAllocateMemory(15936kb):    1 bos, 15936 kb
TU: info:       vkAllocateMemory(8196kb):    1 bos, 8196 kb
TU: info:       vkAllocateMemory(4180kb):    1 bos, 4180 kb
TU: info:       vkAllocateMemory(3740kb):    1 bos, 3740 kb
TU: info:       vkAllocateMemory(2368kb):    1 bos, 2368 kb
TU: info:       vkAllocateMemory(3264kb):    1 bos, 3264 kb
TU: info:       vkAllocateMemory(6000kb):    1 bos, 6000 kb
TU: info:       vkAllocateMemory(3712kb):    1 bos, 3712 kb
TU: info:       vkAllocateMemory(3168kb):    1 bos, 3168 kb
TU: info:       vkAllocateMemory(6144kb):    1 bos, 6144 kb
TU: info:                           tess:    1 bos, 136 kb
TU: info:       vkAllocateMemory(2920kb):    1 bos, 2920 kb
TU: info:     vkAllocateMemory(131072kb):    1 bos, 131072 kb
TU: info:      vkAllocateMemory(14720kb):    1 bos, 14720 kb
TU: info:        vkAllocateMemory(128kb):    1 bos, 128 kb
TU: info:       vkAllocateMemory(5248kb):    1 bos, 5248 kb
TU: info:       vkAllocateMemory(4672kb):    1 bos, 4672 kb
TU: info:       vkAllocateMemory(4824kb):    1 bos, 4824 kb
TU: info:       vkAllocateMemory(8896kb):    1 bos, 8896 kb
TU: info:       vkAllocateMemory(9664kb):    1 bos, 9664 kb
TU: info:       vkAllocateMemory(3136kb):    1 bos, 3136 kb
TU: info:       vkAllocateMemory(7680kb):    1 bos, 7680 kb
TU: info:       vkAllocateMemory(4176kb):    1 bos, 4176 kb
TU: info:       vkAllocateMemory(2056kb):    2 bos, 4112 kb
TU: info:     vkAllocateMemory(187501kb):    2 bos, 375008 kb
TU: info:       vkAllocateMemory(7236kb):    2 bos, 14472 kb
TU: info:       vkAllocateMemory(2944kb):    2 bos, 5888 kb
TU: info:       vkAllocateMemory(1024kb):    2 bos, 2048 kb
TU: info:      vkAllocateMemory(33544kb):    2 bos, 67088 kb
TU: info:       vkAllocateMemory(5472kb):    2 bos, 10944 kb
TU: info:       vkAllocateMemory(9472kb):    2 bos, 18944 kb
TU: info:       vkAllocateMemory(4200kb):    2 bos, 8400 kb
TU: info:       vkAllocateMemory(4032kb):    2 bos, 8064 kb
TU: info:       vkAllocateMemory(4544kb):    2 bos, 9088 kb
TU: info:       vkAllocateMemory(2496kb):    2 bos, 4992 kb
TU: info:       vkAllocateMemory(2720kb):    2 bos, 5440 kb
TU: info:       vkAllocateMemory(4932kb):    2 bos, 9864 kb
TU: info:          vkAllocateMemory(4kb):    2 bos, 8 kb
TU: info:       vkAllocateMemory(7813kb):    2 bos, 15632 kb
TU: info:       vkAllocateMemory(4112kb):    2 bos, 8224 kb
TU: info:       vkAllocateMemory(4896kb):    2 bos, 9792 kb
TU: info:       vkAllocateMemory(4612kb):    3 bos, 13836 kb
TU: info:       vkAllocateMemory(2624kb):    3 bos, 7872 kb
TU: info:       vkAllocateMemory(5120kb):    3 bos, 15360 kb
TU: info:       vkAllocateMemory(2304kb):    3 bos, 6912 kb
TU: info:       vkAllocateMemory(3072kb):    3 bos, 9216 kb
TU: info:         vkAllocateMemory(41kb):    3 bos, 132 kb
TU: info:          vkAllocateMemory(7kb):    3 bos, 24 kb
TU: info:      vkAllocateMemory(10240kb):    3 bos, 30720 kb
TU: info:       vkAllocateMemory(2240kb):    3 bos, 6720 kb
TU: info:      vkAllocateMemory(51200kb):    3 bos, 153600 kb
TU: info:                         pvtmem:    3 bos, 122880 kb
TU: info:       vkAllocateMemory(8192kb):    4 bos, 32768 kb
TU: info:      vkAllocateMemory(43712kb):    4 bos, 174848 kb
TU: info:       vkAllocateMemory(5376kb):    4 bos, 21504 kb
TU: info:       vkAllocateMemory(4608kb):    4 bos, 18432 kb
TU: info:       vkAllocateMemory(8960kb):    4 bos, 35840 kb
TU: info:       vkAllocateMemory(2560kb):    4 bos, 10240 kb
TU: info:       vkAllocateMemory(2176kb):    5 bos, 10880 kb
TU: info:      vkAllocateMemory(21824kb):    5 bos, 109120 kb
TU: info:       vkAllocateMemory(4096kb):    6 bos, 24576 kb
TU: info:       vkAllocateMemory(4028kb):    6 bos, 24168 kb
TU: info:       vkAllocateMemory(2752kb):    6 bos, 16512 kb
TU: info:       vkAllocateMemory(4052kb):    6 bos, 24312 kb
TU: info:       vkAllocateMemory(2208kb):    6 bos, 13248 kb
TU: info:               draw epilogue cs:    9 bos, 144 kb
TU: info:       vkAllocateMemory(2688kb):    9 bos, 24192 kb
TU: info:       vkAllocateMemory(3600kb):   10 bos, 36000 kb
TU: info:       vkAllocateMemory(3624kb):   11 bos, 39864 kb
TU: info:       vkAllocateMemory(2048kb):   17 bos, 34816 kb
TU: info:       vkAllocateMemory(2112kb):   17 bos, 35904 kb
TU: info:                        draw cs:   22 bos, 3088 kb
TU: info:                    draw sub cs:   26 bos, 3144 kb
TU: info:      vkAllocateMemory(16384kb):   66 bos, 1081344 kb
TU: info:                         cmd cs:   93 bos, 3888 kb
TU: info:              pipeline_suballoc: 1796 bos, 229888 kb
TU: info:              embedded samplers: 3025 bos, 12100 kb
TU: info: submitted 5306 bos (3490 MB)
TU: info:       vkAllocateMemory(6624kb):    1 bos, 6624 kb
TU: info:      vkAllocateMemory(24576kb):    1 bos, 24576 kb
TU: info:       vkAllocateMemory(3392kb):    1 bos, 3392 kb
TU: info:       vkAllocateMemory(7424kb):    1 bos, 7424 kb
TU: info:                         global:    1 bos, 532 kb
TU: info:      vkAllocateMemory(10688kb):    1 bos, 10688 kb
TU: info:      vkAllocateMemory(16448kb):    1 bos, 16448 kb
TU: info:       vkAllocateMemory(9280kb):    1 bos, 9280 kb
TU: info:       vkAllocateMemory(4908kb):    1 bos, 4908 kb
TU: info:      vkAllocateMemory(14472kb):    1 bos, 14472 kb
TU: info:       vkAllocateMemory(4340kb):    1 bos, 4340 kb
TU: info:       vkAllocateMemory(8512kb):    1 bos, 8512 kb
TU: info:       vkAllocateMemory(5440kb):    1 bos, 5440 kb
TU: info:       vkAllocateMemory(9224kb):    1 bos, 9224 kb
TU: info:       vkAllocateMemory(4480kb):    1 bos, 4480 kb
TU: info:       vkAllocateMemory(4576kb):    1 bos, 4576 kb
TU: info:                     query pool:    1 bos, 4 kb
TU: info:      vkAllocateMemory(11328kb):    1 bos, 11328 kb
TU: info:      vkAllocateMemory(21504kb):    1 bos, 21504 kb
TU: info:       vkAllocateMemory(2452kb):    1 bos, 2452 kb
TU: info:       vkAllocateMemory(9152kb):    1 bos, 9152 kb
TU: info:       vkAllocateMemory(4288kb):    1 bos, 4288 kb
TU: info:       vkAllocateMemory(8640kb):    1 bos, 8640 kb
TU: info:       vkAllocateMemory(5344kb):    1 bos, 5344 kb
TU: info:       vkAllocateMemory(5640kb):    1 bos, 5640 kb
TU: info:       vkAllocateMemory(6912kb):    1 bos, 6912 kb
TU: info:       vkAllocateMemory(6976kb):    1 bos, 6976 kb
TU: info:      vkAllocateMemory(10080kb):    1 bos, 10080 kb
TU: info:       vkAllocateMemory(5760kb):    1 bos, 5760 kb
TU: info:       vkAllocateMemory(3692kb):    1 bos, 3692 kb
TU: info:       vkAllocateMemory(2736kb):    1 bos, 2736 kb
TU: info:       vkAllocateMemory(5888kb):    1 bos, 5888 kb
TU: info:       vkAllocateMemory(6464kb):    1 bos, 6464 kb
TU: info:       vkAllocateMemory(5712kb):    1 bos, 5712 kb
TU: info:       vkAllocateMemory(2816kb):    1 bos, 2816 kb
TU: info:      vkAllocateMemory(24512kb):    1 bos, 24512 kb
TU: info:       vkAllocateMemory(8160kb):    1 bos, 8160 kb
TU: info:       vkAllocateMemory(3132kb):    1 bos, 3132 kb
TU: info:       vkAllocateMemory(4864kb):    1 bos, 4864 kb
TU: info:       vkAllocateMemory(7360kb):    1 bos, 7360 kb
TU: info:       vkAllocateMemory(6552kb):    1 bos, 6552 kb
TU: info:       vkAllocateMemory(3840kb):    1 bos, 3840 kb
TU: info:                descriptor pool:    1 bos, 4 kb
TU: info:       vkAllocateMemory(5464kb):    1 bos, 5464 kb
TU: info:       vkAllocateMemory(2540kb):    1 bos, 2540 kb
TU: info:      vkAllocateMemory(10112kb):    1 bos, 10112 kb
TU: info:                  device sub cs:    1 bos, 4 kb
TU: info:      vkAllocateMemory(11392kb):    1 bos, 11392 kb
TU: info:       vkAllocateMemory(5220kb):    1 bos, 5220 kb
TU: info:      vkAllocateMemory(15936kb):    1 bos, 15936 kb
TU: info:       vkAllocateMemory(8196kb):    1 bos, 8196 kb
TU: info:       vkAllocateMemory(4180kb):    1 bos, 4180 kb
TU: info:       vkAllocateMemory(3740kb):    1 bos, 3740 kb
TU: info:       vkAllocateMemory(2368kb):    1 bos, 2368 kb
TU: info:       vkAllocateMemory(3264kb):    1 bos, 3264 kb
TU: info:       vkAllocateMemory(6000kb):    1 bos, 6000 kb
TU: info:       vkAllocateMemory(3712kb):    1 bos, 3712 kb
TU: info:       vkAllocateMemory(3168kb):    1 bos, 3168 kb
TU: info:       vkAllocateMemory(6144kb):    1 bos, 6144 kb
TU: info:                           tess:    1 bos, 136 kb
TU: info:       vkAllocateMemory(2920kb):    1 bos, 2920 kb
TU: info:     vkAllocateMemory(131072kb):    1 bos, 131072 kb
TU: info:      vkAllocateMemory(14720kb):    1 bos, 14720 kb
TU: info:        vkAllocateMemory(128kb):    1 bos, 128 kb
TU: info:       vkAllocateMemory(5248kb):    1 bos, 5248 kb
TU: info:       vkAllocateMemory(4672kb):    1 bos, 4672 kb
TU: info:       vkAllocateMemory(4824kb):    1 bos, 4824 kb
TU: info:       vkAllocateMemory(8896kb):    1 bos, 8896 kb
TU: info:       vkAllocateMemory(9664kb):    1 bos, 9664 kb
TU: info:       vkAllocateMemory(3136kb):    1 bos, 3136 kb
TU: info:       vkAllocateMemory(7680kb):    1 bos, 7680 kb
TU: info:       vkAllocateMemory(4176kb):    1 bos, 4176 kb
TU: info:       vkAllocateMemory(2056kb):    2 bos, 4112 kb
TU: info:     vkAllocateMemory(187501kb):    2 bos, 375008 kb
TU: info:       vkAllocateMemory(7236kb):    2 bos, 14472 kb
TU: info:       vkAllocateMemory(2944kb):    2 bos, 5888 kb
TU: info:       vkAllocateMemory(1024kb):    2 bos, 2048 kb
TU: info:      vkAllocateMemory(33544kb):    2 bos, 67088 kb
TU: info:       vkAllocateMemory(5472kb):    2 bos, 10944 kb
TU: info:       vkAllocateMemory(9472kb):    2 bos, 18944 kb
TU: info:       vkAllocateMemory(4200kb):    2 bos, 8400 kb
TU: info:       vkAllocateMemory(4032kb):    2 bos, 8064 kb
TU: info:       vkAllocateMemory(4544kb):    2 bos, 9088 kb
TU: info:       vkAllocateMemory(2496kb):    2 bos, 4992 kb
TU: info:       vkAllocateMemory(2720kb):    2 bos, 5440 kb
TU: info:       vkAllocateMemory(4932kb):    2 bos, 9864 kb
TU: info:          vkAllocateMemory(4kb):    2 bos, 8 kb
TU: info:       vkAllocateMemory(7813kb):    2 bos, 15632 kb
TU: info:       vkAllocateMemory(4112kb):    2 bos, 8224 kb
TU: info:       vkAllocateMemory(4896kb):    2 bos, 9792 kb
TU: info:       vkAllocateMemory(4612kb):    3 bos, 13836 kb
TU: info:       vkAllocateMemory(2624kb):    3 bos, 7872 kb
TU: info:       vkAllocateMemory(5120kb):    3 bos, 15360 kb
TU: info:       vkAllocateMemory(2304kb):    3 bos, 6912 kb
TU: info:       vkAllocateMemory(3072kb):    3 bos, 9216 kb
TU: info:         vkAllocateMemory(41kb):    3 bos, 132 kb
TU: info:          vkAllocateMemory(7kb):    3 bos, 24 kb
TU: info:      vkAllocateMemory(10240kb):    3 bos, 30720 kb
TU: info:       vkAllocateMemory(2240kb):    3 bos, 6720 kb
TU: info:      vkAllocateMemory(51200kb):    3 bos, 153600 kb
TU: info:                         pvtmem:    3 bos, 122880 kb
TU: info:       vkAllocateMemory(8192kb):    4 bos, 32768 kb
TU: info:      vkAllocateMemory(43712kb):    4 bos, 174848 kb
TU: info:       vkAllocateMemory(5376kb):    4 bos, 21504 kb
TU: info:       vkAllocateMemory(4608kb):    4 bos, 18432 kb
TU: info:       vkAllocateMemory(8960kb):    4 bos, 35840 kb
TU: info:       vkAllocateMemory(2560kb):    4 bos, 10240 kb
TU: info:       vkAllocateMemory(2176kb):    5 bos, 10880 kb
TU: info:      vkAllocateMemory(21824kb):    5 bos, 109120 kb
TU: info:       vkAllocateMemory(4096kb):    6 bos, 24576 kb
TU: info:       vkAllocateMemory(4028kb):    6 bos, 24168 kb
TU: info:       vkAllocateMemory(2752kb):    6 bos, 16512 kb
TU: info:       vkAllocateMemory(4052kb):    6 bos, 24312 kb
TU: info:       vkAllocateMemory(2208kb):    6 bos, 13248 kb
TU: info:               draw epilogue cs:    9 bos, 144 kb
TU: info:       vkAllocateMemory(2688kb):    9 bos, 24192 kb
TU: info:       vkAllocateMemory(3600kb):   10 bos, 36000 kb
TU: info:       vkAllocateMemory(3624kb):   11 bos, 39864 kb
TU: info:       vkAllocateMemory(2048kb):   17 bos, 34816 kb
TU: info:       vkAllocateMemory(2112kb):   17 bos, 35904 kb
TU: info:                        draw cs:   22 bos, 3088 kb
TU: info:                    draw sub cs:   26 bos, 3144 kb
TU: info:      vkAllocateMemory(16384kb):   66 bos, 1081344 kb
TU: info:                         cmd cs:   93 bos, 3888 kb
TU: info:              pipeline_suballoc: 1796 bos, 229888 kb
TU: info:              embedded samplers: 3025 bos, 12100 kb
TU: info: submitted 5306 bos (3490 MB)
TU: info:       vkAllocateMemory(6624kb):    1 bos, 6624 kb
TU: info:      vkAllocateMemory(24576kb):    1 bos, 24576 kb
TU: info:       vkAllocateMemory(3392kb):    1 bos, 3392 kb
TU: info:       vkAllocateMemory(7424kb):    1 bos, 7424 kb
TU: info:                         global:    1 bos, 532 kb
TU: info:      vkAllocateMemory(10688kb):    1 bos, 10688 kb
TU: info:      vkAllocateMemory(16448kb):    1 bos, 16448 kb
TU: info:       vkAllocateMemory(9280kb):    1 bos, 9280 kb
TU: info:       vkAllocateMemory(4908kb):    1 bos, 4908 kb
TU: info:      vkAllocateMemory(14472kb):    1 bos, 14472 kb
TU: info:       vkAllocateMemory(4340kb):    1 bos, 4340 kb
TU: info:       vkAllocateMemory(8512kb):    1 bos, 8512 kb
TU: info:       vkAllocateMemory(5440kb):    1 bos, 5440 kb
TU: info:       vkAllocateMemory(9224kb):    1 bos, 9224 kb
TU: info:       vkAllocateMemory(4480kb):    1 bos, 4480 kb
TU: info:       vkAllocateMemory(4576kb):    1 bos, 4576 kb
TU: info:                     query pool:    1 bos, 4 kb
TU: info:      vkAllocateMemory(11328kb):    1 bos, 11328 kb
TU: info:      vkAllocateMemory(21504kb):    1 bos, 21504 kb
TU: info:       vkAllocateMemory(2452kb):    1 bos, 2452 kb
TU: info:       vkAllocateMemory(9152kb):    1 bos, 9152 kb
TU: info:       vkAllocateMemory(4288kb):    1 bos, 4288 kb
TU: info:       vkAllocateMemory(8640kb):    1 bos, 8640 kb
TU: info:       vkAllocateMemory(5344kb):    1 bos, 5344 kb
TU: info:       vkAllocateMemory(5640kb):    1 bos, 5640 kb
TU: info:       vkAllocateMemory(6912kb):    1 bos, 6912 kb
TU: info:       vkAllocateMemory(6976kb):    1 bos, 6976 kb
TU: info:      vkAllocateMemory(10080kb):    1 bos, 10080 kb
TU: info:       vkAllocateMemory(5760kb):    1 bos, 5760 kb
TU: info:       vkAllocateMemory(3692kb):    1 bos, 3692 kb
TU: info:       vkAllocateMemory(2736kb):    1 bos, 2736 kb
TU: info:       vkAllocateMemory(5888kb):    1 bos, 5888 kb
TU: info:       vkAllocateMemory(6464kb):    1 bos, 6464 kb
TU: info:       vkAllocateMemory(5712kb):    1 bos, 5712 kb
TU: info:       vkAllocateMemory(2816kb):    1 bos, 2816 kb
TU: info:      vkAllocateMemory(24512kb):    1 bos, 24512 kb
TU: info:       vkAllocateMemory(8160kb):    1 bos, 8160 kb
TU: info:       vkAllocateMemory(3132kb):    1 bos, 3132 kb
TU: info:       vkAllocateMemory(4864kb):    1 bos, 4864 kb
TU: info:       vkAllocateMemory(7360kb):    1 bos, 7360 kb
TU: info:       vkAllocateMemory(6552kb):    1 bos, 6552 kb
TU: info:       vkAllocateMemory(3840kb):    1 bos, 3840 kb
TU: info:                descriptor pool:    1 bos, 4 kb
TU: info:       vkAllocateMemory(5464kb):    1 bos, 5464 kb
TU: info:       vkAllocateMemory(2540kb):    1 bos, 2540 kb
TU: info:      vkAllocateMemory(10112kb):    1 bos, 10112 kb
TU: info:                  device sub cs:    1 bos, 4 kb
TU: info:      vkAllocateMemory(11392kb):    1 bos, 11392 kb
TU: info:       vkAllocateMemory(5220kb):    1 bos, 5220 kb
TU: info:      vkAllocateMemory(15936kb):    1 bos, 15936 kb
TU: info:       vkAllocateMemory(8196kb):    1 bos, 8196 kb
TU: info:       vkAllocateMemory(4180kb):    1 bos, 4180 kb
TU: info:       vkAllocateMemory(3740kb):    1 bos, 3740 kb
TU: info:       vkAllocateMemory(2368kb):    1 bos, 2368 kb
TU: info:       vkAllocateMemory(3264kb):    1 bos, 3264 kb
TU: info:       vkAllocateMemory(6000kb):    1 bos, 6000 kb
TU: info:       vkAllocateMemory(3712kb):    1 bos, 3712 kb
TU: info:       vkAllocateMemory(3168kb):    1 bos, 3168 kb
TU: info:       vkAllocateMemory(6144kb):    1 bos, 6144 kb
TU: info:                           tess:    1 bos, 136 kb
TU: info:       vkAllocateMemory(2920kb):    1 bos, 2920 kb
TU: info:     vkAllocateMemory(131072kb):    1 bos, 131072 kb
TU: info:      vkAllocateMemory(14720kb):    1 bos, 14720 kb
TU: info:        vkAllocateMemory(128kb):    1 bos, 128 kb
TU: info:       vkAllocateMemory(5248kb):    1 bos, 5248 kb
TU: info:       vkAllocateMemory(4672kb):    1 bos, 4672 kb
TU: info:       vkAllocateMemory(4824kb):    1 bos, 4824 kb
TU: info:       vkAllocateMemory(8896kb):    1 bos, 8896 kb
TU: info:       vkAllocateMemory(9664kb):    1 bos, 9664 kb
TU: info:       vkAllocateMemory(3136kb):    1 bos, 3136 kb
TU: info:       vkAllocateMemory(7680kb):    1 bos, 7680 kb
TU: info:       vkAllocateMemory(4176kb):    1 bos, 4176 kb
TU: info:       vkAllocateMemory(2056kb):    2 bos, 4112 kb
TU: info:     vkAllocateMemory(187501kb):    2 bos, 375008 kb
TU: info:       vkAllocateMemory(7236kb):    2 bos, 14472 kb
TU: info:       vkAllocateMemory(2944kb):    2 bos, 5888 kb
TU: info:       vkAllocateMemory(1024kb):    2 bos, 2048 kb
TU: info:      vkAllocateMemory(33544kb):    2 bos, 67088 kb
TU: info:       vkAllocateMemory(5472kb):    2 bos, 10944 kb
TU: info:       vkAllocateMemory(9472kb):    2 bos, 18944 kb
TU: info:       vkAllocateMemory(4200kb):    2 bos, 8400 kb
TU: info:       vkAllocateMemory(4032kb):    2 bos, 8064 kb
TU: info:       vkAllocateMemory(4544kb):    2 bos, 9088 kb
TU: info:       vkAllocateMemory(2496kb):    2 bos, 4992 kb
TU: info:       vkAllocateMemory(2720kb):    2 bos, 5440 kb
TU: info:       vkAllocateMemory(4932kb):    2 bos, 9864 kb
TU: info:          vkAllocateMemory(4kb):    2 bos, 8 kb
TU: info:       vkAllocateMemory(7813kb):    2 bos, 15632 kb
TU: info:       vkAllocateMemory(4112kb):    2 bos, 8224 kb
TU: info:       vkAllocateMemory(4896kb):    2 bos, 9792 kb
TU: info:       vkAllocateMemory(4612kb):    3 bos, 13836 kb
TU: info:       vkAllocateMemory(2624kb):    3 bos, 7872 kb
TU: info:       vkAllocateMemory(5120kb):    3 bos, 15360 kb
TU: info:       vkAllocateMemory(2304kb):    3 bos, 6912 kb
TU: info:       vkAllocateMemory(3072kb):    3 bos, 9216 kb
TU: info:         vkAllocateMemory(41kb):    3 bos, 132 kb
TU: info:          vkAllocateMemory(7kb):    3 bos, 24 kb
TU: info:      vkAllocateMemory(10240kb):    3 bos, 30720 kb
TU: info:       vkAllocateMemory(2240kb):    3 bos, 6720 kb
TU: info:      vkAllocateMemory(51200kb):    3 bos, 153600 kb
TU: info:                         pvtmem:    3 bos, 122880 kb
TU: info:       vkAllocateMemory(8192kb):    4 bos, 32768 kb
TU: info:      vkAllocateMemory(43712kb):    4 bos, 174848 kb
TU: info:       vkAllocateMemory(5376kb):    4 bos, 21504 kb
TU: info:       vkAllocateMemory(4608kb):    4 bos, 18432 kb
TU: info:       vkAllocateMemory(8960kb):    4 bos, 35840 kb
TU: info:       vkAllocateMemory(2560kb):    4 bos, 10240 kb
TU: info:       vkAllocateMemory(2176kb):    5 bos, 10880 kb
TU: info:      vkAllocateMemory(21824kb):    5 bos, 109120 kb
TU: info:       vkAllocateMemory(4096kb):    6 bos, 24576 kb
TU: info:       vkAllocateMemory(4028kb):    6 bos, 24168 kb
TU: info:       vkAllocateMemory(2752kb):    6 bos, 16512 kb
TU: info:       vkAllocateMemory(4052kb):    6 bos, 24312 kb
TU: info:       vkAllocateMemory(2208kb):    6 bos, 13248 kb
TU: info:               draw epilogue cs:    9 bos, 144 kb
TU: info:       vkAllocateMemory(2688kb):    9 bos, 24192 kb
TU: info:       vkAllocateMemory(3600kb):   10 bos, 36000 kb
TU: info:       vkAllocateMemory(3624kb):   11 bos, 39864 kb
TU: info:       vkAllocateMemory(2048kb):   17 bos, 34816 kb
TU: info:       vkAllocateMemory(2112kb):   17 bos, 35904 kb
TU: info:                        draw cs:   22 bos, 3088 kb
TU: info:                    draw sub cs:   26 bos, 3144 kb
TU: info:      vkAllocateMemory(16384kb):   66 bos, 1081344 kb
TU: info:                         cmd cs:   93 bos, 3888 kb
TU: info:              pipeline_suballoc: 1796 bos, 229888 kb
TU: info:              embedded samplers: 3025 bos, 12100 kb
TU: info: submitted 5306 bos (3490 MB)
TU: info:       vkAllocateMemory(6624kb):    1 bos, 6624 kb
TU: info:      vkAllocateMemory(24576kb):    1 bos, 24576 kb
TU: info:       vkAllocateMemory(3392kb):    1 bos, 3392 kb
TU: info:       vkAllocateMemory(7424kb):    1 bos, 7424 kb
TU: info:                         global:    1 bos, 532 kb
TU: info:      vkAllocateMemory(10688kb):    1 bos, 10688 kb
TU: info:      vkAllocateMemory(16448kb):    1 bos, 16448 kb
TU: info:       vkAllocateMemory(9280kb):    1 bos, 9280 kb
TU: info:       vkAllocateMemory(4908kb):    1 bos, 4908 kb
TU: info:      vkAllocateMemory(14472kb):    1 bos, 14472 kb
TU: info:       vkAllocateMemory(4340kb):    1 bos, 4340 kb
TU: info:       vkAllocateMemory(8512kb):    1 bos, 8512 kb
TU: info:       vkAllocateMemory(5440kb):    1 bos, 5440 kb
TU: info:       vkAllocateMemory(9224kb):    1 bos, 9224 kb
TU: info:       vkAllocateMemory(4480kb):    1 bos, 4480 kb
TU: info:       vkAllocateMemory(4576kb):    1 bos, 4576 kb
TU: info:                     query pool:    1 bos, 4 kb
TU: info:      vkAllocateMemory(11328kb):    1 bos, 11328 kb
TU: info:      vkAllocateMemory(21504kb):    1 bos, 21504 kb
TU: info:       vkAllocateMemory(2452kb):    1 bos, 2452 kb
TU: info:       vkAllocateMemory(9152kb):    1 bos, 9152 kb
TU: info:       vkAllocateMemory(4288kb):    1 bos, 4288 kb
TU: info:       vkAllocateMemory(8640kb):    1 bos, 8640 kb
TU: info:       vkAllocateMemory(5344kb):    1 bos, 5344 kb
TU: info:       vkAllocateMemory(5640kb):    1 bos, 5640 kb
TU: info:       vkAllocateMemory(6912kb):    1 bos, 6912 kb
TU: info:       vkAllocateMemory(6976kb):    1 bos, 6976 kb
TU: info:      vkAllocateMemory(10080kb):    1 bos, 10080 kb
TU: info:       vkAllocateMemory(5760kb):    1 bos, 5760 kb
TU: info:       vkAllocateMemory(3692kb):    1 bos, 3692 kb
TU: info:       vkAllocateMemory(2736kb):    1 bos, 2736 kb
TU: info:       vkAllocateMemory(5888kb):    1 bos, 5888 kb
TU: info:       vkAllocateMemory(6464kb):    1 bos, 6464 kb
TU: info:       vkAllocateMemory(5712kb):    1 bos, 5712 kb
TU: info:       vkAllocateMemory(2816kb):    1 bos, 2816 kb
TU: info:      vkAllocateMemory(24512kb):    1 bos, 24512 kb
TU: info:       vkAllocateMemory(8160kb):    1 bos, 8160 kb
TU: info:       vkAllocateMemory(3132kb):    1 bos, 3132 kb
TU: info:       vkAllocateMemory(4864kb):    1 bos, 4864 kb
TU: info:       vkAllocateMemory(7360kb):    1 bos, 7360 kb
TU: info:       vkAllocateMemory(6552kb):    1 bos, 6552 kb
TU: info:       vkAllocateMemory(3840kb):    1 bos, 3840 kb
TU: info:                descriptor pool:    1 bos, 4 kb
TU: info:       vkAllocateMemory(5464kb):    1 bos, 5464 kb
TU: info:       vkAllocateMemory(2540kb):    1 bos, 2540 kb
TU: info:      vkAllocateMemory(10112kb):    1 bos, 10112 kb
TU: info:                  device sub cs:    1 bos, 4 kb
TU: info:      vkAllocateMemory(11392kb):    1 bos, 11392 kb
TU: info:       vkAllocateMemory(5220kb):    1 bos, 5220 kb
TU: info:      vkAllocateMemory(15936kb):    1 bos, 15936 kb
TU: info:       vkAllocateMemory(8196kb):    1 bos, 8196 kb
TU: info:       vkAllocateMemory(4180kb):    1 bos, 4180 kb
TU: info:       vkAllocateMemory(3740kb):    1 bos, 3740 kb
TU: info:       vkAllocateMemory(2368kb):    1 bos, 2368 kb
TU: info:       vkAllocateMemory(3264kb):    1 bos, 3264 kb
TU: info:       vkAllocateMemory(6000kb):    1 bos, 6000 kb
TU: info:       vkAllocateMemory(3712kb):    1 bos, 3712 kb
TU: info:       vkAllocateMemory(3168kb):    1 bos, 3168 kb
TU: info:       vkAllocateMemory(6144kb):    1 bos, 6144 kb
TU: info:                           tess:    1 bos, 136 kb
TU: info:       vkAllocateMemory(2920kb):    1 bos, 2920 kb
TU: info:     vkAllocateMemory(131072kb):    1 bos, 131072 kb
TU: info:      vkAllocateMemory(14720kb):    1 bos, 14720 kb
TU: info:        vkAllocateMemory(128kb):    1 bos, 128 kb
TU: info:       vkAllocateMemory(5248kb):    1 bos, 5248 kb
TU: info:       vkAllocateMemory(4672kb):    1 bos, 4672 kb
TU: info:       vkAllocateMemory(4824kb):    1 bos, 4824 kb
TU: info:       vkAllocateMemory(8896kb):    1 bos, 8896 kb
TU: info:       vkAllocateMemory(9664kb):    1 bos, 9664 kb
TU: info:       vkAllocateMemory(3136kb):    1 bos, 3136 kb
TU: info:       vkAllocateMemory(7680kb):    1 bos, 7680 kb
TU: info:       vkAllocateMemory(4176kb):    1 bos, 4176 kb
TU: info:       vkAllocateMemory(2056kb):    2 bos, 4112 kb
TU: info:     vkAllocateMemory(187501kb):    2 bos, 375008 kb
TU: info:       vkAllocateMemory(7236kb):    2 bos, 14472 kb
TU: info:       vkAllocateMemory(2944kb):    2 bos, 5888 kb
TU: info:       vkAllocateMemory(1024kb):    2 bos, 2048 kb
TU: info:      vkAllocateMemory(33544kb):    2 bos, 67088 kb
TU: info:       vkAllocateMemory(5472kb):    2 bos, 10944 kb
TU: info:       vkAllocateMemory(9472kb):    2 bos, 18944 kb
TU: info:       vkAllocateMemory(4200kb):    2 bos, 8400 kb
TU: info:       vkAllocateMemory(4032kb):    2 bos, 8064 kb
TU: info:       vkAllocateMemory(4544kb):    2 bos, 9088 kb
TU: info:       vkAllocateMemory(2496kb):    2 bos, 4992 kb
TU: info:       vkAllocateMemory(2720kb):    2 bos, 5440 kb
TU: info:       vkAllocateMemory(4932kb):    2 bos, 9864 kb
TU: info:          vkAllocateMemory(4kb):    2 bos, 8 kb
TU: info:       vkAllocateMemory(7813kb):    2 bos, 15632 kb
TU: info:       vkAllocateMemory(4112kb):    2 bos, 8224 kb
TU: info:       vkAllocateMemory(4896kb):    2 bos, 9792 kb
TU: info:       vkAllocateMemory(4612kb):    3 bos, 13836 kb
TU: info:       vkAllocateMemory(2624kb):    3 bos, 7872 kb
TU: info:       vkAllocateMemory(5120kb):    3 bos, 15360 kb
TU: info:       vkAllocateMemory(2304kb):    3 bos, 6912 kb
TU: info:       vkAllocateMemory(3072kb):    3 bos, 9216 kb
TU: info:         vkAllocateMemory(41kb):    3 bos, 132 kb
TU: info:          vkAllocateMemory(7kb):    3 bos, 24 kb
TU: info:      vkAllocateMemory(10240kb):    3 bos, 30720 kb
TU: info:       vkAllocateMemory(2240kb):    3 bos, 6720 kb
TU: info:      vkAllocateMemory(51200kb):    3 bos, 153600 kb
TU: info:                         pvtmem:    3 bos, 122880 kb
TU: info:       vkAllocateMemory(8192kb):    4 bos, 32768 kb
TU: info:      vkAllocateMemory(43712kb):    4 bos, 174848 kb
TU: info:       vkAllocateMemory(5376kb):    4 bos, 21504 kb
TU: info:       vkAllocateMemory(4608kb):    4 bos, 18432 kb
TU: info:       vkAllocateMemory(8960kb):    4 bos, 35840 kb
TU: info:       vkAllocateMemory(2560kb):    4 bos, 10240 kb
TU: info:       vkAllocateMemory(2176kb):    5 bos, 10880 kb
TU: info:      vkAllocateMemory(21824kb):    5 bos, 109120 kb
TU: info:       vkAllocateMemory(4096kb):    6 bos, 24576 kb
TU: info:       vkAllocateMemory(4028kb):    6 bos, 24168 kb
TU: info:       vkAllocateMemory(2752kb):    6 bos, 16512 kb
TU: info:       vkAllocateMemory(4052kb):    6 bos, 24312 kb
TU: info:       vkAllocateMemory(2208kb):    6 bos, 13248 kb
TU: info:               draw epilogue cs:    9 bos, 144 kb
TU: info:       vkAllocateMemory(2688kb):    9 bos, 24192 kb
TU: info:       vkAllocateMemory(3600kb):   10 bos, 36000 kb
TU: info:       vkAllocateMemory(3624kb):   11 bos, 39864 kb
TU: info:       vkAllocateMemory(2048kb):   17 bos, 34816 kb
TU: info:       vkAllocateMemory(2112kb):   17 bos, 35904 kb
TU: info:                        draw cs:   22 bos, 3088 kb
TU: info:                    draw sub cs:   26 bos, 3144 kb
TU: info:      vkAllocateMemory(16384kb):   66 bos, 1081344 kb
TU: info:                         cmd cs:   93 bos, 3888 kb
TU: info:              pipeline_suballoc: 1798 bos, 230144 kb
TU: info:              embedded samplers: 3025 bos, 12100 kb
TU: info: submitted 5308 bos (3491 MB)
TU: info:       vkAllocateMemory(6624kb):    1 bos, 6624 kb
TU: info:      vkAllocateMemory(24576kb):    1 bos, 24576 kb
TU: info:       vkAllocateMemory(3392kb):    1 bos, 3392 kb
TU: info:       vkAllocateMemory(7424kb):    1 bos, 7424 kb
TU: info:                         global:    1 bos, 532 kb
TU: info:      vkAllocateMemory(10688kb):    1 bos, 10688 kb
TU: info:      vkAllocateMemory(16448kb):    1 bos, 16448 kb
TU: info:       vkAllocateMemory(9280kb):    1 bos, 9280 kb
TU: info:       vkAllocateMemory(4908kb):    1 bos, 4908 kb
TU: info:      vkAllocateMemory(14472kb):    1 bos, 14472 kb
TU: info:       vkAllocateMemory(4340kb):    1 bos, 4340 kb
TU: info:       vkAllocateMemory(8512kb):    1 bos, 8512 kb
TU: info:       vkAllocateMemory(5440kb):    1 bos, 5440 kb
TU: info:       vkAllocateMemory(9224kb):    1 bos, 9224 kb
TU: info:       vkAllocateMemory(4480kb):    1 bos, 4480 kb
TU: info:       vkAllocateMemory(4576kb):    1 bos, 4576 kb
TU: info:                     query pool:    1 bos, 4 kb
TU: info:      vkAllocateMemory(11328kb):    1 bos, 11328 kb
TU: info:      vkAllocateMemory(21504kb):    1 bos, 21504 kb
TU: info:       vkAllocateMemory(2452kb):    1 bos, 2452 kb
TU: info:       vkAllocateMemory(9152kb):    1 bos, 9152 kb
TU: info:       vkAllocateMemory(4288kb):    1 bos, 4288 kb
TU: info:       vkAllocateMemory(8640kb):    1 bos, 8640 kb
TU: info:       vkAllocateMemory(5344kb):    1 bos, 5344 kb
TU: info:       vkAllocateMemory(5640kb):    1 bos, 5640 kb
TU: info:       vkAllocateMemory(6912kb):    1 bos, 6912 kb
TU: info:       vkAllocateMemory(6976kb):    1 bos, 6976 kb
TU: info:      vkAllocateMemory(10080kb):    1 bos, 10080 kb
TU: info:       vkAllocateMemory(5760kb):    1 bos, 5760 kb
TU: info:       vkAllocateMemory(3692kb):    1 bos, 3692 kb
TU: info:       vkAllocateMemory(2736kb):    1 bos, 2736 kb
TU: info:       vkAllocateMemory(5888kb):    1 bos, 5888 kb
TU: info:       vkAllocateMemory(6464kb):    1 bos, 6464 kb
TU: info:       vkAllocateMemory(5712kb):    1 bos, 5712 kb
TU: info:       vkAllocateMemory(2816kb):    1 bos, 2816 kb
TU: info:      vkAllocateMemory(24512kb):    1 bos, 24512 kb
TU: info:       vkAllocateMemory(8160kb):    1 bos, 8160 kb
TU: info:       vkAllocateMemory(3132kb):    1 bos, 3132 kb
TU: info:       vkAllocateMemory(4864kb):    1 bos, 4864 kb
TU: info:       vkAllocateMemory(7360kb):    1 bos, 7360 kb
TU: info:       vkAllocateMemory(6552kb):    1 bos, 6552 kb
TU: info:       vkAllocateMemory(3840kb):    1 bos, 3840 kb
TU: info:                descriptor pool:    1 bos, 4 kb
TU: info:       vkAllocateMemory(5464kb):    1 bos, 5464 kb
TU: info:       vkAllocateMemory(2540kb):    1 bos, 2540 kb
TU: info:      vkAllocateMemory(10112kb):    1 bos, 10112 kb
TU: info:                  device sub cs:    1 bos, 4 kb
TU: info:      vkAllocateMemory(11392kb):    1 bos, 11392 kb
TU: info:       vkAllocateMemory(5220kb):    1 bos, 5220 kb
TU: info:      vkAllocateMemory(15936kb):    1 bos, 15936 kb
TU: info:       vkAllocateMemory(8196kb):    1 bos, 8196 kb
TU: info:       vkAllocateMemory(4180kb):    1 bos, 4180 kb
TU: info:       vkAllocateMemory(3740kb):    1 bos, 3740 kb
TU: info:       vkAllocateMemory(2368kb):    1 bos, 2368 kb
TU: info:       vkAllocateMemory(3264kb):    1 bos, 3264 kb
TU: info:       vkAllocateMemory(6000kb):    1 bos, 6000 kb
TU: info:       vkAllocateMemory(3712kb):    1 bos, 3712 kb
TU: info:       vkAllocateMemory(3168kb):    1 bos, 3168 kb
TU: info:       vkAllocateMemory(6144kb):    1 bos, 6144 kb
TU: info:                           tess:    1 bos, 136 kb
TU: info:       vkAllocateMemory(2920kb):    1 bos, 2920 kb
TU: info:     vkAllocateMemory(131072kb):    1 bos, 131072 kb
TU: info:      vkAllocateMemory(14720kb):    1 bos, 14720 kb
TU: info:        vkAllocateMemory(128kb):    1 bos, 128 kb
TU: info:       vkAllocateMemory(5248kb):    1 bos, 5248 kb
TU: info:       vkAllocateMemory(4672kb):    1 bos, 4672 kb
TU: info:       vkAllocateMemory(4824kb):    1 bos, 4824 kb
TU: info:       vkAllocateMemory(8896kb):    1 bos, 8896 kb
TU: info:       vkAllocateMemory(9664kb):    1 bos, 9664 kb
TU: info:       vkAllocateMemory(3136kb):    1 bos, 3136 kb
TU: info:       vkAllocateMemory(7680kb):    1 bos, 7680 kb
TU: info:       vkAllocateMemory(4176kb):    1 bos, 4176 kb
TU: info:       vkAllocateMemory(2056kb):    2 bos, 4112 kb
TU: info:     vkAllocateMemory(187501kb):    2 bos, 375008 kb
TU: info:       vkAllocateMemory(7236kb):    2 bos, 14472 kb
TU: info:       vkAllocateMemory(2944kb):    2 bos, 5888 kb
TU: info:       vkAllocateMemory(1024kb):    2 bos, 2048 kb
TU: info:      vkAllocateMemory(33544kb):    2 bos, 67088 kb
TU: info:       vkAllocateMemory(5472kb):    2 bos, 10944 kb
TU: info:       vkAllocateMemory(9472kb):    2 bos, 18944 kb
TU: info:       vkAllocateMemory(4200kb):    2 bos, 8400 kb
TU: info:       vkAllocateMemory(4032kb):    2 bos, 8064 kb
TU: info:       vkAllocateMemory(4544kb):    2 bos, 9088 kb
TU: info:       vkAllocateMemory(2496kb):    2 bos, 4992 kb
TU: info:       vkAllocateMemory(2720kb):    2 bos, 5440 kb
TU: info:       vkAllocateMemory(4932kb):    2 bos, 9864 kb
TU: info:          vkAllocateMemory(4kb):    2 bos, 8 kb
TU: info:       vkAllocateMemory(7813kb):    2 bos, 15632 kb
TU: info:       vkAllocateMemory(4112kb):    2 bos, 8224 kb
TU: info:       vkAllocateMemory(4896kb):    2 bos, 9792 kb
TU: info:       vkAllocateMemory(4612kb):    3 bos, 13836 kb
TU: info:       vkAllocateMemory(2624kb):    3 bos, 7872 kb
TU: info:       vkAllocateMemory(5120kb):    3 bos, 15360 kb
TU: info:       vkAllocateMemory(2304kb):    3 bos, 6912 kb
TU: info:       vkAllocateMemory(3072kb):    3 bos, 9216 kb
TU: info:         vkAllocateMemory(41kb):    3 bos, 132 kb
TU: info:          vkAllocateMemory(7kb):    3 bos, 24 kb
TU: info:      vkAllocateMemory(10240kb):    3 bos, 30720 kb
TU: info:       vkAllocateMemory(2240kb):    3 bos, 6720 kb
TU: info:      vkAllocateMemory(51200kb):    3 bos, 153600 kb
TU: info:                         pvtmem:    3 bos, 122880 kb
TU: info:       vkAllocateMemory(8192kb):    4 bos, 32768 kb
TU: info:      vkAllocateMemory(43712kb):    4 bos, 174848 kb
TU: info:       vkAllocateMemory(5376kb):    4 bos, 21504 kb
TU: info:       vkAllocateMemory(4608kb):    4 bos, 18432 kb
TU: info:       vkAllocateMemory(8960kb):    4 bos, 35840 kb
TU: info:       vkAllocateMemory(2560kb):    4 bos, 10240 kb
TU: info:       vkAllocateMemory(2176kb):    5 bos, 10880 kb
TU: info:      vkAllocateMemory(21824kb):    5 bos, 109120 kb
TU: info:       vkAllocateMemory(4096kb):    6 bos, 24576 kb
TU: info:       vkAllocateMemory(4028kb):    6 bos, 24168 kb
TU: info:       vkAllocateMemory(2752kb):    6 bos, 16512 kb
TU: info:       vkAllocateMemory(4052kb):    6 bos, 24312 kb
TU: info:       vkAllocateMemory(2208kb):    6 bos, 13248 kb
TU: info:               draw epilogue cs:    9 bos, 144 kb
TU: info:       vkAllocateMemory(2688kb):    9 bos, 24192 kb
TU: info:       vkAllocateMemory(3600kb):   10 bos, 36000 kb
TU: info:       vkAllocateMemory(3624kb):   11 bos, 39864 kb
TU: info:       vkAllocateMemory(2048kb):   17 bos, 34816 kb
TU: info:       vkAllocateMemory(2112kb):   17 bos, 35904 kb
TU: info:                        draw cs:   22 bos, 3088 kb
TU: info:                    draw sub cs:   26 bos, 3144 kb
TU: info:      vkAllocateMemory(16384kb):   66 bos, 1081344 kb
TU: info:                         cmd cs:   93 bos, 3888 kb
TU: info:              pipeline_suballoc: 1798 bos, 230144 kb
TU: info:              embedded samplers: 3025 bos, 12100 kb
TU: info: submitted 5308 bos (3491 MB)
TU: info:       vkAllocateMemory(6624kb):    1 bos, 6624 kb
TU: info:      vkAllocateMemory(24576kb):    1 bos, 24576 kb
TU: info:       vkAllocateMemory(3392kb):    1 bos, 3392 kb
TU: info:       vkAllocateMemory(7424kb):    1 bos, 7424 kb
TU: info:                         global:    1 bos, 532 kb
TU: info:      vkAllocateMemory(10688kb):    1 bos, 10688 kb
TU: info:      vkAllocateMemory(16448kb):    1 bos, 16448 kb
TU: info:       vkAllocateMemory(9280kb):    1 bos, 9280 kb
TU: info:       vkAllocateMemory(4908kb):    1 bos, 4908 kb
TU: info:      vkAllocateMemory(14472kb):    1 bos, 14472 kb
TU: info:       vkAllocateMemory(4340kb):    1 bos, 4340 kb
TU: info:       vkAllocateMemory(8512kb):    1 bos, 8512 kb
TU: info:       vkAllocateMemory(5440kb):    1 bos, 5440 kb
TU: info:       vkAllocateMemory(9224kb):    1 bos, 9224 kb
TU: info:       vkAllocateMemory(4480kb):    1 bos, 4480 kb
TU: info:       vkAllocateMemory(4576kb):    1 bos, 4576 kb
TU: info:                     query pool:    1 bos, 4 kb
TU: info:      vkAllocateMemory(11328kb):    1 bos, 11328 kb
TU: info:      vkAllocateMemory(21504kb):    1 bos, 21504 kb
TU: info:       vkAllocateMemory(2452kb):    1 bos, 2452 kb
TU: info:       vkAllocateMemory(9152kb):    1 bos, 9152 kb
TU: info:       vkAllocateMemory(4288kb):    1 bos, 4288 kb
TU: info:       vkAllocateMemory(8640kb):    1 bos, 8640 kb
TU: info:       vkAllocateMemory(5344kb):    1 bos, 5344 kb
TU: info:       vkAllocateMemory(5640kb):    1 bos, 5640 kb
TU: info:       vkAllocateMemory(6912kb):    1 bos, 6912 kb
TU: info:       vkAllocateMemory(6976kb):    1 bos, 6976 kb
TU: info:      vkAllocateMemory(10080kb):    1 bos, 10080 kb
TU: info:       vkAllocateMemory(5760kb):    1 bos, 5760 kb
TU: info:       vkAllocateMemory(3692kb):    1 bos, 3692 kb
TU: info:       vkAllocateMemory(2736kb):    1 bos, 2736 kb
TU: info:       vkAllocateMemory(5888kb):    1 bos, 5888 kb
TU: info:       vkAllocateMemory(6464kb):    1 bos, 6464 kb
TU: info:       vkAllocateMemory(5712kb):    1 bos, 5712 kb
TU: info:       vkAllocateMemory(2816kb):    1 bos, 2816 kb
TU: info:      vkAllocateMemory(24512kb):    1 bos, 24512 kb
TU: info:       vkAllocateMemory(8160kb):    1 bos, 8160 kb
TU: info:       vkAllocateMemory(3132kb):    1 bos, 3132 kb
TU: info:       vkAllocateMemory(4864kb):    1 bos, 4864 kb
TU: info:       vkAllocateMemory(7360kb):    1 bos, 7360 kb
TU: info:       vkAllocateMemory(6552kb):    1 bos, 6552 kb
TU: info:       vkAllocateMemory(3840kb):    1 bos, 3840 kb
TU: info:                descriptor pool:    1 bos, 4 kb
TU: info:       vkAllocateMemory(5464kb):    1 bos, 5464 kb
TU: info:       vkAllocateMemory(2540kb):    1 bos, 2540 kb
TU: info:      vkAllocateMemory(10112kb):    1 bos, 10112 kb
TU: info:                  device sub cs:    1 bos, 4 kb
TU: info:      vkAllocateMemory(11392kb):    1 bos, 11392 kb
TU: info:       vkAllocateMemory(5220kb):    1 bos, 5220 kb
TU: info:      vkAllocateMemory(15936kb):    1 bos, 15936 kb
TU: info:       vkAllocateMemory(8196kb):    1 bos, 8196 kb
TU: info:       vkAllocateMemory(4180kb):    1 bos, 4180 kb
TU: info:       vkAllocateMemory(3740kb):    1 bos, 3740 kb
TU: info:       vkAllocateMemory(2368kb):    1 bos, 2368 kb
TU: info:       vkAllocateMemory(3264kb):    1 bos, 3264 kb
TU: info:       vkAllocateMemory(6000kb):    1 bos, 6000 kb
TU: info:       vkAllocateMemory(3712kb):    1 bos, 3712 kb
TU: info:       vkAllocateMemory(3168kb):    1 bos, 3168 kb
TU: info:       vkAllocateMemory(6144kb):    1 bos, 6144 kb
TU: info:                           tess:    1 bos, 136 kb
TU: info:       vkAllocateMemory(2920kb):    1 bos, 2920 kb
TU: info:     vkAllocateMemory(131072kb):    1 bos, 131072 kb
TU: info:      vkAllocateMemory(14720kb):    1 bos, 14720 kb
TU: info:        vkAllocateMemory(128kb):    1 bos, 128 kb
TU: info:       vkAllocateMemory(5248kb):    1 bos, 5248 kb
TU: info:       vkAllocateMemory(4672kb):    1 bos, 4672 kb
TU: info:       vkAllocateMemory(4824kb):    1 bos, 4824 kb
TU: info:       vkAllocateMemory(8896kb):    1 bos, 8896 kb
TU: info:       vkAllocateMemory(9664kb):    1 bos, 9664 kb
TU: info:       vkAllocateMemory(3136kb):    1 bos, 3136 kb
TU: info:       vkAllocateMemory(7680kb):    1 bos, 7680 kb
TU: info:       vkAllocateMemory(4176kb):    1 bos, 4176 kb
TU: info:       vkAllocateMemory(2056kb):    2 bos, 4112 kb
TU: info:     vkAllocateMemory(187501kb):    2 bos, 375008 kb
TU: info:       vkAllocateMemory(7236kb):    2 bos, 14472 kb
TU: info:       vkAllocateMemory(2944kb):    2 bos, 5888 kb
TU: info:       vkAllocateMemory(1024kb):    2 bos, 2048 kb
TU: info:      vkAllocateMemory(33544kb):    2 bos, 67088 kb
TU: info:       vkAllocateMemory(5472kb):    2 bos, 10944 kb
TU: info:       vkAllocateMemory(9472kb):    2 bos, 18944 kb
TU: info:       vkAllocateMemory(4200kb):    2 bos, 8400 kb
TU: info:       vkAllocateMemory(4032kb):    2 bos, 8064 kb
TU: info:       vkAllocateMemory(4544kb):    2 bos, 9088 kb
TU: info:       vkAllocateMemory(2496kb):    2 bos, 4992 kb
TU: info:       vkAllocateMemory(2720kb):    2 bos, 5440 kb
TU: info:       vkAllocateMemory(4932kb):    2 bos, 9864 kb
TU: info:          vkAllocateMemory(4kb):    2 bos, 8 kb
TU: info:       vkAllocateMemory(7813kb):    2 bos, 15632 kb
TU: info:       vkAllocateMemory(4112kb):    2 bos, 8224 kb
TU: info:       vkAllocateMemory(4896kb):    2 bos, 9792 kb
TU: info:       vkAllocateMemory(4612kb):    3 bos, 13836 kb
TU: info:       vkAllocateMemory(2624kb):    3 bos, 7872 kb
TU: info:       vkAllocateMemory(5120kb):    3 bos, 15360 kb
TU: info:       vkAllocateMemory(2304kb):    3 bos, 6912 kb
TU: info:       vkAllocateMemory(3072kb):    3 bos, 9216 kb
TU: info:         vkAllocateMemory(41kb):    3 bos, 132 kb
TU: info:          vkAllocateMemory(7kb):    3 bos, 24 kb
TU: info:      vkAllocateMemory(10240kb):    3 bos, 30720 kb
TU: info:       vkAllocateMemory(2240kb):    3 bos, 6720 kb
TU: info:      vkAllocateMemory(51200kb):    3 bos, 153600 kb
TU: info:                         pvtmem:    3 bos, 122880 kb
TU: info:       vkAllocateMemory(8192kb):    4 bos, 32768 kb
TU: info:      vkAllocateMemory(43712kb):    4 bos, 174848 kb
TU: info:       vkAllocateMemory(5376kb):    4 bos, 21504 kb
TU: info:       vkAllocateMemory(4608kb):    4 bos, 18432 kb
TU: info:       vkAllocateMemory(8960kb):    4 bos, 35840 kb
TU: info:       vkAllocateMemory(2560kb):    4 bos, 10240 kb
TU: info:       vkAllocateMemory(2176kb):    5 bos, 10880 kb
TU: info:      vkAllocateMemory(21824kb):    5 bos, 109120 kb
TU: info:       vkAllocateMemory(4096kb):    6 bos, 24576 kb
TU: info:       vkAllocateMemory(4028kb):    6 bos, 24168 kb
TU: info:       vkAllocateMemory(2752kb):    6 bos, 16512 kb
TU: info:       vkAllocateMemory(4052kb):    6 bos, 24312 kb
TU: info:       vkAllocateMemory(2208kb):    6 bos, 13248 kb
TU: info:               draw epilogue cs:    9 bos, 144 kb
TU: info:       vkAllocateMemory(2688kb):    9 bos, 24192 kb
TU: info:       vkAllocateMemory(3600kb):   10 bos, 36000 kb
TU: info:       vkAllocateMemory(3624kb):   11 bos, 39864 kb
TU: info:       vkAllocateMemory(2048kb):   17 bos, 34816 kb
TU: info:       vkAllocateMemory(2112kb):   17 bos, 35904 kb
TU: info:                        draw cs:   22 bos, 3088 kb
TU: info:                    draw sub cs:   26 bos, 3144 kb
TU: info:      vkAllocateMemory(16384kb):   66 bos, 1081344 kb
TU: info:                         cmd cs:   93 bos, 3888 kb
TU: info:              pipeline_suballoc: 1798 bos, 230144 kb
TU: info:              embedded samplers: 3025 bos, 12100 kb
TU: info: submitted 5308 bos (3491 MB)
TU: info:       vkAllocateMemory(6624kb):    1 bos, 6624 kb
TU: info:      vkAllocateMemory(24576kb):    1 bos, 24576 kb
TU: info:       vkAllocateMemory(3392kb):    1 bos, 3392 kb
TU: info:       vkAllocateMemory(7424kb):    1 bos, 7424 kb
TU: info:                         global:    1 bos, 532 kb
TU: info:      vkAllocateMemory(10688kb):    1 bos, 10688 kb
TU: info:      vkAllocateMemory(16448kb):    1 bos, 16448 kb
TU: info:       vkAllocateMemory(9280kb):    1 bos, 9280 kb
TU: info:       vkAllocateMemory(4908kb):    1 bos, 4908 kb
TU: info:      vkAllocateMemory(14472kb):    1 bos, 14472 kb
TU: info:       vkAllocateMemory(4340kb):    1 bos, 4340 kb
TU: info:       vkAllocateMemory(8512kb):    1 bos, 8512 kb
TU: info:       vkAllocateMemory(5440kb):    1 bos, 5440 kb
TU: info:       vkAllocateMemory(9224kb):    1 bos, 9224 kb
TU: info:       vkAllocateMemory(4480kb):    1 bos, 4480 kb
TU: info:       vkAllocateMemory(4576kb):    1 bos, 4576 kb
TU: info:                     query pool:    1 bos, 4 kb
TU: info:      vkAllocateMemory(11328kb):    1 bos, 11328 kb
TU: info:      vkAllocateMemory(21504kb):    1 bos, 21504 kb
TU: info:       vkAllocateMemory(2452kb):    1 bos, 2452 kb
TU: info:       vkAllocateMemory(9152kb):    1 bos, 9152 kb
TU: info:       vkAllocateMemory(4288kb):    1 bos, 4288 kb
TU: info:       vkAllocateMemory(8640kb):    1 bos, 8640 kb
TU: info:       vkAllocateMemory(5344kb):    1 bos, 5344 kb
TU: info:       vkAllocateMemory(5640kb):    1 bos, 5640 kb
TU: info:       vkAllocateMemory(6912kb):    1 bos, 6912 kb
TU: info:       vkAllocateMemory(6976kb):    1 bos, 6976 kb
TU: info:      vkAllocateMemory(10080kb):    1 bos, 10080 kb
TU: info:       vkAllocateMemory(5760kb):    1 bos, 5760 kb
TU: info:       vkAllocateMemory(3692kb):    1 bos, 3692 kb
TU: info:       vkAllocateMemory(2736kb):    1 bos, 2736 kb
TU: info:       vkAllocateMemory(5888kb):    1 bos, 5888 kb
TU: info:       vkAllocateMemory(6464kb):    1 bos, 6464 kb
TU: info:       vkAllocateMemory(5712kb):    1 bos, 5712 kb
TU: info:       vkAllocateMemory(2816kb):    1 bos, 2816 kb
TU: info:      vkAllocateMemory(24512kb):    1 bos, 24512 kb
TU: info:       vkAllocateMemory(8160kb):    1 bos, 8160 kb
TU: info:       vkAllocateMemory(3132kb):    1 bos, 3132 kb
TU: info:       vkAllocateMemory(4864kb):    1 bos, 4864 kb
TU: info:       vkAllocateMemory(7360kb):    1 bos, 7360 kb
TU: info:       vkAllocateMemory(6552kb):    1 bos, 6552 kb
TU: info:       vkAllocateMemory(3840kb):    1 bos, 3840 kb
TU: info:                descriptor pool:    1 bos, 4 kb
TU: info:       vkAllocateMemory(5464kb):    1 bos, 5464 kb
TU: info:       vkAllocateMemory(2540kb):    1 bos, 2540 kb
TU: info:      vkAllocateMemory(10112kb):    1 bos, 10112 kb
TU: info:                  device sub cs:    1 bos, 4 kb
TU: info:      vkAllocateMemory(11392kb):    1 bos, 11392 kb
TU: info:       vkAllocateMemory(5220kb):    1 bos, 5220 kb
TU: info:      vkAllocateMemory(15936kb):    1 bos, 15936 kb
TU: info:       vkAllocateMemory(8196kb):    1 bos, 8196 kb
TU: info:       vkAllocateMemory(4180kb):    1 bos, 4180 kb
TU: info:       vkAllocateMemory(3740kb):    1 bos, 3740 kb
TU: info:       vkAllocateMemory(2368kb):    1 bos, 2368 kb
TU: info:       vkAllocateMemory(3264kb):    1 bos, 3264 kb
TU: info:       vkAllocateMemory(6000kb):    1 bos, 6000 kb
TU: info:       vkAllocateMemory(3712kb):    1 bos, 3712 kb
TU: info:       vkAllocateMemory(3168kb):    1 bos, 3168 kb
TU: info:       vkAllocateMemory(6144kb):    1 bos, 6144 kb
TU: info:                           tess:    1 bos, 136 kb
TU: info:       vkAllocateMemory(2920kb):    1 bos, 2920 kb
TU: info:     vkAllocateMemory(131072kb):    1 bos, 131072 kb
TU: info:      vkAllocateMemory(14720kb):    1 bos, 14720 kb
TU: info:        vkAllocateMemory(128kb):    1 bos, 128 kb
TU: info:       vkAllocateMemory(5248kb):    1 bos, 5248 kb
TU: info:       vkAllocateMemory(4672kb):    1 bos, 4672 kb
TU: info:       vkAllocateMemory(4824kb):    1 bos, 4824 kb
TU: info:       vkAllocateMemory(8896kb):    1 bos, 8896 kb
TU: info:       vkAllocateMemory(9664kb):    1 bos, 9664 kb
TU: info:       vkAllocateMemory(3136kb):    1 bos, 3136 kb
TU: info:       vkAllocateMemory(7680kb):    1 bos, 7680 kb
TU: info:       vkAllocateMemory(4176kb):    1 bos, 4176 kb
TU: info:       vkAllocateMemory(2056kb):    2 bos, 4112 kb
TU: info:     vkAllocateMemory(187501kb):    2 bos, 375008 kb
TU: info:       vkAllocateMemory(7236kb):    2 bos, 14472 kb
TU: info:       vkAllocateMemory(2944kb):    2 bos, 5888 kb
TU: info:       vkAllocateMemory(1024kb):    2 bos, 2048 kb
TU: info:      vkAllocateMemory(33544kb):    2 bos, 67088 kb
TU: info:       vkAllocateMemory(5472kb):    2 bos, 10944 kb
TU: info:       vkAllocateMemory(9472kb):    2 bos, 18944 kb
TU: info:       vkAllocateMemory(4200kb):    2 bos, 8400 kb
TU: info:       vkAllocateMemory(4032kb):    2 bos, 8064 kb
TU: info:       vkAllocateMemory(4544kb):    2 bos, 9088 kb
TU: info:       vkAllocateMemory(2496kb):    2 bos, 4992 kb
TU: info:       vkAllocateMemory(2720kb):    2 bos, 5440 kb
TU: info:       vkAllocateMemory(4932kb):    2 bos, 9864 kb
TU: info:          vkAllocateMemory(4kb):    2 bos, 8 kb
TU: info:       vkAllocateMemory(7813kb):    2 bos, 15632 kb
TU: info:       vkAllocateMemory(4112kb):    2 bos, 8224 kb
TU: info:       vkAllocateMemory(4896kb):    2 bos, 9792 kb
TU: info:       vkAllocateMemory(4612kb):    3 bos, 13836 kb
TU: info:       vkAllocateMemory(2624kb):    3 bos, 7872 kb
TU: info:       vkAllocateMemory(5120kb):    3 bos, 15360 kb
TU: info:       vkAllocateMemory(2304kb):    3 bos, 6912 kb
TU: info:       vkAllocateMemory(3072kb):    3 bos, 9216 kb
TU: info:         vkAllocateMemory(41kb):    3 bos, 132 kb
TU: info:          vkAllocateMemory(7kb):    3 bos, 24 kb
TU: info:      vkAllocateMemory(10240kb):    3 bos, 30720 kb
TU: info:       vkAllocateMemory(2240kb):    3 bos, 6720 kb
TU: info:      vkAllocateMemory(51200kb):    3 bos, 153600 kb
TU: info:                         pvtmem:    3 bos, 122880 kb
TU: info:       vkAllocateMemory(8192kb):    4 bos, 32768 kb
TU: info:      vkAllocateMemory(43712kb):    4 bos, 174848 kb
TU: info:       vkAllocateMemory(5376kb):    4 bos, 21504 kb
TU: info:       vkAllocateMemory(4608kb):    4 bos, 18432 kb
TU: info:       vkAllocateMemory(8960kb):    4 bos, 35840 kb
TU: info:       vkAllocateMemory(2560kb):    4 bos, 10240 kb
TU: info:       vkAllocateMemory(2176kb):    5 bos, 10880 kb
TU: info:      vkAllocateMemory(21824kb):    5 bos, 109120 kb
TU: info:       vkAllocateMemory(4096kb):    6 bos, 24576 kb
TU: info:       vkAllocateMemory(4028kb):    6 bos, 24168 kb
TU: info:       vkAllocateMemory(2752kb):    6 bos, 16512 kb
TU: info:       vkAllocateMemory(4052kb):    6 bos, 24312 kb
TU: info:       vkAllocateMemory(2208kb):    6 bos, 13248 kb
TU: info:               draw epilogue cs:    9 bos, 144 kb
TU: info:       vkAllocateMemory(2688kb):    9 bos, 24192 kb
TU: info:       vkAllocateMemory(3600kb):   10 bos, 36000 kb
TU: info:       vkAllocateMemory(3624kb):   11 bos, 39864 kb
TU: info:       vkAllocateMemory(2048kb):   17 bos, 34816 kb
TU: info:       vkAllocateMemory(2112kb):   17 bos, 35904 kb
TU: info:                        draw cs:   22 bos, 3088 kb
TU: info:                    draw sub cs:   26 bos, 3144 kb
TU: info:      vkAllocateMemory(16384kb):   66 bos, 1081344 kb
TU: info:                         cmd cs:   93 bos, 3888 kb
TU: info:              pipeline_suballoc: 1798 bos, 230144 kb
TU: info:              embedded samplers: 3025 bos, 12100 kb
TU: info: submitted 5308 bos (3491 MB)
TU: info:       vkAllocateMemory(6624kb):    1 bos, 6624 kb
TU: info:      vkAllocateMemory(24576kb):    1 bos, 24576 kb
TU: info:       vkAllocateMemory(3392kb):    1 bos, 3392 kb
TU: info:       vkAllocateMemory(7424kb):    1 bos, 7424 kb
TU: info:                         global:    1 bos, 532 kb
TU: info:      vkAllocateMemory(10688kb):    1 bos, 10688 kb
TU: info:      vkAllocateMemory(16448kb):    1 bos, 16448 kb
TU: info:       vkAllocateMemory(9280kb):    1 bos, 9280 kb
TU: info:       vkAllocateMemory(4908kb):    1 bos, 4908 kb
TU: info:      vkAllocateMemory(14472kb):    1 bos, 14472 kb
TU: info:       vkAllocateMemory(4340kb):    1 bos, 4340 kb
TU: info:       vkAllocateMemory(8512kb):    1 bos, 8512 kb
TU: info:       vkAllocateMemory(5440kb):    1 bos, 5440 kb
TU: info:       vkAllocateMemory(9224kb):    1 bos, 9224 kb
TU: info:       vkAllocateMemory(4480kb):    1 bos, 4480 kb
TU: info:       vkAllocateMemory(4576kb):    1 bos, 4576 kb
TU: info:                     query pool:    1 bos, 4 kb
TU: info:      vkAllocateMemory(11328kb):    1 bos, 11328 kb
TU: info:      vkAllocateMemory(21504kb):    1 bos, 21504 kb
TU: info:       vkAllocateMemory(2452kb):    1 bos, 2452 kb
TU: info:       vkAllocateMemory(9152kb):    1 bos, 9152 kb
TU: info:       vkAllocateMemory(4288kb):    1 bos, 4288 kb
TU: info:       vkAllocateMemory(8640kb):    1 bos, 8640 kb
TU: info:       vkAllocateMemory(5344kb):    1 bos, 5344 kb
TU: info:       vkAllocateMemory(5640kb):    1 bos, 5640 kb
TU: info:       vkAllocateMemory(6912kb):    1 bos, 6912 kb
TU: info:       vkAllocateMemory(6976kb):    1 bos, 6976 kb
TU: info:      vkAllocateMemory(10080kb):    1 bos, 10080 kb
TU: info:       vkAllocateMemory(5760kb):    1 bos, 5760 kb
TU: info:       vkAllocateMemory(3692kb):    1 bos, 3692 kb
TU: info:       vkAllocateMemory(2736kb):    1 bos, 2736 kb
TU: info:       vkAllocateMemory(5888kb):    1 bos, 5888 kb
TU: info:       vkAllocateMemory(6464kb):    1 bos, 6464 kb
TU: info:       vkAllocateMemory(5712kb):    1 bos, 5712 kb
TU: info:       vkAllocateMemory(2816kb):    1 bos, 2816 kb
TU: info:      vkAllocateMemory(24512kb):    1 bos, 24512 kb
TU: info:       vkAllocateMemory(8160kb):    1 bos, 8160 kb
TU: info:       vkAllocateMemory(3132kb):    1 bos, 3132 kb
TU: info:       vkAllocateMemory(4864kb):    1 bos, 4864 kb
TU: info:       vkAllocateMemory(7360kb):    1 bos, 7360 kb
TU: info:       vkAllocateMemory(6552kb):    1 bos, 6552 kb
TU: info:       vkAllocateMemory(3840kb):    1 bos, 3840 kb
TU: info:                descriptor pool:    1 bos, 4 kb
TU: info:       vkAllocateMemory(5464kb):    1 bos, 5464 kb
TU: info:       vkAllocateMemory(2540kb):    1 bos, 2540 kb
TU: info:      vkAllocateMemory(10112kb):    1 bos, 10112 kb
TU: info:                  device sub cs:    1 bos, 4 kb
TU: info:      vkAllocateMemory(11392kb):    1 bos, 11392 kb
TU: info:       vkAllocateMemory(5220kb):    1 bos, 5220 kb
TU: info:      vkAllocateMemory(15936kb):    1 bos, 15936 kb
TU: info:       vkAllocateMemory(8196kb):    1 bos, 8196 kb
TU: info:       vkAllocateMemory(4180kb):    1 bos, 4180 kb
TU: info:       vkAllocateMemory(3740kb):    1 bos, 3740 kb
TU: info:       vkAllocateMemory(2368kb):    1 bos, 2368 kb
TU: info:       vkAllocateMemory(3264kb):    1 bos, 3264 kb
TU: info:       vkAllocateMemory(6000kb):    1 bos, 6000 kb
TU: info:       vkAllocateMemory(3712kb):    1 bos, 3712 kb
TU: info:       vkAllocateMemory(3168kb):    1 bos, 3168 kb
TU: info:       vkAllocateMemory(6144kb):    1 bos, 6144 kb
TU: info:                           tess:    1 bos, 136 kb
TU: info:       vkAllocateMemory(2920kb):    1 bos, 2920 kb
TU: info:     vkAllocateMemory(131072kb):    1 bos, 131072 kb
TU: info:      vkAllocateMemory(14720kb):    1 bos, 14720 kb
TU: info:        vkAllocateMemory(128kb):    1 bos, 128 kb
TU: info:       vkAllocateMemory(5248kb):    1 bos, 5248 kb
TU: info:       vkAllocateMemory(4672kb):    1 bos, 4672 kb
TU: info:       vkAllocateMemory(4824kb):    1 bos, 4824 kb
TU: info:       vkAllocateMemory(8896kb):    1 bos, 8896 kb
TU: info:       vkAllocateMemory(9664kb):    1 bos, 9664 kb
TU: info:       vkAllocateMemory(3136kb):    1 bos, 3136 kb
TU: info:       vkAllocateMemory(7680kb):    1 bos, 7680 kb
TU: info:       vkAllocateMemory(4176kb):    1 bos, 4176 kb
TU: info:       vkAllocateMemory(2056kb):    2 bos, 4112 kb
TU: info:     vkAllocateMemory(187501kb):    2 bos, 375008 kb
TU: info:       vkAllocateMemory(7236kb):    2 bos, 14472 kb
TU: info:       vkAllocateMemory(2944kb):    2 bos, 5888 kb
TU: info:       vkAllocateMemory(1024kb):    2 bos, 2048 kb
TU: info:      vkAllocateMemory(33544kb):    2 bos, 67088 kb
TU: info:       vkAllocateMemory(5472kb):    2 bos, 10944 kb
TU: info:       vkAllocateMemory(9472kb):    2 bos, 18944 kb
TU: info:       vkAllocateMemory(4200kb):    2 bos, 8400 kb
TU: info:       vkAllocateMemory(4032kb):    2 bos, 8064 kb
TU: info:       vkAllocateMemory(4544kb):    2 bos, 9088 kb
TU: info:       vkAllocateMemory(2496kb):    2 bos, 4992 kb
TU: info:       vkAllocateMemory(2720kb):    2 bos, 5440 kb
TU: info:       vkAllocateMemory(4932kb):    2 bos, 9864 kb
TU: info:          vkAllocateMemory(4kb):    2 bos, 8 kb
TU: info:       vkAllocateMemory(7813kb):    2 bos, 15632 kb
TU: info:       vkAllocateMemory(4112kb):    2 bos, 8224 kb
TU: info:       vkAllocateMemory(4896kb):    2 bos, 9792 kb
TU: info:       vkAllocateMemory(4612kb):    3 bos, 13836 kb
TU: info:       vkAllocateMemory(2624kb):    3 bos, 7872 kb
TU: info:       vkAllocateMemory(5120kb):    3 bos, 15360 kb
TU: info:       vkAllocateMemory(2304kb):    3 bos, 6912 kb
TU: info:       vkAllocateMemory(3072kb):    3 bos, 9216 kb
TU: info:         vkAllocateMemory(41kb):    3 bos, 132 kb
TU: info:          vkAllocateMemory(7kb):    3 bos, 24 kb
TU: info:      vkAllocateMemory(10240kb):    3 bos, 30720 kb
TU: info:       vkAllocateMemory(2240kb):    3 bos, 6720 kb
TU: info:      vkAllocateMemory(51200kb):    3 bos, 153600 kb
TU: info:                         pvtmem:    3 bos, 122880 kb
TU: info:       vkAllocateMemory(8192kb):    4 bos, 32768 kb
TU: info:      vkAllocateMemory(43712kb):    4 bos, 174848 kb
TU: info:       vkAllocateMemory(5376kb):    4 bos, 21504 kb
TU: info:       vkAllocateMemory(4608kb):    4 bos, 18432 kb
TU: info:       vkAllocateMemory(8960kb):    4 bos, 35840 kb
TU: info:       vkAllocateMemory(2560kb):    4 bos, 10240 kb
TU: info:       vkAllocateMemory(2176kb):    5 bos, 10880 kb
TU: info:      vkAllocateMemory(21824kb):    5 bos, 109120 kb
TU: info:       vkAllocateMemory(4096kb):    6 bos, 24576 kb
TU: info:       vkAllocateMemory(4028kb):    6 bos, 24168 kb
TU: info:       vkAllocateMemory(2752kb):    6 bos, 16512 kb
TU: info:       vkAllocateMemory(4052kb):    6 bos, 24312 kb
TU: info:       vkAllocateMemory(2208kb):    6 bos, 13248 kb
TU: info:               draw epilogue cs:    9 bos, 144 kb
TU: info:       vkAllocateMemory(2688kb):    9 bos, 24192 kb
TU: info:       vkAllocateMemory(3600kb):   10 bos, 36000 kb
TU: info:       vkAllocateMemory(3624kb):   11 bos, 39864 kb
TU: info:       vkAllocateMemory(2048kb):   17 bos, 34816 kb
TU: info:       vkAllocateMemory(2112kb):   17 bos, 35904 kb
TU: info:                        draw cs:   22 bos, 3088 kb
TU: info:                    draw sub cs:   26 bos, 3144 kb
TU: info:      vkAllocateMemory(16384kb):   66 bos, 1081344 kb
TU: info:                         cmd cs:   93 bos, 3888 kb
TU: info:              pipeline_suballoc: 1798 bos, 230144 kb
TU: info:              embedded samplers: 3025 bos, 12100 kb
TU: info: submitted 5308 bos (3491 MB)
TU: info:       vkAllocateMemory(6624kb):    1 bos, 6624 kb
TU: info:      vkAllocateMemory(24576kb):    1 bos, 24576 kb
TU: info:       vkAllocateMemory(3392kb):    1 bos, 3392 kb
TU: info:       vkAllocateMemory(7424kb):    1 bos, 7424 kb
TU: info:                         global:    1 bos, 532 kb
TU: info:      vkAllocateMemory(10688kb):    1 bos, 10688 kb
TU: info:      vkAllocateMemory(16448kb):    1 bos, 16448 kb
TU: info:       vkAllocateMemory(9280kb):    1 bos, 9280 kb
TU: info:       vkAllocateMemory(4908kb):    1 bos, 4908 kb
TU: info:      vkAllocateMemory(14472kb):    1 bos, 14472 kb
TU: info:       vkAllocateMemory(4340kb):    1 bos, 4340 kb
TU: info:       vkAllocateMemory(8512kb):    1 bos, 8512 kb
TU: info:       vkAllocateMemory(5440kb):    1 bos, 5440 kb
TU: info:       vkAllocateMemory(9224kb):    1 bos, 9224 kb
TU: info:       vkAllocateMemory(4480kb):    1 bos, 4480 kb
TU: info:       vkAllocateMemory(4576kb):    1 bos, 4576 kb
TU: info:                     query pool:    1 bos, 4 kb
TU: info:      vkAllocateMemory(11328kb):    1 bos, 11328 kb
TU: info:      vkAllocateMemory(21504kb):    1 bos, 21504 kb
TU: info:       vkAllocateMemory(2452kb):    1 bos, 2452 kb
TU: info:       vkAllocateMemory(9152kb):    1 bos, 9152 kb
TU: info:       vkAllocateMemory(4288kb):    1 bos, 4288 kb
TU: info:       vkAllocateMemory(8640kb):    1 bos, 8640 kb
TU: info:       vkAllocateMemory(5344kb):    1 bos, 5344 kb
TU: info:       vkAllocateMemory(5640kb):    1 bos, 5640 kb
TU: info:       vkAllocateMemory(6912kb):    1 bos, 6912 kb
TU: info:       vkAllocateMemory(6976kb):    1 bos, 6976 kb
TU: info:      vkAllocateMemory(10080kb):    1 bos, 10080 kb
TU: info:       vkAllocateMemory(5760kb):    1 bos, 5760 kb
TU: info:       vkAllocateMemory(3692kb):    1 bos, 3692 kb
TU: info:       vkAllocateMemory(2736kb):    1 bos, 2736 kb
TU: info:       vkAllocateMemory(5888kb):    1 bos, 5888 kb
TU: info:       vkAllocateMemory(6464kb):    1 bos, 6464 kb
TU: info:       vkAllocateMemory(5712kb):    1 bos, 5712 kb
TU: info:       vkAllocateMemory(2816kb):    1 bos, 2816 kb
TU: info:      vkAllocateMemory(24512kb):    1 bos, 24512 kb
TU: info:       vkAllocateMemory(8160kb):    1 bos, 8160 kb
TU: info:       vkAllocateMemory(3132kb):    1 bos, 3132 kb
TU: info:       vkAllocateMemory(4864kb):    1 bos, 4864 kb
TU: info:       vkAllocateMemory(7360kb):    1 bos, 7360 kb
TU: info:       vkAllocateMemory(6552kb):    1 bos, 6552 kb
TU: info:       vkAllocateMemory(3840kb):    1 bos, 3840 kb
TU: info:                descriptor pool:    1 bos, 4 kb
TU: info:       vkAllocateMemory(5464kb):    1 bos, 5464 kb
TU: info:       vkAllocateMemory(2540kb):    1 bos, 2540 kb
TU: info:      vkAllocateMemory(10112kb):    1 bos, 10112 kb
TU: info:                  device sub cs:    1 bos, 4 kb
TU: info:      vkAllocateMemory(11392kb):    1 bos, 11392 kb
TU: info:       vkAllocateMemory(5220kb):    1 bos, 5220 kb
TU: info:      vkAllocateMemory(15936kb):    1 bos, 15936 kb
TU: info:       vkAllocateMemory(8196kb):    1 bos, 8196 kb
TU: info:       vkAllocateMemory(4180kb):    1 bos, 4180 kb
TU: info:       vkAllocateMemory(3740kb):    1 bos, 3740 kb
TU: info:       vkAllocateMemory(2368kb):    1 bos, 2368 kb
TU: info:       vkAllocateMemory(3264kb):    1 bos, 3264 kb
TU: info:       vkAllocateMemory(6000kb):    1 bos, 6000 kb
TU: info:       vkAllocateMemory(3712kb):    1 bos, 3712 kb
TU: info:       vkAllocateMemory(3168kb):    1 bos, 3168 kb
TU: info:       vkAllocateMemory(6144kb):    1 bos, 6144 kb
TU: info:                           tess:    1 bos, 136 kb
TU: info:       vkAllocateMemory(2920kb):    1 bos, 2920 kb
TU: info:     vkAllocateMemory(131072kb):    1 bos, 131072 kb
TU: info:      vkAllocateMemory(14720kb):    1 bos, 14720 kb
TU: info:        vkAllocateMemory(128kb):    1 bos, 128 kb
TU: info:       vkAllocateMemory(5248kb):    1 bos, 5248 kb
TU: info:       vkAllocateMemory(4672kb):    1 bos, 4672 kb
TU: info:       vkAllocateMemory(4824kb):    1 bos, 4824 kb
TU: info:       vkAllocateMemory(8896kb):    1 bos, 8896 kb
TU: info:       vkAllocateMemory(9664kb):    1 bos, 9664 kb
TU: info:       vkAllocateMemory(3136kb):    1 bos, 3136 kb
TU: info:       vkAllocateMemory(7680kb):    1 bos, 7680 kb
TU: info:       vkAllocateMemory(4176kb):    1 bos, 4176 kb
TU: info:       vkAllocateMemory(2056kb):    2 bos, 4112 kb
TU: info:     vkAllocateMemory(187501kb):    2 bos, 375008 kb
TU: info:       vkAllocateMemory(7236kb):    2 bos, 14472 kb
TU: info:       vkAllocateMemory(2944kb):    2 bos, 5888 kb
TU: info:       vkAllocateMemory(1024kb):    2 bos, 2048 kb
TU: info:      vkAllocateMemory(33544kb):    2 bos, 67088 kb
TU: info:       vkAllocateMemory(5472kb):    2 bos, 10944 kb
TU: info:       vkAllocateMemory(9472kb):    2 bos, 18944 kb
TU: info:       vkAllocateMemory(4200kb):    2 bos, 8400 kb
TU: info:       vkAllocateMemory(4032kb):    2 bos, 8064 kb
TU: info:       vkAllocateMemory(4544kb):    2 bos, 9088 kb
TU: info:       vkAllocateMemory(2496kb):    2 bos, 4992 kb
TU: info:       vkAllocateMemory(2720kb):    2 bos, 5440 kb
TU: info:       vkAllocateMemory(4932kb):    2 bos, 9864 kb
TU: info:          vkAllocateMemory(4kb):    2 bos, 8 kb
TU: info:       vkAllocateMemory(7813kb):    2 bos, 15632 kb
TU: info:       vkAllocateMemory(4112kb):    2 bos, 8224 kb
TU: info:       vkAllocateMemory(4896kb):    2 bos, 9792 kb
TU: info:       vkAllocateMemory(4612kb):    3 bos, 13836 kb
TU: info:       vkAllocateMemory(2624kb):    3 bos, 7872 kb
TU: info:       vkAllocateMemory(5120kb):    3 bos, 15360 kb
TU: info:       vkAllocateMemory(2304kb):    3 bos, 6912 kb
TU: info:       vkAllocateMemory(3072kb):    3 bos, 9216 kb
TU: info:         vkAllocateMemory(41kb):    3 bos, 132 kb
TU: info:          vkAllocateMemory(7kb):    3 bos, 24 kb
TU: info:      vkAllocateMemory(10240kb):    3 bos, 30720 kb
TU: info:       vkAllocateMemory(2240kb):    3 bos, 6720 kb
TU: info:      vkAllocateMemory(51200kb):    3 bos, 153600 kb
TU: info:                         pvtmem:    3 bos, 122880 kb
TU: info:       vkAllocateMemory(8192kb):    4 bos, 32768 kb
TU: info:      vkAllocateMemory(43712kb):    4 bos, 174848 kb
TU: info:       vkAllocateMemory(5376kb):    4 bos, 21504 kb
TU: info:       vkAllocateMemory(4608kb):    4 bos, 18432 kb
TU: info:       vkAllocateMemory(8960kb):    4 bos, 35840 kb
TU: info:       vkAllocateMemory(2560kb):    4 bos, 10240 kb
TU: info:       vkAllocateMemory(2176kb):    5 bos, 10880 kb
TU: info:      vkAllocateMemory(21824kb):    5 bos, 109120 kb
TU: info:       vkAllocateMemory(4096kb):    6 bos, 24576 kb
TU: info:       vkAllocateMemory(4028kb):    6 bos, 24168 kb
TU: info:       vkAllocateMemory(2752kb):    6 bos, 16512 kb
TU: info:       vkAllocateMemory(4052kb):    6 bos, 24312 kb
TU: info:       vkAllocateMemory(2208kb):    6 bos, 13248 kb
TU: info:               draw epilogue cs:    9 bos, 144 kb
TU: info:       vkAllocateMemory(2688kb):    9 bos, 24192 kb
TU: info:       vkAllocateMemory(3600kb):   10 bos, 36000 kb
TU: info:       vkAllocateMemory(3624kb):   11 bos, 39864 kb
TU: info:       vkAllocateMemory(2048kb):   17 bos, 34816 kb
TU: info:       vkAllocateMemory(2112kb):   17 bos, 35904 kb
TU: info:                        draw cs:   22 bos, 3088 kb
TU: info:                    draw sub cs:   26 bos, 3144 kb
TU: info:      vkAllocateMemory(16384kb):   66 bos, 1081344 kb
TU: info:                         cmd cs:   93 bos, 3888 kb
TU: info:              pipeline_suballoc: 1798 bos, 230144 kb
TU: info:              embedded samplers: 3025 bos, 12100 kb
TU: info: submitted 5308 bos (3491 MB)
TU: info:       vkAllocateMemory(6624kb):    1 bos, 6624 kb
TU: info:      vkAllocateMemory(24576kb):    1 bos, 24576 kb
TU: info:       vkAllocateMemory(3392kb):    1 bos, 3392 kb
TU: info:       vkAllocateMemory(7424kb):    1 bos, 7424 kb
TU: info:                         global:    1 bos, 532 kb
TU: info:      vkAllocateMemory(10688kb):    1 bos, 10688 kb
TU: info:      vkAllocateMemory(16448kb):    1 bos, 16448 kb
TU: info:       vkAllocateMemory(9280kb):    1 bos, 9280 kb
TU: info:       vkAllocateMemory(4908kb):    1 bos, 4908 kb
TU: info:      vkAllocateMemory(14472kb):    1 bos, 14472 kb
TU: info:       vkAllocateMemory(4340kb):    1 bos, 4340 kb
TU: info:       vkAllocateMemory(8512kb):    1 bos, 8512 kb
TU: info:       vkAllocateMemory(5440kb):    1 bos, 5440 kb
TU: info:       vkAllocateMemory(9224kb):    1 bos, 9224 kb
TU: info:       vkAllocateMemory(4480kb):    1 bos, 4480 kb
TU: info:       vkAllocateMemory(4576kb):    1 bos, 4576 kb
TU: info:                     query pool:    1 bos, 4 kb
TU: info:      vkAllocateMemory(11328kb):    1 bos, 11328 kb
TU: info:      vkAllocateMemory(21504kb):    1 bos, 21504 kb
TU: info:       vkAllocateMemory(2452kb):    1 bos, 2452 kb
TU: info:       vkAllocateMemory(9152kb):    1 bos, 9152 kb
TU: info:       vkAllocateMemory(4288kb):    1 bos, 4288 kb
TU: info:       vkAllocateMemory(8640kb):    1 bos, 8640 kb
TU: info:       vkAllocateMemory(5344kb):    1 bos, 5344 kb
TU: info:       vkAllocateMemory(5640kb):    1 bos, 5640 kb
TU: info:       vkAllocateMemory(6912kb):    1 bos, 6912 kb
TU: info:       vkAllocateMemory(6976kb):    1 bos, 6976 kb
TU: info:      vkAllocateMemory(10080kb):    1 bos, 10080 kb
TU: info:       vkAllocateMemory(5760kb):    1 bos, 5760 kb
TU: info:       vkAllocateMemory(3692kb):    1 bos, 3692 kb
TU: info:       vkAllocateMemory(2736kb):    1 bos, 2736 kb
TU: info:       vkAllocateMemory(5888kb):    1 bos, 5888 kb
TU: info:       vkAllocateMemory(6464kb):    1 bos, 6464 kb
TU: info:       vkAllocateMemory(5712kb):    1 bos, 5712 kb
TU: info:       vkAllocateMemory(2816kb):    1 bos, 2816 kb
TU: info:      vkAllocateMemory(24512kb):    1 bos, 24512 kb
TU: info:       vkAllocateMemory(8160kb):    1 bos, 8160 kb
TU: info:       vkAllocateMemory(3132kb):    1 bos, 3132 kb
TU: info:       vkAllocateMemory(4864kb):    1 bos, 4864 kb
TU: info:       vkAllocateMemory(7360kb):    1 bos, 7360 kb
TU: info:       vkAllocateMemory(6552kb):    1 bos, 6552 kb
TU: info:       vkAllocateMemory(3840kb):    1 bos, 3840 kb
TU: info:                descriptor pool:    1 bos, 4 kb
TU: info:       vkAllocateMemory(5464kb):    1 bos, 5464 kb
TU: info:       vkAllocateMemory(2540kb):    1 bos, 2540 kb
TU: info:      vkAllocateMemory(10112kb):    1 bos, 10112 kb
TU: info:                  device sub cs:    1 bos, 4 kb
TU: info:      vkAllocateMemory(11392kb):    1 bos, 11392 kb
TU: info:       vkAllocateMemory(5220kb):    1 bos, 5220 kb
TU: info:      vkAllocateMemory(15936kb):    1 bos, 15936 kb
TU: info:       vkAllocateMemory(8196kb):    1 bos, 8196 kb
TU: info:       vkAllocateMemory(4180kb):    1 bos, 4180 kb
TU: info:       vkAllocateMemory(3740kb):    1 bos, 3740 kb
TU: info:       vkAllocateMemory(2368kb):    1 bos, 2368 kb
TU: info:       vkAllocateMemory(3264kb):    1 bos, 3264 kb
TU: info:       vkAllocateMemory(6000kb):    1 bos, 6000 kb
TU: info:       vkAllocateMemory(3712kb):    1 bos, 3712 kb
TU: info:       vkAllocateMemory(3168kb):    1 bos, 3168 kb
TU: info:       vkAllocateMemory(6144kb):    1 bos, 6144 kb
TU: info:                           tess:    1 bos, 136 kb
TU: info:       vkAllocateMemory(2920kb):    1 bos, 2920 kb
TU: info:     vkAllocateMemory(131072kb):    1 bos, 131072 kb
TU: info:      vkAllocateMemory(14720kb):    1 bos, 14720 kb
TU: info:        vkAllocateMemory(128kb):    1 bos, 128 kb
TU: info:       vkAllocateMemory(5248kb):    1 bos, 5248 kb
TU: info:       vkAllocateMemory(4672kb):    1 bos, 4672 kb
TU: info:       vkAllocateMemory(4824kb):    1 bos, 4824 kb
TU: info:       vkAllocateMemory(8896kb):    1 bos, 8896 kb
TU: info:       vkAllocateMemory(9664kb):    1 bos, 9664 kb
TU: info:       vkAllocateMemory(3136kb):    1 bos, 3136 kb
TU: info:       vkAllocateMemory(7680kb):    1 bos, 7680 kb
TU: info:       vkAllocateMemory(4176kb):    1 bos, 4176 kb
TU: info:       vkAllocateMemory(2056kb):    2 bos, 4112 kb
TU: info:     vkAllocateMemory(187501kb):    2 bos, 375008 kb
TU: info:       vkAllocateMemory(7236kb):    2 bos, 14472 kb
TU: info:       vkAllocateMemory(2944kb):    2 bos, 5888 kb
TU: info:       vkAllocateMemory(1024kb):    2 bos, 2048 kb
TU: info:      vkAllocateMemory(33544kb):    2 bos, 67088 kb
TU: info:       vkAllocateMemory(5472kb):    2 bos, 10944 kb
TU: info:       vkAllocateMemory(9472kb):    2 bos, 18944 kb
TU: info:       vkAllocateMemory(4200kb):    2 bos, 8400 kb
TU: info:       vkAllocateMemory(4032kb):    2 bos, 8064 kb
TU: info:       vkAllocateMemory(4544kb):    2 bos, 9088 kb
TU: info:       vkAllocateMemory(2496kb):    2 bos, 4992 kb
TU: info:       vkAllocateMemory(2720kb):    2 bos, 5440 kb
TU: info:       vkAllocateMemory(4932kb):    2 bos, 9864 kb
TU: info:          vkAllocateMemory(4kb):    2 bos, 8 kb
TU: info:       vkAllocateMemory(7813kb):    2 bos, 15632 kb
TU: info:       vkAllocateMemory(4112kb):    2 bos, 8224 kb
TU: info:       vkAllocateMemory(4896kb):    2 bos, 9792 kb
TU: info:       vkAllocateMemory(4612kb):    3 bos, 13836 kb
TU: info:       vkAllocateMemory(2624kb):    3 bos, 7872 kb
TU: info:       vkAllocateMemory(5120kb):    3 bos, 15360 kb
TU: info:       vkAllocateMemory(2304kb):    3 bos, 6912 kb
TU: info:       vkAllocateMemory(3072kb):    3 bos, 9216 kb
TU: info:         vkAllocateMemory(41kb):    3 bos, 132 kb
TU: info:          vkAllocateMemory(7kb):    3 bos, 24 kb
TU: info:      vkAllocateMemory(10240kb):    3 bos, 30720 kb
TU: info:       vkAllocateMemory(2240kb):    3 bos, 6720 kb
TU: info:      vkAllocateMemory(51200kb):    3 bos, 153600 kb
TU: info:                         pvtmem:    3 bos, 122880 kb
TU: info:       vkAllocateMemory(8192kb):    4 bos, 32768 kb
TU: info:      vkAllocateMemory(43712kb):    4 bos, 174848 kb
TU: info:       vkAllocateMemory(5376kb):    4 bos, 21504 kb
TU: info:       vkAllocateMemory(4608kb):    4 bos, 18432 kb
TU: info:       vkAllocateMemory(8960kb):    4 bos, 35840 kb
TU: info:       vkAllocateMemory(2560kb):    4 bos, 10240 kb
TU: info:       vkAllocateMemory(2176kb):    5 bos, 10880 kb
TU: info:      vkAllocateMemory(21824kb):    5 bos, 109120 kb
TU: info:       vkAllocateMemory(4096kb):    6 bos, 24576 kb
TU: info:       vkAllocateMemory(4028kb):    6 bos, 24168 kb
TU: info:       vkAllocateMemory(2752kb):    6 bos, 16512 kb
TU: info:       vkAllocateMemory(4052kb):    6 bos, 24312 kb
TU: info:       vkAllocateMemory(2208kb):    6 bos, 13248 kb
TU: info:               draw epilogue cs:    9 bos, 144 kb
TU: info:       vkAllocateMemory(2688kb):    9 bos, 24192 kb
TU: info:       vkAllocateMemory(3600kb):   10 bos, 36000 kb
TU: info:       vkAllocateMemory(3624kb):   11 bos, 39864 kb
TU: info:       vkAllocateMemory(2048kb):   17 bos, 34816 kb
TU: info:       vkAllocateMemory(2112kb):   17 bos, 35904 kb
TU: info:                        draw cs:   22 bos, 3088 kb
TU: info:                    draw sub cs:   26 bos, 3144 kb
TU: info:      vkAllocateMemory(16384kb):   66 bos, 1081344 kb
TU: info:                         cmd cs:   93 bos, 3888 kb
TU: info:              pipeline_suballoc: 1798 bos, 230144 kb
TU: info:              embedded samplers: 3025 bos, 12100 kb
TU: info: submitted 5308 bos (3491 MB)
TU: info:       vkAllocateMemory(6624kb):    1 bos, 6624 kb
TU: info:      vkAllocateMemory(24576kb):    1 bos, 24576 kb
TU: info:       vkAllocateMemory(3392kb):    1 bos, 3392 kb
TU: info:       vkAllocateMemory(7424kb):    1 bos, 7424 kb
TU: info:                         global:    1 bos, 532 kb
TU: info:      vkAllocateMemory(10688kb):    1 bos, 10688 kb
TU: info:      vkAllocateMemory(16448kb):    1 bos, 16448 kb
TU: info:       vkAllocateMemory(9280kb):    1 bos, 9280 kb
TU: info:       vkAllocateMemory(4908kb):    1 bos, 4908 kb
TU: info:      vkAllocateMemory(14472kb):    1 bos, 14472 kb
TU: info:       vkAllocateMemory(4340kb):    1 bos, 4340 kb
TU: info:       vkAllocateMemory(8512kb):    1 bos, 8512 kb
TU: info:       vkAllocateMemory(5440kb):    1 bos, 5440 kb
TU: info:       vkAllocateMemory(9224kb):    1 bos, 9224 kb
TU: info:       vkAllocateMemory(4480kb):    1 bos, 4480 kb
TU: info:       vkAllocateMemory(4576kb):    1 bos, 4576 kb
TU: info:                     query pool:    1 bos, 4 kb
TU: info:      vkAllocateMemory(11328kb):    1 bos, 11328 kb
TU: info:      vkAllocateMemory(21504kb):    1 bos, 21504 kb
TU: info:       vkAllocateMemory(2452kb):    1 bos, 2452 kb
TU: info:       vkAllocateMemory(9152kb):    1 bos, 9152 kb
TU: info:       vkAllocateMemory(4288kb):    1 bos, 4288 kb
TU: info:       vkAllocateMemory(8640kb):    1 bos, 8640 kb
TU: info:       vkAllocateMemory(5344kb):    1 bos, 5344 kb
TU: info:       vkAllocateMemory(5640kb):    1 bos, 5640 kb
TU: info:       vkAllocateMemory(6912kb):    1 bos, 6912 kb
TU: info:       vkAllocateMemory(6976kb):    1 bos, 6976 kb
TU: info:      vkAllocateMemory(10080kb):    1 bos, 10080 kb
TU: info:       vkAllocateMemory(5760kb):    1 bos, 5760 kb
TU: info:       vkAllocateMemory(3692kb):    1 bos, 3692 kb
TU: info:       vkAllocateMemory(2736kb):    1 bos, 2736 kb
TU: info:       vkAllocateMemory(5888kb):    1 bos, 5888 kb
TU: info:       vkAllocateMemory(6464kb):    1 bos, 6464 kb
TU: info:       vkAllocateMemory(5712kb):    1 bos, 5712 kb
TU: info:       vkAllocateMemory(2816kb):    1 bos, 2816 kb
TU: info:      vkAllocateMemory(24512kb):    1 bos, 24512 kb
TU: info:       vkAllocateMemory(8160kb):    1 bos, 8160 kb
TU: info:       vkAllocateMemory(3132kb):    1 bos, 3132 kb
TU: info:       vkAllocateMemory(4864kb):    1 bos, 4864 kb
TU: info:       vkAllocateMemory(7360kb):    1 bos, 7360 kb
TU: info:       vkAllocateMemory(6552kb):    1 bos, 6552 kb
TU: info:       vkAllocateMemory(3840kb):    1 bos, 3840 kb
TU: info:                descriptor pool:    1 bos, 4 kb
TU: info:       vkAllocateMemory(5464kb):    1 bos, 5464 kb
TU: info:       vkAllocateMemory(2540kb):    1 bos, 2540 kb
TU: info:      vkAllocateMemory(10112kb):    1 bos, 10112 kb
TU: info:                  device sub cs:    1 bos, 4 kb
TU: info:      vkAllocateMemory(11392kb):    1 bos, 11392 kb
TU: info:       vkAllocateMemory(5220kb):    1 bos, 5220 kb
TU: info:      vkAllocateMemory(15936kb):    1 bos, 15936 kb
TU: info:       vkAllocateMemory(8196kb):    1 bos, 8196 kb
TU: info:       vkAllocateMemory(4180kb):    1 bos, 4180 kb
TU: info:       vkAllocateMemory(3740kb):    1 bos, 3740 kb
TU: info:       vkAllocateMemory(2368kb):    1 bos, 2368 kb
TU: info:       vkAllocateMemory(3264kb):    1 bos, 3264 kb
TU: info:       vkAllocateMemory(6000kb):    1 bos, 6000 kb
TU: info:       vkAllocateMemory(3712kb):    1 bos, 3712 kb
TU: info:       vkAllocateMemory(3168kb):    1 bos, 3168 kb
TU: info:       vkAllocateMemory(6144kb):    1 bos, 6144 kb
TU: info:                           tess:    1 bos, 136 kb
TU: info:       vkAllocateMemory(2920kb):    1 bos, 2920 kb
TU: info:     vkAllocateMemory(131072kb):    1 bos, 131072 kb
TU: info:      vkAllocateMemory(14720kb):    1 bos, 14720 kb
TU: info:        vkAllocateMemory(128kb):    1 bos, 128 kb
TU: info:       vkAllocateMemory(5248kb):    1 bos, 5248 kb
TU: info:       vkAllocateMemory(4672kb):    1 bos, 4672 kb
TU: info:       vkAllocateMemory(4824kb):    1 bos, 4824 kb
TU: info:       vkAllocateMemory(8896kb):    1 bos, 8896 kb
TU: info:       vkAllocateMemory(9664kb):    1 bos, 9664 kb
TU: info:       vkAllocateMemory(3136kb):    1 bos, 3136 kb
TU: info:       vkAllocateMemory(7680kb):    1 bos, 7680 kb
TU: info:       vkAllocateMemory(4176kb):    1 bos, 4176 kb
TU: info:       vkAllocateMemory(2056kb):    2 bos, 4112 kb
TU: info:     vkAllocateMemory(187501kb):    2 bos, 375008 kb
TU: info:       vkAllocateMemory(7236kb):    2 bos, 14472 kb
TU: info:       vkAllocateMemory(2944kb):    2 bos, 5888 kb
TU: info:       vkAllocateMemory(1024kb):    2 bos, 2048 kb
TU: info:      vkAllocateMemory(33544kb):    2 bos, 67088 kb
TU: info:       vkAllocateMemory(5472kb):    2 bos, 10944 kb
TU: info:       vkAllocateMemory(9472kb):    2 bos, 18944 kb
TU: info:       vkAllocateMemory(4200kb):    2 bos, 8400 kb
TU: info:       vkAllocateMemory(4032kb):    2 bos, 8064 kb
TU: info:       vkAllocateMemory(4544kb):    2 bos, 9088 kb
TU: info:       vkAllocateMemory(2496kb):    2 bos, 4992 kb
TU: info:       vkAllocateMemory(2720kb):    2 bos, 5440 kb
TU: info:       vkAllocateMemory(4932kb):    2 bos, 9864 kb
TU: info:          vkAllocateMemory(4kb):    2 bos, 8 kb
TU: info:       vkAllocateMemory(7813kb):    2 bos, 15632 kb
TU: info:       vkAllocateMemory(4112kb):    2 bos, 8224 kb
TU: info:       vkAllocateMemory(4896kb):    2 bos, 9792 kb
TU: info:       vkAllocateMemory(4612kb):    3 bos, 13836 kb
TU: info:       vkAllocateMemory(2624kb):    3 bos, 7872 kb
TU: info:       vkAllocateMemory(5120kb):    3 bos, 15360 kb
TU: info:       vkAllocateMemory(2304kb):    3 bos, 6912 kb
TU: info:       vkAllocateMemory(3072kb):    3 bos, 9216 kb
TU: info:         vkAllocateMemory(41kb):    3 bos, 132 kb
TU: info:          vkAllocateMemory(7kb):    3 bos, 24 kb
TU: info:      vkAllocateMemory(10240kb):    3 bos, 30720 kb
TU: info:       vkAllocateMemory(2240kb):    3 bos, 6720 kb
TU: info:      vkAllocateMemory(51200kb):    3 bos, 153600 kb
TU: info:                         pvtmem:    3 bos, 122880 kb
TU: info:       vkAllocateMemory(8192kb):    4 bos, 32768 kb
TU: info:      vkAllocateMemory(43712kb):    4 bos, 174848 kb
TU: info:       vkAllocateMemory(5376kb):    4 bos, 21504 kb
TU: info:       vkAllocateMemory(4608kb):    4 bos, 18432 kb
TU: info:       vkAllocateMemory(8960kb):    4 bos, 35840 kb
TU: info:       vkAllocateMemory(2560kb):    4 bos, 10240 kb
TU: info:       vkAllocateMemory(2176kb):    5 bos, 10880 kb
TU: info:      vkAllocateMemory(21824kb):    5 bos, 109120 kb
TU: info:       vkAllocateMemory(4096kb):    6 bos, 24576 kb
TU: info:       vkAllocateMemory(4028kb):    6 bos, 24168 kb
TU: info:       vkAllocateMemory(2752kb):    6 bos, 16512 kb
TU: info:       vkAllocateMemory(4052kb):    6 bos, 24312 kb
TU: info:       vkAllocateMemory(2208kb):    6 bos, 13248 kb
TU: info:               draw epilogue cs:    9 bos, 144 kb
TU: info:       vkAllocateMemory(2688kb):    9 bos, 24192 kb
TU: info:       vkAllocateMemory(3600kb):   10 bos, 36000 kb
TU: info:       vkAllocateMemory(3624kb):   11 bos, 39864 kb
TU: info:       vkAllocateMemory(2048kb):   17 bos, 34816 kb
TU: info:       vkAllocateMemory(2112kb):   17 bos, 35904 kb
TU: info:                        draw cs:   22 bos, 3088 kb
TU: info:                    draw sub cs:   26 bos, 3144 kb
TU: info:      vkAllocateMemory(16384kb):   66 bos, 1081344 kb
TU: info:                         cmd cs:   93 bos, 3888 kb
TU: info:              pipeline_suballoc: 1798 bos, 230144 kb
TU: info:              embedded samplers: 3025 bos, 12100 kb
TU: info: submitted 5308 bos (3491 MB)
TU: info:       vkAllocateMemory(6624kb):    1 bos, 6624 kb
TU: info:      vkAllocateMemory(24576kb):    1 bos, 24576 kb
TU: info:       vkAllocateMemory(3392kb):    1 bos, 3392 kb
TU: info:       vkAllocateMemory(7424kb):    1 bos, 7424 kb
TU: info:                         global:    1 bos, 532 kb
TU: info:      vkAllocateMemory(10688kb):    1 bos, 10688 kb
TU: info:      vkAllocateMemory(16448kb):    1 bos, 16448 kb
TU: info:       vkAllocateMemory(9280kb):    1 bos, 9280 kb
TU: info:       vkAllocateMemory(4908kb):    1 bos, 4908 kb
TU: info:      vkAllocateMemory(14472kb):    1 bos, 14472 kb
TU: info:       vkAllocateMemory(4340kb):    1 bos, 4340 kb
TU: info:       vkAllocateMemory(8512kb):    1 bos, 8512 kb
TU: info:       vkAllocateMemory(5440kb):    1 bos, 5440 kb
TU: info:       vkAllocateMemory(9224kb):    1 bos, 9224 kb
TU: info:       vkAllocateMemory(4480kb):    1 bos, 4480 kb
TU: info:       vkAllocateMemory(4576kb):    1 bos, 4576 kb
TU: info:                     query pool:    1 bos, 4 kb
TU: info:      vkAllocateMemory(11328kb):    1 bos, 11328 kb
TU: info:      vkAllocateMemory(21504kb):    1 bos, 21504 kb
TU: info:       vkAllocateMemory(2452kb):    1 bos, 2452 kb
TU: info:       vkAllocateMemory(9152kb):    1 bos, 9152 kb
TU: info:       vkAllocateMemory(4288kb):    1 bos, 4288 kb
TU: info:       vkAllocateMemory(8640kb):    1 bos, 8640 kb
TU: info:       vkAllocateMemory(5344kb):    1 bos, 5344 kb
TU: info:       vkAllocateMemory(5640kb):    1 bos, 5640 kb
TU: info:       vkAllocateMemory(6912kb):    1 bos, 6912 kb
TU: info:       vkAllocateMemory(6976kb):    1 bos, 6976 kb
TU: info:      vkAllocateMemory(10080kb):    1 bos, 10080 kb
TU: info:       vkAllocateMemory(5760kb):    1 bos, 5760 kb
TU: info:       vkAllocateMemory(3692kb):    1 bos, 3692 kb
TU: info:       vkAllocateMemory(2736kb):    1 bos, 2736 kb
TU: info:       vkAllocateMemory(5888kb):    1 bos, 5888 kb
TU: info:       vkAllocateMemory(6464kb):    1 bos, 6464 kb
TU: info:       vkAllocateMemory(5712kb):    1 bos, 5712 kb
TU: info:       vkAllocateMemory(2816kb):    1 bos, 2816 kb
TU: info:      vkAllocateMemory(24512kb):    1 bos, 24512 kb
TU: info:       vkAllocateMemory(8160kb):    1 bos, 8160 kb
TU: info:       vkAllocateMemory(3132kb):    1 bos, 3132 kb
TU: info:       vkAllocateMemory(4864kb):    1 bos, 4864 kb
TU: info:       vkAllocateMemory(7360kb):    1 bos, 7360 kb
TU: info:       vkAllocateMemory(6552kb):    1 bos, 6552 kb
TU: info:       vkAllocateMemory(3840kb):    1 bos, 3840 kb
TU: info:                descriptor pool:    1 bos, 4 kb
TU: info:       vkAllocateMemory(5464kb):    1 bos, 5464 kb
TU: info:       vkAllocateMemory(2540kb):    1 bos, 2540 kb
TU: info:      vkAllocateMemory(10112kb):    1 bos, 10112 kb
TU: info:                  device sub cs:    1 bos, 4 kb
TU: info:      vkAllocateMemory(11392kb):    1 bos, 11392 kb
TU: info:       vkAllocateMemory(5220kb):    1 bos, 5220 kb
TU: info:      vkAllocateMemory(15936kb):    1 bos, 15936 kb
TU: info:       vkAllocateMemory(8196kb):    1 bos, 8196 kb
TU: info:       vkAllocateMemory(4180kb):    1 bos, 4180 kb
TU: info:       vkAllocateMemory(3740kb):    1 bos, 3740 kb
TU: info:       vkAllocateMemory(2368kb):    1 bos, 2368 kb
TU: info:       vkAllocateMemory(3264kb):    1 bos, 3264 kb
TU: info:       vkAllocateMemory(6000kb):    1 bos, 6000 kb
TU: info:       vkAllocateMemory(3712kb):    1 bos, 3712 kb
TU: info:       vkAllocateMemory(3168kb):    1 bos, 3168 kb
TU: info:       vkAllocateMemory(6144kb):    1 bos, 6144 kb
TU: info:                           tess:    1 bos, 136 kb
TU: info:       vkAllocateMemory(2920kb):    1 bos, 2920 kb
TU: info:     vkAllocateMemory(131072kb):    1 bos, 131072 kb
TU: info:      vkAllocateMemory(14720kb):    1 bos, 14720 kb
TU: info:        vkAllocateMemory(128kb):    1 bos, 128 kb
TU: info:       vkAllocateMemory(5248kb):    1 bos, 5248 kb
TU: info:       vkAllocateMemory(4672kb):    1 bos, 4672 kb
TU: info:       vkAllocateMemory(4824kb):    1 bos, 4824 kb
TU: info:       vkAllocateMemory(8896kb):    1 bos, 8896 kb
TU: info:       vkAllocateMemory(9664kb):    1 bos, 9664 kb
TU: info:       vkAllocateMemory(3136kb):    1 bos, 3136 kb
TU: info:       vkAllocateMemory(7680kb):    1 bos, 7680 kb
TU: info:       vkAllocateMemory(4176kb):    1 bos, 4176 kb
TU: info:       vkAllocateMemory(2056kb):    2 bos, 4112 kb
TU: info:     vkAllocateMemory(187501kb):    2 bos, 375008 kb
TU: info:       vkAllocateMemory(7236kb):    2 bos, 14472 kb
TU: info:       vkAllocateMemory(2944kb):    2 bos, 5888 kb
TU: info:       vkAllocateMemory(1024kb):    2 bos, 2048 kb
TU: info:      vkAllocateMemory(33544kb):    2 bos, 67088 kb
TU: info:       vkAllocateMemory(5472kb):    2 bos, 10944 kb
TU: info:       vkAllocateMemory(9472kb):    2 bos, 18944 kb
TU: info:       vkAllocateMemory(4200kb):    2 bos, 8400 kb
TU: info:       vkAllocateMemory(4032kb):    2 bos, 8064 kb
TU: info:       vkAllocateMemory(4544kb):    2 bos, 9088 kb
TU: info:       vkAllocateMemory(2496kb):    2 bos, 4992 kb
TU: info:       vkAllocateMemory(2720kb):    2 bos, 5440 kb
TU: info:       vkAllocateMemory(4932kb):    2 bos, 9864 kb
TU: info:          vkAllocateMemory(4kb):    2 bos, 8 kb
TU: info:       vkAllocateMemory(7813kb):    2 bos, 15632 kb
TU: info:       vkAllocateMemory(4112kb):    2 bos, 8224 kb
TU: info:       vkAllocateMemory(4896kb):    2 bos, 9792 kb
TU: info:       vkAllocateMemory(4612kb):    3 bos, 13836 kb
TU: info:       vkAllocateMemory(2624kb):    3 bos, 7872 kb
TU: info:       vkAllocateMemory(5120kb):    3 bos, 15360 kb
TU: info:       vkAllocateMemory(2304kb):    3 bos, 6912 kb
TU: info:       vkAllocateMemory(3072kb):    3 bos, 9216 kb
TU: info:         vkAllocateMemory(41kb):    3 bos, 132 kb
TU: info:          vkAllocateMemory(7kb):    3 bos, 24 kb
TU: info:      vkAllocateMemory(10240kb):    3 bos, 30720 kb
TU: info:       vkAllocateMemory(2240kb):    3 bos, 6720 kb
TU: info:      vkAllocateMemory(51200kb):    3 bos, 153600 kb
TU: info:                         pvtmem:    3 bos, 122880 kb
TU: info:       vkAllocateMemory(8192kb):    4 bos, 32768 kb
TU: info:      vkAllocateMemory(43712kb):    4 bos, 174848 kb
TU: info:       vkAllocateMemory(5376kb):    4 bos, 21504 kb
TU: info:       vkAllocateMemory(4608kb):    4 bos, 18432 kb
TU: info:       vkAllocateMemory(8960kb):    4 bos, 35840 kb
TU: info:       vkAllocateMemory(2560kb):    4 bos, 10240 kb
TU: info:       vkAllocateMemory(2176kb):    5 bos, 10880 kb
TU: info:      vkAllocateMemory(21824kb):    5 bos, 109120 kb
TU: info:       vkAllocateMemory(4096kb):    6 bos, 24576 kb
TU: info:       vkAllocateMemory(4028kb):    6 bos, 24168 kb
TU: info:       vkAllocateMemory(2752kb):    6 bos, 16512 kb
TU: info:       vkAllocateMemory(4052kb):    6 bos, 24312 kb
TU: info:       vkAllocateMemory(2208kb):    6 bos, 13248 kb
TU: info:               draw epilogue cs:    9 bos, 144 kb
TU: info:       vkAllocateMemory(2688kb):    9 bos, 24192 kb
TU: info:       vkAllocateMemory(3600kb):   10 bos, 36000 kb
TU: info:       vkAllocateMemory(3624kb):   11 bos, 39864 kb
TU: info:       vkAllocateMemory(2048kb):   17 bos, 34816 kb
TU: info:       vkAllocateMemory(2112kb):   17 bos, 35904 kb
TU: info:                        draw cs:   22 bos, 3088 kb
TU: info:                    draw sub cs:   26 bos, 3144 kb
TU: info:      vkAllocateMemory(16384kb):   66 bos, 1081344 kb
TU: info:                         cmd cs:   93 bos, 3888 kb
TU: info:              pipeline_suballoc: 1798 bos, 230144 kb
TU: info:              embedded samplers: 3025 bos, 12100 kb
TU: info: submitted 5308 bos (3491 MB)
TU: info:       vkAllocateMemory(6624kb):    1 bos, 6624 kb
TU: info:      vkAllocateMemory(24576kb):    1 bos, 24576 kb
TU: info:       vkAllocateMemory(3392kb):    1 bos, 3392 kb
TU: info:       vkAllocateMemory(7424kb):    1 bos, 7424 kb
TU: info:                         global:    1 bos, 532 kb
TU: info:      vkAllocateMemory(10688kb):    1 bos, 10688 kb
TU: info:      vkAllocateMemory(16448kb):    1 bos, 16448 kb
TU: info:       vkAllocateMemory(9280kb):    1 bos, 9280 kb
TU: info:       vkAllocateMemory(4908kb):    1 bos, 4908 kb
TU: info:      vkAllocateMemory(14472kb):    1 bos, 14472 kb
TU: info:       vkAllocateMemory(4340kb):    1 bos, 4340 kb
TU: info:       vkAllocateMemory(8512kb):    1 bos, 8512 kb
TU: info:       vkAllocateMemory(5440kb):    1 bos, 5440 kb
TU: info:       vkAllocateMemory(9224kb):    1 bos, 9224 kb
TU: info:       vkAllocateMemory(4480kb):    1 bos, 4480 kb
TU: info:       vkAllocateMemory(4576kb):    1 bos, 4576 kb
TU: info:                     query pool:    1 bos, 4 kb
TU: info:      vkAllocateMemory(11328kb):    1 bos, 11328 kb
TU: info:      vkAllocateMemory(21504kb):    1 bos, 21504 kb
TU: info:       vkAllocateMemory(2452kb):    1 bos, 2452 kb
TU: info:       vkAllocateMemory(9152kb):    1 bos, 9152 kb
TU: info:       vkAllocateMemory(4288kb):    1 bos, 4288 kb
TU: info:       vkAllocateMemory(8640kb):    1 bos, 8640 kb
TU: info:       vkAllocateMemory(5344kb):    1 bos, 5344 kb
TU: info:       vkAllocateMemory(5640kb):    1 bos, 5640 kb
TU: info:       vkAllocateMemory(6912kb):    1 bos, 6912 kb
TU: info:       vkAllocateMemory(6976kb):    1 bos, 6976 kb
TU: info:      vkAllocateMemory(10080kb):    1 bos, 10080 kb
TU: info:       vkAllocateMemory(5760kb):    1 bos, 5760 kb
TU: info:       vkAllocateMemory(3692kb):    1 bos, 3692 kb
TU: info:       vkAllocateMemory(2736kb):    1 bos, 2736 kb
TU: info:       vkAllocateMemory(5888kb):    1 bos, 5888 kb
TU: info:       vkAllocateMemory(6464kb):    1 bos, 6464 kb
TU: info:       vkAllocateMemory(5712kb):    1 bos, 5712 kb
TU: info:       vkAllocateMemory(2816kb):    1 bos, 2816 kb
TU: info:      vkAllocateMemory(24512kb):    1 bos, 24512 kb
TU: info:       vkAllocateMemory(8160kb):    1 bos, 8160 kb
TU: info:       vkAllocateMemory(3132kb):    1 bos, 3132 kb
TU: info:       vkAllocateMemory(4864kb):    1 bos, 4864 kb
TU: info:       vkAllocateMemory(7360kb):    1 bos, 7360 kb
TU: info:       vkAllocateMemory(6552kb):    1 bos, 6552 kb
TU: info:       vkAllocateMemory(3840kb):    1 bos, 3840 kb
TU: info:                descriptor pool:    1 bos, 4 kb
TU: info:       vkAllocateMemory(5464kb):    1 bos, 5464 kb
TU: info:       vkAllocateMemory(2540kb):    1 bos, 2540 kb
TU: info:      vkAllocateMemory(10112kb):    1 bos, 10112 kb
TU: info:                  device sub cs:    1 bos, 4 kb
TU: info:      vkAllocateMemory(11392kb):    1 bos, 11392 kb
TU: info:       vkAllocateMemory(5220kb):    1 bos, 5220 kb
TU: info:      vkAllocateMemory(15936kb):    1 bos, 15936 kb
TU: info:       vkAllocateMemory(8196kb):    1 bos, 8196 kb
TU: info:       vkAllocateMemory(4180kb):    1 bos, 4180 kb
TU: info:       vkAllocateMemory(3740kb):    1 bos, 3740 kb
TU: info:       vkAllocateMemory(2368kb):    1 bos, 2368 kb
TU: info:       vkAllocateMemory(3264kb):    1 bos, 3264 kb
TU: info:       vkAllocateMemory(6000kb):    1 bos, 6000 kb
TU: info:       vkAllocateMemory(3712kb):    1 bos, 3712 kb
TU: info:       vkAllocateMemory(3168kb):    1 bos, 3168 kb
TU: info:       vkAllocateMemory(6144kb):    1 bos, 6144 kb
TU: info:                           tess:    1 bos, 136 kb
TU: info:       vkAllocateMemory(2920kb):    1 bos, 2920 kb
TU: info:     vkAllocateMemory(131072kb):    1 bos, 131072 kb
TU: info:      vkAllocateMemory(14720kb):    1 bos, 14720 kb
TU: info:        vkAllocateMemory(128kb):    1 bos, 128 kb
TU: info:       vkAllocateMemory(5248kb):    1 bos, 5248 kb
TU: info:       vkAllocateMemory(4672kb):    1 bos, 4672 kb
TU: info:       vkAllocateMemory(4824kb):    1 bos, 4824 kb
TU: info:       vkAllocateMemory(8896kb):    1 bos, 8896 kb
TU: info:       vkAllocateMemory(9664kb):    1 bos, 9664 kb
TU: info:       vkAllocateMemory(3136kb):    1 bos, 3136 kb
TU: info:       vkAllocateMemory(7680kb):    1 bos, 7680 kb
TU: info:       vkAllocateMemory(4176kb):    1 bos, 4176 kb
TU: info:       vkAllocateMemory(2056kb):    2 bos, 4112 kb
TU: info:     vkAllocateMemory(187501kb):    2 bos, 375008 kb
TU: info:       vkAllocateMemory(7236kb):    2 bos, 14472 kb
TU: info:       vkAllocateMemory(2944kb):    2 bos, 5888 kb
TU: info:       vkAllocateMemory(1024kb):    2 bos, 2048 kb
TU: info:      vkAllocateMemory(33544kb):    2 bos, 67088 kb
TU: info:       vkAllocateMemory(5472kb):    2 bos, 10944 kb
TU: info:       vkAllocateMemory(9472kb):    2 bos, 18944 kb
TU: info:       vkAllocateMemory(4200kb):    2 bos, 8400 kb
TU: info:       vkAllocateMemory(4032kb):    2 bos, 8064 kb
TU: info:       vkAllocateMemory(4544kb):    2 bos, 9088 kb
TU: info:       vkAllocateMemory(2496kb):    2 bos, 4992 kb
TU: info:       vkAllocateMemory(2720kb):    2 bos, 5440 kb
TU: info:       vkAllocateMemory(4932kb):    2 bos, 9864 kb
TU: info:          vkAllocateMemory(4kb):    2 bos, 8 kb
TU: info:       vkAllocateMemory(7813kb):    2 bos, 15632 kb
TU: info:       vkAllocateMemory(4112kb):    2 bos, 8224 kb
TU: info:       vkAllocateMemory(4896kb):    2 bos, 9792 kb
TU: info:       vkAllocateMemory(4612kb):    3 bos, 13836 kb
TU: info:       vkAllocateMemory(2624kb):    3 bos, 7872 kb
TU: info:       vkAllocateMemory(5120kb):    3 bos, 15360 kb
TU: info:       vkAllocateMemory(2304kb):    3 bos, 6912 kb
TU: info:       vkAllocateMemory(3072kb):    3 bos, 9216 kb
TU: info:         vkAllocateMemory(41kb):    3 bos, 132 kb
TU: info:          vkAllocateMemory(7kb):    3 bos, 24 kb
TU: info:      vkAllocateMemory(10240kb):    3 bos, 30720 kb
TU: info:       vkAllocateMemory(2240kb):    3 bos, 6720 kb
TU: info:      vkAllocateMemory(51200kb):    3 bos, 153600 kb
TU: info:                         pvtmem:    3 bos, 122880 kb
TU: info:       vkAllocateMemory(8192kb):    4 bos, 32768 kb
TU: info:      vkAllocateMemory(43712kb):    4 bos, 174848 kb
TU: info:       vkAllocateMemory(5376kb):    4 bos, 21504 kb
TU: info:       vkAllocateMemory(4608kb):    4 bos, 18432 kb
TU: info:       vkAllocateMemory(8960kb):    4 bos, 35840 kb
TU: info:       vkAllocateMemory(2560kb):    4 bos, 10240 kb
TU: info:       vkAllocateMemory(2176kb):    5 bos, 10880 kb
TU: info:      vkAllocateMemory(21824kb):    5 bos, 109120 kb
TU: info:       vkAllocateMemory(4096kb):    6 bos, 24576 kb
TU: info:       vkAllocateMemory(4028kb):    6 bos, 24168 kb
TU: info:       vkAllocateMemory(2752kb):    6 bos, 16512 kb
TU: info:       vkAllocateMemory(4052kb):    6 bos, 24312 kb
TU: info:       vkAllocateMemory(2208kb):    6 bos, 13248 kb
TU: info:               draw epilogue cs:    9 bos, 144 kb
TU: info:       vkAllocateMemory(2688kb):    9 bos, 24192 kb
TU: info:       vkAllocateMemory(3600kb):   10 bos, 36000 kb
TU: info:       vkAllocateMemory(3624kb):   11 bos, 39864 kb
TU: info:       vkAllocateMemory(2048kb):   17 bos, 34816 kb
TU: info:       vkAllocateMemory(2112kb):   17 bos, 35904 kb
TU: info:                        draw cs:   22 bos, 3088 kb
TU: info:                    draw sub cs:   26 bos, 3144 kb
TU: info:      vkAllocateMemory(16384kb):   66 bos, 1081344 kb
TU: info:                         cmd cs:   93 bos, 3888 kb
TU: info:              pipeline_suballoc: 1798 bos, 230144 kb
TU: info:              embedded samplers: 3025 bos, 12100 kb
TU: info: submitted 5308 bos (3491 MB)
