# date: 2026-10-06T22:00:00+08:00
# mode: patched
# VK_DRIVER_FILES=/var/home/armada/opencode/turnip-a7xx-dx12/../build/out/freedreno_icd.json
# vkd3d-proton: master-сборка f1baafac44a21600 (native-override)
# devices (name | sparseResidencyImage2D):
#   Turnip Adreno (TM) 740  | true
# ---
ProtonFixes[44650] INFO: Running protonfixes on "cachyos-11.0-20260703-slr", build at 2026-07-21 23:36:49+00:00.
ProtonFixes[44650] INFO: Running checks
ProtonFixes[44650] INFO: All checks successful
ProtonFixes[44650] INFO: Using early stage global defaults for UNKNOWN (1716740)
ProtonFixes[44650] INFO: Using early stage global protonfix for UNKNOWN (1716740)
ProtonFixes[44650] INFO: Setting up FSR4 version default.
ProtonFixes[44650] INFO: Automatic FSR4 upgrade enabled.
ProtonFixes[44650] INFO: Running protonfixes on "cachyos-11.0-20260703-slr", build at 2026-07-21 23:36:49+00:00.
ProtonFixes[44650] INFO: Running checks
ProtonFixes[44650] INFO: All checks successful
ProtonFixes[44650] INFO: Using main stage global defaults for UNKNOWN (1716740)
ProtonFixes[44650] INFO: Using main stage global protonfix for UNKNOWN (1716740)
ntsync: up and running.
ATTENTION: default value of option tu_override_uncached_as_cache_coherent overridden by environment.
warn:  CreateDXGIFactory2: Ignoring flags
info:  Game: Starfield.exe
info:  DXVK: v3.0.2-2-g0ff9cd328ca23b4
info:  Build: aarch64 clang 22.1.8
info:  Vulkan: Found vkGetInstanceProcAddr in winevulkan.dll @ 0x6ffff57e0cc0
info:  Extension providers:
info:    Platform WSI
info:    OpenVR
info:  OpenVR: could not open registry key, status 2
warn:  OpenVR: Failed to initialize OpenVR
info:    OpenXR
warn:  OpenXR: Unable to get required Vulkan instance extensions size
info:  Enabled instance extensions:
info:    VK_KHR_get_surface_capabilities2
info:    VK_KHR_surface
info:    VK_KHR_surface_maintenance1
info:    VK_KHR_win32_surface
ATTENTION: default value of option tu_override_uncached_as_cache_coherent overridden by environment.
ATTENTION: default value of option tu_override_uncached_as_cache_coherent overridden by environment.
info:  Found device: Turnip Adreno (TM) 740 (turnip Mesa driver 26.2.99)
warn:  OpenXR: Unable to get required Vulkan Device extensions size
info:  XeSS: hiding Intel GPU Vendor ID
warn:  DxgiAdapter::QueryInterface: Unknown interface query
warn:  f0db4c7f-fe5a-42a2-bd62-f2a6cf6fc83e
12924.748:0134:0138:warn:vkd3d-proton:openvr_instance_extensions: Failed to open VR registry key, status 2.
12924.750:0134:0138:warn:vkd3d-proton:openxr_vulkan_extensions: Failed to get OpenXR extensions size from wineopenxr.
12924.769:0134:0138:info:vkd3d-proton:vkd3d_instance_apply_application_workarounds: Detected game Starfield.exe, adding 3 configs, removing 0 configs.
12924.769:0134:0138:info:vkd3d-proton:vkd3d_instance_apply_application_workarounds: Detected game Starfield.exe, adding shader quirks for specific shaders.
12924.769:0134:0138:info:vkd3d-proton:vkd3d_instance_deduce_config_flags_from_environment: shader_cache is used, global_pipeline_cache is enforced.
12924.770:0134:0138:info:vkd3d-proton:vkd3d_config_flags_init_once: VKD3D_CONFIG=''.
12924.773:0134:0138:info:vkd3d-proton:vkd3d_get_vk_version: vkd3d-proton - applicationVersion: 3.1.0.
12924.773:0134:0138:info:vkd3d-proton:vkd3d_instance_init: vkd3d-proton - build: 31d1f89ca5b3f2f+.
ATTENTION: default value of option tu_override_uncached_as_cache_coherent overridden by environment.
12924.777:0134:0138:warn:vkd3d-proton:openvr_device_extensions: Failed to open VR registry key, status 2.
12924.777:0134:0138:warn:vkd3d-proton:openxr_vulkan_extensions: Failed to get OpenXR extensions size from wineopenxr.
12924.872:0134:0138:info:vkd3d-proton:vkd3d_physical_device_info_init_maint9: Implementation supports eliding QFOT for non-compressed optimal images.
12924.890:0134:0138:info:vkd3d-proton:vkd3d_memory_info_decide_hvv_usage: Topology: UMA-like topology.
12924.890:0134:0138:info:vkd3d-proton:vkd3d_memory_info_upload_hvv_memory_properties: Topology: HVV usage is allowed, using DEVICE_LOCAL | HOST_COHERENT for UPLOAD.
12924.898:0134:0138:info:vkd3d-proton:vkd3d_bindless_state_get_bindless_flags: Enabling fast paths for advanced ExecuteIndirect() graphics and compute (EXT_dgc).
12924.898:0134:0138:info:vkd3d-proton:vkd3d_bindless_state_get_bindless_flags: Device supports VK_EXT_mutable_descriptor_type.
12924.898:0134:0138:info:vkd3d-proton:vkd3d_bindless_state_add_binding: Device supports VK_EXT_descriptor_buffer!
12924.899:0134:0138:info:vkd3d-proton:vkd3d_bindless_state_add_binding: Device supports VK_EXT_descriptor_buffer!
12924.899:0134:0138:info:vkd3d-proton:vkd3d_bindless_state_add_binding: Device supports VK_EXT_descriptor_buffer!
12924.971:0134:0138:info:vkd3d-proton:d3d12_device_caps_init_shader_model: Enabling support for SM 6.6.
12924.972:0134:0138:warn:vkd3d-proton:d3d12_device_caps_init_feature_options1: No device info available for TotalLaneCount = 4096.
12924.972:0134:0138:fixme:vkd3d-proton:d3d12_device_caps_init_feature_options1: TotalLaneCount = 4096, may be inaccurate.
12924.979:0134:0138:info:vkd3d-proton:vkd3d_pipeline_library_init_disk_cache: Remapping VKD3D_SHADER_CACHE to: vkd3d-proton.cache.
12924.979:0134:0138:info:vkd3d-proton:vkd3d_pipeline_library_init_disk_cache: Attempting to load disk cache from: vkd3d-proton.cache.
12924.980:0134:0138:warn:vkd3d-proton:d3d12_device_create: Feature level 0xc200 is not supported.
12924.999:0134:0144:info:vkd3d-proton:vkd3d_pipeline_library_disk_thread_main: Performing async setup of stream archive ...
12925.016:0134:0144:info:vkd3d-proton:vkd3d_pipeline_library_disk_cache_merge: No write cache exists. No need to merge any disk caches.
12925.018:0134:0144:info:vkd3d-proton:vkd3d_pipeline_library_disk_cache_initial_setup: Merging pipeline libraries took 12.966 ms.
12925.028:0134:0144:info:vkd3d-proton:vkd3d_pipeline_library_disk_cache_initial_setup: Mapping read-only cache took 0.953 ms.
12925.028:0134:0144:info:vkd3d-proton:d3d12_pipeline_library_read_blob_stream_format: Device teardown request received, stopping parse early.
12925.028:0134:0144:info:vkd3d-proton:vkd3d_pipeline_library_disk_cache_initial_setup: Parsing stream archive took 0.362 ms.
12925.028:0134:0144:info:vkd3d-proton:vkd3d_pipeline_library_disk_thread_main: Done performing async setup of stream archive.
12925.050:0134:0138:warn:vkd3d-proton:openvr_instance_extensions: Failed to open VR registry key, status 2.
12925.050:0134:0138:warn:vkd3d-proton:openxr_vulkan_extensions: Failed to get OpenXR extensions size from wineopenxr.
12925.054:0134:0138:info:vkd3d-proton:vkd3d_get_vk_version: vkd3d-proton - applicationVersion: 3.1.0.
12925.054:0134:0138:info:vkd3d-proton:vkd3d_instance_init: vkd3d-proton - build: 31d1f89ca5b3f2f+.
ATTENTION: default value of option tu_override_uncached_as_cache_coherent overridden by environment.
12925.059:0134:0138:warn:vkd3d-proton:openvr_device_extensions: Failed to open VR registry key, status 2.
12925.059:0134:0138:warn:vkd3d-proton:openxr_vulkan_extensions: Failed to get OpenXR extensions size from wineopenxr.
12925.173:0134:0138:info:vkd3d-proton:vkd3d_physical_device_info_init_maint9: Implementation supports eliding QFOT for non-compressed optimal images.
12925.183:0134:0138:info:vkd3d-proton:vkd3d_memory_info_decide_hvv_usage: Topology: UMA-like topology.
12925.183:0134:0138:info:vkd3d-proton:vkd3d_memory_info_upload_hvv_memory_properties: Topology: HVV usage is allowed, using DEVICE_LOCAL | HOST_COHERENT for UPLOAD.
12925.183:0134:0138:info:vkd3d-proton:vkd3d_bindless_state_get_bindless_flags: Enabling fast paths for advanced ExecuteIndirect() graphics and compute (EXT_dgc).
12925.184:0134:0138:info:vkd3d-proton:vkd3d_bindless_state_get_bindless_flags: Device supports VK_EXT_mutable_descriptor_type.
12925.184:0134:0138:info:vkd3d-proton:vkd3d_bindless_state_add_binding: Device supports VK_EXT_descriptor_buffer!
12925.184:0134:0138:info:vkd3d-proton:vkd3d_bindless_state_add_binding: Device supports VK_EXT_descriptor_buffer!
12925.184:0134:0138:info:vkd3d-proton:vkd3d_bindless_state_add_binding: Device supports VK_EXT_descriptor_buffer!
12925.185:0134:0138:info:vkd3d-proton:d3d12_device_caps_init_shader_model: Enabling support for SM 6.6.
12925.185:0134:0138:warn:vkd3d-proton:d3d12_device_caps_init_feature_options1: No device info available for TotalLaneCount = 4096.
12925.185:0134:0138:fixme:vkd3d-proton:d3d12_device_caps_init_feature_options1: TotalLaneCount = 4096, may be inaccurate.
12925.185:0134:0138:info:vkd3d-proton:vkd3d_pipeline_library_init_disk_cache: Remapping VKD3D_SHADER_CACHE to: vkd3d-proton.cache.
12925.185:0134:0138:info:vkd3d-proton:vkd3d_pipeline_library_init_disk_cache: Attempting to load disk cache from: vkd3d-proton.cache.
12925.186:0134:0138:warn:vkd3d-proton:d3d12_device_create: Feature level 0xc100 is not supported.
12925.195:0134:014c:info:vkd3d-proton:vkd3d_pipeline_library_disk_thread_main: Performing async setup of stream archive ...
12925.197:0134:014c:info:vkd3d-proton:vkd3d_pipeline_library_disk_cache_merge: No write cache exists. No need to merge any disk caches.
12925.197:0134:014c:info:vkd3d-proton:vkd3d_pipeline_library_disk_cache_initial_setup: Merging pipeline libraries took 1.893 ms.
12925.200:0134:014c:info:vkd3d-proton:vkd3d_pipeline_library_disk_cache_initial_setup: Mapping read-only cache took 0.819 ms.
12925.200:0134:014c:info:vkd3d-proton:d3d12_pipeline_library_read_blob_stream_format: Device teardown request received, stopping parse early.
12925.200:0134:014c:info:vkd3d-proton:vkd3d_pipeline_library_disk_cache_initial_setup: Parsing stream archive took 0.021 ms.
12925.200:0134:014c:info:vkd3d-proton:vkd3d_pipeline_library_disk_thread_main: Done performing async setup of stream archive.
12925.207:0134:0138:warn:vkd3d-proton:openvr_instance_extensions: Failed to open VR registry key, status 2.
12925.207:0134:0138:warn:vkd3d-proton:openxr_vulkan_extensions: Failed to get OpenXR extensions size from wineopenxr.
12925.209:0134:0138:info:vkd3d-proton:vkd3d_get_vk_version: vkd3d-proton - applicationVersion: 3.1.0.
12925.209:0134:0138:info:vkd3d-proton:vkd3d_instance_init: vkd3d-proton - build: 31d1f89ca5b3f2f+.
ATTENTION: default value of option tu_override_uncached_as_cache_coherent overridden by environment.
12925.212:0134:0138:warn:vkd3d-proton:openvr_device_extensions: Failed to open VR registry key, status 2.
12925.212:0134:0138:warn:vkd3d-proton:openxr_vulkan_extensions: Failed to get OpenXR extensions size from wineopenxr.
12925.300:0134:0138:info:vkd3d-proton:vkd3d_physical_device_info_init_maint9: Implementation supports eliding QFOT for non-compressed optimal images.
12925.310:0134:0138:info:vkd3d-proton:vkd3d_memory_info_decide_hvv_usage: Topology: UMA-like topology.
12925.310:0134:0138:info:vkd3d-proton:vkd3d_memory_info_upload_hvv_memory_properties: Topology: HVV usage is allowed, using DEVICE_LOCAL | HOST_COHERENT for UPLOAD.
12925.310:0134:0138:info:vkd3d-proton:vkd3d_bindless_state_get_bindless_flags: Enabling fast paths for advanced ExecuteIndirect() graphics and compute (EXT_dgc).
12925.310:0134:0138:info:vkd3d-proton:vkd3d_bindless_state_get_bindless_flags: Device supports VK_EXT_mutable_descriptor_type.
12925.310:0134:0138:info:vkd3d-proton:vkd3d_bindless_state_add_binding: Device supports VK_EXT_descriptor_buffer!
12925.310:0134:0138:info:vkd3d-proton:vkd3d_bindless_state_add_binding: Device supports VK_EXT_descriptor_buffer!
12925.310:0134:0138:info:vkd3d-proton:vkd3d_bindless_state_add_binding: Device supports VK_EXT_descriptor_buffer!
12925.311:0134:0138:info:vkd3d-proton:d3d12_device_caps_init_shader_model: Enabling support for SM 6.6.
12925.311:0134:0138:warn:vkd3d-proton:d3d12_device_caps_init_feature_options1: No device info available for TotalLaneCount = 4096.
12925.311:0134:0138:fixme:vkd3d-proton:d3d12_device_caps_init_feature_options1: TotalLaneCount = 4096, may be inaccurate.
12925.311:0134:0138:info:vkd3d-proton:vkd3d_pipeline_library_init_disk_cache: Remapping VKD3D_SHADER_CACHE to: vkd3d-proton.cache.
12925.311:0134:0138:info:vkd3d-proton:vkd3d_pipeline_library_init_disk_cache: Attempting to load disk cache from: vkd3d-proton.cache.
12925.319:0134:0154:info:vkd3d-proton:vkd3d_pipeline_library_disk_thread_main: Performing async setup of stream archive ...
12925.319:0134:0154:info:vkd3d-proton:vkd3d_pipeline_library_disk_cache_merge: No write cache exists. No need to merge any disk caches.
12925.319:0134:0154:info:vkd3d-proton:vkd3d_pipeline_library_disk_cache_initial_setup: Merging pipeline libraries took 0.374 ms.
12925.320:0134:0154:info:vkd3d-proton:vkd3d_pipeline_library_disk_cache_initial_setup: Mapping read-only cache took 0.687 ms.
12925.320:0134:0154:info:vkd3d-proton:d3d12_pipeline_library_read_blob_stream_format: Device teardown request received, stopping parse early.
12925.320:0134:0154:info:vkd3d-proton:vkd3d_pipeline_library_disk_cache_initial_setup: Parsing stream archive took 0.020 ms.
12925.320:0134:0154:info:vkd3d-proton:vkd3d_pipeline_library_disk_thread_main: Done performing async setup of stream archive.
warn:  CreateDXGIFactory2: Ignoring flags
12930.276:0134:0138:warn:vkd3d-proton:openvr_instance_extensions: Failed to open VR registry key, status 2.
12930.276:0134:0138:warn:vkd3d-proton:openxr_vulkan_extensions: Failed to get OpenXR extensions size from wineopenxr.
12930.278:0134:0138:info:vkd3d-proton:vkd3d_get_vk_version: vkd3d-proton - applicationVersion: 3.1.0.
12930.278:0134:0138:info:vkd3d-proton:vkd3d_instance_init: vkd3d-proton - build: 31d1f89ca5b3f2f+.
ATTENTION: default value of option tu_override_uncached_as_cache_coherent overridden by environment.
12930.283:0134:0138:warn:vkd3d-proton:openvr_device_extensions: Failed to open VR registry key, status 2.
12930.283:0134:0138:warn:vkd3d-proton:openxr_vulkan_extensions: Failed to get OpenXR extensions size from wineopenxr.
12930.377:0134:0138:info:vkd3d-proton:vkd3d_physical_device_info_init_maint9: Implementation supports eliding QFOT for non-compressed optimal images.
12930.387:0134:0138:info:vkd3d-proton:vkd3d_memory_info_decide_hvv_usage: Topology: UMA-like topology.
12930.387:0134:0138:info:vkd3d-proton:vkd3d_memory_info_upload_hvv_memory_properties: Topology: HVV usage is allowed, using DEVICE_LOCAL | HOST_COHERENT for UPLOAD.
12930.387:0134:0138:info:vkd3d-proton:vkd3d_bindless_state_get_bindless_flags: Enabling fast paths for advanced ExecuteIndirect() graphics and compute (EXT_dgc).
12930.387:0134:0138:info:vkd3d-proton:vkd3d_bindless_state_get_bindless_flags: Device supports VK_EXT_mutable_descriptor_type.
12930.387:0134:0138:info:vkd3d-proton:vkd3d_bindless_state_add_binding: Device supports VK_EXT_descriptor_buffer!
12930.387:0134:0138:info:vkd3d-proton:vkd3d_bindless_state_add_binding: Device supports VK_EXT_descriptor_buffer!
12930.387:0134:0138:info:vkd3d-proton:vkd3d_bindless_state_add_binding: Device supports VK_EXT_descriptor_buffer!
12930.390:0134:0138:info:vkd3d-proton:d3d12_device_caps_init_shader_model: Enabling support for SM 6.6.
12930.390:0134:0138:warn:vkd3d-proton:d3d12_device_caps_init_feature_options1: No device info available for TotalLaneCount = 4096.
12930.390:0134:0138:fixme:vkd3d-proton:d3d12_device_caps_init_feature_options1: TotalLaneCount = 4096, may be inaccurate.
12930.390:0134:0138:info:vkd3d-proton:vkd3d_pipeline_library_init_disk_cache: Remapping VKD3D_SHADER_CACHE to: vkd3d-proton.cache.
12930.390:0134:0138:info:vkd3d-proton:vkd3d_pipeline_library_init_disk_cache: Attempting to load disk cache from: vkd3d-proton.cache.
12930.412:0134:0138:warn:vkd3d-proton:d3d12_device_create: Feature level 0xc200 is not supported.
12930.413:0134:01a4:info:vkd3d-proton:vkd3d_pipeline_library_disk_thread_main: Performing async setup of stream archive ...
12930.414:0134:01a4:info:vkd3d-proton:vkd3d_pipeline_library_disk_cache_merge: No write cache exists. No need to merge any disk caches.
12930.414:0134:01a4:info:vkd3d-proton:vkd3d_pipeline_library_disk_cache_initial_setup: Merging pipeline libraries took 0.329 ms.
12930.414:0134:01a4:info:vkd3d-proton:vkd3d_pipeline_library_disk_cache_initial_setup: Mapping read-only cache took 0.443 ms.
12930.414:0134:01a4:info:vkd3d-proton:d3d12_pipeline_library_read_blob_stream_format: Device teardown request received, stopping parse early.
12930.414:0134:01a4:info:vkd3d-proton:vkd3d_pipeline_library_disk_cache_initial_setup: Parsing stream archive took 0.019 ms.
12930.414:0134:01a4:info:vkd3d-proton:vkd3d_pipeline_library_disk_thread_main: Done performing async setup of stream archive.
12930.421:0134:0138:warn:vkd3d-proton:openvr_instance_extensions: Failed to open VR registry key, status 2.
12930.421:0134:0138:warn:vkd3d-proton:openxr_vulkan_extensions: Failed to get OpenXR extensions size from wineopenxr.
12930.424:0134:0138:info:vkd3d-proton:vkd3d_get_vk_version: vkd3d-proton - applicationVersion: 3.1.0.
12930.424:0134:0138:info:vkd3d-proton:vkd3d_instance_init: vkd3d-proton - build: 31d1f89ca5b3f2f+.
ATTENTION: default value of option tu_override_uncached_as_cache_coherent overridden by environment.
12930.428:0134:0138:warn:vkd3d-proton:openvr_device_extensions: Failed to open VR registry key, status 2.
12930.428:0134:0138:warn:vkd3d-proton:openxr_vulkan_extensions: Failed to get OpenXR extensions size from wineopenxr.
12930.519:0134:0138:info:vkd3d-proton:vkd3d_physical_device_info_init_maint9: Implementation supports eliding QFOT for non-compressed optimal images.
12930.529:0134:0138:info:vkd3d-proton:vkd3d_memory_info_decide_hvv_usage: Topology: UMA-like topology.
12930.529:0134:0138:info:vkd3d-proton:vkd3d_memory_info_upload_hvv_memory_properties: Topology: HVV usage is allowed, using DEVICE_LOCAL | HOST_COHERENT for UPLOAD.
12930.529:0134:0138:info:vkd3d-proton:vkd3d_bindless_state_get_bindless_flags: Enabling fast paths for advanced ExecuteIndirect() graphics and compute (EXT_dgc).
12930.529:0134:0138:info:vkd3d-proton:vkd3d_bindless_state_get_bindless_flags: Device supports VK_EXT_mutable_descriptor_type.
12930.529:0134:0138:info:vkd3d-proton:vkd3d_bindless_state_add_binding: Device supports VK_EXT_descriptor_buffer!
12930.529:0134:0138:info:vkd3d-proton:vkd3d_bindless_state_add_binding: Device supports VK_EXT_descriptor_buffer!
12930.529:0134:0138:info:vkd3d-proton:vkd3d_bindless_state_add_binding: Device supports VK_EXT_descriptor_buffer!
12930.531:0134:0138:info:vkd3d-proton:d3d12_device_caps_init_shader_model: Enabling support for SM 6.6.
12930.531:0134:0138:warn:vkd3d-proton:d3d12_device_caps_init_feature_options1: No device info available for TotalLaneCount = 4096.
12930.531:0134:0138:fixme:vkd3d-proton:d3d12_device_caps_init_feature_options1: TotalLaneCount = 4096, may be inaccurate.
12930.531:0134:0138:info:vkd3d-proton:vkd3d_pipeline_library_init_disk_cache: Remapping VKD3D_SHADER_CACHE to: vkd3d-proton.cache.
12930.531:0134:0138:info:vkd3d-proton:vkd3d_pipeline_library_init_disk_cache: Attempting to load disk cache from: vkd3d-proton.cache.
12930.531:0134:0138:warn:vkd3d-proton:d3d12_device_create: Feature level 0xc100 is not supported.
12930.533:0134:01ac:info:vkd3d-proton:vkd3d_pipeline_library_disk_thread_main: Performing async setup of stream archive ...
12930.533:0134:01ac:info:vkd3d-proton:vkd3d_pipeline_library_disk_cache_merge: No write cache exists. No need to merge any disk caches.
12930.533:0134:01ac:info:vkd3d-proton:vkd3d_pipeline_library_disk_cache_initial_setup: Merging pipeline libraries took 0.316 ms.
12930.534:0134:01ac:info:vkd3d-proton:vkd3d_pipeline_library_disk_cache_initial_setup: Mapping read-only cache took 0.419 ms.
12930.534:0134:01ac:info:vkd3d-proton:d3d12_pipeline_library_read_blob_stream_format: Device teardown request received, stopping parse early.
12930.534:0134:01ac:info:vkd3d-proton:vkd3d_pipeline_library_disk_cache_initial_setup: Parsing stream archive took 0.016 ms.
12930.534:0134:01ac:info:vkd3d-proton:vkd3d_pipeline_library_disk_thread_main: Done performing async setup of stream archive.
12930.541:0134:0138:warn:vkd3d-proton:openvr_instance_extensions: Failed to open VR registry key, status 2.
12930.541:0134:0138:warn:vkd3d-proton:openxr_vulkan_extensions: Failed to get OpenXR extensions size from wineopenxr.
12930.543:0134:0138:info:vkd3d-proton:vkd3d_get_vk_version: vkd3d-proton - applicationVersion: 3.1.0.
12930.543:0134:0138:info:vkd3d-proton:vkd3d_instance_init: vkd3d-proton - build: 31d1f89ca5b3f2f+.
ATTENTION: default value of option tu_override_uncached_as_cache_coherent overridden by environment.
12930.546:0134:0138:warn:vkd3d-proton:openvr_device_extensions: Failed to open VR registry key, status 2.
12930.546:0134:0138:warn:vkd3d-proton:openxr_vulkan_extensions: Failed to get OpenXR extensions size from wineopenxr.
12930.634:0134:0138:info:vkd3d-proton:vkd3d_physical_device_info_init_maint9: Implementation supports eliding QFOT for non-compressed optimal images.
12930.644:0134:0138:info:vkd3d-proton:vkd3d_memory_info_decide_hvv_usage: Topology: UMA-like topology.
12930.645:0134:0138:info:vkd3d-proton:vkd3d_memory_info_upload_hvv_memory_properties: Topology: HVV usage is allowed, using DEVICE_LOCAL | HOST_COHERENT for UPLOAD.
12930.645:0134:0138:info:vkd3d-proton:vkd3d_bindless_state_get_bindless_flags: Enabling fast paths for advanced ExecuteIndirect() graphics and compute (EXT_dgc).
12930.645:0134:0138:info:vkd3d-proton:vkd3d_bindless_state_get_bindless_flags: Device supports VK_EXT_mutable_descriptor_type.
12930.645:0134:0138:info:vkd3d-proton:vkd3d_bindless_state_add_binding: Device supports VK_EXT_descriptor_buffer!
12930.645:0134:0138:info:vkd3d-proton:vkd3d_bindless_state_add_binding: Device supports VK_EXT_descriptor_buffer!
12930.645:0134:0138:info:vkd3d-proton:vkd3d_bindless_state_add_binding: Device supports VK_EXT_descriptor_buffer!
12930.646:0134:0138:info:vkd3d-proton:d3d12_device_caps_init_shader_model: Enabling support for SM 6.6.
12930.646:0134:0138:warn:vkd3d-proton:d3d12_device_caps_init_feature_options1: No device info available for TotalLaneCount = 4096.
12930.646:0134:0138:fixme:vkd3d-proton:d3d12_device_caps_init_feature_options1: TotalLaneCount = 4096, may be inaccurate.
12930.646:0134:0138:info:vkd3d-proton:vkd3d_pipeline_library_init_disk_cache: Remapping VKD3D_SHADER_CACHE to: vkd3d-proton.cache.
12930.646:0134:0138:info:vkd3d-proton:vkd3d_pipeline_library_init_disk_cache: Attempting to load disk cache from: vkd3d-proton.cache.
12930.648:0134:01b4:info:vkd3d-proton:vkd3d_pipeline_library_disk_thread_main: Performing async setup of stream archive ...
12930.649:0134:01b4:info:vkd3d-proton:vkd3d_pipeline_library_disk_cache_merge: No write cache exists. No need to merge any disk caches.
12930.649:0134:01b4:info:vkd3d-proton:vkd3d_pipeline_library_disk_cache_initial_setup: Merging pipeline libraries took 0.354 ms.
12930.650:0134:01b4:info:vkd3d-proton:vkd3d_pipeline_library_disk_cache_initial_setup: Mapping read-only cache took 0.862 ms.
12930.659:0134:01b4:info:vkd3d-proton:d3d12_pipeline_library_read_blob_stream_format: Device teardown request received, stopping parse early.
12930.659:0134:01b4:info:vkd3d-proton:vkd3d_pipeline_library_disk_cache_initial_setup: Parsing stream archive took 9.882 ms.
12930.661:0134:01b4:info:vkd3d-proton:vkd3d_pipeline_library_disk_thread_main: Done performing async setup of stream archive.
12930.668:0134:0138:warn:vkd3d-proton:openvr_instance_extensions: Failed to open VR registry key, status 2.
12930.668:0134:0138:warn:vkd3d-proton:openxr_vulkan_extensions: Failed to get OpenXR extensions size from wineopenxr.
12930.671:0134:0138:info:vkd3d-proton:vkd3d_get_vk_version: vkd3d-proton - applicationVersion: 3.1.0.
12930.671:0134:0138:info:vkd3d-proton:vkd3d_instance_init: vkd3d-proton - build: 31d1f89ca5b3f2f+.
ATTENTION: default value of option tu_override_uncached_as_cache_coherent overridden by environment.
12930.674:0134:0138:warn:vkd3d-proton:openvr_device_extensions: Failed to open VR registry key, status 2.
12930.675:0134:0138:warn:vkd3d-proton:openxr_vulkan_extensions: Failed to get OpenXR extensions size from wineopenxr.
12930.764:0134:0138:info:vkd3d-proton:vkd3d_physical_device_info_init_maint9: Implementation supports eliding QFOT for non-compressed optimal images.
12930.774:0134:0138:info:vkd3d-proton:vkd3d_memory_info_decide_hvv_usage: Topology: UMA-like topology.
12930.774:0134:0138:info:vkd3d-proton:vkd3d_memory_info_upload_hvv_memory_properties: Topology: HVV usage is allowed, using DEVICE_LOCAL | HOST_COHERENT for UPLOAD.
12930.774:0134:0138:info:vkd3d-proton:vkd3d_bindless_state_get_bindless_flags: Enabling fast paths for advanced ExecuteIndirect() graphics and compute (EXT_dgc).
12930.774:0134:0138:info:vkd3d-proton:vkd3d_bindless_state_get_bindless_flags: Device supports VK_EXT_mutable_descriptor_type.
12930.774:0134:0138:info:vkd3d-proton:vkd3d_bindless_state_add_binding: Device supports VK_EXT_descriptor_buffer!
12930.774:0134:0138:info:vkd3d-proton:vkd3d_bindless_state_add_binding: Device supports VK_EXT_descriptor_buffer!
12930.774:0134:0138:info:vkd3d-proton:vkd3d_bindless_state_add_binding: Device supports VK_EXT_descriptor_buffer!
12930.776:0134:0138:info:vkd3d-proton:d3d12_device_caps_init_shader_model: Enabling support for SM 6.6.
12930.776:0134:0138:warn:vkd3d-proton:d3d12_device_caps_init_feature_options1: No device info available for TotalLaneCount = 4096.
12930.776:0134:0138:fixme:vkd3d-proton:d3d12_device_caps_init_feature_options1: TotalLaneCount = 4096, may be inaccurate.
12930.776:0134:0138:info:vkd3d-proton:vkd3d_pipeline_library_init_disk_cache: Remapping VKD3D_SHADER_CACHE to: vkd3d-proton.cache.
12930.776:0134:0138:info:vkd3d-proton:vkd3d_pipeline_library_init_disk_cache: Attempting to load disk cache from: vkd3d-proton.cache.
12930.780:0134:01bc:info:vkd3d-proton:vkd3d_pipeline_library_disk_thread_main: Performing async setup of stream archive ...
12930.780:0134:01bc:info:vkd3d-proton:vkd3d_pipeline_library_disk_cache_merge: No write cache exists. No need to merge any disk caches.
warn:  CreateDXGIFactory2: Ignoring flags
12930.780:0134:01bc:info:vkd3d-proton:vkd3d_pipeline_library_disk_cache_initial_setup: Merging pipeline libraries took 0.408 ms.
12930.781:0134:01bc:info:vkd3d-proton:vkd3d_pipeline_library_disk_cache_initial_setup: Mapping read-only cache took 0.724 ms.
12930.786:0134:01bc:info:vkd3d-proton:vkd3d_pipeline_library_disk_cache_initial_setup: Parsing stream archive took 5.318 ms.
12930.786:0134:01bc:info:vkd3d-proton:vkd3d_pipeline_library_disk_thread_main: Done performing async setup of stream archive.
12930.787:0134:0138:warn:vkd3d-proton:d3d12_device_QueryInterface: {9727a022-cf1d-4dda-9eba-effa653fc506} not implemented, returning E_NOINTERFACE.
12930.787:0134:0138:warn:vkd3d-proton:d3d12_device_QueryInterface: {98931d33-5ae8-4791-aa3c-1a73a2934e71} not implemented, returning E_NOINTERFACE.
12930.789:0134:0138:warn:vkd3d-proton:d3d12_device_CheckFeatureSupport: Assuming device does not support tile based rendering.
12930.849:0134:0138:fixme:vkd3d-proton:vkd3d_memory_allocation_init: Requested alignment of 10000, but got GPU VA of 1013b3000 for intended start of heap, which is not aligned as expected. If application relies on this alignment, weird things might happen.
12930.857:0134:0138:info:vkd3d-proton:d3d12_command_signature_create: cmdsig-debug: nargs=1 ByteStride=16 action_offset=0 state_template=0 pipeline_type=1
12930.857:0134:0138:info:vkd3d-proton:d3d12_command_signature_create: cmdsig-debug:   arg[0] type=0
12930.857:0134:0138:info:vkd3d-proton:d3d12_command_signature_create: cmdsig-debug: nargs=1 ByteStride=32 action_offset=0 state_template=0 pipeline_type=1
12930.857:0134:0138:info:vkd3d-proton:d3d12_command_signature_create: cmdsig-debug:   arg[0] type=1
12930.857:0134:0138:info:vkd3d-proton:d3d12_command_signature_create: cmdsig-debug: nargs=1 ByteStride=16 action_offset=0 state_template=0 pipeline_type=3
12930.857:0134:0138:info:vkd3d-proton:d3d12_command_signature_create: cmdsig-debug:   arg[0] type=2
12932.916:0134:01f0:info:vkd3d-proton:d3d12_command_signature_create: cmdsig-debug: nargs=2 ByteStride=32 action_offset=4 state_template=1 pipeline_type=3
12932.917:0134:01f0:info:vkd3d-proton:d3d12_command_signature_create: cmdsig-debug:   arg[0] type=5
12932.917:0134:01f0:info:vkd3d-proton:d3d12_command_signature_create: cmdsig-debug:   arg[1] type=2
12932.929:0134:0218:info:vkd3d-proton:d3d12_command_signature_create: cmdsig-debug: nargs=2 ByteStride=32 action_offset=12 state_template=1 pipeline_type=3
12932.929:0134:0218:info:vkd3d-proton:d3d12_command_signature_create: cmdsig-debug:   arg[0] type=5
12932.929:0134:0218:info:vkd3d-proton:d3d12_command_signature_create: cmdsig-debug:   arg[1] type=2
12933.069:0134:01e8:info:vkd3d-proton:d3d12_command_signature_create: cmdsig-debug: nargs=2 ByteStride=32 action_offset=4 state_template=1 pipeline_type=3
12933.069:0134:01e8:info:vkd3d-proton:d3d12_command_signature_create: cmdsig-debug:   arg[0] type=5
12933.069:0134:01e8:info:vkd3d-proton:d3d12_command_signature_create: cmdsig-debug:   arg[1] type=2
12933.077:0134:01f4:info:vkd3d-proton:d3d12_command_signature_create: cmdsig-debug: nargs=2 ByteStride=32 action_offset=4 state_template=1 pipeline_type=3
12933.077:0134:01f4:info:vkd3d-proton:d3d12_command_signature_create: cmdsig-debug:   arg[0] type=5
12933.077:0134:01f4:info:vkd3d-proton:d3d12_command_signature_create: cmdsig-debug:   arg[1] type=2
12933.082:0134:01e4:info:vkd3d-proton:d3d12_command_signature_create: cmdsig-debug: nargs=2 ByteStride=32 action_offset=4 state_template=1 pipeline_type=3
12933.082:0134:01e4:info:vkd3d-proton:d3d12_command_signature_create: cmdsig-debug:   arg[0] type=5
12933.082:0134:01e4:info:vkd3d-proton:d3d12_command_signature_create: cmdsig-debug:   arg[1] type=2
12933.084:0134:01e4:info:vkd3d-proton:d3d12_command_signature_create: cmdsig-debug: nargs=2 ByteStride=32 action_offset=4 state_template=1 pipeline_type=3
12933.084:0134:01e4:info:vkd3d-proton:d3d12_command_signature_create: cmdsig-debug:   arg[0] type=5
12933.084:0134:01e4:info:vkd3d-proton:d3d12_command_signature_create: cmdsig-debug:   arg[1] type=2
12933.088:0134:020c:info:vkd3d-proton:d3d12_command_signature_create: cmdsig-debug: nargs=2 ByteStride=32 action_offset=4 state_template=1 pipeline_type=3
12933.088:0134:020c:info:vkd3d-proton:d3d12_command_signature_create: cmdsig-debug:   arg[0] type=5
12933.088:0134:020c:info:vkd3d-proton:d3d12_command_signature_create: cmdsig-debug:   arg[1] type=2
12933.092:0134:0204:info:vkd3d-proton:d3d12_command_signature_create: cmdsig-debug: nargs=2 ByteStride=32 action_offset=4 state_template=1 pipeline_type=3
12933.093:0134:0204:info:vkd3d-proton:d3d12_command_signature_create: cmdsig-debug:   arg[0] type=5
12933.093:0134:0204:info:vkd3d-proton:d3d12_command_signature_create: cmdsig-debug:   arg[1] type=2
12935.272:0134:0194:info:vkd3d-proton:dxgi_vk_swap_chain_init: Creating swapchain (2560 x 1440), BufferCount = 2.
12935.280:0134:0194:info:vkd3d-proton:dxgi_vk_swap_chain_init_sync_objects: Enabling frame latency handles.
12935.281:0134:0194:info:vkd3d-proton:dxgi_vk_swap_chain_init_sync_objects: Ensure maximum latency of 3 frames with KHR_present_wait.
12935.282:0134:0194:info:vkd3d-proton:dxgi_vk_swap_chain_init_sleep_state: Timer interval is 1.0 ms.
warn:  DXGI: MakeWindowAssociation: Ignoring flags
12935.494:0134:0194:warn:vkd3d-proton:d3d12_device_QueryInterface: {0742a90b-c387-483f-b946-30a7e4e61458} not implemented, returning E_NOINTERFACE.
12935.502:0134:0194:warn:vkd3d-proton:d3d12_device_QueryInterface: {0742a90b-c387-483f-b946-30a7e4e61458} not implemented, returning E_NOINTERFACE.
12935.610:0134:01c8:info:vkd3d-proton:dxgi_vk_swap_chain_recreate_swapchain_in_present_task: Got 3 swapchain images.
12935.630:0134:0190:warn:vkd3d-proton:d3d12_device_QueryInterface: {0742a90b-c387-483f-b946-30a7e4e61458} not implemented, returning E_NOINTERFACE.
12935.637:0134:0190:warn:vkd3d-proton:d3d12_device_QueryInterface: {0742a90b-c387-483f-b946-30a7e4e61458} not implemented, returning E_NOINTERFACE.
12935.655:0134:01c8:info:vkd3d-proton:dxgi_vk_swap_chain_recreate_swapchain_in_present_task: Got 3 swapchain images.
12935.674:0134:0190:warn:vkd3d-proton:d3d12_device_QueryInterface: {0742a90b-c387-483f-b946-30a7e4e61458} not implemented, returning E_NOINTERFACE.
12935.690:0134:0190:warn:vkd3d-proton:d3d12_device_QueryInterface: {0742a90b-c387-483f-b946-30a7e4e61458} not implemented, returning E_NOINTERFACE.
12935.705:0134:0190:warn:vkd3d-proton:d3d12_device_QueryInterface: {0742a90b-c387-483f-b946-30a7e4e61458} not implemented, returning E_NOINTERFACE.
12935.721:0134:0190:warn:vkd3d-proton:d3d12_device_QueryInterface: {0742a90b-c387-483f-b946-30a7e4e61458} not implemented, returning E_NOINTERFACE.
12935.738:0134:0190:warn:vkd3d-proton:d3d12_device_QueryInterface: {0742a90b-c387-483f-b946-30a7e4e61458} not implemented, returning E_NOINTERFACE.
12935.756:0134:0190:warn:vkd3d-proton:d3d12_device_QueryInterface: {0742a90b-c387-483f-b946-30a7e4e61458} not implemented, returning E_NOINTERFACE.
12935.771:0134:0190:warn:vkd3d-proton:d3d12_device_QueryInterface: {0742a90b-c387-483f-b946-30a7e4e61458} not implemented, returning E_NOINTERFACE.
12935.789:0134:0190:warn:vkd3d-proton:d3d12_device_QueryInterface: {0742a90b-c387-483f-b946-30a7e4e61458} not implemented, returning E_NOINTERFACE.
12935.804:0134:0190:warn:vkd3d-proton:d3d12_device_QueryInterface: {0742a90b-c387-483f-b946-30a7e4e61458} not implemented, returning E_NOINTERFACE.
12935.822:0134:0190:warn:vkd3d-proton:d3d12_device_QueryInterface: {0742a90b-c387-483f-b946-30a7e4e61458} not implemented, returning E_NOINTERFACE.
12935.837:0134:0190:warn:vkd3d-proton:d3d12_device_QueryInterface: {0742a90b-c387-483f-b946-30a7e4e61458} not implemented, returning E_NOINTERFACE.
12935.854:0134:0190:warn:vkd3d-proton:d3d12_device_QueryInterface: {0742a90b-c387-483f-b946-30a7e4e61458} not implemented, returning E_NOINTERFACE.
12935.871:0134:0190:warn:vkd3d-proton:d3d12_device_QueryInterface: {0742a90b-c387-483f-b946-30a7e4e61458} not implemented, returning E_NOINTERFACE.
12935.887:0134:0190:warn:vkd3d-proton:d3d12_device_QueryInterface: {0742a90b-c387-483f-b946-30a7e4e61458} not implemented, returning E_NOINTERFACE.
12935.907:0134:0190:warn:vkd3d-proton:d3d12_device_QueryInterface: {0742a90b-c387-483f-b946-30a7e4e61458} not implemented, returning E_NOINTERFACE.
12935.924:0134:0190:warn:vkd3d-proton:d3d12_device_QueryInterface: {0742a90b-c387-483f-b946-30a7e4e61458} not implemented, returning E_NOINTERFACE.
12935.942:0134:0190:warn:vkd3d-proton:d3d12_device_QueryInterface: {0742a90b-c387-483f-b946-30a7e4e61458} not implemented, returning E_NOINTERFACE.
12935.960:0134:0190:warn:vkd3d-proton:d3d12_device_QueryInterface: {0742a90b-c387-483f-b946-30a7e4e61458} not implemented, returning E_NOINTERFACE.
12935.974:0134:0190:warn:vkd3d-proton:d3d12_device_QueryInterface: {0742a90b-c387-483f-b946-30a7e4e61458} not implemented, returning E_NOINTERFACE.
12935.991:0134:0190:warn:vkd3d-proton:d3d12_device_QueryInterface: {0742a90b-c387-483f-b946-30a7e4e61458} not implemented, returning E_NOINTERFACE.
12936.009:0134:0190:warn:vkd3d-proton:d3d12_device_QueryInterface: {0742a90b-c387-483f-b946-30a7e4e61458} not implemented, returning E_NOINTERFACE.
12936.025:0134:0190:warn:vkd3d-proton:d3d12_device_QueryInterface: {0742a90b-c387-483f-b946-30a7e4e61458} not implemented, returning E_NOINTERFACE.
12936.041:0134:0190:warn:vkd3d-proton:d3d12_device_QueryInterface: {0742a90b-c387-483f-b946-30a7e4e61458} not implemented, returning E_NOINTERFACE.
12936.058:0134:0190:warn:vkd3d-proton:d3d12_device_QueryInterface: {0742a90b-c387-483f-b946-30a7e4e61458} not implemented, returning E_NOINTERFACE.
12936.074:0134:0190:warn:vkd3d-proton:d3d12_device_QueryInterface: {0742a90b-c387-483f-b946-30a7e4e61458} not implemented, returning E_NOINTERFACE.
12936.090:0134:0190:warn:vkd3d-proton:d3d12_device_QueryInterface: {0742a90b-c387-483f-b946-30a7e4e61458} not implemented, returning E_NOINTERFACE.
12936.105:0134:0190:warn:vkd3d-proton:d3d12_device_QueryInterface: {0742a90b-c387-483f-b946-30a7e4e61458} not implemented, returning E_NOINTERFACE.
12936.124:0134:0190:warn:vkd3d-proton:d3d12_device_QueryInterface: {0742a90b-c387-483f-b946-30a7e4e61458} not implemented, returning E_NOINTERFACE.
12936.140:0134:0190:warn:vkd3d-proton:d3d12_device_QueryInterface: {0742a90b-c387-483f-b946-30a7e4e61458} not implemented, returning E_NOINTERFACE.
12936.157:0134:0190:warn:vkd3d-proton:d3d12_device_QueryInterface: {0742a90b-c387-483f-b946-30a7e4e61458} not implemented, returning E_NOINTERFACE.
12936.174:0134:0190:warn:vkd3d-proton:d3d12_device_QueryInterface: {0742a90b-c387-483f-b946-30a7e4e61458} not implemented, returning E_NOINTERFACE.
12936.190:0134:0190:warn:vkd3d-proton:d3d12_device_QueryInterface: {0742a90b-c387-483f-b946-30a7e4e61458} not implemented, returning E_NOINTERFACE.
12936.206:0134:0190:warn:vkd3d-proton:d3d12_device_QueryInterface: {0742a90b-c387-483f-b946-30a7e4e61458} not implemented, returning E_NOINTERFACE.
12936.225:0134:0190:warn:vkd3d-proton:d3d12_device_QueryInterface: {0742a90b-c387-483f-b946-30a7e4e61458} not implemented, returning E_NOINTERFACE.
12936.240:0134:0190:warn:vkd3d-proton:d3d12_device_QueryInterface: {0742a90b-c387-483f-b946-30a7e4e61458} not implemented, returning E_NOINTERFACE.
12936.256:0134:0190:warn:vkd3d-proton:d3d12_device_QueryInterface: {0742a90b-c387-483f-b946-30a7e4e61458} not implemented, returning E_NOINTERFACE.
12936.276:0134:0190:warn:vkd3d-proton:d3d12_device_QueryInterface: {0742a90b-c387-483f-b946-30a7e4e61458} not implemented, returning E_NOINTERFACE.
12936.294:0134:0190:warn:vkd3d-proton:d3d12_device_QueryInterface: {0742a90b-c387-483f-b946-30a7e4e61458} not implemented, returning E_NOINTERFACE.
12936.306:0134:0190:warn:vkd3d-proton:d3d12_device_QueryInterface: {0742a90b-c387-483f-b946-30a7e4e61458} not implemented, returning E_NOINTERFACE.
12936.323:0134:0190:warn:vkd3d-proton:d3d12_device_QueryInterface: {0742a90b-c387-483f-b946-30a7e4e61458} not implemented, returning E_NOINTERFACE.
12936.339:0134:0190:warn:vkd3d-proton:d3d12_device_QueryInterface: {0742a90b-c387-483f-b946-30a7e4e61458} not implemented, returning E_NOINTERFACE.
12936.356:0134:0190:warn:vkd3d-proton:d3d12_device_QueryInterface: {0742a90b-c387-483f-b946-30a7e4e61458} not implemented, returning E_NOINTERFACE.
12936.372:0134:0190:warn:vkd3d-proton:d3d12_device_QueryInterface: {0742a90b-c387-483f-b946-30a7e4e61458} not implemented, returning E_NOINTERFACE.
12936.390:0134:0190:warn:vkd3d-proton:d3d12_device_QueryInterface: {0742a90b-c387-483f-b946-30a7e4e61458} not implemented, returning E_NOINTERFACE.
12936.405:0134:0190:warn:vkd3d-proton:d3d12_device_QueryInterface: {0742a90b-c387-483f-b946-30a7e4e61458} not implemented, returning E_NOINTERFACE.
12936.423:0134:0190:warn:vkd3d-proton:d3d12_device_QueryInterface: {0742a90b-c387-483f-b946-30a7e4e61458} not implemented, returning E_NOINTERFACE.
12936.439:0134:0190:warn:vkd3d-proton:d3d12_device_QueryInterface: {0742a90b-c387-483f-b946-30a7e4e61458} not implemented, returning E_NOINTERFACE.
12936.457:0134:0190:warn:vkd3d-proton:d3d12_device_QueryInterface: {0742a90b-c387-483f-b946-30a7e4e61458} not implemented, returning E_NOINTERFACE.
12936.475:0134:0190:warn:vkd3d-proton:d3d12_device_QueryInterface: {0742a90b-c387-483f-b946-30a7e4e61458} not implemented, returning E_NOINTERFACE.
12936.492:0134:0190:warn:vkd3d-proton:d3d12_device_QueryInterface: {0742a90b-c387-483f-b946-30a7e4e61458} not implemented, returning E_NOINTERFACE.
12936.508:0134:0190:warn:vkd3d-proton:d3d12_device_QueryInterface: {0742a90b-c387-483f-b946-30a7e4e61458} not implemented, returning E_NOINTERFACE.
12936.524:0134:0190:warn:vkd3d-proton:d3d12_device_QueryInterface: {0742a90b-c387-483f-b946-30a7e4e61458} not implemented, returning E_NOINTERFACE.
12936.542:0134:0190:warn:vkd3d-proton:d3d12_device_QueryInterface: {0742a90b-c387-483f-b946-30a7e4e61458} not implemented, returning E_NOINTERFACE.
12936.557:0134:0190:warn:vkd3d-proton:d3d12_device_QueryInterface: {0742a90b-c387-483f-b946-30a7e4e61458} not implemented, returning E_NOINTERFACE.
12936.574:0134:0190:warn:vkd3d-proton:d3d12_device_QueryInterface: {0742a90b-c387-483f-b946-30a7e4e61458} not implemented, returning E_NOINTERFACE.
12936.590:0134:0190:warn:vkd3d-proton:d3d12_device_QueryInterface: {0742a90b-c387-483f-b946-30a7e4e61458} not implemented, returning E_NOINTERFACE.
12936.607:0134:0190:warn:vkd3d-proton:d3d12_device_QueryInterface: {0742a90b-c387-483f-b946-30a7e4e61458} not implemented, returning E_NOINTERFACE.
12936.623:0134:0190:warn:vkd3d-proton:d3d12_device_QueryInterface: {0742a90b-c387-483f-b946-30a7e4e61458} not implemented, returning E_NOINTERFACE.
12936.639:0134:0190:warn:vkd3d-proton:d3d12_device_QueryInterface: {0742a90b-c387-483f-b946-30a7e4e61458} not implemented, returning E_NOINTERFACE.
12936.655:0134:0190:warn:vkd3d-proton:d3d12_device_QueryInterface: {0742a90b-c387-483f-b946-30a7e4e61458} not implemented, returning E_NOINTERFACE.
12936.673:0134:0190:warn:vkd3d-proton:d3d12_device_QueryInterface: {0742a90b-c387-483f-b946-30a7e4e61458} not implemented, returning E_NOINTERFACE.
12936.691:0134:0190:warn:vkd3d-proton:d3d12_device_QueryInterface: {0742a90b-c387-483f-b946-30a7e4e61458} not implemented, returning E_NOINTERFACE.
12936.708:0134:0190:warn:vkd3d-proton:d3d12_device_QueryInterface: {0742a90b-c387-483f-b946-30a7e4e61458} not implemented, returning E_NOINTERFACE.
12936.721:0134:0190:warn:vkd3d-proton:d3d12_device_QueryInterface: {0742a90b-c387-483f-b946-30a7e4e61458} not implemented, returning E_NOINTERFACE.
12936.738:0134:0190:warn:vkd3d-proton:d3d12_device_QueryInterface: {0742a90b-c387-483f-b946-30a7e4e61458} not implemented, returning E_NOINTERFACE.
12936.755:0134:0190:warn:vkd3d-proton:d3d12_device_QueryInterface: {0742a90b-c387-483f-b946-30a7e4e61458} not implemented, returning E_NOINTERFACE.
12936.771:0134:0190:warn:vkd3d-proton:d3d12_device_QueryInterface: {0742a90b-c387-483f-b946-30a7e4e61458} not implemented, returning E_NOINTERFACE.
12936.788:0134:0190:warn:vkd3d-proton:d3d12_device_QueryInterface: {0742a90b-c387-483f-b946-30a7e4e61458} not implemented, returning E_NOINTERFACE.
12936.807:0134:0190:warn:vkd3d-proton:d3d12_device_QueryInterface: {0742a90b-c387-483f-b946-30a7e4e61458} not implemented, returning E_NOINTERFACE.
12936.823:0134:0190:warn:vkd3d-proton:d3d12_device_QueryInterface: {0742a90b-c387-483f-b946-30a7e4e61458} not implemented, returning E_NOINTERFACE.
12936.840:0134:0190:warn:vkd3d-proton:d3d12_device_QueryInterface: {0742a90b-c387-483f-b946-30a7e4e61458} not implemented, returning E_NOINTERFACE.
12936.856:0134:0190:warn:vkd3d-proton:d3d12_device_QueryInterface: {0742a90b-c387-483f-b946-30a7e4e61458} not implemented, returning E_NOINTERFACE.
12936.872:0134:0190:warn:vkd3d-proton:d3d12_device_QueryInterface: {0742a90b-c387-483f-b946-30a7e4e61458} not implemented, returning E_NOINTERFACE.
12936.888:0134:0190:warn:vkd3d-proton:d3d12_device_QueryInterface: {0742a90b-c387-483f-b946-30a7e4e61458} not implemented, returning E_NOINTERFACE.
12936.905:0134:0190:warn:vkd3d-proton:d3d12_device_QueryInterface: {0742a90b-c387-483f-b946-30a7e4e61458} not implemented, returning E_NOINTERFACE.
12936.922:0134:0190:warn:vkd3d-proton:d3d12_device_QueryInterface: {0742a90b-c387-483f-b946-30a7e4e61458} not implemented, returning E_NOINTERFACE.
12936.940:0134:0190:warn:vkd3d-proton:d3d12_device_QueryInterface: {0742a90b-c387-483f-b946-30a7e4e61458} not implemented, returning E_NOINTERFACE.
12936.956:0134:0190:warn:vkd3d-proton:d3d12_device_QueryInterface: {0742a90b-c387-483f-b946-30a7e4e61458} not implemented, returning E_NOINTERFACE.
12936.972:0134:0190:warn:vkd3d-proton:d3d12_device_QueryInterface: {0742a90b-c387-483f-b946-30a7e4e61458} not implemented, returning E_NOINTERFACE.
12936.989:0134:0190:warn:vkd3d-proton:d3d12_device_QueryInterface: {0742a90b-c387-483f-b946-30a7e4e61458} not implemented, returning E_NOINTERFACE.
12937.008:0134:0190:warn:vkd3d-proton:d3d12_device_QueryInterface: {0742a90b-c387-483f-b946-30a7e4e61458} not implemented, returning E_NOINTERFACE.
12937.024:0134:0190:warn:vkd3d-proton:d3d12_device_QueryInterface: {0742a90b-c387-483f-b946-30a7e4e61458} not implemented, returning E_NOINTERFACE.
12937.064:0134:0194:warn:vkd3d-proton:d3d12_device_QueryInterface: {0742a90b-c387-483f-b946-30a7e4e61458} not implemented, returning E_NOINTERFACE.
12937.069:0134:0194:warn:vkd3d-proton:d3d12_device_QueryInterface: {0742a90b-c387-483f-b946-30a7e4e61458} not implemented, returning E_NOINTERFACE.
12937.073:0134:0194:warn:vkd3d-proton:d3d12_device_QueryInterface: {0742a90b-c387-483f-b946-30a7e4e61458} not implemented, returning E_NOINTERFACE.
12937.091:0134:0194:warn:vkd3d-proton:d3d12_device_QueryInterface: {0742a90b-c387-483f-b946-30a7e4e61458} not implemented, returning E_NOINTERFACE.
12937.108:0134:0194:warn:vkd3d-proton:d3d12_device_QueryInterface: {0742a90b-c387-483f-b946-30a7e4e61458} not implemented, returning E_NOINTERFACE.
12937.126:0134:0194:warn:vkd3d-proton:d3d12_device_QueryInterface: {0742a90b-c387-483f-b946-30a7e4e61458} not implemented, returning E_NOINTERFACE.
12937.140:0134:0194:warn:vkd3d-proton:d3d12_device_QueryInterface: {0742a90b-c387-483f-b946-30a7e4e61458} not implemented, returning E_NOINTERFACE.
12937.156:0134:0194:warn:vkd3d-proton:d3d12_device_QueryInterface: {0742a90b-c387-483f-b946-30a7e4e61458} not implemented, returning E_NOINTERFACE.
12937.175:0134:0194:warn:vkd3d-proton:d3d12_device_QueryInterface: {0742a90b-c387-483f-b946-30a7e4e61458} not implemented, returning E_NOINTERFACE.
12937.190:0134:0194:warn:vkd3d-proton:d3d12_device_QueryInterface: {0742a90b-c387-483f-b946-30a7e4e61458} not implemented, returning E_NOINTERFACE.
12937.206:0134:0194:warn:vkd3d-proton:d3d12_device_QueryInterface: {0742a90b-c387-483f-b946-30a7e4e61458} not implemented, returning E_NOINTERFACE.
12937.227:0134:0194:warn:vkd3d-proton:d3d12_device_QueryInterface: {0742a90b-c387-483f-b946-30a7e4e61458} not implemented, returning E_NOINTERFACE.
12937.241:0134:0194:warn:vkd3d-proton:d3d12_device_QueryInterface: {0742a90b-c387-483f-b946-30a7e4e61458} not implemented, returning E_NOINTERFACE.
12937.257:0134:0194:warn:vkd3d-proton:d3d12_device_QueryInterface: {0742a90b-c387-483f-b946-30a7e4e61458} not implemented, returning E_NOINTERFACE.
12937.274:0134:0194:warn:vkd3d-proton:d3d12_device_QueryInterface: {0742a90b-c387-483f-b946-30a7e4e61458} not implemented, returning E_NOINTERFACE.
12937.299:0134:0194:warn:vkd3d-proton:d3d12_device_QueryInterface: {0742a90b-c387-483f-b946-30a7e4e61458} not implemented, returning E_NOINTERFACE.
12937.307:0134:0194:warn:vkd3d-proton:d3d12_device_QueryInterface: {0742a90b-c387-483f-b946-30a7e4e61458} not implemented, returning E_NOINTERFACE.
12937.324:0134:019c:warn:vkd3d-proton:d3d12_device_QueryInterface: {0742a90b-c387-483f-b946-30a7e4e61458} not implemented, returning E_NOINTERFACE.
12937.342:0134:019c:warn:vkd3d-proton:d3d12_device_QueryInterface: {0742a90b-c387-483f-b946-30a7e4e61458} not implemented, returning E_NOINTERFACE.
12937.359:0134:019c:warn:vkd3d-proton:d3d12_device_QueryInterface: {0742a90b-c387-483f-b946-30a7e4e61458} not implemented, returning E_NOINTERFACE.
12937.376:0134:019c:warn:vkd3d-proton:d3d12_device_QueryInterface: {0742a90b-c387-483f-b946-30a7e4e61458} not implemented, returning E_NOINTERFACE.
12937.391:0134:019c:warn:vkd3d-proton:d3d12_device_QueryInterface: {0742a90b-c387-483f-b946-30a7e4e61458} not implemented, returning E_NOINTERFACE.
12937.407:0134:019c:warn:vkd3d-proton:d3d12_device_QueryInterface: {0742a90b-c387-483f-b946-30a7e4e61458} not implemented, returning E_NOINTERFACE.
12937.426:0134:0198:warn:vkd3d-proton:d3d12_device_QueryInterface: {0742a90b-c387-483f-b946-30a7e4e61458} not implemented, returning E_NOINTERFACE.
12937.443:0134:0198:warn:vkd3d-proton:d3d12_device_QueryInterface: {0742a90b-c387-483f-b946-30a7e4e61458} not implemented, returning E_NOINTERFACE.
12937.459:0134:0198:warn:vkd3d-proton:d3d12_device_QueryInterface: {0742a90b-c387-483f-b946-30a7e4e61458} not implemented, returning E_NOINTERFACE.
12937.476:0134:0198:warn:vkd3d-proton:d3d12_device_QueryInterface: {0742a90b-c387-483f-b946-30a7e4e61458} not implemented, returning E_NOINTERFACE.
12937.493:0134:0198:warn:vkd3d-proton:d3d12_device_QueryInterface: {0742a90b-c387-483f-b946-30a7e4e61458} not implemented, returning E_NOINTERFACE.
12937.508:0134:0198:warn:vkd3d-proton:d3d12_device_QueryInterface: {0742a90b-c387-483f-b946-30a7e4e61458} not implemented, returning E_NOINTERFACE.
12937.538:0134:019c:warn:vkd3d-proton:d3d12_device_QueryInterface: {0742a90b-c387-483f-b946-30a7e4e61458} not implemented, returning E_NOINTERFACE.
12937.619:0134:0194:warn:vkd3d-proton:d3d12_device_QueryInterface: {0742a90b-c387-483f-b946-30a7e4e61458} not implemented, returning E_NOINTERFACE.
12937.636:0134:0194:warn:vkd3d-proton:d3d12_device_QueryInterface: {0742a90b-c387-483f-b946-30a7e4e61458} not implemented, returning E_NOINTERFACE.
12937.642:0134:0194:warn:vkd3d-proton:d3d12_device_QueryInterface: {0742a90b-c387-483f-b946-30a7e4e61458} not implemented, returning E_NOINTERFACE.
12937.659:0134:0194:warn:vkd3d-proton:d3d12_device_QueryInterface: {0742a90b-c387-483f-b946-30a7e4e61458} not implemented, returning E_NOINTERFACE.
12937.675:0134:0194:warn:vkd3d-proton:d3d12_device_QueryInterface: {0742a90b-c387-483f-b946-30a7e4e61458} not implemented, returning E_NOINTERFACE.
12937.693:0134:0194:warn:vkd3d-proton:d3d12_device_QueryInterface: {0742a90b-c387-483f-b946-30a7e4e61458} not implemented, returning E_NOINTERFACE.
12937.708:0134:0194:warn:vkd3d-proton:d3d12_device_QueryInterface: {0742a90b-c387-483f-b946-30a7e4e61458} not implemented, returning E_NOINTERFACE.
12937.725:0134:0194:warn:vkd3d-proton:d3d12_device_QueryInterface: {0742a90b-c387-483f-b946-30a7e4e61458} not implemented, returning E_NOINTERFACE.
12937.743:0134:0194:warn:vkd3d-proton:d3d12_device_QueryInterface: {0742a90b-c387-483f-b946-30a7e4e61458} not implemented, returning E_NOINTERFACE.
12937.760:0134:0194:warn:vkd3d-proton:d3d12_device_QueryInterface: {0742a90b-c387-483f-b946-30a7e4e61458} not implemented, returning E_NOINTERFACE.
12937.780:0134:0194:warn:vkd3d-proton:d3d12_device_QueryInterface: {0742a90b-c387-483f-b946-30a7e4e61458} not implemented, returning E_NOINTERFACE.
12937.793:0134:0194:warn:vkd3d-proton:d3d12_device_QueryInterface: {0742a90b-c387-483f-b946-30a7e4e61458} not implemented, returning E_NOINTERFACE.
12937.809:0134:0194:warn:vkd3d-proton:d3d12_device_QueryInterface: {0742a90b-c387-483f-b946-30a7e4e61458} not implemented, returning E_NOINTERFACE.
12937.830:0134:019c:warn:vkd3d-proton:d3d12_device_QueryInterface: {0742a90b-c387-483f-b946-30a7e4e61458} not implemented, returning E_NOINTERFACE.
12937.843:0134:019c:warn:vkd3d-proton:d3d12_device_QueryInterface: {0742a90b-c387-483f-b946-30a7e4e61458} not implemented, returning E_NOINTERFACE.
12937.861:0134:019c:warn:vkd3d-proton:d3d12_device_QueryInterface: {0742a90b-c387-483f-b946-30a7e4e61458} not implemented, returning E_NOINTERFACE.
12937.877:0134:019c:warn:vkd3d-proton:d3d12_device_QueryInterface: {0742a90b-c387-483f-b946-30a7e4e61458} not implemented, returning E_NOINTERFACE.
12937.893:0134:019c:warn:vkd3d-proton:d3d12_device_QueryInterface: {0742a90b-c387-483f-b946-30a7e4e61458} not implemented, returning E_NOINTERFACE.
12937.910:0134:019c:warn:vkd3d-proton:d3d12_device_QueryInterface: {0742a90b-c387-483f-b946-30a7e4e61458} not implemented, returning E_NOINTERFACE.
12937.927:0134:019c:warn:vkd3d-proton:d3d12_device_QueryInterface: {0742a90b-c387-483f-b946-30a7e4e61458} not implemented, returning E_NOINTERFACE.
12937.943:0134:019c:warn:vkd3d-proton:d3d12_device_QueryInterface: {0742a90b-c387-483f-b946-30a7e4e61458} not implemented, returning E_NOINTERFACE.
12937.959:0134:019c:warn:vkd3d-proton:d3d12_device_QueryInterface: {0742a90b-c387-483f-b946-30a7e4e61458} not implemented, returning E_NOINTERFACE.
12937.977:0134:0198:warn:vkd3d-proton:d3d12_device_QueryInterface: {0742a90b-c387-483f-b946-30a7e4e61458} not implemented, returning E_NOINTERFACE.
12937.994:0134:0198:warn:vkd3d-proton:d3d12_device_QueryInterface: {0742a90b-c387-483f-b946-30a7e4e61458} not implemented, returning E_NOINTERFACE.
12938.011:0134:0198:warn:vkd3d-proton:d3d12_device_QueryInterface: {0742a90b-c387-483f-b946-30a7e4e61458} not implemented, returning E_NOINTERFACE.
12938.029:0134:0198:warn:vkd3d-proton:d3d12_device_QueryInterface: {0742a90b-c387-483f-b946-30a7e4e61458} not implemented, returning E_NOINTERFACE.
12938.045:0134:0198:warn:vkd3d-proton:d3d12_device_QueryInterface: {0742a90b-c387-483f-b946-30a7e4e61458} not implemented, returning E_NOINTERFACE.
12938.061:0134:0198:warn:vkd3d-proton:d3d12_device_QueryInterface: {0742a90b-c387-483f-b946-30a7e4e61458} not implemented, returning E_NOINTERFACE.
12938.079:0134:0198:warn:vkd3d-proton:d3d12_device_QueryInterface: {0742a90b-c387-483f-b946-30a7e4e61458} not implemented, returning E_NOINTERFACE.
12938.094:0134:0198:warn:vkd3d-proton:d3d12_device_QueryInterface: {0742a90b-c387-483f-b946-30a7e4e61458} not implemented, returning E_NOINTERFACE.
12938.111:0134:0198:warn:vkd3d-proton:d3d12_device_QueryInterface: {0742a90b-c387-483f-b946-30a7e4e61458} not implemented, returning E_NOINTERFACE.
12938.128:0134:0198:warn:vkd3d-proton:d3d12_device_QueryInterface: {0742a90b-c387-483f-b946-30a7e4e61458} not implemented, returning E_NOINTERFACE.
12938.146:0134:0198:warn:vkd3d-proton:d3d12_device_QueryInterface: {0742a90b-c387-483f-b946-30a7e4e61458} not implemented, returning E_NOINTERFACE.
12938.162:0134:0198:warn:vkd3d-proton:d3d12_device_QueryInterface: {0742a90b-c387-483f-b946-30a7e4e61458} not implemented, returning E_NOINTERFACE.
12938.178:0134:0198:warn:vkd3d-proton:d3d12_device_QueryInterface: {0742a90b-c387-483f-b946-30a7e4e61458} not implemented, returning E_NOINTERFACE.
12938.196:0134:0198:warn:vkd3d-proton:d3d12_device_QueryInterface: {0742a90b-c387-483f-b946-30a7e4e61458} not implemented, returning E_NOINTERFACE.
12938.211:0134:0198:warn:vkd3d-proton:d3d12_device_QueryInterface: {0742a90b-c387-483f-b946-30a7e4e61458} not implemented, returning E_NOINTERFACE.
12938.229:0134:019c:warn:vkd3d-proton:d3d12_device_QueryInterface: {0742a90b-c387-483f-b946-30a7e4e61458} not implemented, returning E_NOINTERFACE.
12938.249:0134:019c:warn:vkd3d-proton:d3d12_device_QueryInterface: {0742a90b-c387-483f-b946-30a7e4e61458} not implemented, returning E_NOINTERFACE.
12938.262:0134:019c:warn:vkd3d-proton:d3d12_device_QueryInterface: {0742a90b-c387-483f-b946-30a7e4e61458} not implemented, returning E_NOINTERFACE.
12938.281:0134:019c:warn:vkd3d-proton:d3d12_device_QueryInterface: {0742a90b-c387-483f-b946-30a7e4e61458} not implemented, returning E_NOINTERFACE.
12938.296:0134:019c:warn:vkd3d-proton:d3d12_device_QueryInterface: {0742a90b-c387-483f-b946-30a7e4e61458} not implemented, returning E_NOINTERFACE.
12938.314:0134:019c:warn:vkd3d-proton:d3d12_device_QueryInterface: {0742a90b-c387-483f-b946-30a7e4e61458} not implemented, returning E_NOINTERFACE.
12938.331:0134:019c:warn:vkd3d-proton:d3d12_device_QueryInterface: {0742a90b-c387-483f-b946-30a7e4e61458} not implemented, returning E_NOINTERFACE.
12938.347:0134:019c:warn:vkd3d-proton:d3d12_device_QueryInterface: {0742a90b-c387-483f-b946-30a7e4e61458} not implemented, returning E_NOINTERFACE.
12938.364:0134:019c:warn:vkd3d-proton:d3d12_device_QueryInterface: {0742a90b-c387-483f-b946-30a7e4e61458} not implemented, returning E_NOINTERFACE.
12938.381:0134:019c:warn:vkd3d-proton:d3d12_device_QueryInterface: {0742a90b-c387-483f-b946-30a7e4e61458} not implemented, returning E_NOINTERFACE.
12938.396:0134:019c:warn:vkd3d-proton:d3d12_device_QueryInterface: {0742a90b-c387-483f-b946-30a7e4e61458} not implemented, returning E_NOINTERFACE.
12938.412:0134:019c:warn:vkd3d-proton:d3d12_device_QueryInterface: {0742a90b-c387-483f-b946-30a7e4e61458} not implemented, returning E_NOINTERFACE.
12938.429:0134:019c:warn:vkd3d-proton:d3d12_device_QueryInterface: {0742a90b-c387-483f-b946-30a7e4e61458} not implemented, returning E_NOINTERFACE.
12938.446:0134:019c:warn:vkd3d-proton:d3d12_device_QueryInterface: {0742a90b-c387-483f-b946-30a7e4e61458} not implemented, returning E_NOINTERFACE.
12938.463:0134:019c:warn:vkd3d-proton:d3d12_device_QueryInterface: {0742a90b-c387-483f-b946-30a7e4e61458} not implemented, returning E_NOINTERFACE.
12938.479:0134:019c:warn:vkd3d-proton:d3d12_device_QueryInterface: {0742a90b-c387-483f-b946-30a7e4e61458} not implemented, returning E_NOINTERFACE.
12938.495:0134:019c:warn:vkd3d-proton:d3d12_device_QueryInterface: {0742a90b-c387-483f-b946-30a7e4e61458} not implemented, returning E_NOINTERFACE.
12938.516:0134:0190:warn:vkd3d-proton:d3d12_device_QueryInterface: {0742a90b-c387-483f-b946-30a7e4e61458} not implemented, returning E_NOINTERFACE.
12938.532:0134:0190:warn:vkd3d-proton:d3d12_device_QueryInterface: {0742a90b-c387-483f-b946-30a7e4e61458} not implemented, returning E_NOINTERFACE.
12938.548:0134:0190:warn:vkd3d-proton:d3d12_device_QueryInterface: {0742a90b-c387-483f-b946-30a7e4e61458} not implemented, returning E_NOINTERFACE.
12938.565:0134:0190:warn:vkd3d-proton:d3d12_device_QueryInterface: {0742a90b-c387-483f-b946-30a7e4e61458} not implemented, returning E_NOINTERFACE.
12938.581:0134:0190:warn:vkd3d-proton:d3d12_device_QueryInterface: {0742a90b-c387-483f-b946-30a7e4e61458} not implemented, returning E_NOINTERFACE.
12938.597:0134:0190:warn:vkd3d-proton:d3d12_device_QueryInterface: {0742a90b-c387-483f-b946-30a7e4e61458} not implemented, returning E_NOINTERFACE.
12938.613:0134:0190:warn:vkd3d-proton:d3d12_device_QueryInterface: {0742a90b-c387-483f-b946-30a7e4e61458} not implemented, returning E_NOINTERFACE.
12938.630:0134:0190:warn:vkd3d-proton:d3d12_device_QueryInterface: {0742a90b-c387-483f-b946-30a7e4e61458} not implemented, returning E_NOINTERFACE.
12938.647:0134:0190:warn:vkd3d-proton:d3d12_device_QueryInterface: {0742a90b-c387-483f-b946-30a7e4e61458} not implemented, returning E_NOINTERFACE.
12938.664:0134:0190:warn:vkd3d-proton:d3d12_device_QueryInterface: {0742a90b-c387-483f-b946-30a7e4e61458} not implemented, returning E_NOINTERFACE.
12938.680:0134:0190:warn:vkd3d-proton:d3d12_device_QueryInterface: {0742a90b-c387-483f-b946-30a7e4e61458} not implemented, returning E_NOINTERFACE.
12938.698:0134:0190:warn:vkd3d-proton:d3d12_device_QueryInterface: {0742a90b-c387-483f-b946-30a7e4e61458} not implemented, returning E_NOINTERFACE.
12938.714:0134:0198:warn:vkd3d-proton:d3d12_device_QueryInterface: {0742a90b-c387-483f-b946-30a7e4e61458} not implemented, returning E_NOINTERFACE.
12938.730:0134:0198:warn:vkd3d-proton:d3d12_device_QueryInterface: {0742a90b-c387-483f-b946-30a7e4e61458} not implemented, returning E_NOINTERFACE.
12938.748:0134:0198:warn:vkd3d-proton:d3d12_device_QueryInterface: {0742a90b-c387-483f-b946-30a7e4e61458} not implemented, returning E_NOINTERFACE.
12938.763:0134:0198:warn:vkd3d-proton:d3d12_device_QueryInterface: {0742a90b-c387-483f-b946-30a7e4e61458} not implemented, returning E_NOINTERFACE.
12938.783:0134:0198:warn:vkd3d-proton:d3d12_device_QueryInterface: {0742a90b-c387-483f-b946-30a7e4e61458} not implemented, returning E_NOINTERFACE.
12938.799:0134:0198:warn:vkd3d-proton:d3d12_device_QueryInterface: {0742a90b-c387-483f-b946-30a7e4e61458} not implemented, returning E_NOINTERFACE.
12938.815:0134:0198:warn:vkd3d-proton:d3d12_device_QueryInterface: {0742a90b-c387-483f-b946-30a7e4e61458} not implemented, returning E_NOINTERFACE.
12938.831:0134:0198:warn:vkd3d-proton:d3d12_device_QueryInterface: {0742a90b-c387-483f-b946-30a7e4e61458} not implemented, returning E_NOINTERFACE.
12938.848:0134:019c:warn:vkd3d-proton:d3d12_device_QueryInterface: {0742a90b-c387-483f-b946-30a7e4e61458} not implemented, returning E_NOINTERFACE.
12938.867:0134:019c:warn:vkd3d-proton:d3d12_device_QueryInterface: {0742a90b-c387-483f-b946-30a7e4e61458} not implemented, returning E_NOINTERFACE.
12938.903:0134:0190:warn:vkd3d-proton:d3d12_device_QueryInterface: {0742a90b-c387-483f-b946-30a7e4e61458} not implemented, returning E_NOINTERFACE.
12938.906:0134:0190:warn:vkd3d-proton:d3d12_device_QueryInterface: {0742a90b-c387-483f-b946-30a7e4e61458} not implemented, returning E_NOINTERFACE.
12938.915:0134:019c:warn:vkd3d-proton:d3d12_device_QueryInterface: {0742a90b-c387-483f-b946-30a7e4e61458} not implemented, returning E_NOINTERFACE.
12938.932:0134:019c:warn:vkd3d-proton:d3d12_device_QueryInterface: {0742a90b-c387-483f-b946-30a7e4e61458} not implemented, returning E_NOINTERFACE.
12938.948:0134:019c:warn:vkd3d-proton:d3d12_device_QueryInterface: {0742a90b-c387-483f-b946-30a7e4e61458} not implemented, returning E_NOINTERFACE.
12938.976:0134:019c:warn:vkd3d-proton:d3d12_device_QueryInterface: {0742a90b-c387-483f-b946-30a7e4e61458} not implemented, returning E_NOINTERFACE.
12938.984:0134:019c:warn:vkd3d-proton:d3d12_device_QueryInterface: {0742a90b-c387-483f-b946-30a7e4e61458} not implemented, returning E_NOINTERFACE.
12939.002:0134:019c:warn:vkd3d-proton:d3d12_device_QueryInterface: {0742a90b-c387-483f-b946-30a7e4e61458} not implemented, returning E_NOINTERFACE.
12939.015:0134:019c:warn:vkd3d-proton:d3d12_device_QueryInterface: {0742a90b-c387-483f-b946-30a7e4e61458} not implemented, returning E_NOINTERFACE.
12939.034:0134:0198:warn:vkd3d-proton:d3d12_device_QueryInterface: {0742a90b-c387-483f-b946-30a7e4e61458} not implemented, returning E_NOINTERFACE.
12939.048:0134:0198:warn:vkd3d-proton:d3d12_device_QueryInterface: {0742a90b-c387-483f-b946-30a7e4e61458} not implemented, returning E_NOINTERFACE.
12939.065:0134:0194:warn:vkd3d-proton:d3d12_device_QueryInterface: {0742a90b-c387-483f-b946-30a7e4e61458} not implemented, returning E_NOINTERFACE.
12939.082:0134:0194:warn:vkd3d-proton:d3d12_device_QueryInterface: {0742a90b-c387-483f-b946-30a7e4e61458} not implemented, returning E_NOINTERFACE.
12939.099:0134:0194:warn:vkd3d-proton:d3d12_device_QueryInterface: {0742a90b-c387-483f-b946-30a7e4e61458} not implemented, returning E_NOINTERFACE.
12939.116:0134:0194:warn:vkd3d-proton:d3d12_device_QueryInterface: {0742a90b-c387-483f-b946-30a7e4e61458} not implemented, returning E_NOINTERFACE.
12939.132:0134:0194:warn:vkd3d-proton:d3d12_device_QueryInterface: {0742a90b-c387-483f-b946-30a7e4e61458} not implemented, returning E_NOINTERFACE.
12939.149:0134:0194:warn:vkd3d-proton:d3d12_device_QueryInterface: {0742a90b-c387-483f-b946-30a7e4e61458} not implemented, returning E_NOINTERFACE.
12939.166:0134:0194:warn:vkd3d-proton:d3d12_device_QueryInterface: {0742a90b-c387-483f-b946-30a7e4e61458} not implemented, returning E_NOINTERFACE.
12939.183:0134:0194:warn:vkd3d-proton:d3d12_device_QueryInterface: {0742a90b-c387-483f-b946-30a7e4e61458} not implemented, returning E_NOINTERFACE.
12939.200:0134:0194:warn:vkd3d-proton:d3d12_device_QueryInterface: {0742a90b-c387-483f-b946-30a7e4e61458} not implemented, returning E_NOINTERFACE.
12939.216:0134:0194:warn:vkd3d-proton:d3d12_device_QueryInterface: {0742a90b-c387-483f-b946-30a7e4e61458} not implemented, returning E_NOINTERFACE.
12939.232:0134:0194:warn:vkd3d-proton:d3d12_device_QueryInterface: {0742a90b-c387-483f-b946-30a7e4e61458} not implemented, returning E_NOINTERFACE.
12939.251:0134:0194:warn:vkd3d-proton:d3d12_device_QueryInterface: {0742a90b-c387-483f-b946-30a7e4e61458} not implemented, returning E_NOINTERFACE.
12939.269:0134:0194:warn:vkd3d-proton:d3d12_device_QueryInterface: {0742a90b-c387-483f-b946-30a7e4e61458} not implemented, returning E_NOINTERFACE.
12939.287:0134:0194:warn:vkd3d-proton:d3d12_device_QueryInterface: {0742a90b-c387-483f-b946-30a7e4e61458} not implemented, returning E_NOINTERFACE.
12939.299:0134:0194:warn:vkd3d-proton:d3d12_device_QueryInterface: {0742a90b-c387-483f-b946-30a7e4e61458} not implemented, returning E_NOINTERFACE.
12939.317:0134:0190:warn:vkd3d-proton:d3d12_device_QueryInterface: {0742a90b-c387-483f-b946-30a7e4e61458} not implemented, returning E_NOINTERFACE.
12939.333:0134:0190:warn:vkd3d-proton:d3d12_device_QueryInterface: {0742a90b-c387-483f-b946-30a7e4e61458} not implemented, returning E_NOINTERFACE.
12939.349:0134:0190:warn:vkd3d-proton:d3d12_device_QueryInterface: {0742a90b-c387-483f-b946-30a7e4e61458} not implemented, returning E_NOINTERFACE.
12939.367:0134:0190:warn:vkd3d-proton:d3d12_device_QueryInterface: {0742a90b-c387-483f-b946-30a7e4e61458} not implemented, returning E_NOINTERFACE.
12939.385:0134:0190:warn:vkd3d-proton:d3d12_device_QueryInterface: {0742a90b-c387-483f-b946-30a7e4e61458} not implemented, returning E_NOINTERFACE.
12939.401:0134:0190:warn:vkd3d-proton:d3d12_device_QueryInterface: {0742a90b-c387-483f-b946-30a7e4e61458} not implemented, returning E_NOINTERFACE.
12939.417:0134:0190:warn:vkd3d-proton:d3d12_device_QueryInterface: {0742a90b-c387-483f-b946-30a7e4e61458} not implemented, returning E_NOINTERFACE.
12939.433:0134:0190:warn:vkd3d-proton:d3d12_device_QueryInterface: {0742a90b-c387-483f-b946-30a7e4e61458} not implemented, returning E_NOINTERFACE.
12939.452:0134:0190:warn:vkd3d-proton:d3d12_device_QueryInterface: {0742a90b-c387-483f-b946-30a7e4e61458} not implemented, returning E_NOINTERFACE.
12939.468:0134:0190:warn:vkd3d-proton:d3d12_device_QueryInterface: {0742a90b-c387-483f-b946-30a7e4e61458} not implemented, returning E_NOINTERFACE.
12939.485:0134:0190:warn:vkd3d-proton:d3d12_device_QueryInterface: {0742a90b-c387-483f-b946-30a7e4e61458} not implemented, returning E_NOINTERFACE.
12939.503:0134:0190:warn:vkd3d-proton:d3d12_device_QueryInterface: {0742a90b-c387-483f-b946-30a7e4e61458} not implemented, returning E_NOINTERFACE.
12939.517:0134:0190:warn:vkd3d-proton:d3d12_device_QueryInterface: {0742a90b-c387-483f-b946-30a7e4e61458} not implemented, returning E_NOINTERFACE.
12939.534:0134:0190:warn:vkd3d-proton:d3d12_device_QueryInterface: {0742a90b-c387-483f-b946-30a7e4e61458} not implemented, returning E_NOINTERFACE.
12939.551:0134:0190:warn:vkd3d-proton:d3d12_device_QueryInterface: {0742a90b-c387-483f-b946-30a7e4e61458} not implemented, returning E_NOINTERFACE.
12939.567:0134:0190:warn:vkd3d-proton:d3d12_device_QueryInterface: {0742a90b-c387-483f-b946-30a7e4e61458} not implemented, returning E_NOINTERFACE.
12939.592:0134:019c:warn:vkd3d-proton:d3d12_device_QueryInterface: {0742a90b-c387-483f-b946-30a7e4e61458} not implemented, returning E_NOINTERFACE.
12939.600:0134:0198:warn:vkd3d-proton:d3d12_device_QueryInterface: {0742a90b-c387-483f-b946-30a7e4e61458} not implemented, returning E_NOINTERFACE.
12939.619:0134:019c:warn:vkd3d-proton:d3d12_device_QueryInterface: {0742a90b-c387-483f-b946-30a7e4e61458} not implemented, returning E_NOINTERFACE.
12939.635:0134:019c:warn:vkd3d-proton:d3d12_device_QueryInterface: {0742a90b-c387-483f-b946-30a7e4e61458} not implemented, returning E_NOINTERFACE.
12939.651:0134:019c:warn:vkd3d-proton:d3d12_device_QueryInterface: {0742a90b-c387-483f-b946-30a7e4e61458} not implemented, returning E_NOINTERFACE.
12939.667:0134:019c:warn:vkd3d-proton:d3d12_device_QueryInterface: {0742a90b-c387-483f-b946-30a7e4e61458} not implemented, returning E_NOINTERFACE.
12939.684:0134:019c:warn:vkd3d-proton:d3d12_device_QueryInterface: {0742a90b-c387-483f-b946-30a7e4e61458} not implemented, returning E_NOINTERFACE.
12939.704:0134:019c:warn:vkd3d-proton:d3d12_device_QueryInterface: {0742a90b-c387-483f-b946-30a7e4e61458} not implemented, returning E_NOINTERFACE.
12939.721:0134:019c:warn:vkd3d-proton:d3d12_device_QueryInterface: {0742a90b-c387-483f-b946-30a7e4e61458} not implemented, returning E_NOINTERFACE.
12939.737:0134:019c:warn:vkd3d-proton:d3d12_device_QueryInterface: {0742a90b-c387-483f-b946-30a7e4e61458} not implemented, returning E_NOINTERFACE.
12939.752:0134:019c:warn:vkd3d-proton:d3d12_device_QueryInterface: {0742a90b-c387-483f-b946-30a7e4e61458} not implemented, returning E_NOINTERFACE.
12939.768:0134:019c:warn:vkd3d-proton:d3d12_device_QueryInterface: {0742a90b-c387-483f-b946-30a7e4e61458} not implemented, returning E_NOINTERFACE.
12939.785:0134:019c:warn:vkd3d-proton:d3d12_device_QueryInterface: {0742a90b-c387-483f-b946-30a7e4e61458} not implemented, returning E_NOINTERFACE.
12939.802:0134:019c:warn:vkd3d-proton:d3d12_device_QueryInterface: {0742a90b-c387-483f-b946-30a7e4e61458} not implemented, returning E_NOINTERFACE.
12939.818:0134:019c:warn:vkd3d-proton:d3d12_device_QueryInterface: {0742a90b-c387-483f-b946-30a7e4e61458} not implemented, returning E_NOINTERFACE.
12939.836:0134:019c:warn:vkd3d-proton:d3d12_device_QueryInterface: {0742a90b-c387-483f-b946-30a7e4e61458} not implemented, returning E_NOINTERFACE.
12939.852:0134:019c:warn:vkd3d-proton:d3d12_device_QueryInterface: {0742a90b-c387-483f-b946-30a7e4e61458} not implemented, returning E_NOINTERFACE.
12939.868:0134:019c:warn:vkd3d-proton:d3d12_device_QueryInterface: {0742a90b-c387-483f-b946-30a7e4e61458} not implemented, returning E_NOINTERFACE.
12939.885:0134:019c:warn:vkd3d-proton:d3d12_device_QueryInterface: {0742a90b-c387-483f-b946-30a7e4e61458} not implemented, returning E_NOINTERFACE.
12939.903:0134:019c:warn:vkd3d-proton:d3d12_device_QueryInterface: {0742a90b-c387-483f-b946-30a7e4e61458} not implemented, returning E_NOINTERFACE.
12939.919:0134:019c:warn:vkd3d-proton:d3d12_device_QueryInterface: {0742a90b-c387-483f-b946-30a7e4e61458} not implemented, returning E_NOINTERFACE.
12939.935:0134:019c:warn:vkd3d-proton:d3d12_device_QueryInterface: {0742a90b-c387-483f-b946-30a7e4e61458} not implemented, returning E_NOINTERFACE.
12939.953:0134:019c:warn:vkd3d-proton:d3d12_device_QueryInterface: {0742a90b-c387-483f-b946-30a7e4e61458} not implemented, returning E_NOINTERFACE.
12939.970:0134:019c:warn:vkd3d-proton:d3d12_device_QueryInterface: {0742a90b-c387-483f-b946-30a7e4e61458} not implemented, returning E_NOINTERFACE.
12939.986:0134:019c:warn:vkd3d-proton:d3d12_device_QueryInterface: {0742a90b-c387-483f-b946-30a7e4e61458} not implemented, returning E_NOINTERFACE.
12940.002:0134:019c:warn:vkd3d-proton:d3d12_device_QueryInterface: {0742a90b-c387-483f-b946-30a7e4e61458} not implemented, returning E_NOINTERFACE.
12940.018:0134:019c:warn:vkd3d-proton:d3d12_device_QueryInterface: {0742a90b-c387-483f-b946-30a7e4e61458} not implemented, returning E_NOINTERFACE.
12940.036:0134:019c:warn:vkd3d-proton:d3d12_device_QueryInterface: {0742a90b-c387-483f-b946-30a7e4e61458} not implemented, returning E_NOINTERFACE.
12940.054:0134:019c:warn:vkd3d-proton:d3d12_device_QueryInterface: {0742a90b-c387-483f-b946-30a7e4e61458} not implemented, returning E_NOINTERFACE.
12940.072:0134:019c:warn:vkd3d-proton:d3d12_device_QueryInterface: {0742a90b-c387-483f-b946-30a7e4e61458} not implemented, returning E_NOINTERFACE.
12940.088:0134:019c:warn:vkd3d-proton:d3d12_device_QueryInterface: {0742a90b-c387-483f-b946-30a7e4e61458} not implemented, returning E_NOINTERFACE.
12940.104:0134:019c:warn:vkd3d-proton:d3d12_device_QueryInterface: {0742a90b-c387-483f-b946-30a7e4e61458} not implemented, returning E_NOINTERFACE.
12940.120:0134:019c:warn:vkd3d-proton:d3d12_device_QueryInterface: {0742a90b-c387-483f-b946-30a7e4e61458} not implemented, returning E_NOINTERFACE.
12940.136:0134:019c:warn:vkd3d-proton:d3d12_device_QueryInterface: {0742a90b-c387-483f-b946-30a7e4e61458} not implemented, returning E_NOINTERFACE.
12940.152:0134:019c:warn:vkd3d-proton:d3d12_device_QueryInterface: {0742a90b-c387-483f-b946-30a7e4e61458} not implemented, returning E_NOINTERFACE.
12940.172:0134:019c:warn:vkd3d-proton:d3d12_device_QueryInterface: {0742a90b-c387-483f-b946-30a7e4e61458} not implemented, returning E_NOINTERFACE.
12940.189:0134:019c:warn:vkd3d-proton:d3d12_device_QueryInterface: {0742a90b-c387-483f-b946-30a7e4e61458} not implemented, returning E_NOINTERFACE.
12940.203:0134:019c:warn:vkd3d-proton:d3d12_device_QueryInterface: {0742a90b-c387-483f-b946-30a7e4e61458} not implemented, returning E_NOINTERFACE.
12940.220:0134:019c:warn:vkd3d-proton:d3d12_device_QueryInterface: {0742a90b-c387-483f-b946-30a7e4e61458} not implemented, returning E_NOINTERFACE.
12940.236:0134:019c:warn:vkd3d-proton:d3d12_device_QueryInterface: {0742a90b-c387-483f-b946-30a7e4e61458} not implemented, returning E_NOINTERFACE.
12940.255:0134:019c:warn:vkd3d-proton:d3d12_device_QueryInterface: {0742a90b-c387-483f-b946-30a7e4e61458} not implemented, returning E_NOINTERFACE.
12940.271:0134:019c:warn:vkd3d-proton:d3d12_device_QueryInterface: {0742a90b-c387-483f-b946-30a7e4e61458} not implemented, returning E_NOINTERFACE.
12940.287:0134:019c:warn:vkd3d-proton:d3d12_device_QueryInterface: {0742a90b-c387-483f-b946-30a7e4e61458} not implemented, returning E_NOINTERFACE.
12940.305:0134:019c:warn:vkd3d-proton:d3d12_device_QueryInterface: {0742a90b-c387-483f-b946-30a7e4e61458} not implemented, returning E_NOINTERFACE.
12940.321:0134:019c:warn:vkd3d-proton:d3d12_device_QueryInterface: {0742a90b-c387-483f-b946-30a7e4e61458} not implemented, returning E_NOINTERFACE.
12940.337:0134:019c:warn:vkd3d-proton:d3d12_device_QueryInterface: {0742a90b-c387-483f-b946-30a7e4e61458} not implemented, returning E_NOINTERFACE.
12940.354:0134:019c:warn:vkd3d-proton:d3d12_device_QueryInterface: {0742a90b-c387-483f-b946-30a7e4e61458} not implemented, returning E_NOINTERFACE.
12940.370:0134:019c:warn:vkd3d-proton:d3d12_device_QueryInterface: {0742a90b-c387-483f-b946-30a7e4e61458} not implemented, returning E_NOINTERFACE.
12940.389:0134:019c:warn:vkd3d-proton:d3d12_device_QueryInterface: {0742a90b-c387-483f-b946-30a7e4e61458} not implemented, returning E_NOINTERFACE.
12940.407:0134:019c:warn:vkd3d-proton:d3d12_device_QueryInterface: {0742a90b-c387-483f-b946-30a7e4e61458} not implemented, returning E_NOINTERFACE.
12940.420:0134:019c:warn:vkd3d-proton:d3d12_device_QueryInterface: {0742a90b-c387-483f-b946-30a7e4e61458} not implemented, returning E_NOINTERFACE.
12940.438:0134:019c:warn:vkd3d-proton:d3d12_device_QueryInterface: {0742a90b-c387-483f-b946-30a7e4e61458} not implemented, returning E_NOINTERFACE.
12940.454:0134:019c:warn:vkd3d-proton:d3d12_device_QueryInterface: {0742a90b-c387-483f-b946-30a7e4e61458} not implemented, returning E_NOINTERFACE.
12940.472:0134:019c:warn:vkd3d-proton:d3d12_device_QueryInterface: {0742a90b-c387-483f-b946-30a7e4e61458} not implemented, returning E_NOINTERFACE.
12940.488:0134:019c:warn:vkd3d-proton:d3d12_device_QueryInterface: {0742a90b-c387-483f-b946-30a7e4e61458} not implemented, returning E_NOINTERFACE.
12940.505:0134:019c:warn:vkd3d-proton:d3d12_device_QueryInterface: {0742a90b-c387-483f-b946-30a7e4e61458} not implemented, returning E_NOINTERFACE.
12940.521:0134:019c:warn:vkd3d-proton:d3d12_device_QueryInterface: {0742a90b-c387-483f-b946-30a7e4e61458} not implemented, returning E_NOINTERFACE.
12940.538:0134:019c:warn:vkd3d-proton:d3d12_device_QueryInterface: {0742a90b-c387-483f-b946-30a7e4e61458} not implemented, returning E_NOINTERFACE.
12940.554:0134:019c:warn:vkd3d-proton:d3d12_device_QueryInterface: {0742a90b-c387-483f-b946-30a7e4e61458} not implemented, returning E_NOINTERFACE.
12940.573:0134:019c:warn:vkd3d-proton:d3d12_device_QueryInterface: {0742a90b-c387-483f-b946-30a7e4e61458} not implemented, returning E_NOINTERFACE.
12940.589:0134:019c:warn:vkd3d-proton:d3d12_device_QueryInterface: {0742a90b-c387-483f-b946-30a7e4e61458} not implemented, returning E_NOINTERFACE.
12940.606:0134:019c:warn:vkd3d-proton:d3d12_device_QueryInterface: {0742a90b-c387-483f-b946-30a7e4e61458} not implemented, returning E_NOINTERFACE.
12940.621:0134:019c:warn:vkd3d-proton:d3d12_device_QueryInterface: {0742a90b-c387-483f-b946-30a7e4e61458} not implemented, returning E_NOINTERFACE.
12940.638:0134:019c:warn:vkd3d-proton:d3d12_device_QueryInterface: {0742a90b-c387-483f-b946-30a7e4e61458} not implemented, returning E_NOINTERFACE.
12940.657:0134:019c:warn:vkd3d-proton:d3d12_device_QueryInterface: {0742a90b-c387-483f-b946-30a7e4e61458} not implemented, returning E_NOINTERFACE.
12940.673:0134:019c:warn:vkd3d-proton:d3d12_device_QueryInterface: {0742a90b-c387-483f-b946-30a7e4e61458} not implemented, returning E_NOINTERFACE.
12940.690:0134:019c:warn:vkd3d-proton:d3d12_device_QueryInterface: {0742a90b-c387-483f-b946-30a7e4e61458} not implemented, returning E_NOINTERFACE.
12940.705:0134:019c:warn:vkd3d-proton:d3d12_device_QueryInterface: {0742a90b-c387-483f-b946-30a7e4e61458} not implemented, returning E_NOINTERFACE.
12940.722:0134:019c:warn:vkd3d-proton:d3d12_device_QueryInterface: {0742a90b-c387-483f-b946-30a7e4e61458} not implemented, returning E_NOINTERFACE.
12940.739:0134:019c:warn:vkd3d-proton:d3d12_device_QueryInterface: {0742a90b-c387-483f-b946-30a7e4e61458} not implemented, returning E_NOINTERFACE.
12940.754:0134:019c:warn:vkd3d-proton:d3d12_device_QueryInterface: {0742a90b-c387-483f-b946-30a7e4e61458} not implemented, returning E_NOINTERFACE.
12940.772:0134:019c:warn:vkd3d-proton:d3d12_device_QueryInterface: {0742a90b-c387-483f-b946-30a7e4e61458} not implemented, returning E_NOINTERFACE.
12940.788:0134:019c:warn:vkd3d-proton:d3d12_device_QueryInterface: {0742a90b-c387-483f-b946-30a7e4e61458} not implemented, returning E_NOINTERFACE.
12940.805:0134:019c:warn:vkd3d-proton:d3d12_device_QueryInterface: {0742a90b-c387-483f-b946-30a7e4e61458} not implemented, returning E_NOINTERFACE.
12940.823:0134:019c:warn:vkd3d-proton:d3d12_device_QueryInterface: {0742a90b-c387-483f-b946-30a7e4e61458} not implemented, returning E_NOINTERFACE.
12940.839:0134:019c:warn:vkd3d-proton:d3d12_device_QueryInterface: {0742a90b-c387-483f-b946-30a7e4e61458} not implemented, returning E_NOINTERFACE.
12940.856:0134:019c:warn:vkd3d-proton:d3d12_device_QueryInterface: {0742a90b-c387-483f-b946-30a7e4e61458} not implemented, returning E_NOINTERFACE.
12940.875:0134:019c:warn:vkd3d-proton:d3d12_device_QueryInterface: {0742a90b-c387-483f-b946-30a7e4e61458} not implemented, returning E_NOINTERFACE.
12940.891:0134:019c:warn:vkd3d-proton:d3d12_device_QueryInterface: {0742a90b-c387-483f-b946-30a7e4e61458} not implemented, returning E_NOINTERFACE.
12940.908:0134:019c:warn:vkd3d-proton:d3d12_device_QueryInterface: {0742a90b-c387-483f-b946-30a7e4e61458} not implemented, returning E_NOINTERFACE.
12940.924:0134:019c:warn:vkd3d-proton:d3d12_device_QueryInterface: {0742a90b-c387-483f-b946-30a7e4e61458} not implemented, returning E_NOINTERFACE.
12940.941:0134:019c:warn:vkd3d-proton:d3d12_device_QueryInterface: {0742a90b-c387-483f-b946-30a7e4e61458} not implemented, returning E_NOINTERFACE.
12940.957:0134:019c:warn:vkd3d-proton:d3d12_device_QueryInterface: {0742a90b-c387-483f-b946-30a7e4e61458} not implemented, returning E_NOINTERFACE.
12940.972:0134:019c:warn:vkd3d-proton:d3d12_device_QueryInterface: {0742a90b-c387-483f-b946-30a7e4e61458} not implemented, returning E_NOINTERFACE.
12940.990:0134:019c:warn:vkd3d-proton:d3d12_device_QueryInterface: {0742a90b-c387-483f-b946-30a7e4e61458} not implemented, returning E_NOINTERFACE.
12941.006:0134:019c:warn:vkd3d-proton:d3d12_device_QueryInterface: {0742a90b-c387-483f-b946-30a7e4e61458} not implemented, returning E_NOINTERFACE.
12941.022:0134:019c:warn:vkd3d-proton:d3d12_device_QueryInterface: {0742a90b-c387-483f-b946-30a7e4e61458} not implemented, returning E_NOINTERFACE.
12941.039:0134:019c:warn:vkd3d-proton:d3d12_device_QueryInterface: {0742a90b-c387-483f-b946-30a7e4e61458} not implemented, returning E_NOINTERFACE.
12941.057:0134:019c:warn:vkd3d-proton:d3d12_device_QueryInterface: {0742a90b-c387-483f-b946-30a7e4e61458} not implemented, returning E_NOINTERFACE.
12941.074:0134:019c:warn:vkd3d-proton:d3d12_device_QueryInterface: {0742a90b-c387-483f-b946-30a7e4e61458} not implemented, returning E_NOINTERFACE.
12941.089:0134:019c:warn:vkd3d-proton:d3d12_device_QueryInterface: {0742a90b-c387-483f-b946-30a7e4e61458} not implemented, returning E_NOINTERFACE.
12941.107:0134:019c:warn:vkd3d-proton:d3d12_device_QueryInterface: {0742a90b-c387-483f-b946-30a7e4e61458} not implemented, returning E_NOINTERFACE.
12941.122:0134:019c:warn:vkd3d-proton:d3d12_device_QueryInterface: {0742a90b-c387-483f-b946-30a7e4e61458} not implemented, returning E_NOINTERFACE.
12941.142:0134:019c:warn:vkd3d-proton:d3d12_device_QueryInterface: {0742a90b-c387-483f-b946-30a7e4e61458} not implemented, returning E_NOINTERFACE.
12941.158:0134:019c:warn:vkd3d-proton:d3d12_device_QueryInterface: {0742a90b-c387-483f-b946-30a7e4e61458} not implemented, returning E_NOINTERFACE.
12941.174:0134:019c:warn:vkd3d-proton:d3d12_device_QueryInterface: {0742a90b-c387-483f-b946-30a7e4e61458} not implemented, returning E_NOINTERFACE.
12941.191:0134:019c:warn:vkd3d-proton:d3d12_device_QueryInterface: {0742a90b-c387-483f-b946-30a7e4e61458} not implemented, returning E_NOINTERFACE.
12941.208:0134:019c:warn:vkd3d-proton:d3d12_device_QueryInterface: {0742a90b-c387-483f-b946-30a7e4e61458} not implemented, returning E_NOINTERFACE.
12941.226:0134:019c:warn:vkd3d-proton:d3d12_device_QueryInterface: {0742a90b-c387-483f-b946-30a7e4e61458} not implemented, returning E_NOINTERFACE.
12941.260:0134:019c:warn:vkd3d-proton:d3d12_device_QueryInterface: {0742a90b-c387-483f-b946-30a7e4e61458} not implemented, returning E_NOINTERFACE.
12941.277:0134:019c:warn:vkd3d-proton:d3d12_device_QueryInterface: {0742a90b-c387-483f-b946-30a7e4e61458} not implemented, returning E_NOINTERFACE.
12941.290:0134:019c:warn:vkd3d-proton:d3d12_device_QueryInterface: {0742a90b-c387-483f-b946-30a7e4e61458} not implemented, returning E_NOINTERFACE.
12941.310:0134:019c:warn:vkd3d-proton:d3d12_device_QueryInterface: {0742a90b-c387-483f-b946-30a7e4e61458} not implemented, returning E_NOINTERFACE.
12941.326:0134:019c:warn:vkd3d-proton:d3d12_device_QueryInterface: {0742a90b-c387-483f-b946-30a7e4e61458} not implemented, returning E_NOINTERFACE.
12941.343:0134:019c:warn:vkd3d-proton:d3d12_device_QueryInterface: {0742a90b-c387-483f-b946-30a7e4e61458} not implemented, returning E_NOINTERFACE.
12941.356:0134:019c:warn:vkd3d-proton:d3d12_device_QueryInterface: {0742a90b-c387-483f-b946-30a7e4e61458} not implemented, returning E_NOINTERFACE.
12941.374:0134:019c:warn:vkd3d-proton:d3d12_device_QueryInterface: {0742a90b-c387-483f-b946-30a7e4e61458} not implemented, returning E_NOINTERFACE.
12941.392:0134:019c:warn:vkd3d-proton:d3d12_device_QueryInterface: {0742a90b-c387-483f-b946-30a7e4e61458} not implemented, returning E_NOINTERFACE.
12941.409:0134:019c:warn:vkd3d-proton:d3d12_device_QueryInterface: {0742a90b-c387-483f-b946-30a7e4e61458} not implemented, returning E_NOINTERFACE.
12941.424:0134:019c:warn:vkd3d-proton:d3d12_device_QueryInterface: {0742a90b-c387-483f-b946-30a7e4e61458} not implemented, returning E_NOINTERFACE.
12941.443:0134:019c:warn:vkd3d-proton:d3d12_device_QueryInterface: {0742a90b-c387-483f-b946-30a7e4e61458} not implemented, returning E_NOINTERFACE.
12941.460:0134:019c:warn:vkd3d-proton:d3d12_device_QueryInterface: {0742a90b-c387-483f-b946-30a7e4e61458} not implemented, returning E_NOINTERFACE.
12941.474:0134:019c:warn:vkd3d-proton:d3d12_device_QueryInterface: {0742a90b-c387-483f-b946-30a7e4e61458} not implemented, returning E_NOINTERFACE.
12941.494:0134:019c:warn:vkd3d-proton:d3d12_device_QueryInterface: {0742a90b-c387-483f-b946-30a7e4e61458} not implemented, returning E_NOINTERFACE.
12941.508:0134:019c:warn:vkd3d-proton:d3d12_device_QueryInterface: {0742a90b-c387-483f-b946-30a7e4e61458} not implemented, returning E_NOINTERFACE.
12941.526:0134:019c:warn:vkd3d-proton:d3d12_device_QueryInterface: {0742a90b-c387-483f-b946-30a7e4e61458} not implemented, returning E_NOINTERFACE.
12941.543:0134:019c:warn:vkd3d-proton:d3d12_device_QueryInterface: {0742a90b-c387-483f-b946-30a7e4e61458} not implemented, returning E_NOINTERFACE.
12941.559:0134:019c:warn:vkd3d-proton:d3d12_device_QueryInterface: {0742a90b-c387-483f-b946-30a7e4e61458} not implemented, returning E_NOINTERFACE.
12941.577:0134:019c:warn:vkd3d-proton:d3d12_device_QueryInterface: {0742a90b-c387-483f-b946-30a7e4e61458} not implemented, returning E_NOINTERFACE.
12941.591:0134:019c:warn:vkd3d-proton:d3d12_device_QueryInterface: {0742a90b-c387-483f-b946-30a7e4e61458} not implemented, returning E_NOINTERFACE.
12941.609:0134:019c:warn:vkd3d-proton:d3d12_device_QueryInterface: {0742a90b-c387-483f-b946-30a7e4e61458} not implemented, returning E_NOINTERFACE.
12941.626:0134:0194:warn:vkd3d-proton:d3d12_device_QueryInterface: {0742a90b-c387-483f-b946-30a7e4e61458} not implemented, returning E_NOINTERFACE.
12941.641:0134:0194:warn:vkd3d-proton:d3d12_device_QueryInterface: {0742a90b-c387-483f-b946-30a7e4e61458} not implemented, returning E_NOINTERFACE.
12941.658:0134:0194:warn:vkd3d-proton:d3d12_device_QueryInterface: {0742a90b-c387-483f-b946-30a7e4e61458} not implemented, returning E_NOINTERFACE.
12941.678:0134:0194:warn:vkd3d-proton:d3d12_device_QueryInterface: {0742a90b-c387-483f-b946-30a7e4e61458} not implemented, returning E_NOINTERFACE.
12941.693:0134:0194:warn:vkd3d-proton:d3d12_device_QueryInterface: {0742a90b-c387-483f-b946-30a7e4e61458} not implemented, returning E_NOINTERFACE.
12941.709:0134:0194:warn:vkd3d-proton:d3d12_device_QueryInterface: {0742a90b-c387-483f-b946-30a7e4e61458} not implemented, returning E_NOINTERFACE.
12941.726:0134:0194:warn:vkd3d-proton:d3d12_device_QueryInterface: {0742a90b-c387-483f-b946-30a7e4e61458} not implemented, returning E_NOINTERFACE.
12941.741:0134:0194:warn:vkd3d-proton:d3d12_device_QueryInterface: {0742a90b-c387-483f-b946-30a7e4e61458} not implemented, returning E_NOINTERFACE.
12941.758:0134:0194:warn:vkd3d-proton:d3d12_device_QueryInterface: {0742a90b-c387-483f-b946-30a7e4e61458} not implemented, returning E_NOINTERFACE.
12941.793:0134:0194:warn:vkd3d-proton:d3d12_device_QueryInterface: {0742a90b-c387-483f-b946-30a7e4e61458} not implemented, returning E_NOINTERFACE.
12941.808:0134:0194:warn:vkd3d-proton:d3d12_device_QueryInterface: {0742a90b-c387-483f-b946-30a7e4e61458} not implemented, returning E_NOINTERFACE.
12941.843:0134:0194:warn:vkd3d-proton:d3d12_device_QueryInterface: {0742a90b-c387-483f-b946-30a7e4e61458} not implemented, returning E_NOINTERFACE.
12941.859:0134:0194:warn:vkd3d-proton:d3d12_device_QueryInterface: {0742a90b-c387-483f-b946-30a7e4e61458} not implemented, returning E_NOINTERFACE.
12941.876:0134:0194:warn:vkd3d-proton:d3d12_device_QueryInterface: {0742a90b-c387-483f-b946-30a7e4e61458} not implemented, returning E_NOINTERFACE.
12941.892:0134:0194:warn:vkd3d-proton:d3d12_device_QueryInterface: {0742a90b-c387-483f-b946-30a7e4e61458} not implemented, returning E_NOINTERFACE.
12941.911:0134:0194:warn:vkd3d-proton:d3d12_device_QueryInterface: {0742a90b-c387-483f-b946-30a7e4e61458} not implemented, returning E_NOINTERFACE.
12941.929:0134:0194:warn:vkd3d-proton:d3d12_device_QueryInterface: {0742a90b-c387-483f-b946-30a7e4e61458} not implemented, returning E_NOINTERFACE.
12941.946:0134:0194:warn:vkd3d-proton:d3d12_device_QueryInterface: {0742a90b-c387-483f-b946-30a7e4e61458} not implemented, returning E_NOINTERFACE.
12941.959:0134:0194:warn:vkd3d-proton:d3d12_device_QueryInterface: {0742a90b-c387-483f-b946-30a7e4e61458} not implemented, returning E_NOINTERFACE.
12941.976:0134:0194:warn:vkd3d-proton:d3d12_device_QueryInterface: {0742a90b-c387-483f-b946-30a7e4e61458} not implemented, returning E_NOINTERFACE.
12941.995:0134:0194:warn:vkd3d-proton:d3d12_device_QueryInterface: {0742a90b-c387-483f-b946-30a7e4e61458} not implemented, returning E_NOINTERFACE.
12942.010:0134:0194:warn:vkd3d-proton:d3d12_device_QueryInterface: {0742a90b-c387-483f-b946-30a7e4e61458} not implemented, returning E_NOINTERFACE.
12942.027:0134:0194:warn:vkd3d-proton:d3d12_device_QueryInterface: {0742a90b-c387-483f-b946-30a7e4e61458} not implemented, returning E_NOINTERFACE.
12942.044:0134:0194:warn:vkd3d-proton:d3d12_device_QueryInterface: {0742a90b-c387-483f-b946-30a7e4e61458} not implemented, returning E_NOINTERFACE.
12942.061:0134:0194:warn:vkd3d-proton:d3d12_device_QueryInterface: {0742a90b-c387-483f-b946-30a7e4e61458} not implemented, returning E_NOINTERFACE.
12942.079:0134:0194:warn:vkd3d-proton:d3d12_device_QueryInterface: {0742a90b-c387-483f-b946-30a7e4e61458} not implemented, returning E_NOINTERFACE.
12942.095:0134:0194:warn:vkd3d-proton:d3d12_device_QueryInterface: {0742a90b-c387-483f-b946-30a7e4e61458} not implemented, returning E_NOINTERFACE.
12942.112:0134:0194:warn:vkd3d-proton:d3d12_device_QueryInterface: {0742a90b-c387-483f-b946-30a7e4e61458} not implemented, returning E_NOINTERFACE.
12942.128:0134:0194:warn:vkd3d-proton:d3d12_device_QueryInterface: {0742a90b-c387-483f-b946-30a7e4e61458} not implemented, returning E_NOINTERFACE.
12942.144:0134:0194:warn:vkd3d-proton:d3d12_device_QueryInterface: {0742a90b-c387-483f-b946-30a7e4e61458} not implemented, returning E_NOINTERFACE.
12942.163:0134:0194:warn:vkd3d-proton:d3d12_device_QueryInterface: {0742a90b-c387-483f-b946-30a7e4e61458} not implemented, returning E_NOINTERFACE.
12942.177:0134:0194:warn:vkd3d-proton:d3d12_device_QueryInterface: {0742a90b-c387-483f-b946-30a7e4e61458} not implemented, returning E_NOINTERFACE.
12942.194:0134:0194:warn:vkd3d-proton:d3d12_device_QueryInterface: {0742a90b-c387-483f-b946-30a7e4e61458} not implemented, returning E_NOINTERFACE.
12942.212:0134:0194:warn:vkd3d-proton:d3d12_device_QueryInterface: {0742a90b-c387-483f-b946-30a7e4e61458} not implemented, returning E_NOINTERFACE.
12942.227:0134:0194:warn:vkd3d-proton:d3d12_device_QueryInterface: {0742a90b-c387-483f-b946-30a7e4e61458} not implemented, returning E_NOINTERFACE.
12942.243:0134:0194:warn:vkd3d-proton:d3d12_device_QueryInterface: {0742a90b-c387-483f-b946-30a7e4e61458} not implemented, returning E_NOINTERFACE.
12942.259:0134:0194:warn:vkd3d-proton:d3d12_device_QueryInterface: {0742a90b-c387-483f-b946-30a7e4e61458} not implemented, returning E_NOINTERFACE.
12942.278:0134:0194:warn:vkd3d-proton:d3d12_device_QueryInterface: {0742a90b-c387-483f-b946-30a7e4e61458} not implemented, returning E_NOINTERFACE.
12942.293:0134:0194:warn:vkd3d-proton:d3d12_device_QueryInterface: {0742a90b-c387-483f-b946-30a7e4e61458} not implemented, returning E_NOINTERFACE.
12942.311:0134:0194:warn:vkd3d-proton:d3d12_device_QueryInterface: {0742a90b-c387-483f-b946-30a7e4e61458} not implemented, returning E_NOINTERFACE.
12942.328:0134:0190:warn:vkd3d-proton:d3d12_device_QueryInterface: {0742a90b-c387-483f-b946-30a7e4e61458} not implemented, returning E_NOINTERFACE.
12942.345:0134:019c:warn:vkd3d-proton:d3d12_device_QueryInterface: {0742a90b-c387-483f-b946-30a7e4e61458} not implemented, returning E_NOINTERFACE.
12942.362:0134:019c:warn:vkd3d-proton:d3d12_device_QueryInterface: {0742a90b-c387-483f-b946-30a7e4e61458} not implemented, returning E_NOINTERFACE.
12942.378:0134:019c:warn:vkd3d-proton:d3d12_device_QueryInterface: {0742a90b-c387-483f-b946-30a7e4e61458} not implemented, returning E_NOINTERFACE.
12942.397:0134:019c:warn:vkd3d-proton:d3d12_device_QueryInterface: {0742a90b-c387-483f-b946-30a7e4e61458} not implemented, returning E_NOINTERFACE.
12942.412:0134:019c:warn:vkd3d-proton:d3d12_device_QueryInterface: {0742a90b-c387-483f-b946-30a7e4e61458} not implemented, returning E_NOINTERFACE.
12942.491:0134:019c:warn:vkd3d-proton:d3d12_device_QueryInterface: {0742a90b-c387-483f-b946-30a7e4e61458} not implemented, returning E_NOINTERFACE.
12942.494:0134:019c:warn:vkd3d-proton:d3d12_device_QueryInterface: {0742a90b-c387-483f-b946-30a7e4e61458} not implemented, returning E_NOINTERFACE.
12942.512:0134:0194:warn:vkd3d-proton:d3d12_device_QueryInterface: {0742a90b-c387-483f-b946-30a7e4e61458} not implemented, returning E_NOINTERFACE.
12942.527:0134:0194:warn:vkd3d-proton:d3d12_device_QueryInterface: {0742a90b-c387-483f-b946-30a7e4e61458} not implemented, returning E_NOINTERFACE.
12942.545:0134:0194:warn:vkd3d-proton:d3d12_device_QueryInterface: {0742a90b-c387-483f-b946-30a7e4e61458} not implemented, returning E_NOINTERFACE.
12942.562:0134:0194:warn:vkd3d-proton:d3d12_device_QueryInterface: {0742a90b-c387-483f-b946-30a7e4e61458} not implemented, returning E_NOINTERFACE.
12942.578:0134:0194:warn:vkd3d-proton:d3d12_device_QueryInterface: {0742a90b-c387-483f-b946-30a7e4e61458} not implemented, returning E_NOINTERFACE.
12942.595:0134:0194:warn:vkd3d-proton:d3d12_device_QueryInterface: {0742a90b-c387-483f-b946-30a7e4e61458} not implemented, returning E_NOINTERFACE.
12942.612:0134:0194:warn:vkd3d-proton:d3d12_device_QueryInterface: {0742a90b-c387-483f-b946-30a7e4e61458} not implemented, returning E_NOINTERFACE.
12942.628:0134:0194:warn:vkd3d-proton:d3d12_device_QueryInterface: {0742a90b-c387-483f-b946-30a7e4e61458} not implemented, returning E_NOINTERFACE.
12942.645:0134:0194:warn:vkd3d-proton:d3d12_device_QueryInterface: {0742a90b-c387-483f-b946-30a7e4e61458} not implemented, returning E_NOINTERFACE.
12942.662:0134:0194:warn:vkd3d-proton:d3d12_device_QueryInterface: {0742a90b-c387-483f-b946-30a7e4e61458} not implemented, returning E_NOINTERFACE.
12942.679:0134:0194:warn:vkd3d-proton:d3d12_device_QueryInterface: {0742a90b-c387-483f-b946-30a7e4e61458} not implemented, returning E_NOINTERFACE.
12942.696:0134:0194:warn:vkd3d-proton:d3d12_device_QueryInterface: {0742a90b-c387-483f-b946-30a7e4e61458} not implemented, returning E_NOINTERFACE.
12942.710:0134:0194:warn:vkd3d-proton:d3d12_device_QueryInterface: {0742a90b-c387-483f-b946-30a7e4e61458} not implemented, returning E_NOINTERFACE.
12942.726:0134:0194:warn:vkd3d-proton:d3d12_device_QueryInterface: {0742a90b-c387-483f-b946-30a7e4e61458} not implemented, returning E_NOINTERFACE.
12942.747:0134:0194:warn:vkd3d-proton:d3d12_device_QueryInterface: {0742a90b-c387-483f-b946-30a7e4e61458} not implemented, returning E_NOINTERFACE.
12942.763:0134:0194:warn:vkd3d-proton:d3d12_device_QueryInterface: {0742a90b-c387-483f-b946-30a7e4e61458} not implemented, returning E_NOINTERFACE.
12942.780:0134:0194:warn:vkd3d-proton:d3d12_device_QueryInterface: {0742a90b-c387-483f-b946-30a7e4e61458} not implemented, returning E_NOINTERFACE.
12942.796:0134:0194:warn:vkd3d-proton:d3d12_device_QueryInterface: {0742a90b-c387-483f-b946-30a7e4e61458} not implemented, returning E_NOINTERFACE.
12942.812:0134:0194:warn:vkd3d-proton:d3d12_device_QueryInterface: {0742a90b-c387-483f-b946-30a7e4e61458} not implemented, returning E_NOINTERFACE.
12942.828:0134:0194:warn:vkd3d-proton:d3d12_device_QueryInterface: {0742a90b-c387-483f-b946-30a7e4e61458} not implemented, returning E_NOINTERFACE.
12942.846:0134:0194:warn:vkd3d-proton:d3d12_device_QueryInterface: {0742a90b-c387-483f-b946-30a7e4e61458} not implemented, returning E_NOINTERFACE.
12942.861:0134:0194:warn:vkd3d-proton:d3d12_device_QueryInterface: {0742a90b-c387-483f-b946-30a7e4e61458} not implemented, returning E_NOINTERFACE.
12942.880:0134:0194:warn:vkd3d-proton:d3d12_device_QueryInterface: {0742a90b-c387-483f-b946-30a7e4e61458} not implemented, returning E_NOINTERFACE.
12942.897:0134:0194:warn:vkd3d-proton:d3d12_device_QueryInterface: {0742a90b-c387-483f-b946-30a7e4e61458} not implemented, returning E_NOINTERFACE.
12942.913:0134:0194:warn:vkd3d-proton:d3d12_device_QueryInterface: {0742a90b-c387-483f-b946-30a7e4e61458} not implemented, returning E_NOINTERFACE.
12942.930:0134:0194:warn:vkd3d-proton:d3d12_device_QueryInterface: {0742a90b-c387-483f-b946-30a7e4e61458} not implemented, returning E_NOINTERFACE.
12942.946:0134:0194:warn:vkd3d-proton:d3d12_device_QueryInterface: {0742a90b-c387-483f-b946-30a7e4e61458} not implemented, returning E_NOINTERFACE.
12942.963:0134:0194:warn:vkd3d-proton:d3d12_device_QueryInterface: {0742a90b-c387-483f-b946-30a7e4e61458} not implemented, returning E_NOINTERFACE.
12942.979:0134:0194:warn:vkd3d-proton:d3d12_device_QueryInterface: {0742a90b-c387-483f-b946-30a7e4e61458} not implemented, returning E_NOINTERFACE.
12942.995:0134:0194:warn:vkd3d-proton:d3d12_device_QueryInterface: {0742a90b-c387-483f-b946-30a7e4e61458} not implemented, returning E_NOINTERFACE.
12943.012:0134:0194:warn:vkd3d-proton:d3d12_device_QueryInterface: {0742a90b-c387-483f-b946-30a7e4e61458} not implemented, returning E_NOINTERFACE.
12943.029:0134:0194:warn:vkd3d-proton:d3d12_device_QueryInterface: {0742a90b-c387-483f-b946-30a7e4e61458} not implemented, returning E_NOINTERFACE.
12943.046:0134:0194:warn:vkd3d-proton:d3d12_device_QueryInterface: {0742a90b-c387-483f-b946-30a7e4e61458} not implemented, returning E_NOINTERFACE.
12943.061:0134:0194:warn:vkd3d-proton:d3d12_device_QueryInterface: {0742a90b-c387-483f-b946-30a7e4e61458} not implemented, returning E_NOINTERFACE.
12943.077:0134:0194:warn:vkd3d-proton:d3d12_device_QueryInterface: {0742a90b-c387-483f-b946-30a7e4e61458} not implemented, returning E_NOINTERFACE.
12943.096:0134:0194:warn:vkd3d-proton:d3d12_device_QueryInterface: {0742a90b-c387-483f-b946-30a7e4e61458} not implemented, returning E_NOINTERFACE.
12943.113:0134:0194:warn:vkd3d-proton:d3d12_device_QueryInterface: {0742a90b-c387-483f-b946-30a7e4e61458} not implemented, returning E_NOINTERFACE.
12943.128:0134:0194:warn:vkd3d-proton:d3d12_device_QueryInterface: {0742a90b-c387-483f-b946-30a7e4e61458} not implemented, returning E_NOINTERFACE.
12943.147:0134:0194:warn:vkd3d-proton:d3d12_device_QueryInterface: {0742a90b-c387-483f-b946-30a7e4e61458} not implemented, returning E_NOINTERFACE.
12943.164:0134:0194:warn:vkd3d-proton:d3d12_device_QueryInterface: {0742a90b-c387-483f-b946-30a7e4e61458} not implemented, returning E_NOINTERFACE.
12943.181:0134:0194:warn:vkd3d-proton:d3d12_device_QueryInterface: {0742a90b-c387-483f-b946-30a7e4e61458} not implemented, returning E_NOINTERFACE.
12943.195:0134:0194:warn:vkd3d-proton:d3d12_device_QueryInterface: {0742a90b-c387-483f-b946-30a7e4e61458} not implemented, returning E_NOINTERFACE.
12943.352:0134:019c:warn:vkd3d-proton:d3d12_device_QueryInterface: {0742a90b-c387-483f-b946-30a7e4e61458} not implemented, returning E_NOINTERFACE.
12943.358:0134:019c:warn:vkd3d-proton:d3d12_device_QueryInterface: {0742a90b-c387-483f-b946-30a7e4e61458} not implemented, returning E_NOINTERFACE.
12943.373:0134:0198:warn:vkd3d-proton:d3d12_device_QueryInterface: {0742a90b-c387-483f-b946-30a7e4e61458} not implemented, returning E_NOINTERFACE.
12943.383:0134:019c:warn:vkd3d-proton:d3d12_device_QueryInterface: {0742a90b-c387-483f-b946-30a7e4e61458} not implemented, returning E_NOINTERFACE.
12943.396:0134:019c:warn:vkd3d-proton:d3d12_device_QueryInterface: {0742a90b-c387-483f-b946-30a7e4e61458} not implemented, returning E_NOINTERFACE.
12943.412:0134:019c:warn:vkd3d-proton:d3d12_device_QueryInterface: {0742a90b-c387-483f-b946-30a7e4e61458} not implemented, returning E_NOINTERFACE.
12943.432:0134:0190:warn:vkd3d-proton:d3d12_device_QueryInterface: {0742a90b-c387-483f-b946-30a7e4e61458} not implemented, returning E_NOINTERFACE.
12943.447:0134:0190:warn:vkd3d-proton:d3d12_device_QueryInterface: {0742a90b-c387-483f-b946-30a7e4e61458} not implemented, returning E_NOINTERFACE.
12943.463:0134:0198:warn:vkd3d-proton:d3d12_device_QueryInterface: {0742a90b-c387-483f-b946-30a7e4e61458} not implemented, returning E_NOINTERFACE.
12943.480:0134:0198:warn:vkd3d-proton:d3d12_device_QueryInterface: {0742a90b-c387-483f-b946-30a7e4e61458} not implemented, returning E_NOINTERFACE.
12943.498:0134:0190:warn:vkd3d-proton:d3d12_device_QueryInterface: {0742a90b-c387-483f-b946-30a7e4e61458} not implemented, returning E_NOINTERFACE.
12943.512:0134:0190:warn:vkd3d-proton:d3d12_device_QueryInterface: {0742a90b-c387-483f-b946-30a7e4e61458} not implemented, returning E_NOINTERFACE.
12943.529:0134:0198:warn:vkd3d-proton:d3d12_device_QueryInterface: {0742a90b-c387-483f-b946-30a7e4e61458} not implemented, returning E_NOINTERFACE.
12943.546:0134:0198:warn:vkd3d-proton:d3d12_device_QueryInterface: {0742a90b-c387-483f-b946-30a7e4e61458} not implemented, returning E_NOINTERFACE.
12943.563:0134:0194:warn:vkd3d-proton:d3d12_device_QueryInterface: {0742a90b-c387-483f-b946-30a7e4e61458} not implemented, returning E_NOINTERFACE.
12943.579:0134:0194:warn:vkd3d-proton:d3d12_device_QueryInterface: {0742a90b-c387-483f-b946-30a7e4e61458} not implemented, returning E_NOINTERFACE.
12943.598:0134:0190:warn:vkd3d-proton:d3d12_device_QueryInterface: {0742a90b-c387-483f-b946-30a7e4e61458} not implemented, returning E_NOINTERFACE.
12943.614:0134:0190:warn:vkd3d-proton:d3d12_device_QueryInterface: {0742a90b-c387-483f-b946-30a7e4e61458} not implemented, returning E_NOINTERFACE.
12943.629:0134:0194:warn:vkd3d-proton:d3d12_device_QueryInterface: {0742a90b-c387-483f-b946-30a7e4e61458} not implemented, returning E_NOINTERFACE.
12943.647:0134:0194:warn:vkd3d-proton:d3d12_device_QueryInterface: {0742a90b-c387-483f-b946-30a7e4e61458} not implemented, returning E_NOINTERFACE.
12943.662:0134:0190:warn:vkd3d-proton:d3d12_device_QueryInterface: {0742a90b-c387-483f-b946-30a7e4e61458} not implemented, returning E_NOINTERFACE.
12943.679:0134:0190:warn:vkd3d-proton:d3d12_device_QueryInterface: {0742a90b-c387-483f-b946-30a7e4e61458} not implemented, returning E_NOINTERFACE.
12943.697:0134:0194:warn:vkd3d-proton:d3d12_device_QueryInterface: {0742a90b-c387-483f-b946-30a7e4e61458} not implemented, returning E_NOINTERFACE.
12943.713:0134:0194:warn:vkd3d-proton:d3d12_device_QueryInterface: {0742a90b-c387-483f-b946-30a7e4e61458} not implemented, returning E_NOINTERFACE.
12943.729:0134:019c:warn:vkd3d-proton:d3d12_device_QueryInterface: {0742a90b-c387-483f-b946-30a7e4e61458} not implemented, returning E_NOINTERFACE.
12943.749:0134:019c:warn:vkd3d-proton:d3d12_device_QueryInterface: {0742a90b-c387-483f-b946-30a7e4e61458} not implemented, returning E_NOINTERFACE.
12943.763:0134:0194:warn:vkd3d-proton:d3d12_device_QueryInterface: {0742a90b-c387-483f-b946-30a7e4e61458} not implemented, returning E_NOINTERFACE.
12943.780:0134:0194:warn:vkd3d-proton:d3d12_device_QueryInterface: {0742a90b-c387-483f-b946-30a7e4e61458} not implemented, returning E_NOINTERFACE.
12943.801:0134:0190:warn:vkd3d-proton:d3d12_device_QueryInterface: {0742a90b-c387-483f-b946-30a7e4e61458} not implemented, returning E_NOINTERFACE.
12943.816:0134:019c:warn:vkd3d-proton:d3d12_device_QueryInterface: {0742a90b-c387-483f-b946-30a7e4e61458} not implemented, returning E_NOINTERFACE.
12943.830:0134:019c:warn:vkd3d-proton:d3d12_device_QueryInterface: {0742a90b-c387-483f-b946-30a7e4e61458} not implemented, returning E_NOINTERFACE.
12943.847:0134:019c:warn:vkd3d-proton:d3d12_device_QueryInterface: {0742a90b-c387-483f-b946-30a7e4e61458} not implemented, returning E_NOINTERFACE.
12943.864:0134:0194:warn:vkd3d-proton:d3d12_device_QueryInterface: {0742a90b-c387-483f-b946-30a7e4e61458} not implemented, returning E_NOINTERFACE.
12943.880:0134:0194:warn:vkd3d-proton:d3d12_device_QueryInterface: {0742a90b-c387-483f-b946-30a7e4e61458} not implemented, returning E_NOINTERFACE.
12943.897:0134:0190:warn:vkd3d-proton:d3d12_device_QueryInterface: {0742a90b-c387-483f-b946-30a7e4e61458} not implemented, returning E_NOINTERFACE.
12943.914:0134:0190:warn:vkd3d-proton:d3d12_device_QueryInterface: {0742a90b-c387-483f-b946-30a7e4e61458} not implemented, returning E_NOINTERFACE.
12943.930:0134:0194:warn:vkd3d-proton:d3d12_device_QueryInterface: {0742a90b-c387-483f-b946-30a7e4e61458} not implemented, returning E_NOINTERFACE.
12943.947:0134:0194:warn:vkd3d-proton:d3d12_device_QueryInterface: {0742a90b-c387-483f-b946-30a7e4e61458} not implemented, returning E_NOINTERFACE.
12943.964:0134:019c:warn:vkd3d-proton:d3d12_device_QueryInterface: {0742a90b-c387-483f-b946-30a7e4e61458} not implemented, returning E_NOINTERFACE.
12943.984:0134:019c:warn:vkd3d-proton:d3d12_device_QueryInterface: {0742a90b-c387-483f-b946-30a7e4e61458} not implemented, returning E_NOINTERFACE.
12943.997:0134:0198:warn:vkd3d-proton:d3d12_device_QueryInterface: {0742a90b-c387-483f-b946-30a7e4e61458} not implemented, returning E_NOINTERFACE.
12944.014:0134:0198:warn:vkd3d-proton:d3d12_device_QueryInterface: {0742a90b-c387-483f-b946-30a7e4e61458} not implemented, returning E_NOINTERFACE.
12944.031:0134:0194:warn:vkd3d-proton:d3d12_device_QueryInterface: {0742a90b-c387-483f-b946-30a7e4e61458} not implemented, returning E_NOINTERFACE.
12944.047:0134:0194:warn:vkd3d-proton:d3d12_device_QueryInterface: {0742a90b-c387-483f-b946-30a7e4e61458} not implemented, returning E_NOINTERFACE.
12944.065:0134:019c:warn:vkd3d-proton:d3d12_device_QueryInterface: {0742a90b-c387-483f-b946-30a7e4e61458} not implemented, returning E_NOINTERFACE.
12944.080:0134:019c:warn:vkd3d-proton:d3d12_device_QueryInterface: {0742a90b-c387-483f-b946-30a7e4e61458} not implemented, returning E_NOINTERFACE.
12944.098:0134:0198:warn:vkd3d-proton:d3d12_device_QueryInterface: {0742a90b-c387-483f-b946-30a7e4e61458} not implemented, returning E_NOINTERFACE.
12944.114:0134:0198:warn:vkd3d-proton:d3d12_device_QueryInterface: {0742a90b-c387-483f-b946-30a7e4e61458} not implemented, returning E_NOINTERFACE.
12944.131:0134:019c:warn:vkd3d-proton:d3d12_device_QueryInterface: {0742a90b-c387-483f-b946-30a7e4e61458} not implemented, returning E_NOINTERFACE.
12944.147:0134:019c:warn:vkd3d-proton:d3d12_device_QueryInterface: {0742a90b-c387-483f-b946-30a7e4e61458} not implemented, returning E_NOINTERFACE.
12944.165:0134:0190:warn:vkd3d-proton:d3d12_device_QueryInterface: {0742a90b-c387-483f-b946-30a7e4e61458} not implemented, returning E_NOINTERFACE.
12944.183:0134:0190:warn:vkd3d-proton:d3d12_device_QueryInterface: {0742a90b-c387-483f-b946-30a7e4e61458} not implemented, returning E_NOINTERFACE.
12944.198:0134:019c:warn:vkd3d-proton:d3d12_device_QueryInterface: {0742a90b-c387-483f-b946-30a7e4e61458} not implemented, returning E_NOINTERFACE.
12944.214:0134:019c:warn:vkd3d-proton:d3d12_device_QueryInterface: {0742a90b-c387-483f-b946-30a7e4e61458} not implemented, returning E_NOINTERFACE.
12944.233:0134:0190:warn:vkd3d-proton:d3d12_device_QueryInterface: {0742a90b-c387-483f-b946-30a7e4e61458} not implemented, returning E_NOINTERFACE.
12944.249:0134:0190:warn:vkd3d-proton:d3d12_device_QueryInterface: {0742a90b-c387-483f-b946-30a7e4e61458} not implemented, returning E_NOINTERFACE.
12944.264:0134:0194:warn:vkd3d-proton:d3d12_device_QueryInterface: {0742a90b-c387-483f-b946-30a7e4e61458} not implemented, returning E_NOINTERFACE.
12944.282:0134:0194:warn:vkd3d-proton:d3d12_device_QueryInterface: {0742a90b-c387-483f-b946-30a7e4e61458} not implemented, returning E_NOINTERFACE.
12944.298:0134:0198:warn:vkd3d-proton:d3d12_device_QueryInterface: {0742a90b-c387-483f-b946-30a7e4e61458} not implemented, returning E_NOINTERFACE.
12944.316:0134:0198:warn:vkd3d-proton:d3d12_device_QueryInterface: {0742a90b-c387-483f-b946-30a7e4e61458} not implemented, returning E_NOINTERFACE.
12944.333:0134:0190:warn:vkd3d-proton:d3d12_device_QueryInterface: {0742a90b-c387-483f-b946-30a7e4e61458} not implemented, returning E_NOINTERFACE.
12944.349:0134:0190:warn:vkd3d-proton:d3d12_device_QueryInterface: {0742a90b-c387-483f-b946-30a7e4e61458} not implemented, returning E_NOINTERFACE.
12944.363:0134:0194:warn:vkd3d-proton:d3d12_device_QueryInterface: {0742a90b-c387-483f-b946-30a7e4e61458} not implemented, returning E_NOINTERFACE.
12944.380:0134:0194:warn:vkd3d-proton:d3d12_device_QueryInterface: {0742a90b-c387-483f-b946-30a7e4e61458} not implemented, returning E_NOINTERFACE.
12944.399:0134:0190:warn:vkd3d-proton:d3d12_device_QueryInterface: {0742a90b-c387-483f-b946-30a7e4e61458} not implemented, returning E_NOINTERFACE.
12944.416:0134:0190:warn:vkd3d-proton:d3d12_device_QueryInterface: {0742a90b-c387-483f-b946-30a7e4e61458} not implemented, returning E_NOINTERFACE.
12944.433:0134:0194:warn:vkd3d-proton:d3d12_device_QueryInterface: {0742a90b-c387-483f-b946-30a7e4e61458} not implemented, returning E_NOINTERFACE.
12944.447:0134:0190:warn:vkd3d-proton:d3d12_device_QueryInterface: {0742a90b-c387-483f-b946-30a7e4e61458} not implemented, returning E_NOINTERFACE.
12944.465:0134:0190:warn:vkd3d-proton:d3d12_device_QueryInterface: {0742a90b-c387-483f-b946-30a7e4e61458} not implemented, returning E_NOINTERFACE.
12944.484:0134:019c:warn:vkd3d-proton:d3d12_device_QueryInterface: {0742a90b-c387-483f-b946-30a7e4e61458} not implemented, returning E_NOINTERFACE.
12944.498:0134:019c:warn:vkd3d-proton:d3d12_device_QueryInterface: {0742a90b-c387-483f-b946-30a7e4e61458} not implemented, returning E_NOINTERFACE.
12944.517:0134:019c:warn:vkd3d-proton:d3d12_device_QueryInterface: {0742a90b-c387-483f-b946-30a7e4e61458} not implemented, returning E_NOINTERFACE.
12944.531:0134:0194:warn:vkd3d-proton:d3d12_device_QueryInterface: {0742a90b-c387-483f-b946-30a7e4e61458} not implemented, returning E_NOINTERFACE.
12944.548:0134:0190:warn:vkd3d-proton:d3d12_device_QueryInterface: {0742a90b-c387-483f-b946-30a7e4e61458} not implemented, returning E_NOINTERFACE.
12944.564:0134:0190:warn:vkd3d-proton:d3d12_device_QueryInterface: {0742a90b-c387-483f-b946-30a7e4e61458} not implemented, returning E_NOINTERFACE.
12944.581:0134:019c:warn:vkd3d-proton:d3d12_device_QueryInterface: {0742a90b-c387-483f-b946-30a7e4e61458} not implemented, returning E_NOINTERFACE.
12944.600:0134:019c:warn:vkd3d-proton:d3d12_device_QueryInterface: {0742a90b-c387-483f-b946-30a7e4e61458} not implemented, returning E_NOINTERFACE.
12944.617:0134:019c:warn:vkd3d-proton:d3d12_device_QueryInterface: {0742a90b-c387-483f-b946-30a7e4e61458} not implemented, returning E_NOINTERFACE.
12944.632:0134:0198:warn:vkd3d-proton:d3d12_device_QueryInterface: {0742a90b-c387-483f-b946-30a7e4e61458} not implemented, returning E_NOINTERFACE.
12944.648:0134:0198:warn:vkd3d-proton:d3d12_device_QueryInterface: {0742a90b-c387-483f-b946-30a7e4e61458} not implemented, returning E_NOINTERFACE.
12944.667:0134:0194:warn:vkd3d-proton:d3d12_device_QueryInterface: {0742a90b-c387-483f-b946-30a7e4e61458} not implemented, returning E_NOINTERFACE.
12944.683:0134:0194:warn:vkd3d-proton:d3d12_device_QueryInterface: {0742a90b-c387-483f-b946-30a7e4e61458} not implemented, returning E_NOINTERFACE.
12944.698:0134:0190:warn:vkd3d-proton:d3d12_device_QueryInterface: {0742a90b-c387-483f-b946-30a7e4e61458} not implemented, returning E_NOINTERFACE.
12944.715:0134:0190:warn:vkd3d-proton:d3d12_device_QueryInterface: {0742a90b-c387-483f-b946-30a7e4e61458} not implemented, returning E_NOINTERFACE.
12944.734:0134:019c:warn:vkd3d-proton:d3d12_device_QueryInterface: {0742a90b-c387-483f-b946-30a7e4e61458} not implemented, returning E_NOINTERFACE.
12944.748:0134:0198:warn:vkd3d-proton:d3d12_device_QueryInterface: {0742a90b-c387-483f-b946-30a7e4e61458} not implemented, returning E_NOINTERFACE.
12944.765:0134:0198:warn:vkd3d-proton:d3d12_device_QueryInterface: {0742a90b-c387-483f-b946-30a7e4e61458} not implemented, returning E_NOINTERFACE.
12944.783:0134:0198:warn:vkd3d-proton:d3d12_device_QueryInterface: {0742a90b-c387-483f-b946-30a7e4e61458} not implemented, returning E_NOINTERFACE.
12944.801:0134:019c:warn:vkd3d-proton:d3d12_device_QueryInterface: {0742a90b-c387-483f-b946-30a7e4e61458} not implemented, returning E_NOINTERFACE.
12944.815:0134:019c:warn:vkd3d-proton:d3d12_device_QueryInterface: {0742a90b-c387-483f-b946-30a7e4e61458} not implemented, returning E_NOINTERFACE.
12944.834:0134:0190:warn:vkd3d-proton:d3d12_device_QueryInterface: {0742a90b-c387-483f-b946-30a7e4e61458} not implemented, returning E_NOINTERFACE.
12944.849:0134:0194:warn:vkd3d-proton:d3d12_device_QueryInterface: {0742a90b-c387-483f-b946-30a7e4e61458} not implemented, returning E_NOINTERFACE.
12944.866:0134:0194:warn:vkd3d-proton:d3d12_device_QueryInterface: {0742a90b-c387-483f-b946-30a7e4e61458} not implemented, returning E_NOINTERFACE.
12944.882:0134:0194:warn:vkd3d-proton:d3d12_device_QueryInterface: {0742a90b-c387-483f-b946-30a7e4e61458} not implemented, returning E_NOINTERFACE.
12944.899:0134:019c:warn:vkd3d-proton:d3d12_device_QueryInterface: {0742a90b-c387-483f-b946-30a7e4e61458} not implemented, returning E_NOINTERFACE.
12944.915:0134:019c:warn:vkd3d-proton:d3d12_device_QueryInterface: {0742a90b-c387-483f-b946-30a7e4e61458} not implemented, returning E_NOINTERFACE.
12944.932:0134:0194:warn:vkd3d-proton:d3d12_device_QueryInterface: {0742a90b-c387-483f-b946-30a7e4e61458} not implemented, returning E_NOINTERFACE.
12944.948:0134:0194:warn:vkd3d-proton:d3d12_device_QueryInterface: {0742a90b-c387-483f-b946-30a7e4e61458} not implemented, returning E_NOINTERFACE.
12944.967:0134:0190:warn:vkd3d-proton:d3d12_device_QueryInterface: {0742a90b-c387-483f-b946-30a7e4e61458} not implemented, returning E_NOINTERFACE.
12944.982:0134:0190:warn:vkd3d-proton:d3d12_device_QueryInterface: {0742a90b-c387-483f-b946-30a7e4e61458} not implemented, returning E_NOINTERFACE.
12944.999:0134:0198:warn:vkd3d-proton:d3d12_device_QueryInterface: {0742a90b-c387-483f-b946-30a7e4e61458} not implemented, returning E_NOINTERFACE.
12945.015:0134:019c:warn:vkd3d-proton:d3d12_device_QueryInterface: {0742a90b-c387-483f-b946-30a7e4e61458} not implemented, returning E_NOINTERFACE.
12945.032:0134:019c:warn:vkd3d-proton:d3d12_device_QueryInterface: {0742a90b-c387-483f-b946-30a7e4e61458} not implemented, returning E_NOINTERFACE.
12945.048:0134:019c:warn:vkd3d-proton:d3d12_device_QueryInterface: {0742a90b-c387-483f-b946-30a7e4e61458} not implemented, returning E_NOINTERFACE.
12945.066:0134:0190:warn:vkd3d-proton:d3d12_device_QueryInterface: {0742a90b-c387-483f-b946-30a7e4e61458} not implemented, returning E_NOINTERFACE.
12945.082:0134:0194:warn:vkd3d-proton:d3d12_device_QueryInterface: {0742a90b-c387-483f-b946-30a7e4e61458} not implemented, returning E_NOINTERFACE.
12945.099:0134:0194:warn:vkd3d-proton:d3d12_device_QueryInterface: {0742a90b-c387-483f-b946-30a7e4e61458} not implemented, returning E_NOINTERFACE.
12945.116:0134:0198:warn:vkd3d-proton:d3d12_device_QueryInterface: {0742a90b-c387-483f-b946-30a7e4e61458} not implemented, returning E_NOINTERFACE.
12945.134:0134:0198:warn:vkd3d-proton:d3d12_device_QueryInterface: {0742a90b-c387-483f-b946-30a7e4e61458} not implemented, returning E_NOINTERFACE.
12945.150:0134:0198:warn:vkd3d-proton:d3d12_device_QueryInterface: {0742a90b-c387-483f-b946-30a7e4e61458} not implemented, returning E_NOINTERFACE.
12945.167:0134:0194:warn:vkd3d-proton:d3d12_device_QueryInterface: {0742a90b-c387-483f-b946-30a7e4e61458} not implemented, returning E_NOINTERFACE.
12945.183:0134:0190:warn:vkd3d-proton:d3d12_device_QueryInterface: {0742a90b-c387-483f-b946-30a7e4e61458} not implemented, returning E_NOINTERFACE.
12945.200:0134:0190:warn:vkd3d-proton:d3d12_device_QueryInterface: {0742a90b-c387-483f-b946-30a7e4e61458} not implemented, returning E_NOINTERFACE.
12945.218:0134:019c:warn:vkd3d-proton:d3d12_device_QueryInterface: {0742a90b-c387-483f-b946-30a7e4e61458} not implemented, returning E_NOINTERFACE.
12945.232:0134:019c:warn:vkd3d-proton:d3d12_device_QueryInterface: {0742a90b-c387-483f-b946-30a7e4e61458} not implemented, returning E_NOINTERFACE.
12945.251:0134:019c:warn:vkd3d-proton:d3d12_device_QueryInterface: {0742a90b-c387-483f-b946-30a7e4e61458} not implemented, returning E_NOINTERFACE.
12945.266:0134:0190:warn:vkd3d-proton:d3d12_device_QueryInterface: {0742a90b-c387-483f-b946-30a7e4e61458} not implemented, returning E_NOINTERFACE.
12945.284:0134:0194:warn:vkd3d-proton:d3d12_device_QueryInterface: {0742a90b-c387-483f-b946-30a7e4e61458} not implemented, returning E_NOINTERFACE.
12945.301:0134:0194:warn:vkd3d-proton:d3d12_device_QueryInterface: {0742a90b-c387-483f-b946-30a7e4e61458} not implemented, returning E_NOINTERFACE.
12945.319:0134:0190:warn:vkd3d-proton:d3d12_device_QueryInterface: {0742a90b-c387-483f-b946-30a7e4e61458} not implemented, returning E_NOINTERFACE.
12945.335:0134:0190:warn:vkd3d-proton:d3d12_device_QueryInterface: {0742a90b-c387-483f-b946-30a7e4e61458} not implemented, returning E_NOINTERFACE.
12945.351:0134:0194:warn:vkd3d-proton:d3d12_device_QueryInterface: {0742a90b-c387-483f-b946-30a7e4e61458} not implemented, returning E_NOINTERFACE.
12945.369:0134:0194:warn:vkd3d-proton:d3d12_device_QueryInterface: {0742a90b-c387-483f-b946-30a7e4e61458} not implemented, returning E_NOINTERFACE.
12945.386:0134:0198:warn:vkd3d-proton:d3d12_device_QueryInterface: {0742a90b-c387-483f-b946-30a7e4e61458} not implemented, returning E_NOINTERFACE.
12945.402:0134:0198:warn:vkd3d-proton:d3d12_device_QueryInterface: {0742a90b-c387-483f-b946-30a7e4e61458} not implemented, returning E_NOINTERFACE.
12945.417:0134:0190:warn:vkd3d-proton:d3d12_device_QueryInterface: {0742a90b-c387-483f-b946-30a7e4e61458} not implemented, returning E_NOINTERFACE.
12945.435:0134:0190:warn:vkd3d-proton:d3d12_device_QueryInterface: {0742a90b-c387-483f-b946-30a7e4e61458} not implemented, returning E_NOINTERFACE.
12945.820:0134:0198:warn:vkd3d-proton:d3d12_device_QueryInterface: {0742a90b-c387-483f-b946-30a7e4e61458} not implemented, returning E_NOINTERFACE.
12945.822:0134:0198:warn:vkd3d-proton:d3d12_device_QueryInterface: {0742a90b-c387-483f-b946-30a7e4e61458} not implemented, returning E_NOINTERFACE.
12945.834:0134:0190:warn:vkd3d-proton:d3d12_device_QueryInterface: {0742a90b-c387-483f-b946-30a7e4e61458} not implemented, returning E_NOINTERFACE.
12945.851:0134:0190:warn:vkd3d-proton:d3d12_device_QueryInterface: {0742a90b-c387-483f-b946-30a7e4e61458} not implemented, returning E_NOINTERFACE.
12945.882:0134:019c:warn:vkd3d-proton:d3d12_device_QueryInterface: {0742a90b-c387-483f-b946-30a7e4e61458} not implemented, returning E_NOINTERFACE.
12945.915:0134:0190:warn:vkd3d-proton:d3d12_device_QueryInterface: {0742a90b-c387-483f-b946-30a7e4e61458} not implemented, returning E_NOINTERFACE.
12945.956:0134:019c:warn:vkd3d-proton:d3d12_device_QueryInterface: {0742a90b-c387-483f-b946-30a7e4e61458} not implemented, returning E_NOINTERFACE.
12945.963:0134:0190:warn:vkd3d-proton:d3d12_device_QueryInterface: {0742a90b-c387-483f-b946-30a7e4e61458} not implemented, returning E_NOINTERFACE.
12945.968:0134:0190:warn:vkd3d-proton:d3d12_device_QueryInterface: {0742a90b-c387-483f-b946-30a7e4e61458} not implemented, returning E_NOINTERFACE.
12945.985:0134:0198:warn:vkd3d-proton:d3d12_device_QueryInterface: {0742a90b-c387-483f-b946-30a7e4e61458} not implemented, returning E_NOINTERFACE.
12946.005:0134:0190:warn:vkd3d-proton:d3d12_device_QueryInterface: {0742a90b-c387-483f-b946-30a7e4e61458} not implemented, returning E_NOINTERFACE.
12946.019:0134:0190:warn:vkd3d-proton:d3d12_device_QueryInterface: {0742a90b-c387-483f-b946-30a7e4e61458} not implemented, returning E_NOINTERFACE.
12946.036:0134:019c:warn:vkd3d-proton:d3d12_device_QueryInterface: {0742a90b-c387-483f-b946-30a7e4e61458} not implemented, returning E_NOINTERFACE.
12946.051:0134:0194:warn:vkd3d-proton:d3d12_device_QueryInterface: {0742a90b-c387-483f-b946-30a7e4e61458} not implemented, returning E_NOINTERFACE.
12946.069:0134:0194:warn:vkd3d-proton:d3d12_device_QueryInterface: {0742a90b-c387-483f-b946-30a7e4e61458} not implemented, returning E_NOINTERFACE.
12946.087:0134:0190:warn:vkd3d-proton:d3d12_device_QueryInterface: {0742a90b-c387-483f-b946-30a7e4e61458} not implemented, returning E_NOINTERFACE.
12946.106:0134:0198:warn:vkd3d-proton:d3d12_device_QueryInterface: {0742a90b-c387-483f-b946-30a7e4e61458} not implemented, returning E_NOINTERFACE.
12946.117:0134:0198:warn:vkd3d-proton:d3d12_device_QueryInterface: {0742a90b-c387-483f-b946-30a7e4e61458} not implemented, returning E_NOINTERFACE.
12946.134:0134:0198:warn:vkd3d-proton:d3d12_device_QueryInterface: {0742a90b-c387-483f-b946-30a7e4e61458} not implemented, returning E_NOINTERFACE.
12946.195:0134:0194:warn:vkd3d-proton:d3d12_device_QueryInterface: {0742a90b-c387-483f-b946-30a7e4e61458} not implemented, returning E_NOINTERFACE.
12946.201:0134:019c:warn:vkd3d-proton:d3d12_device_QueryInterface: {0742a90b-c387-483f-b946-30a7e4e61458} not implemented, returning E_NOINTERFACE.
12946.229:0134:0190:warn:vkd3d-proton:d3d12_device_QueryInterface: {0742a90b-c387-483f-b946-30a7e4e61458} not implemented, returning E_NOINTERFACE.
12946.238:0134:0194:warn:vkd3d-proton:d3d12_device_QueryInterface: {0742a90b-c387-483f-b946-30a7e4e61458} not implemented, returning E_NOINTERFACE.
12946.252:0134:0194:warn:vkd3d-proton:d3d12_device_QueryInterface: {0742a90b-c387-483f-b946-30a7e4e61458} not implemented, returning E_NOINTERFACE.
12946.280:0134:0190:warn:vkd3d-proton:d3d12_device_QueryInterface: {0742a90b-c387-483f-b946-30a7e4e61458} not implemented, returning E_NOINTERFACE.
12946.285:0134:0190:warn:vkd3d-proton:d3d12_device_QueryInterface: {0742a90b-c387-483f-b946-30a7e4e61458} not implemented, returning E_NOINTERFACE.
12946.302:0134:0194:warn:vkd3d-proton:d3d12_device_QueryInterface: {0742a90b-c387-483f-b946-30a7e4e61458} not implemented, returning E_NOINTERFACE.
12946.321:0134:019c:warn:vkd3d-proton:d3d12_device_QueryInterface: {0742a90b-c387-483f-b946-30a7e4e61458} not implemented, returning E_NOINTERFACE.
12946.336:0134:0198:warn:vkd3d-proton:d3d12_device_QueryInterface: {0742a90b-c387-483f-b946-30a7e4e61458} not implemented, returning E_NOINTERFACE.
12946.361:0134:0194:warn:vkd3d-proton:d3d12_device_QueryInterface: {0742a90b-c387-483f-b946-30a7e4e61458} not implemented, returning E_NOINTERFACE.
12946.368:0134:0194:warn:vkd3d-proton:d3d12_device_QueryInterface: {0742a90b-c387-483f-b946-30a7e4e61458} not implemented, returning E_NOINTERFACE.
12946.385:0134:0194:warn:vkd3d-proton:d3d12_device_QueryInterface: {0742a90b-c387-483f-b946-30a7e4e61458} not implemented, returning E_NOINTERFACE.
12946.416:0134:019c:warn:vkd3d-proton:d3d12_device_QueryInterface: {0742a90b-c387-483f-b946-30a7e4e61458} not implemented, returning E_NOINTERFACE.
12946.419:0134:019c:warn:vkd3d-proton:d3d12_device_QueryInterface: {0742a90b-c387-483f-b946-30a7e4e61458} not implemented, returning E_NOINTERFACE.
12946.437:0134:0198:warn:vkd3d-proton:d3d12_device_QueryInterface: {0742a90b-c387-483f-b946-30a7e4e61458} not implemented, returning E_NOINTERFACE.
12946.452:0134:019c:warn:vkd3d-proton:d3d12_device_QueryInterface: {0742a90b-c387-483f-b946-30a7e4e61458} not implemented, returning E_NOINTERFACE.
12946.469:0134:0190:warn:vkd3d-proton:d3d12_device_QueryInterface: {0742a90b-c387-483f-b946-30a7e4e61458} not implemented, returning E_NOINTERFACE.
12946.485:0134:0190:warn:vkd3d-proton:d3d12_device_QueryInterface: {0742a90b-c387-483f-b946-30a7e4e61458} not implemented, returning E_NOINTERFACE.
12946.502:0134:0194:warn:vkd3d-proton:d3d12_device_QueryInterface: {0742a90b-c387-483f-b946-30a7e4e61458} not implemented, returning E_NOINTERFACE.
12946.520:0134:0194:warn:vkd3d-proton:d3d12_device_QueryInterface: {0742a90b-c387-483f-b946-30a7e4e61458} not implemented, returning E_NOINTERFACE.
12946.537:0134:019c:warn:vkd3d-proton:d3d12_device_QueryInterface: {0742a90b-c387-483f-b946-30a7e4e61458} not implemented, returning E_NOINTERFACE.
12946.552:0134:019c:warn:vkd3d-proton:d3d12_device_QueryInterface: {0742a90b-c387-483f-b946-30a7e4e61458} not implemented, returning E_NOINTERFACE.
12946.570:0134:0194:warn:vkd3d-proton:d3d12_device_QueryInterface: {0742a90b-c387-483f-b946-30a7e4e61458} not implemented, returning E_NOINTERFACE.
12946.585:0134:0194:warn:vkd3d-proton:d3d12_device_QueryInterface: {0742a90b-c387-483f-b946-30a7e4e61458} not implemented, returning E_NOINTERFACE.
12946.604:0134:0190:warn:vkd3d-proton:d3d12_device_QueryInterface: {0742a90b-c387-483f-b946-30a7e4e61458} not implemented, returning E_NOINTERFACE.
12946.619:0134:0190:warn:vkd3d-proton:d3d12_device_QueryInterface: {0742a90b-c387-483f-b946-30a7e4e61458} not implemented, returning E_NOINTERFACE.
12946.635:0134:0194:warn:vkd3d-proton:d3d12_device_QueryInterface: {0742a90b-c387-483f-b946-30a7e4e61458} not implemented, returning E_NOINTERFACE.
12946.652:0134:0194:warn:vkd3d-proton:d3d12_device_QueryInterface: {0742a90b-c387-483f-b946-30a7e4e61458} not implemented, returning E_NOINTERFACE.
12946.672:0134:019c:warn:vkd3d-proton:d3d12_device_QueryInterface: {0742a90b-c387-483f-b946-30a7e4e61458} not implemented, returning E_NOINTERFACE.
12946.687:0134:019c:warn:vkd3d-proton:d3d12_device_QueryInterface: {0742a90b-c387-483f-b946-30a7e4e61458} not implemented, returning E_NOINTERFACE.
12946.702:0134:0190:warn:vkd3d-proton:d3d12_device_QueryInterface: {0742a90b-c387-483f-b946-30a7e4e61458} not implemented, returning E_NOINTERFACE.
12946.722:0134:0190:warn:vkd3d-proton:d3d12_device_QueryInterface: {0742a90b-c387-483f-b946-30a7e4e61458} not implemented, returning E_NOINTERFACE.
12946.736:0134:019c:warn:vkd3d-proton:d3d12_device_QueryInterface: {0742a90b-c387-483f-b946-30a7e4e61458} not implemented, returning E_NOINTERFACE.
12946.752:0134:019c:warn:vkd3d-proton:d3d12_device_QueryInterface: {0742a90b-c387-483f-b946-30a7e4e61458} not implemented, returning E_NOINTERFACE.
12946.769:0134:0190:warn:vkd3d-proton:d3d12_device_QueryInterface: {0742a90b-c387-483f-b946-30a7e4e61458} not implemented, returning E_NOINTERFACE.
12946.785:0134:0190:warn:vkd3d-proton:d3d12_device_QueryInterface: {0742a90b-c387-483f-b946-30a7e4e61458} not implemented, returning E_NOINTERFACE.
12946.802:0134:019c:warn:vkd3d-proton:d3d12_device_QueryInterface: {0742a90b-c387-483f-b946-30a7e4e61458} not implemented, returning E_NOINTERFACE.
12946.821:0134:019c:warn:vkd3d-proton:d3d12_device_QueryInterface: {0742a90b-c387-483f-b946-30a7e4e61458} not implemented, returning E_NOINTERFACE.
12946.837:0134:0194:warn:vkd3d-proton:d3d12_device_QueryInterface: {0742a90b-c387-483f-b946-30a7e4e61458} not implemented, returning E_NOINTERFACE.
12946.852:0134:0194:warn:vkd3d-proton:d3d12_device_QueryInterface: {0742a90b-c387-483f-b946-30a7e4e61458} not implemented, returning E_NOINTERFACE.
12946.869:0134:0190:warn:vkd3d-proton:d3d12_device_QueryInterface: {0742a90b-c387-483f-b946-30a7e4e61458} not implemented, returning E_NOINTERFACE.
12946.886:0134:0190:warn:vkd3d-proton:d3d12_device_QueryInterface: {0742a90b-c387-483f-b946-30a7e4e61458} not implemented, returning E_NOINTERFACE.
12946.905:0134:0198:warn:vkd3d-proton:d3d12_device_QueryInterface: {0742a90b-c387-483f-b946-30a7e4e61458} not implemented, returning E_NOINTERFACE.
12946.921:0134:0198:warn:vkd3d-proton:d3d12_device_QueryInterface: {0742a90b-c387-483f-b946-30a7e4e61458} not implemented, returning E_NOINTERFACE.
12946.936:0134:019c:warn:vkd3d-proton:d3d12_device_QueryInterface: {0742a90b-c387-483f-b946-30a7e4e61458} not implemented, returning E_NOINTERFACE.
12946.953:0134:019c:warn:vkd3d-proton:d3d12_device_QueryInterface: {0742a90b-c387-483f-b946-30a7e4e61458} not implemented, returning E_NOINTERFACE.
12946.971:0134:0194:warn:vkd3d-proton:d3d12_device_QueryInterface: {0742a90b-c387-483f-b946-30a7e4e61458} not implemented, returning E_NOINTERFACE.
12946.985:0134:0194:warn:vkd3d-proton:d3d12_device_QueryInterface: {0742a90b-c387-483f-b946-30a7e4e61458} not implemented, returning E_NOINTERFACE.
12947.003:0134:019c:warn:vkd3d-proton:d3d12_device_QueryInterface: {0742a90b-c387-483f-b946-30a7e4e61458} not implemented, returning E_NOINTERFACE.
12947.019:0134:019c:warn:vkd3d-proton:d3d12_device_QueryInterface: {0742a90b-c387-483f-b946-30a7e4e61458} not implemented, returning E_NOINTERFACE.
12947.036:0134:0190:warn:vkd3d-proton:d3d12_device_QueryInterface: {0742a90b-c387-483f-b946-30a7e4e61458} not implemented, returning E_NOINTERFACE.
12947.053:0134:0190:warn:vkd3d-proton:d3d12_device_QueryInterface: {0742a90b-c387-483f-b946-30a7e4e61458} not implemented, returning E_NOINTERFACE.
12947.070:0134:019c:warn:vkd3d-proton:d3d12_device_QueryInterface: {0742a90b-c387-483f-b946-30a7e4e61458} not implemented, returning E_NOINTERFACE.
12947.087:0134:019c:warn:vkd3d-proton:d3d12_device_QueryInterface: {0742a90b-c387-483f-b946-30a7e4e61458} not implemented, returning E_NOINTERFACE.
12947.102:0134:0198:warn:vkd3d-proton:d3d12_device_QueryInterface: {0742a90b-c387-483f-b946-30a7e4e61458} not implemented, returning E_NOINTERFACE.
12947.119:0134:0198:warn:vkd3d-proton:d3d12_device_QueryInterface: {0742a90b-c387-483f-b946-30a7e4e61458} not implemented, returning E_NOINTERFACE.
12947.139:0134:0194:warn:vkd3d-proton:d3d12_device_QueryInterface: {0742a90b-c387-483f-b946-30a7e4e61458} not implemented, returning E_NOINTERFACE.
12947.153:0134:0194:warn:vkd3d-proton:d3d12_device_QueryInterface: {0742a90b-c387-483f-b946-30a7e4e61458} not implemented, returning E_NOINTERFACE.
12947.170:0134:019c:warn:vkd3d-proton:d3d12_device_QueryInterface: {0742a90b-c387-483f-b946-30a7e4e61458} not implemented, returning E_NOINTERFACE.
12947.187:0134:019c:warn:vkd3d-proton:d3d12_device_QueryInterface: {0742a90b-c387-483f-b946-30a7e4e61458} not implemented, returning E_NOINTERFACE.
12947.206:0134:0194:warn:vkd3d-proton:d3d12_device_QueryInterface: {0742a90b-c387-483f-b946-30a7e4e61458} not implemented, returning E_NOINTERFACE.
12947.222:0134:0194:warn:vkd3d-proton:d3d12_device_QueryInterface: {0742a90b-c387-483f-b946-30a7e4e61458} not implemented, returning E_NOINTERFACE.
12947.236:0134:0198:warn:vkd3d-proton:d3d12_device_QueryInterface: {0742a90b-c387-483f-b946-30a7e4e61458} not implemented, returning E_NOINTERFACE.
12947.254:0134:0198:warn:vkd3d-proton:d3d12_device_QueryInterface: {0742a90b-c387-483f-b946-30a7e4e61458} not implemented, returning E_NOINTERFACE.
12947.272:0134:019c:warn:vkd3d-proton:d3d12_device_QueryInterface: {0742a90b-c387-483f-b946-30a7e4e61458} not implemented, returning E_NOINTERFACE.
12947.287:0134:019c:warn:vkd3d-proton:d3d12_device_QueryInterface: {0742a90b-c387-483f-b946-30a7e4e61458} not implemented, returning E_NOINTERFACE.
12947.307:0134:0190:warn:vkd3d-proton:d3d12_device_QueryInterface: {0742a90b-c387-483f-b946-30a7e4e61458} not implemented, returning E_NOINTERFACE.
12947.320:0134:0190:warn:vkd3d-proton:d3d12_device_QueryInterface: {0742a90b-c387-483f-b946-30a7e4e61458} not implemented, returning E_NOINTERFACE.
12947.340:0134:019c:warn:vkd3d-proton:d3d12_device_QueryInterface: {0742a90b-c387-483f-b946-30a7e4e61458} not implemented, returning E_NOINTERFACE.
12947.353:0134:019c:warn:vkd3d-proton:d3d12_device_QueryInterface: {0742a90b-c387-483f-b946-30a7e4e61458} not implemented, returning E_NOINTERFACE.
12947.373:0134:0194:warn:vkd3d-proton:d3d12_device_QueryInterface: {0742a90b-c387-483f-b946-30a7e4e61458} not implemented, returning E_NOINTERFACE.
12947.389:0134:0194:warn:vkd3d-proton:d3d12_device_QueryInterface: {0742a90b-c387-483f-b946-30a7e4e61458} not implemented, returning E_NOINTERFACE.
12947.406:0134:0190:warn:vkd3d-proton:d3d12_device_QueryInterface: {0742a90b-c387-483f-b946-30a7e4e61458} not implemented, returning E_NOINTERFACE.
12947.422:0134:0190:warn:vkd3d-proton:d3d12_device_QueryInterface: {0742a90b-c387-483f-b946-30a7e4e61458} not implemented, returning E_NOINTERFACE.
12947.437:0134:019c:warn:vkd3d-proton:d3d12_device_QueryInterface: {0742a90b-c387-483f-b946-30a7e4e61458} not implemented, returning E_NOINTERFACE.
12947.456:0134:019c:warn:vkd3d-proton:d3d12_device_QueryInterface: {0742a90b-c387-483f-b946-30a7e4e61458} not implemented, returning E_NOINTERFACE.
12947.471:0134:0190:warn:vkd3d-proton:d3d12_device_QueryInterface: {0742a90b-c387-483f-b946-30a7e4e61458} not implemented, returning E_NOINTERFACE.
12947.487:0134:0190:warn:vkd3d-proton:d3d12_device_QueryInterface: {0742a90b-c387-483f-b946-30a7e4e61458} not implemented, returning E_NOINTERFACE.
12947.506:0134:0194:warn:vkd3d-proton:d3d12_device_QueryInterface: {0742a90b-c387-483f-b946-30a7e4e61458} not implemented, returning E_NOINTERFACE.
12947.522:0134:0194:warn:vkd3d-proton:d3d12_device_QueryInterface: {0742a90b-c387-483f-b946-30a7e4e61458} not implemented, returning E_NOINTERFACE.
12947.539:0134:0190:warn:vkd3d-proton:d3d12_device_QueryInterface: {0742a90b-c387-483f-b946-30a7e4e61458} not implemented, returning E_NOINTERFACE.
12947.555:0134:0190:warn:vkd3d-proton:d3d12_device_QueryInterface: {0742a90b-c387-483f-b946-30a7e4e61458} not implemented, returning E_NOINTERFACE.
12947.573:0134:0198:warn:vkd3d-proton:d3d12_device_QueryInterface: {0742a90b-c387-483f-b946-30a7e4e61458} not implemented, returning E_NOINTERFACE.
12947.589:0134:0198:warn:vkd3d-proton:d3d12_device_QueryInterface: {0742a90b-c387-483f-b946-30a7e4e61458} not implemented, returning E_NOINTERFACE.
12947.606:0134:0194:warn:vkd3d-proton:d3d12_device_QueryInterface: {0742a90b-c387-483f-b946-30a7e4e61458} not implemented, returning E_NOINTERFACE.
12947.622:0134:0194:warn:vkd3d-proton:d3d12_device_QueryInterface: {0742a90b-c387-483f-b946-30a7e4e61458} not implemented, returning E_NOINTERFACE.
12947.638:0134:0190:warn:vkd3d-proton:d3d12_device_QueryInterface: {0742a90b-c387-483f-b946-30a7e4e61458} not implemented, returning E_NOINTERFACE.
12947.654:0134:0190:warn:vkd3d-proton:d3d12_device_QueryInterface: {0742a90b-c387-483f-b946-30a7e4e61458} not implemented, returning E_NOINTERFACE.
12947.671:0134:0194:warn:vkd3d-proton:d3d12_device_QueryInterface: {0742a90b-c387-483f-b946-30a7e4e61458} not implemented, returning E_NOINTERFACE.
12947.687:0134:0194:warn:vkd3d-proton:d3d12_device_QueryInterface: {0742a90b-c387-483f-b946-30a7e4e61458} not implemented, returning E_NOINTERFACE.
12947.704:0134:0190:warn:vkd3d-proton:d3d12_device_QueryInterface: {0742a90b-c387-483f-b946-30a7e4e61458} not implemented, returning E_NOINTERFACE.
12947.720:0134:0190:warn:vkd3d-proton:d3d12_device_QueryInterface: {0742a90b-c387-483f-b946-30a7e4e61458} not implemented, returning E_NOINTERFACE.
12947.737:0134:0194:warn:vkd3d-proton:d3d12_device_QueryInterface: {0742a90b-c387-483f-b946-30a7e4e61458} not implemented, returning E_NOINTERFACE.
12947.754:0134:0194:warn:vkd3d-proton:d3d12_device_QueryInterface: {0742a90b-c387-483f-b946-30a7e4e61458} not implemented, returning E_NOINTERFACE.
12947.772:0134:019c:warn:vkd3d-proton:d3d12_device_QueryInterface: {0742a90b-c387-483f-b946-30a7e4e61458} not implemented, returning E_NOINTERFACE.
12947.787:0134:019c:warn:vkd3d-proton:d3d12_device_QueryInterface: {0742a90b-c387-483f-b946-30a7e4e61458} not implemented, returning E_NOINTERFACE.
12947.804:0134:0194:warn:vkd3d-proton:d3d12_device_QueryInterface: {0742a90b-c387-483f-b946-30a7e4e61458} not implemented, returning E_NOINTERFACE.
12947.821:0134:0194:warn:vkd3d-proton:d3d12_device_QueryInterface: {0742a90b-c387-483f-b946-30a7e4e61458} not implemented, returning E_NOINTERFACE.
12947.839:0134:019c:warn:vkd3d-proton:d3d12_device_QueryInterface: {0742a90b-c387-483f-b946-30a7e4e61458} not implemented, returning E_NOINTERFACE.
12947.855:0134:019c:warn:vkd3d-proton:d3d12_device_QueryInterface: {0742a90b-c387-483f-b946-30a7e4e61458} not implemented, returning E_NOINTERFACE.
12947.871:0134:0194:warn:vkd3d-proton:d3d12_device_QueryInterface: {0742a90b-c387-483f-b946-30a7e4e61458} not implemented, returning E_NOINTERFACE.
12947.887:0134:0194:warn:vkd3d-proton:d3d12_device_QueryInterface: {0742a90b-c387-483f-b946-30a7e4e61458} not implemented, returning E_NOINTERFACE.
12947.906:0134:0198:warn:vkd3d-proton:d3d12_device_QueryInterface: {0742a90b-c387-483f-b946-30a7e4e61458} not implemented, returning E_NOINTERFACE.
12947.921:0134:0198:warn:vkd3d-proton:d3d12_device_QueryInterface: {0742a90b-c387-483f-b946-30a7e4e61458} not implemented, returning E_NOINTERFACE.
12947.938:0134:0194:warn:vkd3d-proton:d3d12_device_QueryInterface: {0742a90b-c387-483f-b946-30a7e4e61458} not implemented, returning E_NOINTERFACE.
12947.954:0134:0194:warn:vkd3d-proton:d3d12_device_QueryInterface: {0742a90b-c387-483f-b946-30a7e4e61458} not implemented, returning E_NOINTERFACE.
12947.971:0134:019c:warn:vkd3d-proton:d3d12_device_QueryInterface: {0742a90b-c387-483f-b946-30a7e4e61458} not implemented, returning E_NOINTERFACE.
12947.988:0134:019c:warn:vkd3d-proton:d3d12_device_QueryInterface: {0742a90b-c387-483f-b946-30a7e4e61458} not implemented, returning E_NOINTERFACE.
12948.007:0134:0190:warn:vkd3d-proton:d3d12_device_QueryInterface: {0742a90b-c387-483f-b946-30a7e4e61458} not implemented, returning E_NOINTERFACE.
12948.022:0134:0190:warn:vkd3d-proton:d3d12_device_QueryInterface: {0742a90b-c387-483f-b946-30a7e4e61458} not implemented, returning E_NOINTERFACE.
12948.038:0134:0194:warn:vkd3d-proton:d3d12_device_QueryInterface: {0742a90b-c387-483f-b946-30a7e4e61458} not implemented, returning E_NOINTERFACE.
12948.054:0134:0194:warn:vkd3d-proton:d3d12_device_QueryInterface: {0742a90b-c387-483f-b946-30a7e4e61458} not implemented, returning E_NOINTERFACE.
12948.072:0134:0190:warn:vkd3d-proton:d3d12_device_QueryInterface: {0742a90b-c387-483f-b946-30a7e4e61458} not implemented, returning E_NOINTERFACE.
12948.090:0134:0190:warn:vkd3d-proton:d3d12_device_QueryInterface: {0742a90b-c387-483f-b946-30a7e4e61458} not implemented, returning E_NOINTERFACE.
12948.105:0134:0198:warn:vkd3d-proton:d3d12_device_QueryInterface: {0742a90b-c387-483f-b946-30a7e4e61458} not implemented, returning E_NOINTERFACE.
12948.121:0134:0198:warn:vkd3d-proton:d3d12_device_QueryInterface: {0742a90b-c387-483f-b946-30a7e4e61458} not implemented, returning E_NOINTERFACE.
12948.140:0134:0190:warn:vkd3d-proton:d3d12_device_QueryInterface: {0742a90b-c387-483f-b946-30a7e4e61458} not implemented, returning E_NOINTERFACE.
12948.155:0134:0190:warn:vkd3d-proton:d3d12_device_QueryInterface: {0742a90b-c387-483f-b946-30a7e4e61458} not implemented, returning E_NOINTERFACE.
12948.172:0134:0198:warn:vkd3d-proton:d3d12_device_QueryInterface: {0742a90b-c387-483f-b946-30a7e4e61458} not implemented, returning E_NOINTERFACE.
12948.188:0134:0198:warn:vkd3d-proton:d3d12_device_QueryInterface: {0742a90b-c387-483f-b946-30a7e4e61458} not implemented, returning E_NOINTERFACE.
12948.204:0134:0194:warn:vkd3d-proton:d3d12_device_QueryInterface: {0742a90b-c387-483f-b946-30a7e4e61458} not implemented, returning E_NOINTERFACE.
12948.222:0134:0194:warn:vkd3d-proton:d3d12_device_QueryInterface: {0742a90b-c387-483f-b946-30a7e4e61458} not implemented, returning E_NOINTERFACE.
12948.239:0134:0190:warn:vkd3d-proton:d3d12_device_QueryInterface: {0742a90b-c387-483f-b946-30a7e4e61458} not implemented, returning E_NOINTERFACE.
12948.255:0134:0190:warn:vkd3d-proton:d3d12_device_QueryInterface: {0742a90b-c387-483f-b946-30a7e4e61458} not implemented, returning E_NOINTERFACE.
12948.271:0134:0194:warn:vkd3d-proton:d3d12_device_QueryInterface: {0742a90b-c387-483f-b946-30a7e4e61458} not implemented, returning E_NOINTERFACE.
12948.289:0134:0194:warn:vkd3d-proton:d3d12_device_QueryInterface: {0742a90b-c387-483f-b946-30a7e4e61458} not implemented, returning E_NOINTERFACE.
12948.306:0134:0190:warn:vkd3d-proton:d3d12_device_QueryInterface: {0742a90b-c387-483f-b946-30a7e4e61458} not implemented, returning E_NOINTERFACE.
12948.323:0134:0190:warn:vkd3d-proton:d3d12_device_QueryInterface: {0742a90b-c387-483f-b946-30a7e4e61458} not implemented, returning E_NOINTERFACE.
12948.338:0134:019c:warn:vkd3d-proton:d3d12_device_QueryInterface: {0742a90b-c387-483f-b946-30a7e4e61458} not implemented, returning E_NOINTERFACE.
12948.355:0134:019c:warn:vkd3d-proton:d3d12_device_QueryInterface: {0742a90b-c387-483f-b946-30a7e4e61458} not implemented, returning E_NOINTERFACE.
12948.371:0134:0194:warn:vkd3d-proton:d3d12_device_QueryInterface: {0742a90b-c387-483f-b946-30a7e4e61458} not implemented, returning E_NOINTERFACE.
12948.391:0134:0194:warn:vkd3d-proton:d3d12_device_QueryInterface: {0742a90b-c387-483f-b946-30a7e4e61458} not implemented, returning E_NOINTERFACE.
12948.407:0134:0198:warn:vkd3d-proton:d3d12_device_QueryInterface: {0742a90b-c387-483f-b946-30a7e4e61458} not implemented, returning E_NOINTERFACE.
12948.425:0134:0198:warn:vkd3d-proton:d3d12_device_QueryInterface: {0742a90b-c387-483f-b946-30a7e4e61458} not implemented, returning E_NOINTERFACE.
12948.440:0134:0190:warn:vkd3d-proton:d3d12_device_QueryInterface: {0742a90b-c387-483f-b946-30a7e4e61458} not implemented, returning E_NOINTERFACE.
12948.457:0134:0190:warn:vkd3d-proton:d3d12_device_QueryInterface: {0742a90b-c387-483f-b946-30a7e4e61458} not implemented, returning E_NOINTERFACE.
12948.473:0134:0194:warn:vkd3d-proton:d3d12_device_QueryInterface: {0742a90b-c387-483f-b946-30a7e4e61458} not implemented, returning E_NOINTERFACE.
12948.491:0134:0194:warn:vkd3d-proton:d3d12_device_QueryInterface: {0742a90b-c387-483f-b946-30a7e4e61458} not implemented, returning E_NOINTERFACE.
12948.507:0134:0190:warn:vkd3d-proton:d3d12_device_QueryInterface: {0742a90b-c387-483f-b946-30a7e4e61458} not implemented, returning E_NOINTERFACE.
12948.521:0134:0190:warn:vkd3d-proton:d3d12_device_QueryInterface: {0742a90b-c387-483f-b946-30a7e4e61458} not implemented, returning E_NOINTERFACE.
12948.539:0134:019c:warn:vkd3d-proton:d3d12_device_QueryInterface: {0742a90b-c387-483f-b946-30a7e4e61458} not implemented, returning E_NOINTERFACE.
12948.555:0134:019c:warn:vkd3d-proton:d3d12_device_QueryInterface: {0742a90b-c387-483f-b946-30a7e4e61458} not implemented, returning E_NOINTERFACE.
12948.572:0134:0198:warn:vkd3d-proton:d3d12_device_QueryInterface: {0742a90b-c387-483f-b946-30a7e4e61458} not implemented, returning E_NOINTERFACE.
12948.590:0134:0198:warn:vkd3d-proton:d3d12_device_QueryInterface: {0742a90b-c387-483f-b946-30a7e4e61458} not implemented, returning E_NOINTERFACE.
12948.606:0134:0194:warn:vkd3d-proton:d3d12_device_QueryInterface: {0742a90b-c387-483f-b946-30a7e4e61458} not implemented, returning E_NOINTERFACE.
12948.625:0134:0194:warn:vkd3d-proton:d3d12_device_QueryInterface: {0742a90b-c387-483f-b946-30a7e4e61458} not implemented, returning E_NOINTERFACE.
12948.641:0134:0198:warn:vkd3d-proton:d3d12_device_QueryInterface: {0742a90b-c387-483f-b946-30a7e4e61458} not implemented, returning E_NOINTERFACE.
12948.659:0134:0198:warn:vkd3d-proton:d3d12_device_QueryInterface: {0742a90b-c387-483f-b946-30a7e4e61458} not implemented, returning E_NOINTERFACE.
12948.673:0134:0194:warn:vkd3d-proton:d3d12_device_QueryInterface: {0742a90b-c387-483f-b946-30a7e4e61458} not implemented, returning E_NOINTERFACE.
12948.690:0134:0194:warn:vkd3d-proton:d3d12_device_QueryInterface: {0742a90b-c387-483f-b946-30a7e4e61458} not implemented, returning E_NOINTERFACE.
12948.706:0134:019c:warn:vkd3d-proton:d3d12_device_QueryInterface: {0742a90b-c387-483f-b946-30a7e4e61458} not implemented, returning E_NOINTERFACE.
12948.723:0134:019c:warn:vkd3d-proton:d3d12_device_QueryInterface: {0742a90b-c387-483f-b946-30a7e4e61458} not implemented, returning E_NOINTERFACE.
12948.739:0134:0198:warn:vkd3d-proton:d3d12_device_QueryInterface: {0742a90b-c387-483f-b946-30a7e4e61458} not implemented, returning E_NOINTERFACE.
12948.756:0134:0198:warn:vkd3d-proton:d3d12_device_QueryInterface: {0742a90b-c387-483f-b946-30a7e4e61458} not implemented, returning E_NOINTERFACE.
12948.773:0134:0194:warn:vkd3d-proton:d3d12_device_QueryInterface: {0742a90b-c387-483f-b946-30a7e4e61458} not implemented, returning E_NOINTERFACE.
12948.792:0134:0194:warn:vkd3d-proton:d3d12_device_QueryInterface: {0742a90b-c387-483f-b946-30a7e4e61458} not implemented, returning E_NOINTERFACE.
12948.808:0134:0198:warn:vkd3d-proton:d3d12_device_QueryInterface: {0742a90b-c387-483f-b946-30a7e4e61458} not implemented, returning E_NOINTERFACE.
12948.825:0134:0198:warn:vkd3d-proton:d3d12_device_QueryInterface: {0742a90b-c387-483f-b946-30a7e4e61458} not implemented, returning E_NOINTERFACE.
12948.840:0134:019c:warn:vkd3d-proton:d3d12_device_QueryInterface: {0742a90b-c387-483f-b946-30a7e4e61458} not implemented, returning E_NOINTERFACE.
12948.856:0134:019c:warn:vkd3d-proton:d3d12_device_QueryInterface: {0742a90b-c387-483f-b946-30a7e4e61458} not implemented, returning E_NOINTERFACE.
12948.874:0134:0198:warn:vkd3d-proton:d3d12_device_QueryInterface: {0742a90b-c387-483f-b946-30a7e4e61458} not implemented, returning E_NOINTERFACE.
12948.889:0134:0198:warn:vkd3d-proton:d3d12_device_QueryInterface: {0742a90b-c387-483f-b946-30a7e4e61458} not implemented, returning E_NOINTERFACE.
12948.906:0134:019c:warn:vkd3d-proton:d3d12_device_QueryInterface: {0742a90b-c387-483f-b946-30a7e4e61458} not implemented, returning E_NOINTERFACE.
12948.924:0134:019c:warn:vkd3d-proton:d3d12_device_QueryInterface: {0742a90b-c387-483f-b946-30a7e4e61458} not implemented, returning E_NOINTERFACE.
12948.942:0134:0198:warn:vkd3d-proton:d3d12_device_QueryInterface: {0742a90b-c387-483f-b946-30a7e4e61458} not implemented, returning E_NOINTERFACE.
12948.958:0134:0198:warn:vkd3d-proton:d3d12_device_QueryInterface: {0742a90b-c387-483f-b946-30a7e4e61458} not implemented, returning E_NOINTERFACE.
12948.973:0134:0190:warn:vkd3d-proton:d3d12_device_QueryInterface: {0742a90b-c387-483f-b946-30a7e4e61458} not implemented, returning E_NOINTERFACE.
12948.993:0134:0190:warn:vkd3d-proton:d3d12_device_QueryInterface: {0742a90b-c387-483f-b946-30a7e4e61458} not implemented, returning E_NOINTERFACE.
12949.006:0134:0198:warn:vkd3d-proton:d3d12_device_QueryInterface: {0742a90b-c387-483f-b946-30a7e4e61458} not implemented, returning E_NOINTERFACE.
12949.024:0134:0198:warn:vkd3d-proton:d3d12_device_QueryInterface: {0742a90b-c387-483f-b946-30a7e4e61458} not implemented, returning E_NOINTERFACE.
12949.040:0134:0190:warn:vkd3d-proton:d3d12_device_QueryInterface: {0742a90b-c387-483f-b946-30a7e4e61458} not implemented, returning E_NOINTERFACE.
12949.056:0134:0190:warn:vkd3d-proton:d3d12_device_QueryInterface: {0742a90b-c387-483f-b946-30a7e4e61458} not implemented, returning E_NOINTERFACE.
12949.072:0134:019c:warn:vkd3d-proton:d3d12_device_QueryInterface: {0742a90b-c387-483f-b946-30a7e4e61458} not implemented, returning E_NOINTERFACE.
12949.089:0134:019c:warn:vkd3d-proton:d3d12_device_QueryInterface: {0742a90b-c387-483f-b946-30a7e4e61458} not implemented, returning E_NOINTERFACE.
12949.106:0134:0194:warn:vkd3d-proton:d3d12_device_QueryInterface: {0742a90b-c387-483f-b946-30a7e4e61458} not implemented, returning E_NOINTERFACE.
12949.122:0134:0194:warn:vkd3d-proton:d3d12_device_QueryInterface: {0742a90b-c387-483f-b946-30a7e4e61458} not implemented, returning E_NOINTERFACE.
12949.140:0134:0190:warn:vkd3d-proton:d3d12_device_QueryInterface: {0742a90b-c387-483f-b946-30a7e4e61458} not implemented, returning E_NOINTERFACE.
12949.157:0134:0190:warn:vkd3d-proton:d3d12_device_QueryInterface: {0742a90b-c387-483f-b946-30a7e4e61458} not implemented, returning E_NOINTERFACE.
12949.175:0134:019c:warn:vkd3d-proton:d3d12_device_QueryInterface: {0742a90b-c387-483f-b946-30a7e4e61458} not implemented, returning E_NOINTERFACE.
12949.193:0134:019c:warn:vkd3d-proton:d3d12_device_QueryInterface: {0742a90b-c387-483f-b946-30a7e4e61458} not implemented, returning E_NOINTERFACE.
12949.206:0134:0194:warn:vkd3d-proton:d3d12_device_QueryInterface: {0742a90b-c387-483f-b946-30a7e4e61458} not implemented, returning E_NOINTERFACE.
12949.222:0134:0194:warn:vkd3d-proton:d3d12_device_QueryInterface: {0742a90b-c387-483f-b946-30a7e4e61458} not implemented, returning E_NOINTERFACE.
12949.240:0134:019c:warn:vkd3d-proton:d3d12_device_QueryInterface: {0742a90b-c387-483f-b946-30a7e4e61458} not implemented, returning E_NOINTERFACE.
12949.258:0134:019c:warn:vkd3d-proton:d3d12_device_QueryInterface: {0742a90b-c387-483f-b946-30a7e4e61458} not implemented, returning E_NOINTERFACE.
12949.274:0134:0190:warn:vkd3d-proton:d3d12_device_QueryInterface: {0742a90b-c387-483f-b946-30a7e4e61458} not implemented, returning E_NOINTERFACE.
12949.291:0134:0190:warn:vkd3d-proton:d3d12_device_QueryInterface: {0742a90b-c387-483f-b946-30a7e4e61458} not implemented, returning E_NOINTERFACE.
12949.308:0134:0198:warn:vkd3d-proton:d3d12_device_QueryInterface: {0742a90b-c387-483f-b946-30a7e4e61458} not implemented, returning E_NOINTERFACE.
12949.453:0134:019c:warn:vkd3d-proton:d3d12_device_QueryInterface: {0742a90b-c387-483f-b946-30a7e4e61458} not implemented, returning E_NOINTERFACE.
12949.478:0134:0190:warn:vkd3d-proton:d3d12_device_QueryInterface: {0742a90b-c387-483f-b946-30a7e4e61458} not implemented, returning E_NOINTERFACE.
12949.486:0134:019c:warn:vkd3d-proton:d3d12_device_QueryInterface: {0742a90b-c387-483f-b946-30a7e4e61458} not implemented, returning E_NOINTERFACE.
12949.498:0134:0190:warn:vkd3d-proton:d3d12_device_QueryInterface: {0742a90b-c387-483f-b946-30a7e4e61458} not implemented, returning E_NOINTERFACE.
12949.509:0134:0198:warn:vkd3d-proton:d3d12_device_QueryInterface: {0742a90b-c387-483f-b946-30a7e4e61458} not implemented, returning E_NOINTERFACE.
12949.524:0134:0190:warn:vkd3d-proton:d3d12_device_QueryInterface: {0742a90b-c387-483f-b946-30a7e4e61458} not implemented, returning E_NOINTERFACE.
12949.539:0134:0194:warn:vkd3d-proton:d3d12_device_QueryInterface: {0742a90b-c387-483f-b946-30a7e4e61458} not implemented, returning E_NOINTERFACE.
12949.558:0134:0194:warn:vkd3d-proton:d3d12_device_QueryInterface: {0742a90b-c387-483f-b946-30a7e4e61458} not implemented, returning E_NOINTERFACE.
12949.574:0134:0190:warn:vkd3d-proton:d3d12_device_QueryInterface: {0742a90b-c387-483f-b946-30a7e4e61458} not implemented, returning E_NOINTERFACE.
12949.590:0134:0190:warn:vkd3d-proton:d3d12_device_QueryInterface: {0742a90b-c387-483f-b946-30a7e4e61458} not implemented, returning E_NOINTERFACE.
12949.610:0134:0194:warn:vkd3d-proton:d3d12_device_QueryInterface: {0742a90b-c387-483f-b946-30a7e4e61458} not implemented, returning E_NOINTERFACE.
12949.624:0134:0194:warn:vkd3d-proton:d3d12_device_QueryInterface: {0742a90b-c387-483f-b946-30a7e4e61458} not implemented, returning E_NOINTERFACE.
12949.642:0134:0190:warn:vkd3d-proton:d3d12_device_QueryInterface: {0742a90b-c387-483f-b946-30a7e4e61458} not implemented, returning E_NOINTERFACE.
12949.656:0134:0190:warn:vkd3d-proton:d3d12_device_QueryInterface: {0742a90b-c387-483f-b946-30a7e4e61458} not implemented, returning E_NOINTERFACE.
12949.674:0134:019c:warn:vkd3d-proton:d3d12_device_QueryInterface: {0742a90b-c387-483f-b946-30a7e4e61458} not implemented, returning E_NOINTERFACE.
12949.813:0134:019c:warn:vkd3d-proton:d3d12_device_QueryInterface: {0742a90b-c387-483f-b946-30a7e4e61458} not implemented, returning E_NOINTERFACE.
12949.815:0134:019c:warn:vkd3d-proton:d3d12_device_QueryInterface: {0742a90b-c387-483f-b946-30a7e4e61458} not implemented, returning E_NOINTERFACE.
12949.828:0134:0194:warn:vkd3d-proton:d3d12_device_QueryInterface: {0742a90b-c387-483f-b946-30a7e4e61458} not implemented, returning E_NOINTERFACE.
12949.836:0134:019c:warn:vkd3d-proton:d3d12_device_QueryInterface: {0742a90b-c387-483f-b946-30a7e4e61458} not implemented, returning E_NOINTERFACE.
12949.848:0134:0198:warn:vkd3d-proton:d3d12_device_QueryInterface: {0742a90b-c387-483f-b946-30a7e4e61458} not implemented, returning E_NOINTERFACE.
12949.859:0134:019c:warn:vkd3d-proton:d3d12_device_QueryInterface: {0742a90b-c387-483f-b946-30a7e4e61458} not implemented, returning E_NOINTERFACE.
12949.876:0134:0198:warn:vkd3d-proton:d3d12_device_QueryInterface: {0742a90b-c387-483f-b946-30a7e4e61458} not implemented, returning E_NOINTERFACE.
12949.891:0134:0198:warn:vkd3d-proton:d3d12_device_QueryInterface: {0742a90b-c387-483f-b946-30a7e4e61458} not implemented, returning E_NOINTERFACE.
12949.895:0134:018c:info:vkd3d-proton:d3d12_command_signature_create: cmdsig-debug: nargs=2 ByteStride=32 action_offset=8 state_template=1 pipeline_type=1
12949.895:0134:018c:info:vkd3d-proton:d3d12_command_signature_create: cmdsig-debug:   arg[0] type=5
12949.895:0134:018c:info:vkd3d-proton:d3d12_command_signature_create: cmdsig-debug:   arg[1] type=1
12949.911:0134:019c:warn:vkd3d-proton:d3d12_device_QueryInterface: {0742a90b-c387-483f-b946-30a7e4e61458} not implemented, returning E_NOINTERFACE.
12949.915:0134:0188:info:vkd3d-proton:d3d12_command_signature_create: cmdsig-debug: nargs=2 ByteStride=32 action_offset=8 state_template=1 pipeline_type=1
12949.916:0134:0188:info:vkd3d-proton:d3d12_command_signature_create: cmdsig-debug:   arg[0] type=5
12949.916:0134:0188:info:vkd3d-proton:d3d12_command_signature_create: cmdsig-debug:   arg[1] type=1
12949.925:0134:0180:info:vkd3d-proton:d3d12_command_signature_create: cmdsig-debug: nargs=2 ByteStride=32 action_offset=8 state_template=1 pipeline_type=1
12949.925:0134:0180:info:vkd3d-proton:d3d12_command_signature_create: cmdsig-debug:   arg[0] type=5
12949.925:0134:0180:info:vkd3d-proton:d3d12_command_signature_create: cmdsig-debug:   arg[1] type=1
12949.928:0134:019c:warn:vkd3d-proton:d3d12_device_QueryInterface: {0742a90b-c387-483f-b946-30a7e4e61458} not implemented, returning E_NOINTERFACE.
12949.929:0134:0180:info:vkd3d-proton:d3d12_command_signature_create: cmdsig-debug: nargs=2 ByteStride=32 action_offset=8 state_template=1 pipeline_type=1
12949.929:0134:0180:info:vkd3d-proton:d3d12_command_signature_create: cmdsig-debug:   arg[0] type=5
12949.929:0134:0180:info:vkd3d-proton:d3d12_command_signature_create: cmdsig-debug:   arg[1] type=1
12949.939:0134:017c:info:vkd3d-proton:d3d12_command_signature_create: cmdsig-debug: nargs=2 ByteStride=32 action_offset=8 state_template=1 pipeline_type=1
12949.941:0134:017c:info:vkd3d-proton:d3d12_command_signature_create: cmdsig-debug:   arg[0] type=5
12949.941:0134:017c:info:vkd3d-proton:d3d12_command_signature_create: cmdsig-debug:   arg[1] type=1
12949.943:0134:017c:info:vkd3d-proton:d3d12_command_signature_create: cmdsig-debug: nargs=2 ByteStride=32 action_offset=8 state_template=1 pipeline_type=1
12949.943:0134:017c:info:vkd3d-proton:d3d12_command_signature_create: cmdsig-debug:   arg[0] type=5
12949.944:0134:017c:info:vkd3d-proton:d3d12_command_signature_create: cmdsig-debug:   arg[1] type=1
12949.949:0134:0194:warn:vkd3d-proton:d3d12_device_QueryInterface: {0742a90b-c387-483f-b946-30a7e4e61458} not implemented, returning E_NOINTERFACE.
12949.958:0134:0194:warn:vkd3d-proton:d3d12_device_QueryInterface: {0742a90b-c387-483f-b946-30a7e4e61458} not implemented, returning E_NOINTERFACE.
12949.976:0134:0198:warn:vkd3d-proton:d3d12_device_QueryInterface: {0742a90b-c387-483f-b946-30a7e4e61458} not implemented, returning E_NOINTERFACE.
12949.996:0134:0198:warn:vkd3d-proton:d3d12_device_QueryInterface: {0742a90b-c387-483f-b946-30a7e4e61458} not implemented, returning E_NOINTERFACE.
12950.009:0134:019c:warn:vkd3d-proton:d3d12_device_QueryInterface: {0742a90b-c387-483f-b946-30a7e4e61458} not implemented, returning E_NOINTERFACE.
12950.026:0134:019c:warn:vkd3d-proton:d3d12_device_QueryInterface: {0742a90b-c387-483f-b946-30a7e4e61458} not implemented, returning E_NOINTERFACE.
12950.030:0134:0188:info:vkd3d-proton:d3d12_command_signature_create: cmdsig-debug: nargs=2 ByteStride=32 action_offset=8 state_template=1 pipeline_type=1
12950.030:0134:0188:info:vkd3d-proton:d3d12_command_signature_create: cmdsig-debug:   arg[0] type=5
12950.030:0134:0188:info:vkd3d-proton:d3d12_command_signature_create: cmdsig-debug:   arg[1] type=1
12950.046:0134:0198:warn:vkd3d-proton:d3d12_device_QueryInterface: {0742a90b-c387-483f-b946-30a7e4e61458} not implemented, returning E_NOINTERFACE.
12950.060:0134:0198:warn:vkd3d-proton:d3d12_device_QueryInterface: {0742a90b-c387-483f-b946-30a7e4e61458} not implemented, returning E_NOINTERFACE.
12950.077:0134:0194:warn:vkd3d-proton:d3d12_device_QueryInterface: {0742a90b-c387-483f-b946-30a7e4e61458} not implemented, returning E_NOINTERFACE.
12950.091:0134:019c:warn:vkd3d-proton:d3d12_device_QueryInterface: {0742a90b-c387-483f-b946-30a7e4e61458} not implemented, returning E_NOINTERFACE.
12950.108:0134:0198:warn:vkd3d-proton:d3d12_device_QueryInterface: {0742a90b-c387-483f-b946-30a7e4e61458} not implemented, returning E_NOINTERFACE.
12950.126:0134:0198:warn:vkd3d-proton:d3d12_device_QueryInterface: {0742a90b-c387-483f-b946-30a7e4e61458} not implemented, returning E_NOINTERFACE.
12950.144:0134:019c:warn:vkd3d-proton:d3d12_device_QueryInterface: {0742a90b-c387-483f-b946-30a7e4e61458} not implemented, returning E_NOINTERFACE.
12950.159:0134:019c:warn:vkd3d-proton:d3d12_device_QueryInterface: {0742a90b-c387-483f-b946-30a7e4e61458} not implemented, returning E_NOINTERFACE.
12950.178:0134:019c:warn:vkd3d-proton:d3d12_device_QueryInterface: {0742a90b-c387-483f-b946-30a7e4e61458} not implemented, returning E_NOINTERFACE.
12950.183:0134:017c:info:vkd3d-proton:d3d12_command_signature_create: cmdsig-debug: nargs=2 ByteStride=32 action_offset=8 state_template=1 pipeline_type=1
12950.183:0134:017c:info:vkd3d-proton:d3d12_command_signature_create: cmdsig-debug:   arg[0] type=5
12950.183:0134:017c:info:vkd3d-proton:d3d12_command_signature_create: cmdsig-debug:   arg[1] type=1
12950.198:0134:0194:warn:vkd3d-proton:d3d12_device_QueryInterface: {0742a90b-c387-483f-b946-30a7e4e61458} not implemented, returning E_NOINTERFACE.
12950.211:0134:0194:warn:vkd3d-proton:d3d12_device_QueryInterface: {0742a90b-c387-483f-b946-30a7e4e61458} not implemented, returning E_NOINTERFACE.
12950.227:0134:0194:warn:vkd3d-proton:d3d12_device_QueryInterface: {0742a90b-c387-483f-b946-30a7e4e61458} not implemented, returning E_NOINTERFACE.
12950.255:0134:0198:warn:vkd3d-proton:d3d12_device_QueryInterface: {0742a90b-c387-483f-b946-30a7e4e61458} not implemented, returning E_NOINTERFACE.
12950.260:0134:0198:warn:vkd3d-proton:d3d12_device_QueryInterface: {0742a90b-c387-483f-b946-30a7e4e61458} not implemented, returning E_NOINTERFACE.
12950.276:0134:019c:warn:vkd3d-proton:d3d12_device_QueryInterface: {0742a90b-c387-483f-b946-30a7e4e61458} not implemented, returning E_NOINTERFACE.
12950.293:0134:0198:warn:vkd3d-proton:d3d12_device_QueryInterface: {0742a90b-c387-483f-b946-30a7e4e61458} not implemented, returning E_NOINTERFACE.
12950.315:0134:019c:warn:vkd3d-proton:d3d12_device_QueryInterface: {0742a90b-c387-483f-b946-30a7e4e61458} not implemented, returning E_NOINTERFACE.
12950.326:0134:019c:warn:vkd3d-proton:d3d12_device_QueryInterface: {0742a90b-c387-483f-b946-30a7e4e61458} not implemented, returning E_NOINTERFACE.
12950.340:0134:018c:info:vkd3d-proton:d3d12_command_signature_create: cmdsig-debug: nargs=2 ByteStride=32 action_offset=8 state_template=1 pipeline_type=1
12950.340:0134:018c:info:vkd3d-proton:d3d12_command_signature_create: cmdsig-debug:   arg[0] type=5
12950.340:0134:018c:info:vkd3d-proton:d3d12_command_signature_create: cmdsig-debug:   arg[1] type=1
12950.346:0134:0194:warn:vkd3d-proton:d3d12_device_QueryInterface: {0742a90b-c387-483f-b946-30a7e4e61458} not implemented, returning E_NOINTERFACE.
12950.363:0134:0194:warn:vkd3d-proton:d3d12_device_QueryInterface: {0742a90b-c387-483f-b946-30a7e4e61458} not implemented, returning E_NOINTERFACE.
12950.370:0134:0188:info:vkd3d-proton:d3d12_command_signature_create: cmdsig-debug: nargs=2 ByteStride=32 action_offset=8 state_template=1 pipeline_type=1
12950.370:0134:0188:info:vkd3d-proton:d3d12_command_signature_create: cmdsig-debug:   arg[0] type=5
12950.370:0134:0188:info:vkd3d-proton:d3d12_command_signature_create: cmdsig-debug:   arg[1] type=1
12950.379:0134:0194:warn:vkd3d-proton:d3d12_device_QueryInterface: {0742a90b-c387-483f-b946-30a7e4e61458} not implemented, returning E_NOINTERFACE.
12950.392:0134:0194:warn:vkd3d-proton:d3d12_device_QueryInterface: {0742a90b-c387-483f-b946-30a7e4e61458} not implemented, returning E_NOINTERFACE.
12950.412:0134:0198:warn:vkd3d-proton:d3d12_device_QueryInterface: {0742a90b-c387-483f-b946-30a7e4e61458} not implemented, returning E_NOINTERFACE.
12950.425:0134:0198:warn:vkd3d-proton:d3d12_device_QueryInterface: {0742a90b-c387-483f-b946-30a7e4e61458} not implemented, returning E_NOINTERFACE.
12950.443:0134:0198:warn:vkd3d-proton:d3d12_device_QueryInterface: {0742a90b-c387-483f-b946-30a7e4e61458} not implemented, returning E_NOINTERFACE.
12950.462:0134:019c:warn:vkd3d-proton:d3d12_device_QueryInterface: {0742a90b-c387-483f-b946-30a7e4e61458} not implemented, returning E_NOINTERFACE.
12950.477:0134:0198:warn:vkd3d-proton:d3d12_device_QueryInterface: {0742a90b-c387-483f-b946-30a7e4e61458} not implemented, returning E_NOINTERFACE.
12950.484:0134:0188:info:vkd3d-proton:d3d12_command_signature_create: cmdsig-debug: nargs=2 ByteStride=32 action_offset=4 state_template=1 pipeline_type=1
12950.484:0134:0188:info:vkd3d-proton:d3d12_command_signature_create: cmdsig-debug:   arg[0] type=5
12950.484:0134:0188:info:vkd3d-proton:d3d12_command_signature_create: cmdsig-debug:   arg[1] type=1
12950.494:0134:0198:warn:vkd3d-proton:d3d12_device_QueryInterface: {0742a90b-c387-483f-b946-30a7e4e61458} not implemented, returning E_NOINTERFACE.
12950.506:0134:0180:info:vkd3d-proton:d3d12_command_signature_create: cmdsig-debug: nargs=2 ByteStride=32 action_offset=4 state_template=1 pipeline_type=1
12950.506:0134:0180:info:vkd3d-proton:d3d12_command_signature_create: cmdsig-debug:   arg[0] type=5
12950.506:0134:0180:info:vkd3d-proton:d3d12_command_signature_create: cmdsig-debug:   arg[1] type=1
12950.517:0134:0198:warn:vkd3d-proton:d3d12_device_QueryInterface: {0742a90b-c387-483f-b946-30a7e4e61458} not implemented, returning E_NOINTERFACE.
12950.528:0134:0198:warn:vkd3d-proton:d3d12_device_QueryInterface: {0742a90b-c387-483f-b946-30a7e4e61458} not implemented, returning E_NOINTERFACE.
12950.545:0134:019c:warn:vkd3d-proton:d3d12_device_QueryInterface: {0742a90b-c387-483f-b946-30a7e4e61458} not implemented, returning E_NOINTERFACE.
12950.561:0134:0194:warn:vkd3d-proton:d3d12_device_QueryInterface: {0742a90b-c387-483f-b946-30a7e4e61458} not implemented, returning E_NOINTERFACE.
12950.570:0134:0184:info:vkd3d-proton:d3d12_command_signature_create: cmdsig-debug: nargs=2 ByteStride=32 action_offset=8 state_template=1 pipeline_type=1
12950.571:0134:0184:info:vkd3d-proton:d3d12_command_signature_create: cmdsig-debug:   arg[0] type=5
12950.571:0134:0184:info:vkd3d-proton:d3d12_command_signature_create: cmdsig-debug:   arg[1] type=1
12950.571:0134:018c:info:vkd3d-proton:d3d12_command_signature_create: cmdsig-debug: nargs=2 ByteStride=32 action_offset=8 state_template=1 pipeline_type=1
12950.572:0134:018c:info:vkd3d-proton:d3d12_command_signature_create: cmdsig-debug:   arg[0] type=5
12950.572:0134:018c:info:vkd3d-proton:d3d12_command_signature_create: cmdsig-debug:   arg[1] type=1
12950.577:0134:0194:warn:vkd3d-proton:d3d12_device_QueryInterface: {0742a90b-c387-483f-b946-30a7e4e61458} not implemented, returning E_NOINTERFACE.
12950.597:0134:0194:warn:vkd3d-proton:d3d12_device_QueryInterface: {0742a90b-c387-483f-b946-30a7e4e61458} not implemented, returning E_NOINTERFACE.
12950.613:0134:019c:warn:vkd3d-proton:d3d12_device_QueryInterface: {0742a90b-c387-483f-b946-30a7e4e61458} not implemented, returning E_NOINTERFACE.
12950.633:0134:019c:warn:vkd3d-proton:d3d12_device_QueryInterface: {0742a90b-c387-483f-b946-30a7e4e61458} not implemented, returning E_NOINTERFACE.
12950.644:0134:0194:warn:vkd3d-proton:d3d12_device_QueryInterface: {0742a90b-c387-483f-b946-30a7e4e61458} not implemented, returning E_NOINTERFACE.
12950.661:0134:0198:warn:vkd3d-proton:d3d12_device_QueryInterface: {0742a90b-c387-483f-b946-30a7e4e61458} not implemented, returning E_NOINTERFACE.
12950.678:0134:019c:warn:vkd3d-proton:d3d12_device_QueryInterface: {0742a90b-c387-483f-b946-30a7e4e61458} not implemented, returning E_NOINTERFACE.
12950.698:0134:019c:warn:vkd3d-proton:d3d12_device_QueryInterface: {0742a90b-c387-483f-b946-30a7e4e61458} not implemented, returning E_NOINTERFACE.
12950.712:0134:0194:warn:vkd3d-proton:d3d12_device_QueryInterface: {0742a90b-c387-483f-b946-30a7e4e61458} not implemented, returning E_NOINTERFACE.
12950.733:0134:019c:warn:vkd3d-proton:d3d12_device_QueryInterface: {0742a90b-c387-483f-b946-30a7e4e61458} not implemented, returning E_NOINTERFACE.
12950.744:0134:019c:warn:vkd3d-proton:d3d12_device_QueryInterface: {0742a90b-c387-483f-b946-30a7e4e61458} not implemented, returning E_NOINTERFACE.
12950.761:0134:0194:warn:vkd3d-proton:d3d12_device_QueryInterface: {0742a90b-c387-483f-b946-30a7e4e61458} not implemented, returning E_NOINTERFACE.
12950.781:0134:019c:warn:vkd3d-proton:d3d12_device_QueryInterface: {0742a90b-c387-483f-b946-30a7e4e61458} not implemented, returning E_NOINTERFACE.
12950.797:0134:019c:warn:vkd3d-proton:d3d12_device_QueryInterface: {0742a90b-c387-483f-b946-30a7e4e61458} not implemented, returning E_NOINTERFACE.
12950.816:0134:0194:warn:vkd3d-proton:d3d12_device_QueryInterface: {0742a90b-c387-483f-b946-30a7e4e61458} not implemented, returning E_NOINTERFACE.
12950.827:0134:0194:warn:vkd3d-proton:d3d12_device_QueryInterface: {0742a90b-c387-483f-b946-30a7e4e61458} not implemented, returning E_NOINTERFACE.
12950.845:0134:019c:warn:vkd3d-proton:d3d12_device_QueryInterface: {0742a90b-c387-483f-b946-30a7e4e61458} not implemented, returning E_NOINTERFACE.
12950.862:0134:019c:warn:vkd3d-proton:d3d12_device_QueryInterface: {0742a90b-c387-483f-b946-30a7e4e61458} not implemented, returning E_NOINTERFACE.
12950.876:0134:0198:warn:vkd3d-proton:d3d12_device_QueryInterface: {0742a90b-c387-483f-b946-30a7e4e61458} not implemented, returning E_NOINTERFACE.
12950.892:0134:019c:warn:vkd3d-proton:d3d12_device_QueryInterface: {0742a90b-c387-483f-b946-30a7e4e61458} not implemented, returning E_NOINTERFACE.
12950.916:0134:0198:warn:vkd3d-proton:d3d12_device_QueryInterface: {0742a90b-c387-483f-b946-30a7e4e61458} not implemented, returning E_NOINTERFACE.
12950.929:0134:0198:warn:vkd3d-proton:d3d12_device_QueryInterface: {0742a90b-c387-483f-b946-30a7e4e61458} not implemented, returning E_NOINTERFACE.
12950.942:0134:019c:warn:vkd3d-proton:d3d12_device_QueryInterface: {0742a90b-c387-483f-b946-30a7e4e61458} not implemented, returning E_NOINTERFACE.
12950.962:0134:0194:warn:vkd3d-proton:d3d12_device_QueryInterface: {0742a90b-c387-483f-b946-30a7e4e61458} not implemented, returning E_NOINTERFACE.
12950.979:0134:019c:warn:vkd3d-proton:d3d12_device_QueryInterface: {0742a90b-c387-483f-b946-30a7e4e61458} not implemented, returning E_NOINTERFACE.
12950.994:0134:019c:warn:vkd3d-proton:d3d12_device_QueryInterface: {0742a90b-c387-483f-b946-30a7e4e61458} not implemented, returning E_NOINTERFACE.
12951.014:0134:0194:warn:vkd3d-proton:d3d12_device_QueryInterface: {0742a90b-c387-483f-b946-30a7e4e61458} not implemented, returning E_NOINTERFACE.
12951.150:0134:0198:warn:vkd3d-proton:d3d12_device_QueryInterface: {0742a90b-c387-483f-b946-30a7e4e61458} not implemented, returning E_NOINTERFACE.
12951.245:0134:019c:warn:vkd3d-proton:d3d12_device_QueryInterface: {0742a90b-c387-483f-b946-30a7e4e61458} not implemented, returning E_NOINTERFACE.
12951.307:0134:0194:warn:vkd3d-proton:d3d12_device_QueryInterface: {0742a90b-c387-483f-b946-30a7e4e61458} not implemented, returning E_NOINTERFACE.
12951.350:0134:0198:warn:vkd3d-proton:d3d12_device_QueryInterface: {0742a90b-c387-483f-b946-30a7e4e61458} not implemented, returning E_NOINTERFACE.
12951.385:0134:019c:warn:vkd3d-proton:d3d12_device_QueryInterface: {0742a90b-c387-483f-b946-30a7e4e61458} not implemented, returning E_NOINTERFACE.
12951.401:0134:019c:warn:vkd3d-proton:d3d12_device_QueryInterface: {0742a90b-c387-483f-b946-30a7e4e61458} not implemented, returning E_NOINTERFACE.
12951.411:0134:019c:warn:vkd3d-proton:d3d12_device_QueryInterface: {0742a90b-c387-483f-b946-30a7e4e61458} not implemented, returning E_NOINTERFACE.
12951.432:0134:0184:info:vkd3d-proton:d3d12_command_signature_create: cmdsig-debug: nargs=2 ByteStride=32 action_offset=8 state_template=1 pipeline_type=1
12951.432:0134:0184:info:vkd3d-proton:d3d12_command_signature_create: cmdsig-debug:   arg[0] type=5
12951.432:0134:0184:info:vkd3d-proton:d3d12_command_signature_create: cmdsig-debug:   arg[1] type=1
12951.459:0134:0194:warn:vkd3d-proton:d3d12_device_QueryInterface: {0742a90b-c387-483f-b946-30a7e4e61458} not implemented, returning E_NOINTERFACE.
12951.503:0134:0194:warn:vkd3d-proton:d3d12_device_QueryInterface: {0742a90b-c387-483f-b946-30a7e4e61458} not implemented, returning E_NOINTERFACE.
12951.542:0134:019c:warn:vkd3d-proton:d3d12_device_QueryInterface: {0742a90b-c387-483f-b946-30a7e4e61458} not implemented, returning E_NOINTERFACE.
12951.576:0134:0194:warn:vkd3d-proton:d3d12_device_QueryInterface: {0742a90b-c387-483f-b946-30a7e4e61458} not implemented, returning E_NOINTERFACE.
12951.612:0134:0198:warn:vkd3d-proton:d3d12_device_QueryInterface: {0742a90b-c387-483f-b946-30a7e4e61458} not implemented, returning E_NOINTERFACE.
12951.639:0134:0194:warn:vkd3d-proton:d3d12_device_QueryInterface: {0742a90b-c387-483f-b946-30a7e4e61458} not implemented, returning E_NOINTERFACE.
12951.669:0134:019c:warn:vkd3d-proton:d3d12_device_QueryInterface: {0742a90b-c387-483f-b946-30a7e4e61458} not implemented, returning E_NOINTERFACE.
12951.712:0134:0198:warn:vkd3d-proton:d3d12_device_QueryInterface: {0742a90b-c387-483f-b946-30a7e4e61458} not implemented, returning E_NOINTERFACE.
12951.752:0134:0198:warn:vkd3d-proton:d3d12_device_QueryInterface: {0742a90b-c387-483f-b946-30a7e4e61458} not implemented, returning E_NOINTERFACE.
12951.786:0134:0194:warn:vkd3d-proton:d3d12_device_QueryInterface: {0742a90b-c387-483f-b946-30a7e4e61458} not implemented, returning E_NOINTERFACE.
12951.820:0134:0194:warn:vkd3d-proton:d3d12_device_QueryInterface: {0742a90b-c387-483f-b946-30a7e4e61458} not implemented, returning E_NOINTERFACE.
12951.855:0134:019c:warn:vkd3d-proton:d3d12_device_QueryInterface: {0742a90b-c387-483f-b946-30a7e4e61458} not implemented, returning E_NOINTERFACE.
12951.867:0134:0180:info:vkd3d-proton:d3d12_command_signature_create: cmdsig-debug: nargs=2 ByteStride=32 action_offset=8 state_template=1 pipeline_type=1
12951.867:0134:0180:info:vkd3d-proton:d3d12_command_signature_create: cmdsig-debug:   arg[0] type=5
12951.867:0134:0180:info:vkd3d-proton:d3d12_command_signature_create: cmdsig-debug:   arg[1] type=1
12951.892:0134:0198:warn:vkd3d-proton:d3d12_device_QueryInterface: {0742a90b-c387-483f-b946-30a7e4e61458} not implemented, returning E_NOINTERFACE.
12951.938:0134:0198:warn:vkd3d-proton:d3d12_device_QueryInterface: {0742a90b-c387-483f-b946-30a7e4e61458} not implemented, returning E_NOINTERFACE.
12951.985:0134:0198:warn:vkd3d-proton:d3d12_device_QueryInterface: {0742a90b-c387-483f-b946-30a7e4e61458} not implemented, returning E_NOINTERFACE.
12952.028:0134:019c:warn:vkd3d-proton:d3d12_device_QueryInterface: {0742a90b-c387-483f-b946-30a7e4e61458} not implemented, returning E_NOINTERFACE.
12952.061:0134:019c:warn:vkd3d-proton:d3d12_device_QueryInterface: {0742a90b-c387-483f-b946-30a7e4e61458} not implemented, returning E_NOINTERFACE.
12952.170:0134:019c:warn:vkd3d-proton:d3d12_device_QueryInterface: {0742a90b-c387-483f-b946-30a7e4e61458} not implemented, returning E_NOINTERFACE.
12952.201:0134:019c:warn:vkd3d-proton:d3d12_device_QueryInterface: {0742a90b-c387-483f-b946-30a7e4e61458} not implemented, returning E_NOINTERFACE.
12952.209:0134:019c:warn:vkd3d-proton:d3d12_device_QueryInterface: {0742a90b-c387-483f-b946-30a7e4e61458} not implemented, returning E_NOINTERFACE.
12952.229:0134:0198:warn:vkd3d-proton:d3d12_device_QueryInterface: {0742a90b-c387-483f-b946-30a7e4e61458} not implemented, returning E_NOINTERFACE.
12952.353:0134:019c:warn:vkd3d-proton:d3d12_device_QueryInterface: {0742a90b-c387-483f-b946-30a7e4e61458} not implemented, returning E_NOINTERFACE.
12952.385:0134:0194:warn:vkd3d-proton:d3d12_device_QueryInterface: {0742a90b-c387-483f-b946-30a7e4e61458} not implemented, returning E_NOINTERFACE.
12952.439:0134:0194:warn:vkd3d-proton:d3d12_device_QueryInterface: {0742a90b-c387-483f-b946-30a7e4e61458} not implemented, returning E_NOINTERFACE.
12952.472:0134:0190:warn:vkd3d-proton:d3d12_device_QueryInterface: {0742a90b-c387-483f-b946-30a7e4e61458} not implemented, returning E_NOINTERFACE.
12952.509:0134:0194:warn:vkd3d-proton:d3d12_device_QueryInterface: {0742a90b-c387-483f-b946-30a7e4e61458} not implemented, returning E_NOINTERFACE.
12952.541:0134:0198:warn:vkd3d-proton:d3d12_device_QueryInterface: {0742a90b-c387-483f-b946-30a7e4e61458} not implemented, returning E_NOINTERFACE.
12952.579:0134:0190:warn:vkd3d-proton:d3d12_device_QueryInterface: {0742a90b-c387-483f-b946-30a7e4e61458} not implemented, returning E_NOINTERFACE.
12952.618:0134:0198:warn:vkd3d-proton:d3d12_device_QueryInterface: {0742a90b-c387-483f-b946-30a7e4e61458} not implemented, returning E_NOINTERFACE.
12952.647:0134:0190:warn:vkd3d-proton:d3d12_device_QueryInterface: {0742a90b-c387-483f-b946-30a7e4e61458} not implemented, returning E_NOINTERFACE.
12952.678:0134:0194:warn:vkd3d-proton:d3d12_device_QueryInterface: {0742a90b-c387-483f-b946-30a7e4e61458} not implemented, returning E_NOINTERFACE.
12952.713:0134:0190:warn:vkd3d-proton:d3d12_device_QueryInterface: {0742a90b-c387-483f-b946-30a7e4e61458} not implemented, returning E_NOINTERFACE.
12952.746:0134:019c:warn:vkd3d-proton:d3d12_device_QueryInterface: {0742a90b-c387-483f-b946-30a7e4e61458} not implemented, returning E_NOINTERFACE.
12952.782:0134:0194:warn:vkd3d-proton:d3d12_device_QueryInterface: {0742a90b-c387-483f-b946-30a7e4e61458} not implemented, returning E_NOINTERFACE.
12952.820:0134:019c:warn:vkd3d-proton:d3d12_device_QueryInterface: {0742a90b-c387-483f-b946-30a7e4e61458} not implemented, returning E_NOINTERFACE.
12952.857:0134:0198:warn:vkd3d-proton:d3d12_device_QueryInterface: {0742a90b-c387-483f-b946-30a7e4e61458} not implemented, returning E_NOINTERFACE.
12952.894:0134:0194:warn:vkd3d-proton:d3d12_device_QueryInterface: {0742a90b-c387-483f-b946-30a7e4e61458} not implemented, returning E_NOINTERFACE.
12952.927:0134:019c:warn:vkd3d-proton:d3d12_device_QueryInterface: {0742a90b-c387-483f-b946-30a7e4e61458} not implemented, returning E_NOINTERFACE.
12952.930:0134:019c:warn:vkd3d-proton:d3d12_device_QueryInterface: {0742a90b-c387-483f-b946-30a7e4e61458} not implemented, returning E_NOINTERFACE.
12952.946:0134:0190:warn:vkd3d-proton:d3d12_device_QueryInterface: {0742a90b-c387-483f-b946-30a7e4e61458} not implemented, returning E_NOINTERFACE.
12952.963:0134:0190:warn:vkd3d-proton:d3d12_device_QueryInterface: {0742a90b-c387-483f-b946-30a7e4e61458} not implemented, returning E_NOINTERFACE.
12952.999:0134:019c:warn:vkd3d-proton:d3d12_device_QueryInterface: {0742a90b-c387-483f-b946-30a7e4e61458} not implemented, returning E_NOINTERFACE.
12953.037:0134:0194:warn:vkd3d-proton:d3d12_device_QueryInterface: {0742a90b-c387-483f-b946-30a7e4e61458} not implemented, returning E_NOINTERFACE.
12953.078:0134:0198:warn:vkd3d-proton:d3d12_device_QueryInterface: {0742a90b-c387-483f-b946-30a7e4e61458} not implemented, returning E_NOINTERFACE.
12953.112:0134:0194:warn:vkd3d-proton:d3d12_device_QueryInterface: {0742a90b-c387-483f-b946-30a7e4e61458} not implemented, returning E_NOINTERFACE.
12953.142:0134:019c:warn:vkd3d-proton:d3d12_device_QueryInterface: {0742a90b-c387-483f-b946-30a7e4e61458} not implemented, returning E_NOINTERFACE.
12953.196:0134:019c:warn:vkd3d-proton:d3d12_device_QueryInterface: {0742a90b-c387-483f-b946-30a7e4e61458} not implemented, returning E_NOINTERFACE.
12953.232:0134:0198:warn:vkd3d-proton:d3d12_device_QueryInterface: {0742a90b-c387-483f-b946-30a7e4e61458} not implemented, returning E_NOINTERFACE.
12953.267:0134:0194:warn:vkd3d-proton:d3d12_device_QueryInterface: {0742a90b-c387-483f-b946-30a7e4e61458} not implemented, returning E_NOINTERFACE.
12953.310:0134:0190:warn:vkd3d-proton:d3d12_device_QueryInterface: {0742a90b-c387-483f-b946-30a7e4e61458} not implemented, returning E_NOINTERFACE.
12953.340:0134:019c:warn:vkd3d-proton:d3d12_device_QueryInterface: {0742a90b-c387-483f-b946-30a7e4e61458} not implemented, returning E_NOINTERFACE.
12953.382:0134:0198:warn:vkd3d-proton:d3d12_device_QueryInterface: {0742a90b-c387-483f-b946-30a7e4e61458} not implemented, returning E_NOINTERFACE.
12953.420:0134:019c:warn:vkd3d-proton:d3d12_device_QueryInterface: {0742a90b-c387-483f-b946-30a7e4e61458} not implemented, returning E_NOINTERFACE.
12953.460:0134:0190:warn:vkd3d-proton:d3d12_device_QueryInterface: {0742a90b-c387-483f-b946-30a7e4e61458} not implemented, returning E_NOINTERFACE.
12953.496:0134:0198:warn:vkd3d-proton:d3d12_device_QueryInterface: {0742a90b-c387-483f-b946-30a7e4e61458} not implemented, returning E_NOINTERFACE.
12953.536:0134:019c:warn:vkd3d-proton:d3d12_device_QueryInterface: {0742a90b-c387-483f-b946-30a7e4e61458} not implemented, returning E_NOINTERFACE.
12953.567:0134:0190:warn:vkd3d-proton:d3d12_device_QueryInterface: {0742a90b-c387-483f-b946-30a7e4e61458} not implemented, returning E_NOINTERFACE.
12953.596:0134:0198:warn:vkd3d-proton:d3d12_device_QueryInterface: {0742a90b-c387-483f-b946-30a7e4e61458} not implemented, returning E_NOINTERFACE.
12953.626:0134:0194:warn:vkd3d-proton:d3d12_device_QueryInterface: {0742a90b-c387-483f-b946-30a7e4e61458} not implemented, returning E_NOINTERFACE.
12953.667:0134:0198:warn:vkd3d-proton:d3d12_device_QueryInterface: {0742a90b-c387-483f-b946-30a7e4e61458} not implemented, returning E_NOINTERFACE.
12953.703:0134:0190:warn:vkd3d-proton:d3d12_device_QueryInterface: {0742a90b-c387-483f-b946-30a7e4e61458} not implemented, returning E_NOINTERFACE.
12953.733:0134:0194:warn:vkd3d-proton:d3d12_device_QueryInterface: {0742a90b-c387-483f-b946-30a7e4e61458} not implemented, returning E_NOINTERFACE.
12953.762:0134:0190:warn:vkd3d-proton:d3d12_device_QueryInterface: {0742a90b-c387-483f-b946-30a7e4e61458} not implemented, returning E_NOINTERFACE.
12953.801:0134:019c:warn:vkd3d-proton:d3d12_device_QueryInterface: {0742a90b-c387-483f-b946-30a7e4e61458} not implemented, returning E_NOINTERFACE.
12953.827:0134:0194:warn:vkd3d-proton:d3d12_device_QueryInterface: {0742a90b-c387-483f-b946-30a7e4e61458} not implemented, returning E_NOINTERFACE.
12953.918:0134:019c:warn:vkd3d-proton:d3d12_device_QueryInterface: {0742a90b-c387-483f-b946-30a7e4e61458} not implemented, returning E_NOINTERFACE.
12953.948:0134:0198:warn:vkd3d-proton:d3d12_device_QueryInterface: {0742a90b-c387-483f-b946-30a7e4e61458} not implemented, returning E_NOINTERFACE.
12953.986:0134:0194:warn:vkd3d-proton:d3d12_device_QueryInterface: {0742a90b-c387-483f-b946-30a7e4e61458} not implemented, returning E_NOINTERFACE.
12954.110:0134:019c:warn:vkd3d-proton:d3d12_device_QueryInterface: {0742a90b-c387-483f-b946-30a7e4e61458} not implemented, returning E_NOINTERFACE.
12954.119:0134:019c:warn:vkd3d-proton:d3d12_device_QueryInterface: {0742a90b-c387-483f-b946-30a7e4e61458} not implemented, returning E_NOINTERFACE.
12954.176:0134:0190:warn:vkd3d-proton:d3d12_device_QueryInterface: {0742a90b-c387-483f-b946-30a7e4e61458} not implemented, returning E_NOINTERFACE.
12954.203:0134:019c:warn:vkd3d-proton:d3d12_device_QueryInterface: {0742a90b-c387-483f-b946-30a7e4e61458} not implemented, returning E_NOINTERFACE.
12954.237:0134:0198:warn:vkd3d-proton:d3d12_device_QueryInterface: {0742a90b-c387-483f-b946-30a7e4e61458} not implemented, returning E_NOINTERFACE.
12954.264:0134:019c:warn:vkd3d-proton:d3d12_device_QueryInterface: {0742a90b-c387-483f-b946-30a7e4e61458} not implemented, returning E_NOINTERFACE.
12954.296:0134:019c:warn:vkd3d-proton:d3d12_device_QueryInterface: {0742a90b-c387-483f-b946-30a7e4e61458} not implemented, returning E_NOINTERFACE.
12954.329:0134:0198:warn:vkd3d-proton:d3d12_device_QueryInterface: {0742a90b-c387-483f-b946-30a7e4e61458} not implemented, returning E_NOINTERFACE.
12954.359:0134:0194:warn:vkd3d-proton:d3d12_device_QueryInterface: {0742a90b-c387-483f-b946-30a7e4e61458} not implemented, returning E_NOINTERFACE.
12954.393:0134:0198:warn:vkd3d-proton:d3d12_device_QueryInterface: {0742a90b-c387-483f-b946-30a7e4e61458} not implemented, returning E_NOINTERFACE.
12954.429:0134:0194:warn:vkd3d-proton:d3d12_device_QueryInterface: {0742a90b-c387-483f-b946-30a7e4e61458} not implemented, returning E_NOINTERFACE.
D 2D0 Ran out of slots. Can't allocate more
D 2D4 Ran out of slots. Can't allocate more
12954.486:0134:019c:warn:vkd3d-proton:d3d12_device_QueryInterface: {0742a90b-c387-483f-b946-30a7e4e61458} not implemented, returning E_NOINTERFACE.
12954.522:0134:0198:warn:vkd3d-proton:d3d12_device_QueryInterface: {0742a90b-c387-483f-b946-30a7e4e61458} not implemented, returning E_NOINTERFACE.
12954.549:0134:0190:warn:vkd3d-proton:d3d12_device_QueryInterface: {0742a90b-c387-483f-b946-30a7e4e61458} not implemented, returning E_NOINTERFACE.
12954.577:0134:0198:warn:vkd3d-proton:d3d12_device_QueryInterface: {0742a90b-c387-483f-b946-30a7e4e61458} not implemented, returning E_NOINTERFACE.
12954.613:0134:019c:warn:vkd3d-proton:d3d12_device_QueryInterface: {0742a90b-c387-483f-b946-30a7e4e61458} not implemented, returning E_NOINTERFACE.
12954.635:0134:0194:warn:vkd3d-proton:d3d12_device_QueryInterface: {0742a90b-c387-483f-b946-30a7e4e61458} not implemented, returning E_NOINTERFACE.
12954.669:0134:019c:warn:vkd3d-proton:d3d12_device_QueryInterface: {0742a90b-c387-483f-b946-30a7e4e61458} not implemented, returning E_NOINTERFACE.
12954.706:0134:0190:warn:vkd3d-proton:d3d12_device_QueryInterface: {0742a90b-c387-483f-b946-30a7e4e61458} not implemented, returning E_NOINTERFACE.
12954.739:0134:0194:warn:vkd3d-proton:d3d12_device_QueryInterface: {0742a90b-c387-483f-b946-30a7e4e61458} not implemented, returning E_NOINTERFACE.
12954.777:0134:0190:warn:vkd3d-proton:d3d12_device_QueryInterface: {0742a90b-c387-483f-b946-30a7e4e61458} not implemented, returning E_NOINTERFACE.
12954.808:0134:0198:warn:vkd3d-proton:d3d12_device_QueryInterface: {0742a90b-c387-483f-b946-30a7e4e61458} not implemented, returning E_NOINTERFACE.
12954.842:0134:0194:warn:vkd3d-proton:d3d12_device_QueryInterface: {0742a90b-c387-483f-b946-30a7e4e61458} not implemented, returning E_NOINTERFACE.
12954.878:0134:0190:warn:vkd3d-proton:d3d12_device_QueryInterface: {0742a90b-c387-483f-b946-30a7e4e61458} not implemented, returning E_NOINTERFACE.
12954.930:0134:0194:warn:vkd3d-proton:d3d12_device_QueryInterface: {0742a90b-c387-483f-b946-30a7e4e61458} not implemented, returning E_NOINTERFACE.
12954.953:0134:0190:warn:vkd3d-proton:d3d12_device_QueryInterface: {0742a90b-c387-483f-b946-30a7e4e61458} not implemented, returning E_NOINTERFACE.
12955.005:0134:0198:warn:vkd3d-proton:d3d12_device_QueryInterface: {0742a90b-c387-483f-b946-30a7e4e61458} not implemented, returning E_NOINTERFACE.
12955.044:0134:019c:warn:vkd3d-proton:d3d12_device_QueryInterface: {0742a90b-c387-483f-b946-30a7e4e61458} not implemented, returning E_NOINTERFACE.
12955.083:0134:0198:warn:vkd3d-proton:d3d12_device_QueryInterface: {0742a90b-c387-483f-b946-30a7e4e61458} not implemented, returning E_NOINTERFACE.
12955.122:0134:0194:warn:vkd3d-proton:d3d12_device_QueryInterface: {0742a90b-c387-483f-b946-30a7e4e61458} not implemented, returning E_NOINTERFACE.
12955.166:0134:0198:warn:vkd3d-proton:d3d12_device_QueryInterface: {0742a90b-c387-483f-b946-30a7e4e61458} not implemented, returning E_NOINTERFACE.
12955.206:0134:019c:warn:vkd3d-proton:d3d12_device_QueryInterface: {0742a90b-c387-483f-b946-30a7e4e61458} not implemented, returning E_NOINTERFACE.
12955.246:0134:0198:warn:vkd3d-proton:d3d12_device_QueryInterface: {0742a90b-c387-483f-b946-30a7e4e61458} not implemented, returning E_NOINTERFACE.
12955.299:0134:019c:warn:vkd3d-proton:d3d12_device_QueryInterface: {0742a90b-c387-483f-b946-30a7e4e61458} not implemented, returning E_NOINTERFACE.
12955.345:0134:0194:warn:vkd3d-proton:d3d12_device_QueryInterface: {0742a90b-c387-483f-b946-30a7e4e61458} not implemented, returning E_NOINTERFACE.
12955.384:0134:0198:warn:vkd3d-proton:d3d12_device_QueryInterface: {0742a90b-c387-483f-b946-30a7e4e61458} not implemented, returning E_NOINTERFACE.
12955.389:0134:0198:warn:vkd3d-proton:d3d12_device_QueryInterface: {0742a90b-c387-483f-b946-30a7e4e61458} not implemented, returning E_NOINTERFACE.
12955.403:0134:0198:warn:vkd3d-proton:d3d12_device_QueryInterface: {0742a90b-c387-483f-b946-30a7e4e61458} not implemented, returning E_NOINTERFACE.
12955.418:0134:0198:warn:vkd3d-proton:d3d12_device_QueryInterface: {0742a90b-c387-483f-b946-30a7e4e61458} not implemented, returning E_NOINTERFACE.
12955.465:0134:0190:warn:vkd3d-proton:d3d12_device_QueryInterface: {0742a90b-c387-483f-b946-30a7e4e61458} not implemented, returning E_NOINTERFACE.
12955.502:0134:0194:warn:vkd3d-proton:d3d12_device_QueryInterface: {0742a90b-c387-483f-b946-30a7e4e61458} not implemented, returning E_NOINTERFACE.
12955.534:0134:019c:warn:vkd3d-proton:d3d12_device_QueryInterface: {0742a90b-c387-483f-b946-30a7e4e61458} not implemented, returning E_NOINTERFACE.
12955.576:0134:019c:warn:vkd3d-proton:d3d12_device_QueryInterface: {0742a90b-c387-483f-b946-30a7e4e61458} not implemented, returning E_NOINTERFACE.
12955.617:0134:019c:warn:vkd3d-proton:d3d12_device_QueryInterface: {0742a90b-c387-483f-b946-30a7e4e61458} not implemented, returning E_NOINTERFACE.
12955.660:0134:0194:warn:vkd3d-proton:d3d12_device_QueryInterface: {0742a90b-c387-483f-b946-30a7e4e61458} not implemented, returning E_NOINTERFACE.
12955.685:0134:0198:warn:vkd3d-proton:d3d12_device_QueryInterface: {0742a90b-c387-483f-b946-30a7e4e61458} not implemented, returning E_NOINTERFACE.
12955.719:0134:0194:warn:vkd3d-proton:d3d12_device_QueryInterface: {0742a90b-c387-483f-b946-30a7e4e61458} not implemented, returning E_NOINTERFACE.
12955.762:0134:0198:warn:vkd3d-proton:d3d12_device_QueryInterface: {0742a90b-c387-483f-b946-30a7e4e61458} not implemented, returning E_NOINTERFACE.
12955.794:0134:0190:warn:vkd3d-proton:d3d12_device_QueryInterface: {0742a90b-c387-483f-b946-30a7e4e61458} not implemented, returning E_NOINTERFACE.
12955.825:0134:019c:warn:vkd3d-proton:d3d12_device_QueryInterface: {0742a90b-c387-483f-b946-30a7e4e61458} not implemented, returning E_NOINTERFACE.
12955.860:0134:0190:warn:vkd3d-proton:d3d12_device_QueryInterface: {0742a90b-c387-483f-b946-30a7e4e61458} not implemented, returning E_NOINTERFACE.
12955.891:0134:0198:warn:vkd3d-proton:d3d12_device_QueryInterface: {0742a90b-c387-483f-b946-30a7e4e61458} not implemented, returning E_NOINTERFACE.
12955.929:0134:019c:warn:vkd3d-proton:d3d12_device_QueryInterface: {0742a90b-c387-483f-b946-30a7e4e61458} not implemented, returning E_NOINTERFACE.
12955.962:0134:019c:warn:vkd3d-proton:d3d12_device_QueryInterface: {0742a90b-c387-483f-b946-30a7e4e61458} not implemented, returning E_NOINTERFACE.
12956.008:0134:0194:warn:vkd3d-proton:d3d12_device_QueryInterface: {0742a90b-c387-483f-b946-30a7e4e61458} not implemented, returning E_NOINTERFACE.
12956.037:0134:019c:warn:vkd3d-proton:d3d12_device_QueryInterface: {0742a90b-c387-483f-b946-30a7e4e61458} not implemented, returning E_NOINTERFACE.
12956.072:0134:0194:warn:vkd3d-proton:d3d12_device_QueryInterface: {0742a90b-c387-483f-b946-30a7e4e61458} not implemented, returning E_NOINTERFACE.
12956.112:0134:0194:warn:vkd3d-proton:d3d12_device_QueryInterface: {0742a90b-c387-483f-b946-30a7e4e61458} not implemented, returning E_NOINTERFACE.
12956.153:0134:0198:warn:vkd3d-proton:d3d12_device_QueryInterface: {0742a90b-c387-483f-b946-30a7e4e61458} not implemented, returning E_NOINTERFACE.
12956.198:0134:0190:warn:vkd3d-proton:d3d12_device_QueryInterface: {0742a90b-c387-483f-b946-30a7e4e61458} not implemented, returning E_NOINTERFACE.
12956.221:0134:0194:warn:vkd3d-proton:d3d12_device_QueryInterface: {0742a90b-c387-483f-b946-30a7e4e61458} not implemented, returning E_NOINTERFACE.
12956.256:0134:019c:warn:vkd3d-proton:d3d12_device_QueryInterface: {0742a90b-c387-483f-b946-30a7e4e61458} not implemented, returning E_NOINTERFACE.
12956.288:0134:0190:warn:vkd3d-proton:d3d12_device_QueryInterface: {0742a90b-c387-483f-b946-30a7e4e61458} not implemented, returning E_NOINTERFACE.
12956.326:0134:019c:warn:vkd3d-proton:d3d12_device_QueryInterface: {0742a90b-c387-483f-b946-30a7e4e61458} not implemented, returning E_NOINTERFACE.
12956.378:0134:0194:warn:vkd3d-proton:d3d12_device_QueryInterface: {0742a90b-c387-483f-b946-30a7e4e61458} not implemented, returning E_NOINTERFACE.
12956.399:0134:0194:warn:vkd3d-proton:d3d12_device_QueryInterface: {0742a90b-c387-483f-b946-30a7e4e61458} not implemented, returning E_NOINTERFACE.
12956.436:0134:0190:warn:vkd3d-proton:d3d12_device_QueryInterface: {0742a90b-c387-483f-b946-30a7e4e61458} not implemented, returning E_NOINTERFACE.
12956.470:0134:0190:warn:vkd3d-proton:d3d12_device_QueryInterface: {0742a90b-c387-483f-b946-30a7e4e61458} not implemented, returning E_NOINTERFACE.
12956.503:0134:0194:warn:vkd3d-proton:d3d12_device_QueryInterface: {0742a90b-c387-483f-b946-30a7e4e61458} not implemented, returning E_NOINTERFACE.
12956.534:0134:019c:warn:vkd3d-proton:d3d12_device_QueryInterface: {0742a90b-c387-483f-b946-30a7e4e61458} not implemented, returning E_NOINTERFACE.
12956.573:0134:0198:warn:vkd3d-proton:d3d12_device_QueryInterface: {0742a90b-c387-483f-b946-30a7e4e61458} not implemented, returning E_NOINTERFACE.
12956.612:0134:0190:warn:vkd3d-proton:d3d12_device_QueryInterface: {0742a90b-c387-483f-b946-30a7e4e61458} not implemented, returning E_NOINTERFACE.
12956.647:0134:0190:warn:vkd3d-proton:d3d12_device_QueryInterface: {0742a90b-c387-483f-b946-30a7e4e61458} not implemented, returning E_NOINTERFACE.
12956.681:0134:019c:warn:vkd3d-proton:d3d12_device_QueryInterface: {0742a90b-c387-483f-b946-30a7e4e61458} not implemented, returning E_NOINTERFACE.
12956.711:0134:0198:warn:vkd3d-proton:d3d12_device_QueryInterface: {0742a90b-c387-483f-b946-30a7e4e61458} not implemented, returning E_NOINTERFACE.
12956.750:0134:0198:warn:vkd3d-proton:d3d12_device_QueryInterface: {0742a90b-c387-483f-b946-30a7e4e61458} not implemented, returning E_NOINTERFACE.
12956.786:0134:0190:warn:vkd3d-proton:d3d12_device_QueryInterface: {0742a90b-c387-483f-b946-30a7e4e61458} not implemented, returning E_NOINTERFACE.
12956.823:0134:0198:warn:vkd3d-proton:d3d12_device_QueryInterface: {0742a90b-c387-483f-b946-30a7e4e61458} not implemented, returning E_NOINTERFACE.
12956.863:0134:019c:warn:vkd3d-proton:d3d12_device_QueryInterface: {0742a90b-c387-483f-b946-30a7e4e61458} not implemented, returning E_NOINTERFACE.
12956.899:0134:0198:warn:vkd3d-proton:d3d12_device_QueryInterface: {0742a90b-c387-483f-b946-30a7e4e61458} not implemented, returning E_NOINTERFACE.
12956.937:0134:019c:warn:vkd3d-proton:d3d12_device_QueryInterface: {0742a90b-c387-483f-b946-30a7e4e61458} not implemented, returning E_NOINTERFACE.
12956.974:0134:0190:warn:vkd3d-proton:d3d12_device_QueryInterface: {0742a90b-c387-483f-b946-30a7e4e61458} not implemented, returning E_NOINTERFACE.
12957.011:0134:0194:warn:vkd3d-proton:d3d12_device_QueryInterface: {0742a90b-c387-483f-b946-30a7e4e61458} not implemented, returning E_NOINTERFACE.
12957.045:0134:0198:warn:vkd3d-proton:d3d12_device_QueryInterface: {0742a90b-c387-483f-b946-30a7e4e61458} not implemented, returning E_NOINTERFACE.
12957.076:0134:0194:warn:vkd3d-proton:d3d12_device_QueryInterface: {0742a90b-c387-483f-b946-30a7e4e61458} not implemented, returning E_NOINTERFACE.
12957.107:0134:019c:warn:vkd3d-proton:d3d12_device_QueryInterface: {0742a90b-c387-483f-b946-30a7e4e61458} not implemented, returning E_NOINTERFACE.
12957.143:0134:0190:warn:vkd3d-proton:d3d12_device_QueryInterface: {0742a90b-c387-483f-b946-30a7e4e61458} not implemented, returning E_NOINTERFACE.
12957.176:0134:0198:warn:vkd3d-proton:d3d12_device_QueryInterface: {0742a90b-c387-483f-b946-30a7e4e61458} not implemented, returning E_NOINTERFACE.
12957.216:0134:0190:warn:vkd3d-proton:d3d12_device_QueryInterface: {0742a90b-c387-483f-b946-30a7e4e61458} not implemented, returning E_NOINTERFACE.
12957.223:0134:0194:warn:vkd3d-proton:d3d12_device_QueryInterface: {0742a90b-c387-483f-b946-30a7e4e61458} not implemented, returning E_NOINTERFACE.
12957.236:0134:0194:warn:vkd3d-proton:d3d12_device_QueryInterface: {0742a90b-c387-483f-b946-30a7e4e61458} not implemented, returning E_NOINTERFACE.
12957.255:0134:0194:warn:vkd3d-proton:d3d12_device_QueryInterface: {0742a90b-c387-483f-b946-30a7e4e61458} not implemented, returning E_NOINTERFACE.
12957.288:0134:0190:warn:vkd3d-proton:d3d12_device_QueryInterface: {0742a90b-c387-483f-b946-30a7e4e61458} not implemented, returning E_NOINTERFACE.
12957.328:0134:0194:warn:vkd3d-proton:d3d12_device_QueryInterface: {0742a90b-c387-483f-b946-30a7e4e61458} not implemented, returning E_NOINTERFACE.
12957.363:0134:0190:warn:vkd3d-proton:d3d12_device_QueryInterface: {0742a90b-c387-483f-b946-30a7e4e61458} not implemented, returning E_NOINTERFACE.
12957.399:0134:0194:warn:vkd3d-proton:d3d12_device_QueryInterface: {0742a90b-c387-483f-b946-30a7e4e61458} not implemented, returning E_NOINTERFACE.
12957.436:0134:0190:warn:vkd3d-proton:d3d12_device_QueryInterface: {0742a90b-c387-483f-b946-30a7e4e61458} not implemented, returning E_NOINTERFACE.
12957.478:0134:0194:warn:vkd3d-proton:d3d12_device_QueryInterface: {0742a90b-c387-483f-b946-30a7e4e61458} not implemented, returning E_NOINTERFACE.
12957.510:0134:0198:warn:vkd3d-proton:d3d12_device_QueryInterface: {0742a90b-c387-483f-b946-30a7e4e61458} not implemented, returning E_NOINTERFACE.
12957.543:0134:019c:warn:vkd3d-proton:d3d12_device_QueryInterface: {0742a90b-c387-483f-b946-30a7e4e61458} not implemented, returning E_NOINTERFACE.
12957.578:0134:0198:warn:vkd3d-proton:d3d12_device_QueryInterface: {0742a90b-c387-483f-b946-30a7e4e61458} not implemented, returning E_NOINTERFACE.
12957.612:0134:0194:warn:vkd3d-proton:d3d12_device_QueryInterface: {0742a90b-c387-483f-b946-30a7e4e61458} not implemented, returning E_NOINTERFACE.
12957.646:0134:019c:warn:vkd3d-proton:d3d12_device_QueryInterface: {0742a90b-c387-483f-b946-30a7e4e61458} not implemented, returning E_NOINTERFACE.
12957.689:0134:0198:warn:vkd3d-proton:d3d12_device_QueryInterface: {0742a90b-c387-483f-b946-30a7e4e61458} not implemented, returning E_NOINTERFACE.
12957.727:0134:0198:warn:vkd3d-proton:d3d12_device_QueryInterface: {0742a90b-c387-483f-b946-30a7e4e61458} not implemented, returning E_NOINTERFACE.
12957.767:0134:019c:warn:vkd3d-proton:d3d12_device_QueryInterface: {0742a90b-c387-483f-b946-30a7e4e61458} not implemented, returning E_NOINTERFACE.
12957.807:0134:0190:warn:vkd3d-proton:d3d12_device_QueryInterface: {0742a90b-c387-483f-b946-30a7e4e61458} not implemented, returning E_NOINTERFACE.
12957.854:0134:0198:warn:vkd3d-proton:d3d12_device_QueryInterface: {0742a90b-c387-483f-b946-30a7e4e61458} not implemented, returning E_NOINTERFACE.
12957.897:0134:0194:warn:vkd3d-proton:d3d12_device_QueryInterface: {0742a90b-c387-483f-b946-30a7e4e61458} not implemented, returning E_NOINTERFACE.
12957.944:0134:019c:warn:vkd3d-proton:d3d12_device_QueryInterface: {0742a90b-c387-483f-b946-30a7e4e61458} not implemented, returning E_NOINTERFACE.
12957.982:0134:019c:warn:vkd3d-proton:d3d12_device_QueryInterface: {0742a90b-c387-483f-b946-30a7e4e61458} not implemented, returning E_NOINTERFACE.
12958.027:0134:0194:warn:vkd3d-proton:d3d12_device_QueryInterface: {0742a90b-c387-483f-b946-30a7e4e61458} not implemented, returning E_NOINTERFACE.
12958.076:0134:0190:warn:vkd3d-proton:d3d12_device_QueryInterface: {0742a90b-c387-483f-b946-30a7e4e61458} not implemented, returning E_NOINTERFACE.
12958.105:0134:0194:warn:vkd3d-proton:d3d12_device_QueryInterface: {0742a90b-c387-483f-b946-30a7e4e61458} not implemented, returning E_NOINTERFACE.
12958.142:0134:0190:warn:vkd3d-proton:d3d12_device_QueryInterface: {0742a90b-c387-483f-b946-30a7e4e61458} not implemented, returning E_NOINTERFACE.
12958.180:0134:0194:warn:vkd3d-proton:d3d12_device_QueryInterface: {0742a90b-c387-483f-b946-30a7e4e61458} not implemented, returning E_NOINTERFACE.
12958.214:0134:0198:warn:vkd3d-proton:d3d12_device_QueryInterface: {0742a90b-c387-483f-b946-30a7e4e61458} not implemented, returning E_NOINTERFACE.
12958.221:0134:0198:warn:vkd3d-proton:d3d12_device_QueryInterface: {0742a90b-c387-483f-b946-30a7e4e61458} not implemented, returning E_NOINTERFACE.
12958.238:0134:0198:warn:vkd3d-proton:d3d12_device_QueryInterface: {0742a90b-c387-483f-b946-30a7e4e61458} not implemented, returning E_NOINTERFACE.
12958.255:0134:0198:warn:vkd3d-proton:d3d12_device_QueryInterface: {0742a90b-c387-483f-b946-30a7e4e61458} not implemented, returning E_NOINTERFACE.
12958.292:0134:019c:warn:vkd3d-proton:d3d12_device_QueryInterface: {0742a90b-c387-483f-b946-30a7e4e61458} not implemented, returning E_NOINTERFACE.
12958.334:0134:0194:warn:vkd3d-proton:d3d12_device_QueryInterface: {0742a90b-c387-483f-b946-30a7e4e61458} not implemented, returning E_NOINTERFACE.
12958.370:0134:0190:warn:vkd3d-proton:d3d12_device_QueryInterface: {0742a90b-c387-483f-b946-30a7e4e61458} not implemented, returning E_NOINTERFACE.
12958.416:0134:0198:warn:vkd3d-proton:d3d12_device_QueryInterface: {0742a90b-c387-483f-b946-30a7e4e61458} not implemented, returning E_NOINTERFACE.
12958.453:0134:019c:warn:vkd3d-proton:d3d12_device_QueryInterface: {0742a90b-c387-483f-b946-30a7e4e61458} not implemented, returning E_NOINTERFACE.
12958.490:0134:019c:warn:vkd3d-proton:d3d12_device_QueryInterface: {0742a90b-c387-483f-b946-30a7e4e61458} not implemented, returning E_NOINTERFACE.
12958.525:0134:0194:warn:vkd3d-proton:d3d12_device_QueryInterface: {0742a90b-c387-483f-b946-30a7e4e61458} not implemented, returning E_NOINTERFACE.
12958.564:0134:019c:warn:vkd3d-proton:d3d12_device_QueryInterface: {0742a90b-c387-483f-b946-30a7e4e61458} not implemented, returning E_NOINTERFACE.
12958.612:0134:0194:warn:vkd3d-proton:d3d12_device_QueryInterface: {0742a90b-c387-483f-b946-30a7e4e61458} not implemented, returning E_NOINTERFACE.
12958.648:0134:019c:warn:vkd3d-proton:d3d12_device_QueryInterface: {0742a90b-c387-483f-b946-30a7e4e61458} not implemented, returning E_NOINTERFACE.
12958.713:0134:019c:warn:vkd3d-proton:d3d12_device_QueryInterface: {0742a90b-c387-483f-b946-30a7e4e61458} not implemented, returning E_NOINTERFACE.
12958.736:0134:0194:warn:vkd3d-proton:d3d12_device_QueryInterface: {0742a90b-c387-483f-b946-30a7e4e61458} not implemented, returning E_NOINTERFACE.
12958.776:0134:0194:warn:vkd3d-proton:d3d12_device_QueryInterface: {0742a90b-c387-483f-b946-30a7e4e61458} not implemented, returning E_NOINTERFACE.
12958.812:0134:0198:warn:vkd3d-proton:d3d12_device_QueryInterface: {0742a90b-c387-483f-b946-30a7e4e61458} not implemented, returning E_NOINTERFACE.
12958.847:0134:019c:warn:vkd3d-proton:d3d12_device_QueryInterface: {0742a90b-c387-483f-b946-30a7e4e61458} not implemented, returning E_NOINTERFACE.
12958.889:0134:019c:warn:vkd3d-proton:d3d12_device_QueryInterface: {0742a90b-c387-483f-b946-30a7e4e61458} not implemented, returning E_NOINTERFACE.
12958.926:0134:0190:warn:vkd3d-proton:d3d12_device_QueryInterface: {0742a90b-c387-483f-b946-30a7e4e61458} not implemented, returning E_NOINTERFACE.
12958.965:0134:0190:warn:vkd3d-proton:d3d12_device_QueryInterface: {0742a90b-c387-483f-b946-30a7e4e61458} not implemented, returning E_NOINTERFACE.
12959.000:0134:0194:warn:vkd3d-proton:d3d12_device_QueryInterface: {0742a90b-c387-483f-b946-30a7e4e61458} not implemented, returning E_NOINTERFACE.
12959.043:0134:0190:warn:vkd3d-proton:d3d12_device_QueryInterface: {0742a90b-c387-483f-b946-30a7e4e61458} not implemented, returning E_NOINTERFACE.
12959.088:0134:019c:warn:vkd3d-proton:d3d12_device_QueryInterface: {0742a90b-c387-483f-b946-30a7e4e61458} not implemented, returning E_NOINTERFACE.
12959.097:0134:0194:warn:vkd3d-proton:d3d12_device_QueryInterface: {0742a90b-c387-483f-b946-30a7e4e61458} not implemented, returning E_NOINTERFACE.
12959.107:0134:0194:warn:vkd3d-proton:d3d12_device_QueryInterface: {0742a90b-c387-483f-b946-30a7e4e61458} not implemented, returning E_NOINTERFACE.
12959.129:0134:0198:warn:vkd3d-proton:d3d12_device_QueryInterface: {0742a90b-c387-483f-b946-30a7e4e61458} not implemented, returning E_NOINTERFACE.
12959.175:0134:0194:warn:vkd3d-proton:d3d12_device_QueryInterface: {0742a90b-c387-483f-b946-30a7e4e61458} not implemented, returning E_NOINTERFACE.
12959.215:0134:0198:warn:vkd3d-proton:d3d12_device_QueryInterface: {0742a90b-c387-483f-b946-30a7e4e61458} not implemented, returning E_NOINTERFACE.
12959.259:0134:0198:warn:vkd3d-proton:d3d12_device_QueryInterface: {0742a90b-c387-483f-b946-30a7e4e61458} not implemented, returning E_NOINTERFACE.
12959.294:0134:0190:warn:vkd3d-proton:d3d12_device_QueryInterface: {0742a90b-c387-483f-b946-30a7e4e61458} not implemented, returning E_NOINTERFACE.
12959.333:0134:0190:warn:vkd3d-proton:d3d12_device_QueryInterface: {0742a90b-c387-483f-b946-30a7e4e61458} not implemented, returning E_NOINTERFACE.
12959.388:0134:019c:warn:vkd3d-proton:d3d12_device_QueryInterface: {0742a90b-c387-483f-b946-30a7e4e61458} not implemented, returning E_NOINTERFACE.
12959.427:0134:0198:warn:vkd3d-proton:d3d12_device_QueryInterface: {0742a90b-c387-483f-b946-30a7e4e61458} not implemented, returning E_NOINTERFACE.
12959.460:0134:019c:warn:vkd3d-proton:d3d12_device_QueryInterface: {0742a90b-c387-483f-b946-30a7e4e61458} not implemented, returning E_NOINTERFACE.
12959.494:0134:0190:warn:vkd3d-proton:d3d12_device_QueryInterface: {0742a90b-c387-483f-b946-30a7e4e61458} not implemented, returning E_NOINTERFACE.
12959.532:0134:0198:warn:vkd3d-proton:d3d12_device_QueryInterface: {0742a90b-c387-483f-b946-30a7e4e61458} not implemented, returning E_NOINTERFACE.
12959.571:0134:0198:warn:vkd3d-proton:d3d12_device_QueryInterface: {0742a90b-c387-483f-b946-30a7e4e61458} not implemented, returning E_NOINTERFACE.
12959.615:0134:0190:warn:vkd3d-proton:d3d12_device_QueryInterface: {0742a90b-c387-483f-b946-30a7e4e61458} not implemented, returning E_NOINTERFACE.
12959.656:0134:0198:warn:vkd3d-proton:d3d12_device_QueryInterface: {0742a90b-c387-483f-b946-30a7e4e61458} not implemented, returning E_NOINTERFACE.
12959.687:0134:0190:warn:vkd3d-proton:d3d12_device_QueryInterface: {0742a90b-c387-483f-b946-30a7e4e61458} not implemented, returning E_NOINTERFACE.
12959.726:0134:0198:warn:vkd3d-proton:d3d12_device_QueryInterface: {0742a90b-c387-483f-b946-30a7e4e61458} not implemented, returning E_NOINTERFACE.
12959.766:0134:019c:warn:vkd3d-proton:d3d12_device_QueryInterface: {0742a90b-c387-483f-b946-30a7e4e61458} not implemented, returning E_NOINTERFACE.
12959.807:0134:0190:warn:vkd3d-proton:d3d12_device_QueryInterface: {0742a90b-c387-483f-b946-30a7e4e61458} not implemented, returning E_NOINTERFACE.
12959.849:0134:0198:warn:vkd3d-proton:d3d12_device_QueryInterface: {0742a90b-c387-483f-b946-30a7e4e61458} not implemented, returning E_NOINTERFACE.
12959.885:0134:0194:warn:vkd3d-proton:d3d12_device_QueryInterface: {0742a90b-c387-483f-b946-30a7e4e61458} not implemented, returning E_NOINTERFACE.
12959.916:0134:0198:warn:vkd3d-proton:d3d12_device_QueryInterface: {0742a90b-c387-483f-b946-30a7e4e61458} not implemented, returning E_NOINTERFACE.
12959.957:0134:0198:warn:vkd3d-proton:d3d12_device_QueryInterface: {0742a90b-c387-483f-b946-30a7e4e61458} not implemented, returning E_NOINTERFACE.
12959.963:0134:0198:warn:vkd3d-proton:d3d12_device_QueryInterface: {0742a90b-c387-483f-b946-30a7e4e61458} not implemented, returning E_NOINTERFACE.
12959.973:0134:0198:warn:vkd3d-proton:d3d12_device_QueryInterface: {0742a90b-c387-483f-b946-30a7e4e61458} not implemented, returning E_NOINTERFACE.
12959.990:0134:0198:warn:vkd3d-proton:d3d12_device_QueryInterface: {0742a90b-c387-483f-b946-30a7e4e61458} not implemented, returning E_NOINTERFACE.
12960.035:0134:0194:warn:vkd3d-proton:d3d12_device_QueryInterface: {0742a90b-c387-483f-b946-30a7e4e61458} not implemented, returning E_NOINTERFACE.
12960.075:0134:0190:warn:vkd3d-proton:d3d12_device_QueryInterface: {0742a90b-c387-483f-b946-30a7e4e61458} not implemented, returning E_NOINTERFACE.
12960.122:0134:0198:warn:vkd3d-proton:d3d12_device_QueryInterface: {0742a90b-c387-483f-b946-30a7e4e61458} not implemented, returning E_NOINTERFACE.
12960.170:0134:019c:warn:vkd3d-proton:d3d12_device_QueryInterface: {0742a90b-c387-483f-b946-30a7e4e61458} not implemented, returning E_NOINTERFACE.
12960.200:0134:0190:warn:vkd3d-proton:d3d12_device_QueryInterface: {0742a90b-c387-483f-b946-30a7e4e61458} not implemented, returning E_NOINTERFACE.
12960.240:0134:0194:warn:vkd3d-proton:d3d12_device_QueryInterface: {0742a90b-c387-483f-b946-30a7e4e61458} not implemented, returning E_NOINTERFACE.
12960.274:0134:0190:warn:vkd3d-proton:d3d12_device_QueryInterface: {0742a90b-c387-483f-b946-30a7e4e61458} not implemented, returning E_NOINTERFACE.
12960.314:0134:0194:warn:vkd3d-proton:d3d12_device_QueryInterface: {0742a90b-c387-483f-b946-30a7e4e61458} not implemented, returning E_NOINTERFACE.
12960.356:0134:0194:warn:vkd3d-proton:d3d12_device_QueryInterface: {0742a90b-c387-483f-b946-30a7e4e61458} not implemented, returning E_NOINTERFACE.
12960.390:0134:0194:warn:vkd3d-proton:d3d12_device_QueryInterface: {0742a90b-c387-483f-b946-30a7e4e61458} not implemented, returning E_NOINTERFACE.
12960.429:0134:0194:warn:vkd3d-proton:d3d12_device_QueryInterface: {0742a90b-c387-483f-b946-30a7e4e61458} not implemented, returning E_NOINTERFACE.
12960.472:0134:019c:warn:vkd3d-proton:d3d12_device_QueryInterface: {0742a90b-c387-483f-b946-30a7e4e61458} not implemented, returning E_NOINTERFACE.
12960.513:0134:019c:warn:vkd3d-proton:d3d12_device_QueryInterface: {0742a90b-c387-483f-b946-30a7e4e61458} not implemented, returning E_NOINTERFACE.
12960.558:0134:019c:warn:vkd3d-proton:d3d12_device_QueryInterface: {0742a90b-c387-483f-b946-30a7e4e61458} not implemented, returning E_NOINTERFACE.
12960.584:0134:019c:warn:vkd3d-proton:d3d12_device_QueryInterface: {0742a90b-c387-483f-b946-30a7e4e61458} not implemented, returning E_NOINTERFACE.
12960.616:0134:0198:warn:vkd3d-proton:d3d12_device_QueryInterface: {0742a90b-c387-483f-b946-30a7e4e61458} not implemented, returning E_NOINTERFACE.
12960.653:0134:019c:warn:vkd3d-proton:d3d12_device_QueryInterface: {0742a90b-c387-483f-b946-30a7e4e61458} not implemented, returning E_NOINTERFACE.
12960.688:0134:0194:warn:vkd3d-proton:d3d12_device_QueryInterface: {0742a90b-c387-483f-b946-30a7e4e61458} not implemented, returning E_NOINTERFACE.
12960.722:0134:0194:warn:vkd3d-proton:d3d12_device_QueryInterface: {0742a90b-c387-483f-b946-30a7e4e61458} not implemented, returning E_NOINTERFACE.
12960.767:0134:0190:warn:vkd3d-proton:d3d12_device_QueryInterface: {0742a90b-c387-483f-b946-30a7e4e61458} not implemented, returning E_NOINTERFACE.
12960.794:0134:0194:warn:vkd3d-proton:d3d12_device_QueryInterface: {0742a90b-c387-483f-b946-30a7e4e61458} not implemented, returning E_NOINTERFACE.
12960.834:0134:0190:warn:vkd3d-proton:d3d12_device_QueryInterface: {0742a90b-c387-483f-b946-30a7e4e61458} not implemented, returning E_NOINTERFACE.
12960.871:0134:0198:warn:vkd3d-proton:d3d12_device_QueryInterface: {0742a90b-c387-483f-b946-30a7e4e61458} not implemented, returning E_NOINTERFACE.
12960.911:0134:0194:warn:vkd3d-proton:d3d12_device_QueryInterface: {0742a90b-c387-483f-b946-30a7e4e61458} not implemented, returning E_NOINTERFACE.
12960.949:0134:0190:warn:vkd3d-proton:d3d12_device_QueryInterface: {0742a90b-c387-483f-b946-30a7e4e61458} not implemented, returning E_NOINTERFACE.
12960.989:0134:0190:warn:vkd3d-proton:d3d12_device_QueryInterface: {0742a90b-c387-483f-b946-30a7e4e61458} not implemented, returning E_NOINTERFACE.
12961.027:0134:0198:warn:vkd3d-proton:d3d12_device_QueryInterface: {0742a90b-c387-483f-b946-30a7e4e61458} not implemented, returning E_NOINTERFACE.
12961.037:0134:0194:warn:vkd3d-proton:d3d12_device_QueryInterface: {0742a90b-c387-483f-b946-30a7e4e61458} not implemented, returning E_NOINTERFACE.
12961.044:0134:0190:warn:vkd3d-proton:d3d12_device_QueryInterface: {0742a90b-c387-483f-b946-30a7e4e61458} not implemented, returning E_NOINTERFACE.
12961.061:0134:0190:warn:vkd3d-proton:d3d12_device_QueryInterface: {0742a90b-c387-483f-b946-30a7e4e61458} not implemented, returning E_NOINTERFACE.
12961.093:0134:0198:warn:vkd3d-proton:d3d12_device_QueryInterface: {0742a90b-c387-483f-b946-30a7e4e61458} not implemented, returning E_NOINTERFACE.
12961.127:0134:0194:warn:vkd3d-proton:d3d12_device_QueryInterface: {0742a90b-c387-483f-b946-30a7e4e61458} not implemented, returning E_NOINTERFACE.
12961.164:0134:0198:warn:vkd3d-proton:d3d12_device_QueryInterface: {0742a90b-c387-483f-b946-30a7e4e61458} not implemented, returning E_NOINTERFACE.
12961.194:0134:019c:warn:vkd3d-proton:d3d12_device_QueryInterface: {0742a90b-c387-483f-b946-30a7e4e61458} not implemented, returning E_NOINTERFACE.
12961.239:0134:0190:warn:vkd3d-proton:d3d12_device_QueryInterface: {0742a90b-c387-483f-b946-30a7e4e61458} not implemented, returning E_NOINTERFACE.
12961.267:0134:019c:warn:vkd3d-proton:d3d12_device_QueryInterface: {0742a90b-c387-483f-b946-30a7e4e61458} not implemented, returning E_NOINTERFACE.
12961.296:0134:0190:warn:vkd3d-proton:d3d12_device_QueryInterface: {0742a90b-c387-483f-b946-30a7e4e61458} not implemented, returning E_NOINTERFACE.
12961.333:0134:0194:warn:vkd3d-proton:d3d12_device_QueryInterface: {0742a90b-c387-483f-b946-30a7e4e61458} not implemented, returning E_NOINTERFACE.
12961.388:0134:0198:warn:vkd3d-proton:d3d12_device_QueryInterface: {0742a90b-c387-483f-b946-30a7e4e61458} not implemented, returning E_NOINTERFACE.
12961.435:0134:019c:warn:vkd3d-proton:d3d12_device_QueryInterface: {0742a90b-c387-483f-b946-30a7e4e61458} not implemented, returning E_NOINTERFACE.
12961.480:0134:019c:warn:vkd3d-proton:d3d12_device_QueryInterface: {0742a90b-c387-483f-b946-30a7e4e61458} not implemented, returning E_NOINTERFACE.
12961.532:0134:019c:warn:vkd3d-proton:d3d12_device_QueryInterface: {0742a90b-c387-483f-b946-30a7e4e61458} not implemented, returning E_NOINTERFACE.
12961.587:0134:019c:warn:vkd3d-proton:d3d12_device_QueryInterface: {0742a90b-c387-483f-b946-30a7e4e61458} not implemented, returning E_NOINTERFACE.
12961.642:0134:0190:warn:vkd3d-proton:d3d12_device_QueryInterface: {0742a90b-c387-483f-b946-30a7e4e61458} not implemented, returning E_NOINTERFACE.
12961.676:0134:0190:warn:vkd3d-proton:d3d12_device_QueryInterface: {0742a90b-c387-483f-b946-30a7e4e61458} not implemented, returning E_NOINTERFACE.
12961.712:0134:0190:warn:vkd3d-proton:d3d12_device_QueryInterface: {0742a90b-c387-483f-b946-30a7e4e61458} not implemented, returning E_NOINTERFACE.
12961.756:0134:0198:warn:vkd3d-proton:d3d12_device_QueryInterface: {0742a90b-c387-483f-b946-30a7e4e61458} not implemented, returning E_NOINTERFACE.
12961.797:0134:0194:warn:vkd3d-proton:d3d12_device_QueryInterface: {0742a90b-c387-483f-b946-30a7e4e61458} not implemented, returning E_NOINTERFACE.
12961.831:0134:0190:warn:vkd3d-proton:d3d12_device_QueryInterface: {0742a90b-c387-483f-b946-30a7e4e61458} not implemented, returning E_NOINTERFACE.
12961.837:0134:0190:warn:vkd3d-proton:d3d12_device_QueryInterface: {0742a90b-c387-483f-b946-30a7e4e61458} not implemented, returning E_NOINTERFACE.
12961.864:0134:0190:warn:vkd3d-proton:d3d12_device_QueryInterface: {0742a90b-c387-483f-b946-30a7e4e61458} not implemented, returning E_NOINTERFACE.
12961.900:0134:019c:warn:vkd3d-proton:d3d12_device_QueryInterface: {0742a90b-c387-483f-b946-30a7e4e61458} not implemented, returning E_NOINTERFACE.
12961.938:0134:0190:warn:vkd3d-proton:d3d12_device_QueryInterface: {0742a90b-c387-483f-b946-30a7e4e61458} not implemented, returning E_NOINTERFACE.
12961.978:0134:019c:warn:vkd3d-proton:d3d12_device_QueryInterface: {0742a90b-c387-483f-b946-30a7e4e61458} not implemented, returning E_NOINTERFACE.
12962.024:0134:0190:warn:vkd3d-proton:d3d12_device_QueryInterface: {0742a90b-c387-483f-b946-30a7e4e61458} not implemented, returning E_NOINTERFACE.
12962.073:0134:0198:warn:vkd3d-proton:d3d12_device_QueryInterface: {0742a90b-c387-483f-b946-30a7e4e61458} not implemented, returning E_NOINTERFACE.
12962.110:0134:0194:warn:vkd3d-proton:d3d12_device_QueryInterface: {0742a90b-c387-483f-b946-30a7e4e61458} not implemented, returning E_NOINTERFACE.
12962.146:0134:0198:warn:vkd3d-proton:d3d12_device_QueryInterface: {0742a90b-c387-483f-b946-30a7e4e61458} not implemented, returning E_NOINTERFACE.
12962.176:0134:0194:warn:vkd3d-proton:d3d12_device_QueryInterface: {0742a90b-c387-483f-b946-30a7e4e61458} not implemented, returning E_NOINTERFACE.
12962.215:0134:0194:warn:vkd3d-proton:d3d12_device_QueryInterface: {0742a90b-c387-483f-b946-30a7e4e61458} not implemented, returning E_NOINTERFACE.
12962.250:0134:0190:warn:vkd3d-proton:d3d12_device_QueryInterface: {0742a90b-c387-483f-b946-30a7e4e61458} not implemented, returning E_NOINTERFACE.
12962.303:0134:019c:warn:vkd3d-proton:d3d12_device_QueryInterface: {0742a90b-c387-483f-b946-30a7e4e61458} not implemented, returning E_NOINTERFACE.
12962.369:0134:0198:warn:vkd3d-proton:d3d12_device_QueryInterface: {0742a90b-c387-483f-b946-30a7e4e61458} not implemented, returning E_NOINTERFACE.
12962.394:0134:019c:warn:vkd3d-proton:d3d12_device_QueryInterface: {0742a90b-c387-483f-b946-30a7e4e61458} not implemented, returning E_NOINTERFACE.
12962.441:0134:0194:warn:vkd3d-proton:d3d12_device_QueryInterface: {0742a90b-c387-483f-b946-30a7e4e61458} not implemented, returning E_NOINTERFACE.
12962.515:0134:0194:warn:vkd3d-proton:d3d12_device_QueryInterface: {0742a90b-c387-483f-b946-30a7e4e61458} not implemented, returning E_NOINTERFACE.
12962.542:0134:0194:warn:vkd3d-proton:d3d12_device_QueryInterface: {0742a90b-c387-483f-b946-30a7e4e61458} not implemented, returning E_NOINTERFACE.
12962.583:0134:0198:warn:vkd3d-proton:d3d12_device_QueryInterface: {0742a90b-c387-483f-b946-30a7e4e61458} not implemented, returning E_NOINTERFACE.
12962.599:0134:019c:warn:vkd3d-proton:d3d12_device_QueryInterface: {0742a90b-c387-483f-b946-30a7e4e61458} not implemented, returning E_NOINTERFACE.
12962.613:0134:019c:warn:vkd3d-proton:d3d12_device_QueryInterface: {0742a90b-c387-483f-b946-30a7e4e61458} not implemented, returning E_NOINTERFACE.
12962.625:0134:019c:warn:vkd3d-proton:d3d12_device_QueryInterface: {0742a90b-c387-483f-b946-30a7e4e61458} not implemented, returning E_NOINTERFACE.
12962.667:0134:0190:warn:vkd3d-proton:d3d12_device_QueryInterface: {0742a90b-c387-483f-b946-30a7e4e61458} not implemented, returning E_NOINTERFACE.
12962.710:0134:0198:warn:vkd3d-proton:d3d12_device_QueryInterface: {0742a90b-c387-483f-b946-30a7e4e61458} not implemented, returning E_NOINTERFACE.
12962.760:0134:0190:warn:vkd3d-proton:d3d12_device_QueryInterface: {0742a90b-c387-483f-b946-30a7e4e61458} not implemented, returning E_NOINTERFACE.
12962.802:0134:0194:warn:vkd3d-proton:d3d12_device_QueryInterface: {0742a90b-c387-483f-b946-30a7e4e61458} not implemented, returning E_NOINTERFACE.
12962.842:0134:019c:warn:vkd3d-proton:d3d12_device_QueryInterface: {0742a90b-c387-483f-b946-30a7e4e61458} not implemented, returning E_NOINTERFACE.
12962.870:0134:019c:warn:vkd3d-proton:d3d12_device_QueryInterface: {0742a90b-c387-483f-b946-30a7e4e61458} not implemented, returning E_NOINTERFACE.
12962.913:0134:0190:warn:vkd3d-proton:d3d12_device_QueryInterface: {0742a90b-c387-483f-b946-30a7e4e61458} not implemented, returning E_NOINTERFACE.
12962.957:0134:019c:warn:vkd3d-proton:d3d12_device_QueryInterface: {0742a90b-c387-483f-b946-30a7e4e61458} not implemented, returning E_NOINTERFACE.
12962.997:0134:019c:warn:vkd3d-proton:d3d12_device_QueryInterface: {0742a90b-c387-483f-b946-30a7e4e61458} not implemented, returning E_NOINTERFACE.
12963.035:0134:019c:warn:vkd3d-proton:d3d12_device_QueryInterface: {0742a90b-c387-483f-b946-30a7e4e61458} not implemented, returning E_NOINTERFACE.
12963.067:0134:0198:warn:vkd3d-proton:d3d12_device_QueryInterface: {0742a90b-c387-483f-b946-30a7e4e61458} not implemented, returning E_NOINTERFACE.
12963.108:0134:019c:warn:vkd3d-proton:d3d12_device_QueryInterface: {0742a90b-c387-483f-b946-30a7e4e61458} not implemented, returning E_NOINTERFACE.
12963.146:0134:0190:warn:vkd3d-proton:d3d12_device_QueryInterface: {0742a90b-c387-483f-b946-30a7e4e61458} not implemented, returning E_NOINTERFACE.
12963.184:0134:0190:warn:vkd3d-proton:d3d12_device_QueryInterface: {0742a90b-c387-483f-b946-30a7e4e61458} not implemented, returning E_NOINTERFACE.
12963.219:0134:0190:warn:vkd3d-proton:d3d12_device_QueryInterface: {0742a90b-c387-483f-b946-30a7e4e61458} not implemented, returning E_NOINTERFACE.
12963.266:0134:0198:warn:vkd3d-proton:d3d12_device_QueryInterface: {0742a90b-c387-483f-b946-30a7e4e61458} not implemented, returning E_NOINTERFACE.
12963.302:0134:0190:warn:vkd3d-proton:d3d12_device_QueryInterface: {0742a90b-c387-483f-b946-30a7e4e61458} not implemented, returning E_NOINTERFACE.
12963.356:0134:0190:warn:vkd3d-proton:d3d12_device_QueryInterface: {0742a90b-c387-483f-b946-30a7e4e61458} not implemented, returning E_NOINTERFACE.
12963.402:0134:019c:warn:vkd3d-proton:d3d12_device_QueryInterface: {0742a90b-c387-483f-b946-30a7e4e61458} not implemented, returning E_NOINTERFACE.
12963.414:0134:019c:warn:vkd3d-proton:d3d12_device_QueryInterface: {0742a90b-c387-483f-b946-30a7e4e61458} not implemented, returning E_NOINTERFACE.
12963.423:0134:019c:warn:vkd3d-proton:d3d12_device_QueryInterface: {0742a90b-c387-483f-b946-30a7e4e61458} not implemented, returning E_NOINTERFACE.
12963.441:0134:0190:warn:vkd3d-proton:d3d12_device_QueryInterface: {0742a90b-c387-483f-b946-30a7e4e61458} not implemented, returning E_NOINTERFACE.
12963.479:0134:019c:warn:vkd3d-proton:d3d12_device_QueryInterface: {0742a90b-c387-483f-b946-30a7e4e61458} not implemented, returning E_NOINTERFACE.
12963.517:0134:0194:warn:vkd3d-proton:d3d12_device_QueryInterface: {0742a90b-c387-483f-b946-30a7e4e61458} not implemented, returning E_NOINTERFACE.
12963.567:0134:0198:warn:vkd3d-proton:d3d12_device_QueryInterface: {0742a90b-c387-483f-b946-30a7e4e61458} not implemented, returning E_NOINTERFACE.
12963.596:0134:019c:warn:vkd3d-proton:d3d12_device_QueryInterface: {0742a90b-c387-483f-b946-30a7e4e61458} not implemented, returning E_NOINTERFACE.
12963.641:0134:0190:warn:vkd3d-proton:d3d12_device_QueryInterface: {0742a90b-c387-483f-b946-30a7e4e61458} not implemented, returning E_NOINTERFACE.
12963.671:0134:019c:warn:vkd3d-proton:d3d12_device_QueryInterface: {0742a90b-c387-483f-b946-30a7e4e61458} not implemented, returning E_NOINTERFACE.
12963.716:0134:0190:warn:vkd3d-proton:d3d12_device_QueryInterface: {0742a90b-c387-483f-b946-30a7e4e61458} not implemented, returning E_NOINTERFACE.
12963.748:0134:0190:warn:vkd3d-proton:d3d12_device_QueryInterface: {0742a90b-c387-483f-b946-30a7e4e61458} not implemented, returning E_NOINTERFACE.
12963.791:0134:019c:warn:vkd3d-proton:d3d12_device_QueryInterface: {0742a90b-c387-483f-b946-30a7e4e61458} not implemented, returning E_NOINTERFACE.
12963.832:0134:0198:warn:vkd3d-proton:d3d12_device_QueryInterface: {0742a90b-c387-483f-b946-30a7e4e61458} not implemented, returning E_NOINTERFACE.
12963.859:0134:0190:warn:vkd3d-proton:d3d12_device_QueryInterface: {0742a90b-c387-483f-b946-30a7e4e61458} not implemented, returning E_NOINTERFACE.
12963.911:0134:0198:warn:vkd3d-proton:d3d12_device_QueryInterface: {0742a90b-c387-483f-b946-30a7e4e61458} not implemented, returning E_NOINTERFACE.
12963.942:0134:019c:warn:vkd3d-proton:d3d12_device_QueryInterface: {0742a90b-c387-483f-b946-30a7e4e61458} not implemented, returning E_NOINTERFACE.
12963.977:0134:0190:warn:vkd3d-proton:d3d12_device_QueryInterface: {0742a90b-c387-483f-b946-30a7e4e61458} not implemented, returning E_NOINTERFACE.
12964.012:0134:019c:warn:vkd3d-proton:d3d12_device_QueryInterface: {0742a90b-c387-483f-b946-30a7e4e61458} not implemented, returning E_NOINTERFACE.
12964.062:0134:0194:warn:vkd3d-proton:d3d12_device_QueryInterface: {0742a90b-c387-483f-b946-30a7e4e61458} not implemented, returning E_NOINTERFACE.
12964.298:0134:0190:warn:vkd3d-proton:d3d12_device_QueryInterface: {0742a90b-c387-483f-b946-30a7e4e61458} not implemented, returning E_NOINTERFACE.
12964.305:0134:0190:warn:vkd3d-proton:d3d12_device_QueryInterface: {0742a90b-c387-483f-b946-30a7e4e61458} not implemented, returning E_NOINTERFACE.
12964.349:0134:019c:warn:vkd3d-proton:d3d12_device_QueryInterface: {0742a90b-c387-483f-b946-30a7e4e61458} not implemented, returning E_NOINTERFACE.
12964.385:0134:0198:warn:vkd3d-proton:d3d12_device_QueryInterface: {0742a90b-c387-483f-b946-30a7e4e61458} not implemented, returning E_NOINTERFACE.
12964.418:0134:0194:warn:vkd3d-proton:d3d12_device_QueryInterface: {0742a90b-c387-483f-b946-30a7e4e61458} not implemented, returning E_NOINTERFACE.
12964.450:0134:0190:warn:vkd3d-proton:d3d12_device_QueryInterface: {0742a90b-c387-483f-b946-30a7e4e61458} not implemented, returning E_NOINTERFACE.
12964.492:0134:0198:warn:vkd3d-proton:d3d12_device_QueryInterface: {0742a90b-c387-483f-b946-30a7e4e61458} not implemented, returning E_NOINTERFACE.
12964.528:0134:0190:warn:vkd3d-proton:d3d12_device_QueryInterface: {0742a90b-c387-483f-b946-30a7e4e61458} not implemented, returning E_NOINTERFACE.
12964.586:0134:0198:warn:vkd3d-proton:d3d12_device_QueryInterface: {0742a90b-c387-483f-b946-30a7e4e61458} not implemented, returning E_NOINTERFACE.
12964.613:0134:019c:warn:vkd3d-proton:d3d12_device_QueryInterface: {0742a90b-c387-483f-b946-30a7e4e61458} not implemented, returning E_NOINTERFACE.
12964.644:0134:0190:warn:vkd3d-proton:d3d12_device_QueryInterface: {0742a90b-c387-483f-b946-30a7e4e61458} not implemented, returning E_NOINTERFACE.
12964.687:0134:019c:warn:vkd3d-proton:d3d12_device_QueryInterface: {0742a90b-c387-483f-b946-30a7e4e61458} not implemented, returning E_NOINTERFACE.
12964.721:0134:0190:warn:vkd3d-proton:d3d12_device_QueryInterface: {0742a90b-c387-483f-b946-30a7e4e61458} not implemented, returning E_NOINTERFACE.
12964.766:0134:019c:warn:vkd3d-proton:d3d12_device_QueryInterface: {0742a90b-c387-483f-b946-30a7e4e61458} not implemented, returning E_NOINTERFACE.
12964.802:0134:0198:warn:vkd3d-proton:d3d12_device_QueryInterface: {0742a90b-c387-483f-b946-30a7e4e61458} not implemented, returning E_NOINTERFACE.
12964.835:0134:0194:warn:vkd3d-proton:d3d12_device_QueryInterface: {0742a90b-c387-483f-b946-30a7e4e61458} not implemented, returning E_NOINTERFACE.
12964.873:0134:0190:warn:vkd3d-proton:d3d12_device_QueryInterface: {0742a90b-c387-483f-b946-30a7e4e61458} not implemented, returning E_NOINTERFACE.
12964.879:0134:0190:warn:vkd3d-proton:d3d12_device_QueryInterface: {0742a90b-c387-483f-b946-30a7e4e61458} not implemented, returning E_NOINTERFACE.
12964.895:0134:0190:warn:vkd3d-proton:d3d12_device_QueryInterface: {0742a90b-c387-483f-b946-30a7e4e61458} not implemented, returning E_NOINTERFACE.
12964.913:0134:0190:warn:vkd3d-proton:d3d12_device_QueryInterface: {0742a90b-c387-483f-b946-30a7e4e61458} not implemented, returning E_NOINTERFACE.
12964.948:0134:0190:warn:vkd3d-proton:d3d12_device_QueryInterface: {0742a90b-c387-483f-b946-30a7e4e61458} not implemented, returning E_NOINTERFACE.
12964.988:0134:0194:warn:vkd3d-proton:d3d12_device_QueryInterface: {0742a90b-c387-483f-b946-30a7e4e61458} not implemented, returning E_NOINTERFACE.
12965.020:0134:0190:warn:vkd3d-proton:d3d12_device_QueryInterface: {0742a90b-c387-483f-b946-30a7e4e61458} not implemented, returning E_NOINTERFACE.
12965.054:0134:0198:warn:vkd3d-proton:d3d12_device_QueryInterface: {0742a90b-c387-483f-b946-30a7e4e61458} not implemented, returning E_NOINTERFACE.
12965.095:0134:0190:warn:vkd3d-proton:d3d12_device_QueryInterface: {0742a90b-c387-483f-b946-30a7e4e61458} not implemented, returning E_NOINTERFACE.
12965.130:0134:0194:warn:vkd3d-proton:d3d12_device_QueryInterface: {0742a90b-c387-483f-b946-30a7e4e61458} not implemented, returning E_NOINTERFACE.
12965.164:0134:0198:warn:vkd3d-proton:d3d12_device_QueryInterface: {0742a90b-c387-483f-b946-30a7e4e61458} not implemented, returning E_NOINTERFACE.
12965.202:0134:0194:warn:vkd3d-proton:d3d12_device_QueryInterface: {0742a90b-c387-483f-b946-30a7e4e61458} not implemented, returning E_NOINTERFACE.
12965.239:0134:0190:warn:vkd3d-proton:d3d12_device_QueryInterface: {0742a90b-c387-483f-b946-30a7e4e61458} not implemented, returning E_NOINTERFACE.
12965.285:0134:0194:warn:vkd3d-proton:d3d12_device_QueryInterface: {0742a90b-c387-483f-b946-30a7e4e61458} not implemented, returning E_NOINTERFACE.
12965.325:0134:0194:warn:vkd3d-proton:d3d12_device_QueryInterface: {0742a90b-c387-483f-b946-30a7e4e61458} not implemented, returning E_NOINTERFACE.
12965.369:0134:0194:warn:vkd3d-proton:d3d12_device_QueryInterface: {0742a90b-c387-483f-b946-30a7e4e61458} not implemented, returning E_NOINTERFACE.
12965.396:0134:0198:warn:vkd3d-proton:d3d12_device_QueryInterface: {0742a90b-c387-483f-b946-30a7e4e61458} not implemented, returning E_NOINTERFACE.
12965.445:0134:019c:warn:vkd3d-proton:d3d12_device_QueryInterface: {0742a90b-c387-483f-b946-30a7e4e61458} not implemented, returning E_NOINTERFACE.
12965.464:0134:019c:warn:vkd3d-proton:d3d12_device_QueryInterface: {0742a90b-c387-483f-b946-30a7e4e61458} not implemented, returning E_NOINTERFACE.
12965.509:0134:0198:warn:vkd3d-proton:d3d12_device_QueryInterface: {0742a90b-c387-483f-b946-30a7e4e61458} not implemented, returning E_NOINTERFACE.
12965.533:0134:019c:warn:vkd3d-proton:d3d12_device_QueryInterface: {0742a90b-c387-483f-b946-30a7e4e61458} not implemented, returning E_NOINTERFACE.
12965.568:0134:0194:warn:vkd3d-proton:d3d12_device_QueryInterface: {0742a90b-c387-483f-b946-30a7e4e61458} not implemented, returning E_NOINTERFACE.
12965.609:0134:0190:warn:vkd3d-proton:d3d12_device_QueryInterface: {0742a90b-c387-483f-b946-30a7e4e61458} not implemented, returning E_NOINTERFACE.
12965.643:0134:0198:warn:vkd3d-proton:d3d12_device_QueryInterface: {0742a90b-c387-483f-b946-30a7e4e61458} not implemented, returning E_NOINTERFACE.
12965.681:0134:019c:warn:vkd3d-proton:d3d12_device_QueryInterface: {0742a90b-c387-483f-b946-30a7e4e61458} not implemented, returning E_NOINTERFACE.
12965.720:0134:0198:warn:vkd3d-proton:d3d12_device_QueryInterface: {0742a90b-c387-483f-b946-30a7e4e61458} not implemented, returning E_NOINTERFACE.
12965.770:0134:0190:warn:vkd3d-proton:d3d12_device_QueryInterface: {0742a90b-c387-483f-b946-30a7e4e61458} not implemented, returning E_NOINTERFACE.
12965.824:0134:0194:warn:vkd3d-proton:d3d12_device_QueryInterface: {0742a90b-c387-483f-b946-30a7e4e61458} not implemented, returning E_NOINTERFACE.
12965.856:0134:0198:warn:vkd3d-proton:d3d12_device_QueryInterface: {0742a90b-c387-483f-b946-30a7e4e61458} not implemented, returning E_NOINTERFACE.
12965.964:0134:0194:warn:vkd3d-proton:d3d12_device_QueryInterface: {0742a90b-c387-483f-b946-30a7e4e61458} not implemented, returning E_NOINTERFACE.
12965.974:0134:0194:warn:vkd3d-proton:d3d12_device_QueryInterface: {0742a90b-c387-483f-b946-30a7e4e61458} not implemented, returning E_NOINTERFACE.
12966.020:0134:019c:warn:vkd3d-proton:d3d12_device_QueryInterface: {0742a90b-c387-483f-b946-30a7e4e61458} not implemented, returning E_NOINTERFACE.
12966.104:0134:0190:warn:vkd3d-proton:d3d12_device_QueryInterface: {0742a90b-c387-483f-b946-30a7e4e61458} not implemented, returning E_NOINTERFACE.
12966.133:0134:019c:warn:vkd3d-proton:d3d12_device_QueryInterface: {0742a90b-c387-483f-b946-30a7e4e61458} not implemented, returning E_NOINTERFACE.
12966.165:0134:0190:warn:vkd3d-proton:d3d12_device_QueryInterface: {0742a90b-c387-483f-b946-30a7e4e61458} not implemented, returning E_NOINTERFACE.
12966.200:0134:0198:warn:vkd3d-proton:d3d12_device_QueryInterface: {0742a90b-c387-483f-b946-30a7e4e61458} not implemented, returning E_NOINTERFACE.
12966.235:0134:019c:warn:vkd3d-proton:d3d12_device_QueryInterface: {0742a90b-c387-483f-b946-30a7e4e61458} not implemented, returning E_NOINTERFACE.
12966.276:0134:0198:warn:vkd3d-proton:d3d12_device_QueryInterface: {0742a90b-c387-483f-b946-30a7e4e61458} not implemented, returning E_NOINTERFACE.
12966.314:0134:019c:warn:vkd3d-proton:d3d12_device_QueryInterface: {0742a90b-c387-483f-b946-30a7e4e61458} not implemented, returning E_NOINTERFACE.
12966.350:0134:0190:warn:vkd3d-proton:d3d12_device_QueryInterface: {0742a90b-c387-483f-b946-30a7e4e61458} not implemented, returning E_NOINTERFACE.
12966.380:0134:0194:warn:vkd3d-proton:d3d12_device_QueryInterface: {0742a90b-c387-483f-b946-30a7e4e61458} not implemented, returning E_NOINTERFACE.
12966.416:0134:0198:warn:vkd3d-proton:d3d12_device_QueryInterface: {0742a90b-c387-483f-b946-30a7e4e61458} not implemented, returning E_NOINTERFACE.
12966.455:0134:0194:warn:vkd3d-proton:d3d12_device_QueryInterface: {0742a90b-c387-483f-b946-30a7e4e61458} not implemented, returning E_NOINTERFACE.
12966.487:0134:0198:warn:vkd3d-proton:d3d12_device_QueryInterface: {0742a90b-c387-483f-b946-30a7e4e61458} not implemented, returning E_NOINTERFACE.
12966.529:0134:019c:warn:vkd3d-proton:d3d12_device_QueryInterface: {0742a90b-c387-483f-b946-30a7e4e61458} not implemented, returning E_NOINTERFACE.
12966.566:0134:0194:warn:vkd3d-proton:d3d12_device_QueryInterface: {0742a90b-c387-483f-b946-30a7e4e61458} not implemented, returning E_NOINTERFACE.
12966.610:0134:0198:warn:vkd3d-proton:d3d12_device_QueryInterface: {0742a90b-c387-483f-b946-30a7e4e61458} not implemented, returning E_NOINTERFACE.
12966.649:0134:019c:warn:vkd3d-proton:d3d12_device_QueryInterface: {0742a90b-c387-483f-b946-30a7e4e61458} not implemented, returning E_NOINTERFACE.
12966.689:0134:0194:warn:vkd3d-proton:d3d12_device_QueryInterface: {0742a90b-c387-483f-b946-30a7e4e61458} not implemented, returning E_NOINTERFACE.
12966.735:0134:0190:warn:vkd3d-proton:d3d12_device_QueryInterface: {0742a90b-c387-483f-b946-30a7e4e61458} not implemented, returning E_NOINTERFACE.
12966.762:0134:0198:warn:vkd3d-proton:d3d12_device_QueryInterface: {0742a90b-c387-483f-b946-30a7e4e61458} not implemented, returning E_NOINTERFACE.
12966.799:0134:0194:warn:vkd3d-proton:d3d12_device_QueryInterface: {0742a90b-c387-483f-b946-30a7e4e61458} not implemented, returning E_NOINTERFACE.
12966.837:0134:0198:warn:vkd3d-proton:d3d12_device_QueryInterface: {0742a90b-c387-483f-b946-30a7e4e61458} not implemented, returning E_NOINTERFACE.
12966.880:0134:019c:warn:vkd3d-proton:d3d12_device_QueryInterface: {0742a90b-c387-483f-b946-30a7e4e61458} not implemented, returning E_NOINTERFACE.
12966.923:0134:0190:warn:vkd3d-proton:d3d12_device_QueryInterface: {0742a90b-c387-483f-b946-30a7e4e61458} not implemented, returning E_NOINTERFACE.
12966.962:0134:019c:warn:vkd3d-proton:d3d12_device_QueryInterface: {0742a90b-c387-483f-b946-30a7e4e61458} not implemented, returning E_NOINTERFACE.
12967.034:0134:0194:warn:vkd3d-proton:d3d12_device_QueryInterface: {0742a90b-c387-483f-b946-30a7e4e61458} not implemented, returning E_NOINTERFACE.
12967.072:0134:0190:warn:vkd3d-proton:d3d12_device_QueryInterface: {0742a90b-c387-483f-b946-30a7e4e61458} not implemented, returning E_NOINTERFACE.
12967.087:0134:0190:warn:vkd3d-proton:d3d12_device_QueryInterface: {0742a90b-c387-483f-b946-30a7e4e61458} not implemented, returning E_NOINTERFACE.
12967.102:0134:0190:warn:vkd3d-proton:d3d12_device_QueryInterface: {0742a90b-c387-483f-b946-30a7e4e61458} not implemented, returning E_NOINTERFACE.
12967.112:0134:0190:warn:vkd3d-proton:d3d12_device_QueryInterface: {0742a90b-c387-483f-b946-30a7e4e61458} not implemented, returning E_NOINTERFACE.
12967.168:0134:0198:warn:vkd3d-proton:d3d12_device_QueryInterface: {0742a90b-c387-483f-b946-30a7e4e61458} not implemented, returning E_NOINTERFACE.
12967.199:0134:0190:warn:vkd3d-proton:d3d12_device_QueryInterface: {0742a90b-c387-483f-b946-30a7e4e61458} not implemented, returning E_NOINTERFACE.
12967.238:0134:019c:warn:vkd3d-proton:d3d12_device_QueryInterface: {0742a90b-c387-483f-b946-30a7e4e61458} not implemented, returning E_NOINTERFACE.
12967.298:0134:0190:warn:vkd3d-proton:d3d12_device_QueryInterface: {0742a90b-c387-483f-b946-30a7e4e61458} not implemented, returning E_NOINTERFACE.
12967.319:0134:019c:warn:vkd3d-proton:d3d12_device_QueryInterface: {0742a90b-c387-483f-b946-30a7e4e61458} not implemented, returning E_NOINTERFACE.
12967.391:0134:0194:warn:vkd3d-proton:d3d12_device_QueryInterface: {0742a90b-c387-483f-b946-30a7e4e61458} not implemented, returning E_NOINTERFACE.
12967.407:0134:019c:warn:vkd3d-proton:d3d12_device_QueryInterface: {0742a90b-c387-483f-b946-30a7e4e61458} not implemented, returning E_NOINTERFACE.
12967.464:0134:019c:warn:vkd3d-proton:d3d12_device_QueryInterface: {0742a90b-c387-483f-b946-30a7e4e61458} not implemented, returning E_NOINTERFACE.
12967.477:0134:019c:warn:vkd3d-proton:d3d12_device_QueryInterface: {0742a90b-c387-483f-b946-30a7e4e61458} not implemented, returning E_NOINTERFACE.
12967.514:0134:0194:warn:vkd3d-proton:d3d12_device_QueryInterface: {0742a90b-c387-483f-b946-30a7e4e61458} not implemented, returning E_NOINTERFACE.
12967.548:0134:0190:warn:vkd3d-proton:d3d12_device_QueryInterface: {0742a90b-c387-483f-b946-30a7e4e61458} not implemented, returning E_NOINTERFACE.
12967.612:0134:0194:warn:vkd3d-proton:d3d12_device_QueryInterface: {0742a90b-c387-483f-b946-30a7e4e61458} not implemented, returning E_NOINTERFACE.
12967.621:0134:0194:warn:vkd3d-proton:d3d12_device_QueryInterface: {0742a90b-c387-483f-b946-30a7e4e61458} not implemented, returning E_NOINTERFACE.
12967.665:0134:019c:warn:vkd3d-proton:d3d12_device_QueryInterface: {0742a90b-c387-483f-b946-30a7e4e61458} not implemented, returning E_NOINTERFACE.
12967.686:0134:0194:warn:vkd3d-proton:d3d12_device_QueryInterface: {0742a90b-c387-483f-b946-30a7e4e61458} not implemented, returning E_NOINTERFACE.
12967.723:0134:0190:warn:vkd3d-proton:d3d12_device_QueryInterface: {0742a90b-c387-483f-b946-30a7e4e61458} not implemented, returning E_NOINTERFACE.
12967.761:0134:0198:warn:vkd3d-proton:d3d12_device_QueryInterface: {0742a90b-c387-483f-b946-30a7e4e61458} not implemented, returning E_NOINTERFACE.
12967.815:0134:019c:warn:vkd3d-proton:d3d12_device_QueryInterface: {0742a90b-c387-483f-b946-30a7e4e61458} not implemented, returning E_NOINTERFACE.
12967.853:0134:0190:warn:vkd3d-proton:d3d12_device_QueryInterface: {0742a90b-c387-483f-b946-30a7e4e61458} not implemented, returning E_NOINTERFACE.
12967.876:0134:019c:warn:vkd3d-proton:d3d12_device_QueryInterface: {0742a90b-c387-483f-b946-30a7e4e61458} not implemented, returning E_NOINTERFACE.
12967.913:0134:0194:warn:vkd3d-proton:d3d12_device_QueryInterface: {0742a90b-c387-483f-b946-30a7e4e61458} not implemented, returning E_NOINTERFACE.
12967.952:0134:0190:warn:vkd3d-proton:d3d12_device_QueryInterface: {0742a90b-c387-483f-b946-30a7e4e61458} not implemented, returning E_NOINTERFACE.
12967.999:0134:019c:warn:vkd3d-proton:d3d12_device_QueryInterface: {0742a90b-c387-483f-b946-30a7e4e61458} not implemented, returning E_NOINTERFACE.
12968.033:0134:0198:warn:vkd3d-proton:d3d12_device_QueryInterface: {0742a90b-c387-483f-b946-30a7e4e61458} not implemented, returning E_NOINTERFACE.
12968.066:0134:0190:warn:vkd3d-proton:d3d12_device_QueryInterface: {0742a90b-c387-483f-b946-30a7e4e61458} not implemented, returning E_NOINTERFACE.
12968.101:0134:0194:warn:vkd3d-proton:d3d12_device_QueryInterface: {0742a90b-c387-483f-b946-30a7e4e61458} not implemented, returning E_NOINTERFACE.
12968.145:0134:0190:warn:vkd3d-proton:d3d12_device_QueryInterface: {0742a90b-c387-483f-b946-30a7e4e61458} not implemented, returning E_NOINTERFACE.
12968.150:0134:0190:warn:vkd3d-proton:d3d12_device_QueryInterface: {0742a90b-c387-483f-b946-30a7e4e61458} not implemented, returning E_NOINTERFACE.
12968.163:0134:0190:warn:vkd3d-proton:d3d12_device_QueryInterface: {0742a90b-c387-483f-b946-30a7e4e61458} not implemented, returning E_NOINTERFACE.
12968.205:0134:0190:warn:vkd3d-proton:d3d12_device_QueryInterface: {0742a90b-c387-483f-b946-30a7e4e61458} not implemented, returning E_NOINTERFACE.
12968.222:0134:0194:warn:vkd3d-proton:d3d12_device_QueryInterface: {0742a90b-c387-483f-b946-30a7e4e61458} not implemented, returning E_NOINTERFACE.
12968.257:0134:0190:warn:vkd3d-proton:d3d12_device_QueryInterface: {0742a90b-c387-483f-b946-30a7e4e61458} not implemented, returning E_NOINTERFACE.
12968.319:0134:0194:warn:vkd3d-proton:d3d12_device_QueryInterface: {0742a90b-c387-483f-b946-30a7e4e61458} not implemented, returning E_NOINTERFACE.
12968.344:0134:0194:warn:vkd3d-proton:d3d12_device_QueryInterface: {0742a90b-c387-483f-b946-30a7e4e61458} not implemented, returning E_NOINTERFACE.
12968.367:0134:0190:warn:vkd3d-proton:d3d12_device_QueryInterface: {0742a90b-c387-483f-b946-30a7e4e61458} not implemented, returning E_NOINTERFACE.
12968.430:0134:0198:warn:vkd3d-proton:d3d12_device_QueryInterface: {0742a90b-c387-483f-b946-30a7e4e61458} not implemented, returning E_NOINTERFACE.
12968.439:0134:0194:warn:vkd3d-proton:d3d12_device_QueryInterface: {0742a90b-c387-483f-b946-30a7e4e61458} not implemented, returning E_NOINTERFACE.
12968.529:0134:0198:warn:vkd3d-proton:d3d12_device_QueryInterface: {0742a90b-c387-483f-b946-30a7e4e61458} not implemented, returning E_NOINTERFACE.
12968.542:0134:0198:warn:vkd3d-proton:d3d12_device_QueryInterface: {0742a90b-c387-483f-b946-30a7e4e61458} not implemented, returning E_NOINTERFACE.
12968.547:0134:01c8:err:vkd3d-proton:d3d12_command_queue_execute: Failed to submit queue(s), vr -4.
12968.556:0134:01c8:warn:vkd3d-proton:d3d12_device_mark_as_removed: Device 000000007ced0080 is lost (reason 0x887a0005, "VK_ERROR_DEVICE_LOST").
12968.556:0134:01c8:err:vkd3d-proton:d3d12_command_queue_execute: Failed to submit queue(s), vr -4.
12968.556:0134:01c8:warn:vkd3d-proton:d3d12_device_mark_as_removed: Device 000000007ced0080 is lost (reason 0x887a0005, "VK_ERROR_DEVICE_LOST").
12968.556:0134:01c8:err:vkd3d-proton:d3d12_command_queue_execute: Failed to submit queue(s), vr -4.
12968.556:0134:01c8:warn:vkd3d-proton:d3d12_device_mark_as_removed: Device 000000007ced0080 is lost (reason 0x887a0005, "VK_ERROR_DEVICE_LOST").
12968.556:0134:01c8:err:vkd3d-proton:d3d12_command_queue_execute: Failed to submit queue(s), vr -4.
12968.556:0134:01c8:warn:vkd3d-proton:d3d12_device_mark_as_removed: Device 000000007ced0080 is lost (reason 0x887a0005, "VK_ERROR_DEVICE_LOST").
12968.556:0134:01c8:err:vkd3d-proton:d3d12_command_queue_execute: Failed to submit queue(s), vr -4.
12968.556:0134:01c8:warn:vkd3d-proton:d3d12_device_mark_as_removed: Device 000000007ced0080 is lost (reason 0x887a0005, "VK_ERROR_DEVICE_LOST").
12968.557:0134:01c8:err:vkd3d-proton:dxgi_vk_swap_chain_wait_semaphore: Failed to wait for present semaphore, vr -4.
12968.557:0134:01c8:err:vkd3d-proton:dxgi_vk_swap_chain_wait_semaphore: Failed to wait for present semaphore, vr -4.
12968.557:0134:01c4:err:vkd3d-proton:vkd3d_wait_for_gpu_timeline_semaphore: Failed to wait for Vulkan timeline semaphore, vr -4.
12968.557:0134:01c8:warn:vkd3d-proton:d3d12_device_mark_as_removed: Device 000000007ced0080 is lost (reason 0x887a0005, "VK_ERROR_DEVICE_LOST").
12968.557:0134:01c8:err:vkd3d-proton:dxgi_vk_swap_chain_submit_blit: Failed to submit swapchain blit, vr -4.
12968.557:0134:01c8:err:vkd3d-proton:dxgi_vk_swap_chain_present_signal_blit_semaphore: Failed to submit present discard, vr = -4.
12968.557:0134:01c8:warn:vkd3d-proton:d3d12_device_mark_as_removed: Device 000000007ced0080 is lost (reason 0x887a0005, "VK_ERROR_DEVICE_LOST").
12968.557:0134:01c8:err:vkd3d-proton:d3d12_command_queue_execute: Failed to submit queue(s), vr -4.
12968.557:0134:01c8:warn:vkd3d-proton:d3d12_device_mark_as_removed: Device 000000007ced0080 is lost (reason 0x887a0005, "VK_ERROR_DEVICE_LOST").
12968.557:0134:01c8:err:vkd3d-proton:d3d12_command_queue_execute: Failed to submit queue(s), vr -4.
12968.557:0134:01c8:warn:vkd3d-proton:d3d12_device_mark_as_removed: Device 000000007ced0080 is lost (reason 0x887a0005, "VK_ERROR_DEVICE_LOST").
12968.557:0134:01c8:err:vkd3d-proton:d3d12_command_queue_execute: Failed to submit queue(s), vr -4.
12968.557:0134:01c8:warn:vkd3d-proton:d3d12_device_mark_as_removed: Device 000000007ced0080 is lost (reason 0x887a0005, "VK_ERROR_DEVICE_LOST").
12968.557:0134:01c8:err:vkd3d-proton:d3d12_command_queue_execute: Failed to submit queue(s), vr -4.
12968.557:0134:01c8:warn:vkd3d-proton:d3d12_device_mark_as_removed: Device 000000007ced0080 is lost (reason 0x887a0005, "VK_ERROR_DEVICE_LOST").
12968.557:0134:01c8:err:vkd3d-proton:d3d12_command_queue_execute: Failed to submit queue(s), vr -4.
12968.557:0134:01c8:warn:vkd3d-proton:d3d12_device_mark_as_removed: Device 000000007ced0080 is lost (reason 0x887a0005, "VK_ERROR_DEVICE_LOST").
12968.557:0134:01c8:err:vkd3d-proton:d3d12_command_queue_execute: Failed to submit queue(s), vr -4.
12968.557:0134:01c8:warn:vkd3d-proton:d3d12_device_mark_as_removed: Device 000000007ced0080 is lost (reason 0x887a0005, "VK_ERROR_DEVICE_LOST").
12968.557:0134:01c8:err:vkd3d-proton:dxgi_vk_swap_chain_wait_semaphore: Failed to wait for present semaphore, vr -4.
12968.557:0134:01c8:warn:vkd3d-proton:d3d12_device_mark_as_removed: Device 000000007ced0080 is lost (reason 0x887a0005, "VK_ERROR_DEVICE_LOST").
12968.557:0134:01c8:err:vkd3d-proton:dxgi_vk_swap_chain_submit_blit: Failed to submit swapchain blit, vr -4.
12968.557:0134:01c8:err:vkd3d-proton:dxgi_vk_swap_chain_present_signal_blit_semaphore: Failed to submit present discard, vr = -4.
12968.557:0134:01c8:warn:vkd3d-proton:d3d12_device_mark_as_removed: Device 000000007ced0080 is lost (reason 0x887a0005, "VK_ERROR_DEVICE_LOST").
12968.557:0134:0294:err:vkd3d-proton:dxgi_vk_swap_chain_wait_semaphore: Failed to wait for present semaphore, vr -4.
12968.557:0134:0294:err:vkd3d-proton:dxgi_vk_swap_chain_wait_semaphore: Failed to wait for present semaphore, vr -4.
12968.557:0134:01c4:warn:vkd3d-proton:d3d12_device_mark_as_removed: Device 000000007ced0080 is lost (reason 0x887a0005, "VK_ERROR_DEVICE_LOST").
12968.558:0134:01c4:err:vkd3d-proton:vkd3d_wait_for_gpu_timeline_semaphore: Failed to wait for Vulkan timeline semaphore, vr -4.
12968.558:0134:01c4:warn:vkd3d-proton:d3d12_device_mark_as_removed: Device 000000007ced0080 is lost (reason 0x887a0005, "VK_ERROR_DEVICE_LOST").
12968.558:0134:01c4:err:vkd3d-proton:vkd3d_wait_for_gpu_timeline_semaphore: Failed to wait for Vulkan timeline semaphore, vr -4.
12968.558:0134:01c4:warn:vkd3d-proton:d3d12_device_mark_as_removed: Device 000000007ced0080 is lost (reason 0x887a0005, "VK_ERROR_DEVICE_LOST").
12968.558:0134:01c4:err:vkd3d-proton:vkd3d_wait_for_gpu_timeline_semaphore: Failed to wait for Vulkan timeline semaphore, vr -4.
12968.558:0134:01c4:warn:vkd3d-proton:d3d12_device_mark_as_removed: Device 000000007ced0080 is lost (reason 0x887a0005, "VK_ERROR_DEVICE_LOST").
12968.558:0134:01c4:err:vkd3d-proton:vkd3d_wait_for_gpu_timeline_semaphore: Failed to wait for Vulkan timeline semaphore, vr -4.
12968.558:0134:01c4:warn:vkd3d-proton:d3d12_device_mark_as_removed: Device 000000007ced0080 is lost (reason 0x887a0005, "VK_ERROR_DEVICE_LOST").
12968.558:0134:01c4:err:vkd3d-proton:vkd3d_wait_for_gpu_timeline_semaphore: Failed to wait for Vulkan timeline semaphore, vr -4.
12968.558:0134:01c4:warn:vkd3d-proton:d3d12_device_mark_as_removed: Device 000000007ced0080 is lost (reason 0x887a0005, "VK_ERROR_DEVICE_LOST").
12968.558:0134:01c4:err:vkd3d-proton:vkd3d_wait_for_gpu_timeline_semaphore: Failed to wait for Vulkan timeline semaphore, vr -4.
12968.558:0134:01c4:warn:vkd3d-proton:d3d12_device_mark_as_removed: Device 000000007ced0080 is lost (reason 0x887a0005, "VK_ERROR_DEVICE_LOST").
12968.558:0134:01c4:err:vkd3d-proton:vkd3d_wait_for_gpu_timeline_semaphore: Failed to wait for Vulkan timeline semaphore, vr -4.
12968.558:0134:01c4:warn:vkd3d-proton:d3d12_device_mark_as_removed: Device 000000007ced0080 is lost (reason 0x887a0005, "VK_ERROR_DEVICE_LOST").
12968.558:0134:01c4:err:vkd3d-proton:vkd3d_wait_for_gpu_timeline_semaphore: Failed to wait for Vulkan timeline semaphore, vr -4.
12968.558:0134:01c4:warn:vkd3d-proton:d3d12_device_mark_as_removed: Device 000000007ced0080 is lost (reason 0x887a0005, "VK_ERROR_DEVICE_LOST").
12970.022:0134:01d8:err:vkd3d-proton:d3d12_command_queue_execute: Failed to submit queue(s), vr -4.
12970.024:0134:01d8:warn:vkd3d-proton:d3d12_device_mark_as_removed: Device 000000007ced0080 is lost (reason 0x887a0005, "VK_ERROR_DEVICE_LOST").
12970.024:0134:01d8:err:vkd3d-proton:d3d12_command_queue_execute: Failed to submit queue(s), vr -4.
12970.024:0134:01d8:warn:vkd3d-proton:d3d12_device_mark_as_removed: Device 000000007ced0080 is lost (reason 0x887a0005, "VK_ERROR_DEVICE_LOST").
12970.024:0134:01d4:err:vkd3d-proton:vkd3d_wait_for_gpu_timeline_semaphore: Failed to wait for Vulkan timeline semaphore, vr -4.
12970.025:0134:01d4:warn:vkd3d-proton:d3d12_device_mark_as_removed: Device 000000007ced0080 is lost (reason 0x887a0005, "VK_ERROR_DEVICE_LOST").
12970.025:0134:01d4:err:vkd3d-proton:vkd3d_wait_for_gpu_timeline_semaphore: Failed to wait for Vulkan timeline semaphore, vr -4.
12970.025:0134:01d4:warn:vkd3d-proton:d3d12_device_mark_as_removed: Device 000000007ced0080 is lost (reason 0x887a0005, "VK_ERROR_DEVICE_LOST").
12970.025:0134:01d4:err:vkd3d-proton:vkd3d_wait_for_gpu_timeline_semaphore: Failed to wait for Vulkan timeline semaphore, vr -4.
12970.025:0134:01d4:warn:vkd3d-proton:d3d12_device_mark_as_removed: Device 000000007ced0080 is lost (reason 0x887a0005, "VK_ERROR_DEVICE_LOST").
12970.025:0134:01d4:err:vkd3d-proton:vkd3d_wait_for_gpu_timeline_semaphore: Failed to wait for Vulkan timeline semaphore, vr -4.
12970.025:0134:01d4:warn:vkd3d-proton:d3d12_device_mark_as_removed: Device 000000007ced0080 is lost (reason 0x887a0005, "VK_ERROR_DEVICE_LOST").
