# date: 2026-10-04T22:35:30+08:00
# mode: patched
# VK_DRIVER_FILES=/var/home/armada/opencode/turnip-a7xx-dx12/../build/out/freedreno_icd.json
# vkd3d-proton: master-сборка 535b1d247b3fe395 (native-override)
# devices (name | sparseResidencyImage2D):
#   Turnip Adreno (TM) 740  | true
# ---
ProtonFixes[21139] INFO: Running protonfixes on "cachyos-11.0-20260703-slr", build at 2026-07-21 23:36:49+00:00.
ProtonFixes[21139] INFO: Running checks
ProtonFixes[21139] INFO: All checks successful
ProtonFixes[21139] INFO: Using early stage global defaults for UNKNOWN (1716740)
ProtonFixes[21139] INFO: Using early stage global protonfix for UNKNOWN (1716740)
ProtonFixes[21139] INFO: Setting up FSR4 version default.
ProtonFixes[21139] INFO: Automatic FSR4 upgrade enabled.
ProtonFixes[21139] INFO: Running protonfixes on "cachyos-11.0-20260703-slr", build at 2026-07-21 23:36:49+00:00.
ProtonFixes[21139] INFO: Running checks
ProtonFixes[21139] INFO: All checks successful
ProtonFixes[21139] INFO: Using main stage global defaults for UNKNOWN (1716740)
ProtonFixes[21139] INFO: Using main stage global protonfix for UNKNOWN (1716740)
ntsync: up and running.
ATTENTION: default value of option tu_override_uncached_as_cache_coherent overridden by environment.
warn:  CreateDXGIFactory2: Ignoring flags
info:  Game: Starfield.exe
info:  DXVK: v3.0.2-2-g0ff9cd328ca23b4
info:  Build: aarch64 clang 22.1.8
info:  Vulkan: Found vkGetInstanceProcAddr in winevulkan.dll @ 0x6ffff57e0cc0
info:  Extension providers:
info:    Platform WSI
info:    OpenVR
info:  OpenVR: could not open registry key, status 2
warn:  OpenVR: Failed to initialize OpenVR
info:    OpenXR
warn:  OpenXR: Unable to get required Vulkan instance extensions size
info:  Enabled instance extensions:
info:    VK_KHR_get_surface_capabilities2
info:    VK_KHR_surface
info:    VK_KHR_surface_maintenance1
info:    VK_KHR_win32_surface
ATTENTION: default value of option tu_override_uncached_as_cache_coherent overridden by environment.
ATTENTION: default value of option tu_override_uncached_as_cache_coherent overridden by environment.
info:  Found device: Turnip Adreno (TM) 740 (turnip Mesa driver 26.2.3)
warn:  OpenXR: Unable to get required Vulkan Device extensions size
info:  XeSS: hiding Intel GPU Vendor ID
warn:  DxgiAdapter::QueryInterface: Unknown interface query
warn:  f0db4c7f-fe5a-42a2-bd62-f2a6cf6fc83e
4799.702:0138:013c:warn:vkd3d-proton:openvr_instance_extensions: Failed to open VR registry key, status 2.
4799.703:0138:013c:warn:vkd3d-proton:openxr_vulkan_extensions: Failed to get OpenXR extensions size from wineopenxr.
4799.711:0138:013c:info:vkd3d-proton:vkd3d_instance_apply_application_workarounds: Detected game Starfield.exe, adding 4 configs, removing 0 configs.
4799.711:0138:013c:info:vkd3d-proton:vkd3d_instance_apply_application_workarounds: Detected game Starfield.exe, adding shader quirks for specific shaders.
4799.711:0138:013c:info:vkd3d-proton:vkd3d_instance_deduce_config_flags_from_environment: shader_cache is used, global_pipeline_cache is enforced.
4799.712:0138:013c:info:vkd3d-proton:vkd3d_config_flags_init_once: VKD3D_CONFIG=''.
4799.714:0138:013c:info:vkd3d-proton:vkd3d_get_vk_version: vkd3d-proton - applicationVersion: 3.1.0.
4799.714:0138:013c:info:vkd3d-proton:vkd3d_instance_init: vkd3d-proton - build: 31d1f89ca5b3f2f+.
ATTENTION: default value of option tu_override_uncached_as_cache_coherent overridden by environment.
4799.718:0138:013c:warn:vkd3d-proton:openvr_device_extensions: Failed to open VR registry key, status 2.
4799.718:0138:013c:warn:vkd3d-proton:openxr_vulkan_extensions: Failed to get OpenXR extensions size from wineopenxr.
4799.811:0138:013c:info:vkd3d-proton:vkd3d_physical_device_info_init_maint9: Implementation supports eliding QFOT for non-compressed optimal images.
4799.812:0138:013c:info:vkd3d-proton:vkd3d_init_device_caps: Not all relevant pipeline stages are supported by EXT_dgc. Skipping.
4799.825:0138:013c:info:vkd3d-proton:vkd3d_memory_info_decide_hvv_usage: Topology: UMA-like topology.
4799.825:0138:013c:info:vkd3d-proton:vkd3d_memory_info_upload_hvv_memory_properties: Topology: HVV usage is allowed, using DEVICE_LOCAL | HOST_COHERENT for UPLOAD.
4799.829:0138:013c:info:vkd3d-proton:vkd3d_bindless_state_get_bindless_flags: Device supports VK_EXT_mutable_descriptor_type.
4799.829:0138:013c:info:vkd3d-proton:vkd3d_bindless_state_add_binding: Device supports VK_EXT_descriptor_buffer!
4799.830:0138:013c:info:vkd3d-proton:vkd3d_bindless_state_add_binding: Device supports VK_EXT_descriptor_buffer!
4799.830:0138:013c:info:vkd3d-proton:vkd3d_bindless_state_add_binding: Device supports VK_EXT_descriptor_buffer!
4799.872:0138:013c:info:vkd3d-proton:d3d12_device_caps_init_shader_model: Enabling support for SM 6.6.
4799.872:0138:013c:warn:vkd3d-proton:d3d12_device_caps_init_feature_options1: No device info available for TotalLaneCount = 4096.
4799.873:0138:013c:fixme:vkd3d-proton:d3d12_device_caps_init_feature_options1: TotalLaneCount = 4096, may be inaccurate.
4799.878:0138:013c:info:vkd3d-proton:vkd3d_pipeline_library_init_disk_cache: Remapping VKD3D_SHADER_CACHE to: vkd3d-proton.cache.
4799.878:0138:013c:info:vkd3d-proton:vkd3d_pipeline_library_init_disk_cache: Attempting to load disk cache from: vkd3d-proton.cache.
4799.879:0138:013c:warn:vkd3d-proton:d3d12_device_create: Feature level 0xc200 is not supported.
4799.882:0138:0148:info:vkd3d-proton:vkd3d_pipeline_library_disk_thread_main: Performing async setup of stream archive ...
4799.884:0138:0148:info:vkd3d-proton:vkd3d_pipeline_library_disk_cache_merge: No write cache exists. No need to merge any disk caches.
4799.884:0138:0148:info:vkd3d-proton:vkd3d_pipeline_library_disk_cache_initial_setup: Merging pipeline libraries took 1.521 ms.
4799.887:0138:0148:info:vkd3d-proton:vkd3d_pipeline_library_disk_cache_initial_setup: Mapping read-only cache took 0.758 ms.
4799.889:0138:0148:info:vkd3d-proton:d3d12_pipeline_library_read_blob_stream_format: Device teardown request received, stopping parse early.
4799.889:0138:0148:info:vkd3d-proton:vkd3d_pipeline_library_disk_cache_initial_setup: Parsing stream archive took 0.200 ms.
4799.889:0138:0148:info:vkd3d-proton:vkd3d_pipeline_library_disk_thread_main: Done performing async setup of stream archive.
4799.900:0138:013c:warn:vkd3d-proton:openvr_instance_extensions: Failed to open VR registry key, status 2.
4799.900:0138:013c:warn:vkd3d-proton:openxr_vulkan_extensions: Failed to get OpenXR extensions size from wineopenxr.
4799.903:0138:013c:info:vkd3d-proton:vkd3d_get_vk_version: vkd3d-proton - applicationVersion: 3.1.0.
4799.903:0138:013c:info:vkd3d-proton:vkd3d_instance_init: vkd3d-proton - build: 31d1f89ca5b3f2f+.
ATTENTION: default value of option tu_override_uncached_as_cache_coherent overridden by environment.
4799.906:0138:013c:warn:vkd3d-proton:openvr_device_extensions: Failed to open VR registry key, status 2.
4799.906:0138:013c:warn:vkd3d-proton:openxr_vulkan_extensions: Failed to get OpenXR extensions size from wineopenxr.
4799.994:0138:013c:info:vkd3d-proton:vkd3d_physical_device_info_init_maint9: Implementation supports eliding QFOT for non-compressed optimal images.
4799.994:0138:013c:info:vkd3d-proton:vkd3d_init_device_caps: Not all relevant pipeline stages are supported by EXT_dgc. Skipping.
4800.001:0138:013c:info:vkd3d-proton:vkd3d_memory_info_decide_hvv_usage: Topology: UMA-like topology.
4800.001:0138:013c:info:vkd3d-proton:vkd3d_memory_info_upload_hvv_memory_properties: Topology: HVV usage is allowed, using DEVICE_LOCAL | HOST_COHERENT for UPLOAD.
4800.001:0138:013c:info:vkd3d-proton:vkd3d_bindless_state_get_bindless_flags: Device supports VK_EXT_mutable_descriptor_type.
4800.001:0138:013c:info:vkd3d-proton:vkd3d_bindless_state_add_binding: Device supports VK_EXT_descriptor_buffer!
4800.001:0138:013c:info:vkd3d-proton:vkd3d_bindless_state_add_binding: Device supports VK_EXT_descriptor_buffer!
4800.001:0138:013c:info:vkd3d-proton:vkd3d_bindless_state_add_binding: Device supports VK_EXT_descriptor_buffer!
4800.003:0138:013c:info:vkd3d-proton:d3d12_device_caps_init_shader_model: Enabling support for SM 6.6.
4800.003:0138:013c:warn:vkd3d-proton:d3d12_device_caps_init_feature_options1: No device info available for TotalLaneCount = 4096.
4800.003:0138:013c:fixme:vkd3d-proton:d3d12_device_caps_init_feature_options1: TotalLaneCount = 4096, may be inaccurate.
4800.003:0138:013c:info:vkd3d-proton:vkd3d_pipeline_library_init_disk_cache: Remapping VKD3D_SHADER_CACHE to: vkd3d-proton.cache.
4800.003:0138:013c:info:vkd3d-proton:vkd3d_pipeline_library_init_disk_cache: Attempting to load disk cache from: vkd3d-proton.cache.
4800.003:0138:013c:warn:vkd3d-proton:d3d12_device_create: Feature level 0xc100 is not supported.
4800.004:0138:0150:info:vkd3d-proton:vkd3d_pipeline_library_disk_thread_main: Performing async setup of stream archive ...
4800.005:0138:0150:info:vkd3d-proton:vkd3d_pipeline_library_disk_cache_merge: No write cache exists. No need to merge any disk caches.
4800.005:0138:0150:info:vkd3d-proton:vkd3d_pipeline_library_disk_cache_initial_setup: Merging pipeline libraries took 0.310 ms.
4800.005:0138:0150:info:vkd3d-proton:vkd3d_pipeline_library_disk_cache_initial_setup: Mapping read-only cache took 0.418 ms.
4800.005:0138:0150:info:vkd3d-proton:d3d12_pipeline_library_read_blob_stream_format: Device teardown request received, stopping parse early.
4800.005:0138:0150:info:vkd3d-proton:vkd3d_pipeline_library_disk_cache_initial_setup: Parsing stream archive took 0.018 ms.
4800.005:0138:0150:info:vkd3d-proton:vkd3d_pipeline_library_disk_thread_main: Done performing async setup of stream archive.
4800.011:0138:013c:warn:vkd3d-proton:openvr_instance_extensions: Failed to open VR registry key, status 2.
4800.013:0138:013c:warn:vkd3d-proton:openxr_vulkan_extensions: Failed to get OpenXR extensions size from wineopenxr.
4800.015:0138:013c:info:vkd3d-proton:vkd3d_get_vk_version: vkd3d-proton - applicationVersion: 3.1.0.
4800.015:0138:013c:info:vkd3d-proton:vkd3d_instance_init: vkd3d-proton - build: 31d1f89ca5b3f2f+.
ATTENTION: default value of option tu_override_uncached_as_cache_coherent overridden by environment.
4800.017:0138:013c:warn:vkd3d-proton:openvr_device_extensions: Failed to open VR registry key, status 2.
4800.017:0138:013c:warn:vkd3d-proton:openxr_vulkan_extensions: Failed to get OpenXR extensions size from wineopenxr.
4800.105:0138:013c:info:vkd3d-proton:vkd3d_physical_device_info_init_maint9: Implementation supports eliding QFOT for non-compressed optimal images.
4800.105:0138:013c:info:vkd3d-proton:vkd3d_init_device_caps: Not all relevant pipeline stages are supported by EXT_dgc. Skipping.
4800.112:0138:013c:info:vkd3d-proton:vkd3d_memory_info_decide_hvv_usage: Topology: UMA-like topology.
4800.113:0138:013c:info:vkd3d-proton:vkd3d_memory_info_upload_hvv_memory_properties: Topology: HVV usage is allowed, using DEVICE_LOCAL | HOST_COHERENT for UPLOAD.
4800.113:0138:013c:info:vkd3d-proton:vkd3d_bindless_state_get_bindless_flags: Device supports VK_EXT_mutable_descriptor_type.
4800.113:0138:013c:info:vkd3d-proton:vkd3d_bindless_state_add_binding: Device supports VK_EXT_descriptor_buffer!
4800.113:0138:013c:info:vkd3d-proton:vkd3d_bindless_state_add_binding: Device supports VK_EXT_descriptor_buffer!
4800.113:0138:013c:info:vkd3d-proton:vkd3d_bindless_state_add_binding: Device supports VK_EXT_descriptor_buffer!
4800.114:0138:013c:info:vkd3d-proton:d3d12_device_caps_init_shader_model: Enabling support for SM 6.6.
4800.114:0138:013c:warn:vkd3d-proton:d3d12_device_caps_init_feature_options1: No device info available for TotalLaneCount = 4096.
4800.114:0138:013c:fixme:vkd3d-proton:d3d12_device_caps_init_feature_options1: TotalLaneCount = 4096, may be inaccurate.
4800.114:0138:013c:info:vkd3d-proton:vkd3d_pipeline_library_init_disk_cache: Remapping VKD3D_SHADER_CACHE to: vkd3d-proton.cache.
4800.114:0138:013c:info:vkd3d-proton:vkd3d_pipeline_library_init_disk_cache: Attempting to load disk cache from: vkd3d-proton.cache.
4800.118:0138:0158:info:vkd3d-proton:vkd3d_pipeline_library_disk_thread_main: Performing async setup of stream archive ...
4800.118:0138:0158:info:vkd3d-proton:vkd3d_pipeline_library_disk_cache_merge: No write cache exists. No need to merge any disk caches.
4800.118:0138:0158:info:vkd3d-proton:vkd3d_pipeline_library_disk_cache_initial_setup: Merging pipeline libraries took 0.691 ms.
4800.119:0138:0158:info:vkd3d-proton:vkd3d_pipeline_library_disk_cache_initial_setup: Mapping read-only cache took 0.582 ms.
4800.119:0138:0158:info:vkd3d-proton:d3d12_pipeline_library_read_blob_stream_format: Device teardown request received, stopping parse early.
4800.119:0138:0158:info:vkd3d-proton:vkd3d_pipeline_library_disk_cache_initial_setup: Parsing stream archive took 0.038 ms.
4800.119:0138:0158:info:vkd3d-proton:vkd3d_pipeline_library_disk_thread_main: Done performing async setup of stream archive.
warn:  CreateDXGIFactory2: Ignoring flags
4804.337:0138:013c:warn:vkd3d-proton:openvr_instance_extensions: Failed to open VR registry key, status 2.
4804.337:0138:013c:warn:vkd3d-proton:openxr_vulkan_extensions: Failed to get OpenXR extensions size from wineopenxr.
4804.339:0138:013c:info:vkd3d-proton:vkd3d_get_vk_version: vkd3d-proton - applicationVersion: 3.1.0.
4804.339:0138:013c:info:vkd3d-proton:vkd3d_instance_init: vkd3d-proton - build: 31d1f89ca5b3f2f+.
ATTENTION: default value of option tu_override_uncached_as_cache_coherent overridden by environment.
4804.342:0138:013c:warn:vkd3d-proton:openvr_device_extensions: Failed to open VR registry key, status 2.
4804.342:0138:013c:warn:vkd3d-proton:openxr_vulkan_extensions: Failed to get OpenXR extensions size from wineopenxr.
4804.432:0138:013c:info:vkd3d-proton:vkd3d_physical_device_info_init_maint9: Implementation supports eliding QFOT for non-compressed optimal images.
4804.432:0138:013c:info:vkd3d-proton:vkd3d_init_device_caps: Not all relevant pipeline stages are supported by EXT_dgc. Skipping.
4804.440:0138:013c:info:vkd3d-proton:vkd3d_memory_info_decide_hvv_usage: Topology: UMA-like topology.
4804.440:0138:013c:info:vkd3d-proton:vkd3d_memory_info_upload_hvv_memory_properties: Topology: HVV usage is allowed, using DEVICE_LOCAL | HOST_COHERENT for UPLOAD.
4804.440:0138:013c:info:vkd3d-proton:vkd3d_bindless_state_get_bindless_flags: Device supports VK_EXT_mutable_descriptor_type.
4804.440:0138:013c:info:vkd3d-proton:vkd3d_bindless_state_add_binding: Device supports VK_EXT_descriptor_buffer!
4804.440:0138:013c:info:vkd3d-proton:vkd3d_bindless_state_add_binding: Device supports VK_EXT_descriptor_buffer!
4804.440:0138:013c:info:vkd3d-proton:vkd3d_bindless_state_add_binding: Device supports VK_EXT_descriptor_buffer!
4804.442:0138:013c:info:vkd3d-proton:d3d12_device_caps_init_shader_model: Enabling support for SM 6.6.
4804.442:0138:013c:warn:vkd3d-proton:d3d12_device_caps_init_feature_options1: No device info available for TotalLaneCount = 4096.
4804.442:0138:013c:fixme:vkd3d-proton:d3d12_device_caps_init_feature_options1: TotalLaneCount = 4096, may be inaccurate.
4804.442:0138:013c:info:vkd3d-proton:vkd3d_pipeline_library_init_disk_cache: Remapping VKD3D_SHADER_CACHE to: vkd3d-proton.cache.
4804.442:0138:013c:info:vkd3d-proton:vkd3d_pipeline_library_init_disk_cache: Attempting to load disk cache from: vkd3d-proton.cache.
4804.462:0138:013c:warn:vkd3d-proton:d3d12_device_create: Feature level 0xc200 is not supported.
4804.467:0138:01a8:info:vkd3d-proton:vkd3d_pipeline_library_disk_thread_main: Performing async setup of stream archive ...
4804.468:0138:01a8:info:vkd3d-proton:vkd3d_pipeline_library_disk_cache_merge: No write cache exists. No need to merge any disk caches.
4804.468:0138:01a8:info:vkd3d-proton:vkd3d_pipeline_library_disk_cache_initial_setup: Merging pipeline libraries took 1.158 ms.
4804.470:0138:01a8:info:vkd3d-proton:vkd3d_pipeline_library_disk_cache_initial_setup: Mapping read-only cache took 1.082 ms.
4804.471:0138:01a8:info:vkd3d-proton:d3d12_pipeline_library_read_blob_stream_format: Device teardown request received, stopping parse early.
4804.471:0138:01a8:info:vkd3d-proton:vkd3d_pipeline_library_disk_cache_initial_setup: Parsing stream archive took 0.055 ms.
4804.471:0138:01a8:info:vkd3d-proton:vkd3d_pipeline_library_disk_thread_main: Done performing async setup of stream archive.
4804.479:0138:013c:warn:vkd3d-proton:openvr_instance_extensions: Failed to open VR registry key, status 2.
4804.479:0138:013c:warn:vkd3d-proton:openxr_vulkan_extensions: Failed to get OpenXR extensions size from wineopenxr.
4804.482:0138:013c:info:vkd3d-proton:vkd3d_get_vk_version: vkd3d-proton - applicationVersion: 3.1.0.
4804.482:0138:013c:info:vkd3d-proton:vkd3d_instance_init: vkd3d-proton - build: 31d1f89ca5b3f2f+.
ATTENTION: default value of option tu_override_uncached_as_cache_coherent overridden by environment.
4804.485:0138:013c:warn:vkd3d-proton:openvr_device_extensions: Failed to open VR registry key, status 2.
4804.485:0138:013c:warn:vkd3d-proton:openxr_vulkan_extensions: Failed to get OpenXR extensions size from wineopenxr.
4804.574:0138:013c:info:vkd3d-proton:vkd3d_physical_device_info_init_maint9: Implementation supports eliding QFOT for non-compressed optimal images.
4804.574:0138:013c:info:vkd3d-proton:vkd3d_init_device_caps: Not all relevant pipeline stages are supported by EXT_dgc. Skipping.
4804.581:0138:013c:info:vkd3d-proton:vkd3d_memory_info_decide_hvv_usage: Topology: UMA-like topology.
4804.581:0138:013c:info:vkd3d-proton:vkd3d_memory_info_upload_hvv_memory_properties: Topology: HVV usage is allowed, using DEVICE_LOCAL | HOST_COHERENT for UPLOAD.
4804.581:0138:013c:info:vkd3d-proton:vkd3d_bindless_state_get_bindless_flags: Device supports VK_EXT_mutable_descriptor_type.
4804.581:0138:013c:info:vkd3d-proton:vkd3d_bindless_state_add_binding: Device supports VK_EXT_descriptor_buffer!
4804.581:0138:013c:info:vkd3d-proton:vkd3d_bindless_state_add_binding: Device supports VK_EXT_descriptor_buffer!
4804.581:0138:013c:info:vkd3d-proton:vkd3d_bindless_state_add_binding: Device supports VK_EXT_descriptor_buffer!
4804.583:0138:013c:info:vkd3d-proton:d3d12_device_caps_init_shader_model: Enabling support for SM 6.6.
4804.583:0138:013c:warn:vkd3d-proton:d3d12_device_caps_init_feature_options1: No device info available for TotalLaneCount = 4096.
4804.583:0138:013c:fixme:vkd3d-proton:d3d12_device_caps_init_feature_options1: TotalLaneCount = 4096, may be inaccurate.
4804.583:0138:013c:info:vkd3d-proton:vkd3d_pipeline_library_init_disk_cache: Remapping VKD3D_SHADER_CACHE to: vkd3d-proton.cache.
4804.583:0138:013c:info:vkd3d-proton:vkd3d_pipeline_library_init_disk_cache: Attempting to load disk cache from: vkd3d-proton.cache.
4804.583:0138:013c:warn:vkd3d-proton:d3d12_device_create: Feature level 0xc100 is not supported.
4804.587:0138:01b0:info:vkd3d-proton:vkd3d_pipeline_library_disk_thread_main: Performing async setup of stream archive ...
4804.588:0138:01b0:info:vkd3d-proton:vkd3d_pipeline_library_disk_cache_merge: No write cache exists. No need to merge any disk caches.
4804.588:0138:01b0:info:vkd3d-proton:vkd3d_pipeline_library_disk_cache_initial_setup: Merging pipeline libraries took 0.925 ms.
4804.589:0138:01b0:info:vkd3d-proton:vkd3d_pipeline_library_disk_cache_initial_setup: Mapping read-only cache took 0.785 ms.
4804.589:0138:01b0:info:vkd3d-proton:d3d12_pipeline_library_read_blob_stream_format: Device teardown request received, stopping parse early.
4804.589:0138:01b0:info:vkd3d-proton:vkd3d_pipeline_library_disk_cache_initial_setup: Parsing stream archive took 0.078 ms.
4804.589:0138:01b0:info:vkd3d-proton:vkd3d_pipeline_library_disk_thread_main: Done performing async setup of stream archive.
4804.595:0138:013c:warn:vkd3d-proton:openvr_instance_extensions: Failed to open VR registry key, status 2.
4804.595:0138:013c:warn:vkd3d-proton:openxr_vulkan_extensions: Failed to get OpenXR extensions size from wineopenxr.
4804.597:0138:013c:info:vkd3d-proton:vkd3d_get_vk_version: vkd3d-proton - applicationVersion: 3.1.0.
4804.597:0138:013c:info:vkd3d-proton:vkd3d_instance_init: vkd3d-proton - build: 31d1f89ca5b3f2f+.
ATTENTION: default value of option tu_override_uncached_as_cache_coherent overridden by environment.
4804.600:0138:013c:warn:vkd3d-proton:openvr_device_extensions: Failed to open VR registry key, status 2.
4804.600:0138:013c:warn:vkd3d-proton:openxr_vulkan_extensions: Failed to get OpenXR extensions size from wineopenxr.
4804.688:0138:013c:info:vkd3d-proton:vkd3d_physical_device_info_init_maint9: Implementation supports eliding QFOT for non-compressed optimal images.
4804.688:0138:013c:info:vkd3d-proton:vkd3d_init_device_caps: Not all relevant pipeline stages are supported by EXT_dgc. Skipping.
4804.695:0138:013c:info:vkd3d-proton:vkd3d_memory_info_decide_hvv_usage: Topology: UMA-like topology.
4804.695:0138:013c:info:vkd3d-proton:vkd3d_memory_info_upload_hvv_memory_properties: Topology: HVV usage is allowed, using DEVICE_LOCAL | HOST_COHERENT for UPLOAD.
4804.695:0138:013c:info:vkd3d-proton:vkd3d_bindless_state_get_bindless_flags: Device supports VK_EXT_mutable_descriptor_type.
4804.695:0138:013c:info:vkd3d-proton:vkd3d_bindless_state_add_binding: Device supports VK_EXT_descriptor_buffer!
4804.695:0138:013c:info:vkd3d-proton:vkd3d_bindless_state_add_binding: Device supports VK_EXT_descriptor_buffer!
4804.695:0138:013c:info:vkd3d-proton:vkd3d_bindless_state_add_binding: Device supports VK_EXT_descriptor_buffer!
4804.697:0138:013c:info:vkd3d-proton:d3d12_device_caps_init_shader_model: Enabling support for SM 6.6.
4804.697:0138:013c:warn:vkd3d-proton:d3d12_device_caps_init_feature_options1: No device info available for TotalLaneCount = 4096.
4804.697:0138:013c:fixme:vkd3d-proton:d3d12_device_caps_init_feature_options1: TotalLaneCount = 4096, may be inaccurate.
4804.697:0138:013c:info:vkd3d-proton:vkd3d_pipeline_library_init_disk_cache: Remapping VKD3D_SHADER_CACHE to: vkd3d-proton.cache.
4804.697:0138:013c:info:vkd3d-proton:vkd3d_pipeline_library_init_disk_cache: Attempting to load disk cache from: vkd3d-proton.cache.
4804.703:0138:01b8:info:vkd3d-proton:vkd3d_pipeline_library_disk_thread_main: Performing async setup of stream archive ...
4804.704:0138:01b8:info:vkd3d-proton:vkd3d_pipeline_library_disk_cache_merge: No write cache exists. No need to merge any disk caches.
4804.704:0138:01b8:info:vkd3d-proton:vkd3d_pipeline_library_disk_cache_initial_setup: Merging pipeline libraries took 0.957 ms.
4804.706:0138:01b8:info:vkd3d-proton:vkd3d_pipeline_library_disk_cache_initial_setup: Mapping read-only cache took 1.783 ms.
4804.708:0138:01b8:info:vkd3d-proton:d3d12_pipeline_library_read_blob_stream_format: Device teardown request received, stopping parse early.
4804.708:0138:01b8:info:vkd3d-proton:vkd3d_pipeline_library_disk_cache_initial_setup: Parsing stream archive took 1.917 ms.
4804.708:0138:01b8:info:vkd3d-proton:vkd3d_pipeline_library_disk_thread_main: Done performing async setup of stream archive.
4804.715:0138:013c:warn:vkd3d-proton:openvr_instance_extensions: Failed to open VR registry key, status 2.
4804.715:0138:013c:warn:vkd3d-proton:openxr_vulkan_extensions: Failed to get OpenXR extensions size from wineopenxr.
4804.717:0138:013c:info:vkd3d-proton:vkd3d_get_vk_version: vkd3d-proton - applicationVersion: 3.1.0.
4804.717:0138:013c:info:vkd3d-proton:vkd3d_instance_init: vkd3d-proton - build: 31d1f89ca5b3f2f+.
ATTENTION: default value of option tu_override_uncached_as_cache_coherent overridden by environment.
4804.721:0138:013c:warn:vkd3d-proton:openvr_device_extensions: Failed to open VR registry key, status 2.
4804.721:0138:013c:warn:vkd3d-proton:openxr_vulkan_extensions: Failed to get OpenXR extensions size from wineopenxr.
4804.809:0138:013c:info:vkd3d-proton:vkd3d_physical_device_info_init_maint9: Implementation supports eliding QFOT for non-compressed optimal images.
4804.809:0138:013c:info:vkd3d-proton:vkd3d_init_device_caps: Not all relevant pipeline stages are supported by EXT_dgc. Skipping.
4804.816:0138:013c:info:vkd3d-proton:vkd3d_memory_info_decide_hvv_usage: Topology: UMA-like topology.
4804.816:0138:013c:info:vkd3d-proton:vkd3d_memory_info_upload_hvv_memory_properties: Topology: HVV usage is allowed, using DEVICE_LOCAL | HOST_COHERENT for UPLOAD.
4804.817:0138:013c:info:vkd3d-proton:vkd3d_bindless_state_get_bindless_flags: Device supports VK_EXT_mutable_descriptor_type.
4804.817:0138:013c:info:vkd3d-proton:vkd3d_bindless_state_add_binding: Device supports VK_EXT_descriptor_buffer!
4804.817:0138:013c:info:vkd3d-proton:vkd3d_bindless_state_add_binding: Device supports VK_EXT_descriptor_buffer!
4804.817:0138:013c:info:vkd3d-proton:vkd3d_bindless_state_add_binding: Device supports VK_EXT_descriptor_buffer!
4804.819:0138:013c:info:vkd3d-proton:d3d12_device_caps_init_shader_model: Enabling support for SM 6.6.
4804.819:0138:013c:warn:vkd3d-proton:d3d12_device_caps_init_feature_options1: No device info available for TotalLaneCount = 4096.
4804.819:0138:013c:fixme:vkd3d-proton:d3d12_device_caps_init_feature_options1: TotalLaneCount = 4096, may be inaccurate.
4804.819:0138:013c:info:vkd3d-proton:vkd3d_pipeline_library_init_disk_cache: Remapping VKD3D_SHADER_CACHE to: vkd3d-proton.cache.
4804.819:0138:013c:info:vkd3d-proton:vkd3d_pipeline_library_init_disk_cache: Attempting to load disk cache from: vkd3d-proton.cache.
4804.821:0138:01c0:info:vkd3d-proton:vkd3d_pipeline_library_disk_thread_main: Performing async setup of stream archive ...
warn:  CreateDXGIFactory2: Ignoring flags
4804.821:0138:01c0:info:vkd3d-proton:vkd3d_pipeline_library_disk_cache_merge: No write cache exists. No need to merge any disk caches.
4804.821:0138:01c0:info:vkd3d-proton:vkd3d_pipeline_library_disk_cache_initial_setup: Merging pipeline libraries took 0.334 ms.
4804.822:0138:01c0:info:vkd3d-proton:vkd3d_pipeline_library_disk_cache_initial_setup: Mapping read-only cache took 0.670 ms.
4804.826:0138:013c:warn:vkd3d-proton:d3d12_device_QueryInterface: {9727a022-cf1d-4dda-9eba-effa653fc506} not implemented, returning E_NOINTERFACE.
4804.826:0138:013c:warn:vkd3d-proton:d3d12_device_QueryInterface: {98931d33-5ae8-4791-aa3c-1a73a2934e71} not implemented, returning E_NOINTERFACE.
4804.827:0138:013c:warn:vkd3d-proton:d3d12_device_CheckFeatureSupport: Assuming device does not support tile based rendering.
4804.835:0138:01c0:info:vkd3d-proton:vkd3d_pipeline_library_disk_cache_initial_setup: Parsing stream archive took 13.276 ms.
4804.835:0138:01c0:info:vkd3d-proton:vkd3d_pipeline_library_disk_thread_main: Done performing async setup of stream archive.
4804.887:0138:013c:fixme:vkd3d-proton:vkd3d_memory_allocation_init: Requested alignment of 10000, but got GPU VA of 1013b3000 for intended start of heap, which is not aligned as expected. If application relies on this alignment, weird things might happen.
4806.964:0138:01e8:fixme:vkd3d-proton:d3d12_command_signature_create: Device generated commands is not supported by implementation.
4806.965:0138:021c:fixme:vkd3d-proton:d3d12_command_signature_create: Device generated commands is not supported by implementation.
4807.111:0138:01f0:fixme:vkd3d-proton:d3d12_command_signature_create: Device generated commands is not supported by implementation.
4807.119:0138:021c:fixme:vkd3d-proton:d3d12_command_signature_create: Device generated commands is not supported by implementation.
4807.125:0138:01f8:fixme:vkd3d-proton:d3d12_command_signature_create: Device generated commands is not supported by implementation.
4807.128:0138:0204:fixme:vkd3d-proton:d3d12_command_signature_create: Device generated commands is not supported by implementation.
4807.133:0138:01fc:fixme:vkd3d-proton:d3d12_command_signature_create: Device generated commands is not supported by implementation.
4807.137:0138:0218:fixme:vkd3d-proton:d3d12_command_signature_create: Device generated commands is not supported by implementation.
4809.550:0138:0198:info:vkd3d-proton:dxgi_vk_swap_chain_init: Creating swapchain (2560 x 1440), BufferCount = 2.
4809.562:0138:0198:info:vkd3d-proton:dxgi_vk_swap_chain_init_sync_objects: Enabling frame latency handles.
4809.562:0138:0198:info:vkd3d-proton:dxgi_vk_swap_chain_init_sync_objects: Ensure maximum latency of 3 frames with KHR_present_wait.
4809.562:0138:0198:info:vkd3d-proton:dxgi_vk_swap_chain_init_sleep_state: Timer interval is 1.0 ms.
warn:  DXGI: MakeWindowAssociation: Ignoring flags
4809.789:0138:0198:warn:vkd3d-proton:d3d12_device_QueryInterface: {0742a90b-c387-483f-b946-30a7e4e61458} not implemented, returning E_NOINTERFACE.
4809.799:0138:0198:warn:vkd3d-proton:d3d12_device_QueryInterface: {0742a90b-c387-483f-b946-30a7e4e61458} not implemented, returning E_NOINTERFACE.
4810.074:0138:01cc:info:vkd3d-proton:dxgi_vk_swap_chain_recreate_swapchain_in_present_task: Got 3 swapchain images.
4810.160:0138:0194:warn:vkd3d-proton:d3d12_device_QueryInterface: {0742a90b-c387-483f-b946-30a7e4e61458} not implemented, returning E_NOINTERFACE.
4810.166:0138:0194:warn:vkd3d-proton:d3d12_device_QueryInterface: {0742a90b-c387-483f-b946-30a7e4e61458} not implemented, returning E_NOINTERFACE.
4810.180:0138:01cc:info:vkd3d-proton:dxgi_vk_swap_chain_recreate_swapchain_in_present_task: Got 3 swapchain images.
4810.191:0138:0194:warn:vkd3d-proton:d3d12_device_QueryInterface: {0742a90b-c387-483f-b946-30a7e4e61458} not implemented, returning E_NOINTERFACE.
4810.207:0138:0194:warn:vkd3d-proton:d3d12_device_QueryInterface: {0742a90b-c387-483f-b946-30a7e4e61458} not implemented, returning E_NOINTERFACE.
4810.223:0138:0194:warn:vkd3d-proton:d3d12_device_QueryInterface: {0742a90b-c387-483f-b946-30a7e4e61458} not implemented, returning E_NOINTERFACE.
4810.240:0138:0194:warn:vkd3d-proton:d3d12_device_QueryInterface: {0742a90b-c387-483f-b946-30a7e4e61458} not implemented, returning E_NOINTERFACE.
4810.257:0138:0194:warn:vkd3d-proton:d3d12_device_QueryInterface: {0742a90b-c387-483f-b946-30a7e4e61458} not implemented, returning E_NOINTERFACE.
4810.273:0138:0194:warn:vkd3d-proton:d3d12_device_QueryInterface: {0742a90b-c387-483f-b946-30a7e4e61458} not implemented, returning E_NOINTERFACE.
4810.290:0138:0194:warn:vkd3d-proton:d3d12_device_QueryInterface: {0742a90b-c387-483f-b946-30a7e4e61458} not implemented, returning E_NOINTERFACE.
4810.309:0138:0194:warn:vkd3d-proton:d3d12_device_QueryInterface: {0742a90b-c387-483f-b946-30a7e4e61458} not implemented, returning E_NOINTERFACE.
4810.324:0138:0194:warn:vkd3d-proton:d3d12_device_QueryInterface: {0742a90b-c387-483f-b946-30a7e4e61458} not implemented, returning E_NOINTERFACE.
4810.340:0138:0194:warn:vkd3d-proton:d3d12_device_QueryInterface: {0742a90b-c387-483f-b946-30a7e4e61458} not implemented, returning E_NOINTERFACE.
4810.356:0138:0194:warn:vkd3d-proton:d3d12_device_QueryInterface: {0742a90b-c387-483f-b946-30a7e4e61458} not implemented, returning E_NOINTERFACE.
4810.374:0138:0194:warn:vkd3d-proton:d3d12_device_QueryInterface: {0742a90b-c387-483f-b946-30a7e4e61458} not implemented, returning E_NOINTERFACE.
4810.389:0138:0194:warn:vkd3d-proton:d3d12_device_QueryInterface: {0742a90b-c387-483f-b946-30a7e4e61458} not implemented, returning E_NOINTERFACE.
4810.406:0138:0194:warn:vkd3d-proton:d3d12_device_QueryInterface: {0742a90b-c387-483f-b946-30a7e4e61458} not implemented, returning E_NOINTERFACE.
4810.423:0138:0194:warn:vkd3d-proton:d3d12_device_QueryInterface: {0742a90b-c387-483f-b946-30a7e4e61458} not implemented, returning E_NOINTERFACE.
4810.439:0138:0194:warn:vkd3d-proton:d3d12_device_QueryInterface: {0742a90b-c387-483f-b946-30a7e4e61458} not implemented, returning E_NOINTERFACE.
4810.456:0138:0194:warn:vkd3d-proton:d3d12_device_QueryInterface: {0742a90b-c387-483f-b946-30a7e4e61458} not implemented, returning E_NOINTERFACE.
4810.473:0138:0194:warn:vkd3d-proton:d3d12_device_QueryInterface: {0742a90b-c387-483f-b946-30a7e4e61458} not implemented, returning E_NOINTERFACE.
4810.489:0138:0194:warn:vkd3d-proton:d3d12_device_QueryInterface: {0742a90b-c387-483f-b946-30a7e4e61458} not implemented, returning E_NOINTERFACE.
4810.508:0138:0194:warn:vkd3d-proton:d3d12_device_QueryInterface: {0742a90b-c387-483f-b946-30a7e4e61458} not implemented, returning E_NOINTERFACE.
4810.525:0138:0194:warn:vkd3d-proton:d3d12_device_QueryInterface: {0742a90b-c387-483f-b946-30a7e4e61458} not implemented, returning E_NOINTERFACE.
4810.540:0138:0194:warn:vkd3d-proton:d3d12_device_QueryInterface: {0742a90b-c387-483f-b946-30a7e4e61458} not implemented, returning E_NOINTERFACE.
4810.558:0138:0194:warn:vkd3d-proton:d3d12_device_QueryInterface: {0742a90b-c387-483f-b946-30a7e4e61458} not implemented, returning E_NOINTERFACE.
4810.574:0138:0194:warn:vkd3d-proton:d3d12_device_QueryInterface: {0742a90b-c387-483f-b946-30a7e4e61458} not implemented, returning E_NOINTERFACE.
4810.591:0138:0194:warn:vkd3d-proton:d3d12_device_QueryInterface: {0742a90b-c387-483f-b946-30a7e4e61458} not implemented, returning E_NOINTERFACE.
4810.606:0138:0194:warn:vkd3d-proton:d3d12_device_QueryInterface: {0742a90b-c387-483f-b946-30a7e4e61458} not implemented, returning E_NOINTERFACE.
4810.624:0138:0194:warn:vkd3d-proton:d3d12_device_QueryInterface: {0742a90b-c387-483f-b946-30a7e4e61458} not implemented, returning E_NOINTERFACE.
4810.641:0138:0194:warn:vkd3d-proton:d3d12_device_QueryInterface: {0742a90b-c387-483f-b946-30a7e4e61458} not implemented, returning E_NOINTERFACE.
4810.658:0138:0194:warn:vkd3d-proton:d3d12_device_QueryInterface: {0742a90b-c387-483f-b946-30a7e4e61458} not implemented, returning E_NOINTERFACE.
4810.674:0138:0194:warn:vkd3d-proton:d3d12_device_QueryInterface: {0742a90b-c387-483f-b946-30a7e4e61458} not implemented, returning E_NOINTERFACE.
4810.690:0138:0194:warn:vkd3d-proton:d3d12_device_QueryInterface: {0742a90b-c387-483f-b946-30a7e4e61458} not implemented, returning E_NOINTERFACE.
4810.707:0138:0194:warn:vkd3d-proton:d3d12_device_QueryInterface: {0742a90b-c387-483f-b946-30a7e4e61458} not implemented, returning E_NOINTERFACE.
4810.723:0138:0194:warn:vkd3d-proton:d3d12_device_QueryInterface: {0742a90b-c387-483f-b946-30a7e4e61458} not implemented, returning E_NOINTERFACE.
4810.741:0138:0194:warn:vkd3d-proton:d3d12_device_QueryInterface: {0742a90b-c387-483f-b946-30a7e4e61458} not implemented, returning E_NOINTERFACE.
4810.757:0138:0194:warn:vkd3d-proton:d3d12_device_QueryInterface: {0742a90b-c387-483f-b946-30a7e4e61458} not implemented, returning E_NOINTERFACE.
4810.778:0138:019c:warn:vkd3d-proton:d3d12_device_QueryInterface: {0742a90b-c387-483f-b946-30a7e4e61458} not implemented, returning E_NOINTERFACE.
4810.792:0138:019c:warn:vkd3d-proton:d3d12_device_QueryInterface: {0742a90b-c387-483f-b946-30a7e4e61458} not implemented, returning E_NOINTERFACE.
4810.808:0138:019c:warn:vkd3d-proton:d3d12_device_QueryInterface: {0742a90b-c387-483f-b946-30a7e4e61458} not implemented, returning E_NOINTERFACE.
4810.825:0138:019c:warn:vkd3d-proton:d3d12_device_QueryInterface: {0742a90b-c387-483f-b946-30a7e4e61458} not implemented, returning E_NOINTERFACE.
4810.842:0138:019c:warn:vkd3d-proton:d3d12_device_QueryInterface: {0742a90b-c387-483f-b946-30a7e4e61458} not implemented, returning E_NOINTERFACE.
4810.859:0138:019c:warn:vkd3d-proton:d3d12_device_QueryInterface: {0742a90b-c387-483f-b946-30a7e4e61458} not implemented, returning E_NOINTERFACE.
4810.875:0138:019c:warn:vkd3d-proton:d3d12_device_QueryInterface: {0742a90b-c387-483f-b946-30a7e4e61458} not implemented, returning E_NOINTERFACE.
4810.891:0138:019c:warn:vkd3d-proton:d3d12_device_QueryInterface: {0742a90b-c387-483f-b946-30a7e4e61458} not implemented, returning E_NOINTERFACE.
4810.910:0138:019c:warn:vkd3d-proton:d3d12_device_QueryInterface: {0742a90b-c387-483f-b946-30a7e4e61458} not implemented, returning E_NOINTERFACE.
4810.926:0138:019c:warn:vkd3d-proton:d3d12_device_QueryInterface: {0742a90b-c387-483f-b946-30a7e4e61458} not implemented, returning E_NOINTERFACE.
4810.943:0138:019c:warn:vkd3d-proton:d3d12_device_QueryInterface: {0742a90b-c387-483f-b946-30a7e4e61458} not implemented, returning E_NOINTERFACE.
4810.959:0138:019c:warn:vkd3d-proton:d3d12_device_QueryInterface: {0742a90b-c387-483f-b946-30a7e4e61458} not implemented, returning E_NOINTERFACE.
4810.975:0138:019c:warn:vkd3d-proton:d3d12_device_QueryInterface: {0742a90b-c387-483f-b946-30a7e4e61458} not implemented, returning E_NOINTERFACE.
4810.992:0138:019c:warn:vkd3d-proton:d3d12_device_QueryInterface: {0742a90b-c387-483f-b946-30a7e4e61458} not implemented, returning E_NOINTERFACE.
4811.008:0138:019c:warn:vkd3d-proton:d3d12_device_QueryInterface: {0742a90b-c387-483f-b946-30a7e4e61458} not implemented, returning E_NOINTERFACE.
4811.026:0138:019c:warn:vkd3d-proton:d3d12_device_QueryInterface: {0742a90b-c387-483f-b946-30a7e4e61458} not implemented, returning E_NOINTERFACE.
4811.043:0138:019c:warn:vkd3d-proton:d3d12_device_QueryInterface: {0742a90b-c387-483f-b946-30a7e4e61458} not implemented, returning E_NOINTERFACE.
4811.059:0138:019c:warn:vkd3d-proton:d3d12_device_QueryInterface: {0742a90b-c387-483f-b946-30a7e4e61458} not implemented, returning E_NOINTERFACE.
4811.076:0138:019c:warn:vkd3d-proton:d3d12_device_QueryInterface: {0742a90b-c387-483f-b946-30a7e4e61458} not implemented, returning E_NOINTERFACE.
4811.092:0138:019c:warn:vkd3d-proton:d3d12_device_QueryInterface: {0742a90b-c387-483f-b946-30a7e4e61458} not implemented, returning E_NOINTERFACE.
4811.108:0138:019c:warn:vkd3d-proton:d3d12_device_QueryInterface: {0742a90b-c387-483f-b946-30a7e4e61458} not implemented, returning E_NOINTERFACE.
4811.125:0138:019c:warn:vkd3d-proton:d3d12_device_QueryInterface: {0742a90b-c387-483f-b946-30a7e4e61458} not implemented, returning E_NOINTERFACE.
4811.141:0138:019c:warn:vkd3d-proton:d3d12_device_QueryInterface: {0742a90b-c387-483f-b946-30a7e4e61458} not implemented, returning E_NOINTERFACE.
4811.158:0138:019c:warn:vkd3d-proton:d3d12_device_QueryInterface: {0742a90b-c387-483f-b946-30a7e4e61458} not implemented, returning E_NOINTERFACE.
4811.182:0138:019c:warn:vkd3d-proton:d3d12_device_QueryInterface: {0742a90b-c387-483f-b946-30a7e4e61458} not implemented, returning E_NOINTERFACE.
4811.191:0138:019c:warn:vkd3d-proton:d3d12_device_QueryInterface: {0742a90b-c387-483f-b946-30a7e4e61458} not implemented, returning E_NOINTERFACE.
4811.208:0138:019c:warn:vkd3d-proton:d3d12_device_QueryInterface: {0742a90b-c387-483f-b946-30a7e4e61458} not implemented, returning E_NOINTERFACE.
4811.225:0138:019c:warn:vkd3d-proton:d3d12_device_QueryInterface: {0742a90b-c387-483f-b946-30a7e4e61458} not implemented, returning E_NOINTERFACE.
4811.241:0138:019c:warn:vkd3d-proton:d3d12_device_QueryInterface: {0742a90b-c387-483f-b946-30a7e4e61458} not implemented, returning E_NOINTERFACE.
4811.259:0138:019c:warn:vkd3d-proton:d3d12_device_QueryInterface: {0742a90b-c387-483f-b946-30a7e4e61458} not implemented, returning E_NOINTERFACE.
4811.274:0138:019c:warn:vkd3d-proton:d3d12_device_QueryInterface: {0742a90b-c387-483f-b946-30a7e4e61458} not implemented, returning E_NOINTERFACE.
4811.291:0138:019c:warn:vkd3d-proton:d3d12_device_QueryInterface: {0742a90b-c387-483f-b946-30a7e4e61458} not implemented, returning E_NOINTERFACE.
4811.307:0138:019c:warn:vkd3d-proton:d3d12_device_QueryInterface: {0742a90b-c387-483f-b946-30a7e4e61458} not implemented, returning E_NOINTERFACE.
4811.325:0138:019c:warn:vkd3d-proton:d3d12_device_QueryInterface: {0742a90b-c387-483f-b946-30a7e4e61458} not implemented, returning E_NOINTERFACE.
4811.340:0138:019c:warn:vkd3d-proton:d3d12_device_QueryInterface: {0742a90b-c387-483f-b946-30a7e4e61458} not implemented, returning E_NOINTERFACE.
4811.357:0138:019c:warn:vkd3d-proton:d3d12_device_QueryInterface: {0742a90b-c387-483f-b946-30a7e4e61458} not implemented, returning E_NOINTERFACE.
4811.373:0138:019c:warn:vkd3d-proton:d3d12_device_QueryInterface: {0742a90b-c387-483f-b946-30a7e4e61458} not implemented, returning E_NOINTERFACE.
4811.391:0138:019c:warn:vkd3d-proton:d3d12_device_QueryInterface: {0742a90b-c387-483f-b946-30a7e4e61458} not implemented, returning E_NOINTERFACE.
4811.408:0138:019c:warn:vkd3d-proton:d3d12_device_QueryInterface: {0742a90b-c387-483f-b946-30a7e4e61458} not implemented, returning E_NOINTERFACE.
4811.423:0138:019c:warn:vkd3d-proton:d3d12_device_QueryInterface: {0742a90b-c387-483f-b946-30a7e4e61458} not implemented, returning E_NOINTERFACE.
4811.453:0138:0194:warn:vkd3d-proton:d3d12_device_QueryInterface: {0742a90b-c387-483f-b946-30a7e4e61458} not implemented, returning E_NOINTERFACE.
4811.459:0138:0194:warn:vkd3d-proton:d3d12_device_QueryInterface: {0742a90b-c387-483f-b946-30a7e4e61458} not implemented, returning E_NOINTERFACE.
4811.476:0138:0194:warn:vkd3d-proton:d3d12_device_QueryInterface: {0742a90b-c387-483f-b946-30a7e4e61458} not implemented, returning E_NOINTERFACE.
4811.492:0138:0194:warn:vkd3d-proton:d3d12_device_QueryInterface: {0742a90b-c387-483f-b946-30a7e4e61458} not implemented, returning E_NOINTERFACE.
4811.509:0138:0194:warn:vkd3d-proton:d3d12_device_QueryInterface: {0742a90b-c387-483f-b946-30a7e4e61458} not implemented, returning E_NOINTERFACE.
4811.525:0138:0194:warn:vkd3d-proton:d3d12_device_QueryInterface: {0742a90b-c387-483f-b946-30a7e4e61458} not implemented, returning E_NOINTERFACE.
4811.543:0138:0194:warn:vkd3d-proton:d3d12_device_QueryInterface: {0742a90b-c387-483f-b946-30a7e4e61458} not implemented, returning E_NOINTERFACE.
4811.558:0138:0194:warn:vkd3d-proton:d3d12_device_QueryInterface: {0742a90b-c387-483f-b946-30a7e4e61458} not implemented, returning E_NOINTERFACE.
4811.577:0138:0194:warn:vkd3d-proton:d3d12_device_QueryInterface: {0742a90b-c387-483f-b946-30a7e4e61458} not implemented, returning E_NOINTERFACE.
4811.619:0138:0198:warn:vkd3d-proton:d3d12_device_QueryInterface: {0742a90b-c387-483f-b946-30a7e4e61458} not implemented, returning E_NOINTERFACE.
4811.725:0138:01a0:warn:vkd3d-proton:d3d12_device_QueryInterface: {0742a90b-c387-483f-b946-30a7e4e61458} not implemented, returning E_NOINTERFACE.
4811.743:0138:01a0:warn:vkd3d-proton:d3d12_device_QueryInterface: {0742a90b-c387-483f-b946-30a7e4e61458} not implemented, returning E_NOINTERFACE.
4811.745:0138:01a0:warn:vkd3d-proton:d3d12_device_QueryInterface: {0742a90b-c387-483f-b946-30a7e4e61458} not implemented, returning E_NOINTERFACE.
4811.758:0138:01a0:warn:vkd3d-proton:d3d12_device_QueryInterface: {0742a90b-c387-483f-b946-30a7e4e61458} not implemented, returning E_NOINTERFACE.
4811.775:0138:01a0:warn:vkd3d-proton:d3d12_device_QueryInterface: {0742a90b-c387-483f-b946-30a7e4e61458} not implemented, returning E_NOINTERFACE.
4811.791:0138:01a0:warn:vkd3d-proton:d3d12_device_QueryInterface: {0742a90b-c387-483f-b946-30a7e4e61458} not implemented, returning E_NOINTERFACE.
4811.807:0138:01a0:warn:vkd3d-proton:d3d12_device_QueryInterface: {0742a90b-c387-483f-b946-30a7e4e61458} not implemented, returning E_NOINTERFACE.
4811.824:0138:01a0:warn:vkd3d-proton:d3d12_device_QueryInterface: {0742a90b-c387-483f-b946-30a7e4e61458} not implemented, returning E_NOINTERFACE.
4811.842:0138:01a0:warn:vkd3d-proton:d3d12_device_QueryInterface: {0742a90b-c387-483f-b946-30a7e4e61458} not implemented, returning E_NOINTERFACE.
4811.858:0138:01a0:warn:vkd3d-proton:d3d12_device_QueryInterface: {0742a90b-c387-483f-b946-30a7e4e61458} not implemented, returning E_NOINTERFACE.
4811.874:0138:01a0:warn:vkd3d-proton:d3d12_device_QueryInterface: {0742a90b-c387-483f-b946-30a7e4e61458} not implemented, returning E_NOINTERFACE.
4811.890:0138:01a0:warn:vkd3d-proton:d3d12_device_QueryInterface: {0742a90b-c387-483f-b946-30a7e4e61458} not implemented, returning E_NOINTERFACE.
4811.910:0138:0194:warn:vkd3d-proton:d3d12_device_QueryInterface: {0742a90b-c387-483f-b946-30a7e4e61458} not implemented, returning E_NOINTERFACE.
4811.926:0138:0194:warn:vkd3d-proton:d3d12_device_QueryInterface: {0742a90b-c387-483f-b946-30a7e4e61458} not implemented, returning E_NOINTERFACE.
4811.942:0138:0194:warn:vkd3d-proton:d3d12_device_QueryInterface: {0742a90b-c387-483f-b946-30a7e4e61458} not implemented, returning E_NOINTERFACE.
4811.957:0138:0194:warn:vkd3d-proton:d3d12_device_QueryInterface: {0742a90b-c387-483f-b946-30a7e4e61458} not implemented, returning E_NOINTERFACE.
4811.974:0138:0194:warn:vkd3d-proton:d3d12_device_QueryInterface: {0742a90b-c387-483f-b946-30a7e4e61458} not implemented, returning E_NOINTERFACE.
4811.990:0138:0194:warn:vkd3d-proton:d3d12_device_QueryInterface: {0742a90b-c387-483f-b946-30a7e4e61458} not implemented, returning E_NOINTERFACE.
4812.008:0138:0194:warn:vkd3d-proton:d3d12_device_QueryInterface: {0742a90b-c387-483f-b946-30a7e4e61458} not implemented, returning E_NOINTERFACE.
4812.024:0138:0194:warn:vkd3d-proton:d3d12_device_QueryInterface: {0742a90b-c387-483f-b946-30a7e4e61458} not implemented, returning E_NOINTERFACE.
4812.043:0138:0198:warn:vkd3d-proton:d3d12_device_QueryInterface: {0742a90b-c387-483f-b946-30a7e4e61458} not implemented, returning E_NOINTERFACE.
4812.059:0138:0198:warn:vkd3d-proton:d3d12_device_QueryInterface: {0742a90b-c387-483f-b946-30a7e4e61458} not implemented, returning E_NOINTERFACE.
4812.077:0138:0198:warn:vkd3d-proton:d3d12_device_QueryInterface: {0742a90b-c387-483f-b946-30a7e4e61458} not implemented, returning E_NOINTERFACE.
4812.092:0138:0198:warn:vkd3d-proton:d3d12_device_QueryInterface: {0742a90b-c387-483f-b946-30a7e4e61458} not implemented, returning E_NOINTERFACE.
4812.107:0138:0198:warn:vkd3d-proton:d3d12_device_QueryInterface: {0742a90b-c387-483f-b946-30a7e4e61458} not implemented, returning E_NOINTERFACE.
4812.124:0138:0198:warn:vkd3d-proton:d3d12_device_QueryInterface: {0742a90b-c387-483f-b946-30a7e4e61458} not implemented, returning E_NOINTERFACE.
4812.143:0138:0198:warn:vkd3d-proton:d3d12_device_QueryInterface: {0742a90b-c387-483f-b946-30a7e4e61458} not implemented, returning E_NOINTERFACE.
4812.160:0138:0198:warn:vkd3d-proton:d3d12_device_QueryInterface: {0742a90b-c387-483f-b946-30a7e4e61458} not implemented, returning E_NOINTERFACE.
4812.180:0138:0198:warn:vkd3d-proton:d3d12_device_QueryInterface: {0742a90b-c387-483f-b946-30a7e4e61458} not implemented, returning E_NOINTERFACE.
4812.192:0138:0198:warn:vkd3d-proton:d3d12_device_QueryInterface: {0742a90b-c387-483f-b946-30a7e4e61458} not implemented, returning E_NOINTERFACE.
4812.208:0138:0198:warn:vkd3d-proton:d3d12_device_QueryInterface: {0742a90b-c387-483f-b946-30a7e4e61458} not implemented, returning E_NOINTERFACE.
4812.225:0138:0198:warn:vkd3d-proton:d3d12_device_QueryInterface: {0742a90b-c387-483f-b946-30a7e4e61458} not implemented, returning E_NOINTERFACE.
4812.243:0138:0198:warn:vkd3d-proton:d3d12_device_QueryInterface: {0742a90b-c387-483f-b946-30a7e4e61458} not implemented, returning E_NOINTERFACE.
4812.257:0138:0198:warn:vkd3d-proton:d3d12_device_QueryInterface: {0742a90b-c387-483f-b946-30a7e4e61458} not implemented, returning E_NOINTERFACE.
4812.276:0138:0198:warn:vkd3d-proton:d3d12_device_QueryInterface: {0742a90b-c387-483f-b946-30a7e4e61458} not implemented, returning E_NOINTERFACE.
4812.294:0138:0198:warn:vkd3d-proton:d3d12_device_QueryInterface: {0742a90b-c387-483f-b946-30a7e4e61458} not implemented, returning E_NOINTERFACE.
4812.310:0138:0198:warn:vkd3d-proton:d3d12_device_QueryInterface: {0742a90b-c387-483f-b946-30a7e4e61458} not implemented, returning E_NOINTERFACE.
4812.324:0138:0198:warn:vkd3d-proton:d3d12_device_QueryInterface: {0742a90b-c387-483f-b946-30a7e4e61458} not implemented, returning E_NOINTERFACE.
4812.342:0138:0198:warn:vkd3d-proton:d3d12_device_QueryInterface: {0742a90b-c387-483f-b946-30a7e4e61458} not implemented, returning E_NOINTERFACE.
4812.359:0138:0198:warn:vkd3d-proton:d3d12_device_QueryInterface: {0742a90b-c387-483f-b946-30a7e4e61458} not implemented, returning E_NOINTERFACE.
4812.376:0138:0198:warn:vkd3d-proton:d3d12_device_QueryInterface: {0742a90b-c387-483f-b946-30a7e4e61458} not implemented, returning E_NOINTERFACE.
4812.392:0138:0198:warn:vkd3d-proton:d3d12_device_QueryInterface: {0742a90b-c387-483f-b946-30a7e4e61458} not implemented, returning E_NOINTERFACE.
4812.409:0138:0198:warn:vkd3d-proton:d3d12_device_QueryInterface: {0742a90b-c387-483f-b946-30a7e4e61458} not implemented, returning E_NOINTERFACE.
4812.426:0138:0198:warn:vkd3d-proton:d3d12_device_QueryInterface: {0742a90b-c387-483f-b946-30a7e4e61458} not implemented, returning E_NOINTERFACE.
4812.441:0138:0198:warn:vkd3d-proton:d3d12_device_QueryInterface: {0742a90b-c387-483f-b946-30a7e4e61458} not implemented, returning E_NOINTERFACE.
4812.458:0138:0198:warn:vkd3d-proton:d3d12_device_QueryInterface: {0742a90b-c387-483f-b946-30a7e4e61458} not implemented, returning E_NOINTERFACE.
4812.475:0138:0198:warn:vkd3d-proton:d3d12_device_QueryInterface: {0742a90b-c387-483f-b946-30a7e4e61458} not implemented, returning E_NOINTERFACE.
4812.491:0138:0198:warn:vkd3d-proton:d3d12_device_QueryInterface: {0742a90b-c387-483f-b946-30a7e4e61458} not implemented, returning E_NOINTERFACE.
4812.509:0138:0198:warn:vkd3d-proton:d3d12_device_QueryInterface: {0742a90b-c387-483f-b946-30a7e4e61458} not implemented, returning E_NOINTERFACE.
4812.526:0138:0198:warn:vkd3d-proton:d3d12_device_QueryInterface: {0742a90b-c387-483f-b946-30a7e4e61458} not implemented, returning E_NOINTERFACE.
4812.541:0138:0198:warn:vkd3d-proton:d3d12_device_QueryInterface: {0742a90b-c387-483f-b946-30a7e4e61458} not implemented, returning E_NOINTERFACE.
4812.558:0138:0198:warn:vkd3d-proton:d3d12_device_QueryInterface: {0742a90b-c387-483f-b946-30a7e4e61458} not implemented, returning E_NOINTERFACE.
4812.576:0138:0198:warn:vkd3d-proton:d3d12_device_QueryInterface: {0742a90b-c387-483f-b946-30a7e4e61458} not implemented, returning E_NOINTERFACE.
4812.593:0138:0198:warn:vkd3d-proton:d3d12_device_QueryInterface: {0742a90b-c387-483f-b946-30a7e4e61458} not implemented, returning E_NOINTERFACE.
4812.610:0138:0198:warn:vkd3d-proton:d3d12_device_QueryInterface: {0742a90b-c387-483f-b946-30a7e4e61458} not implemented, returning E_NOINTERFACE.
4812.625:0138:0198:warn:vkd3d-proton:d3d12_device_QueryInterface: {0742a90b-c387-483f-b946-30a7e4e61458} not implemented, returning E_NOINTERFACE.
4812.641:0138:0198:warn:vkd3d-proton:d3d12_device_QueryInterface: {0742a90b-c387-483f-b946-30a7e4e61458} not implemented, returning E_NOINTERFACE.
4812.660:0138:0198:warn:vkd3d-proton:d3d12_device_QueryInterface: {0742a90b-c387-483f-b946-30a7e4e61458} not implemented, returning E_NOINTERFACE.
4812.677:0138:0198:warn:vkd3d-proton:d3d12_device_QueryInterface: {0742a90b-c387-483f-b946-30a7e4e61458} not implemented, returning E_NOINTERFACE.
4812.693:0138:0198:warn:vkd3d-proton:d3d12_device_QueryInterface: {0742a90b-c387-483f-b946-30a7e4e61458} not implemented, returning E_NOINTERFACE.
4812.709:0138:0198:warn:vkd3d-proton:d3d12_device_QueryInterface: {0742a90b-c387-483f-b946-30a7e4e61458} not implemented, returning E_NOINTERFACE.
4812.725:0138:0198:warn:vkd3d-proton:d3d12_device_QueryInterface: {0742a90b-c387-483f-b946-30a7e4e61458} not implemented, returning E_NOINTERFACE.
4812.742:0138:0198:warn:vkd3d-proton:d3d12_device_QueryInterface: {0742a90b-c387-483f-b946-30a7e4e61458} not implemented, returning E_NOINTERFACE.
4812.758:0138:0198:warn:vkd3d-proton:d3d12_device_QueryInterface: {0742a90b-c387-483f-b946-30a7e4e61458} not implemented, returning E_NOINTERFACE.
4812.776:0138:0198:warn:vkd3d-proton:d3d12_device_QueryInterface: {0742a90b-c387-483f-b946-30a7e4e61458} not implemented, returning E_NOINTERFACE.
4812.793:0138:0198:warn:vkd3d-proton:d3d12_device_QueryInterface: {0742a90b-c387-483f-b946-30a7e4e61458} not implemented, returning E_NOINTERFACE.
4812.811:0138:0198:warn:vkd3d-proton:d3d12_device_QueryInterface: {0742a90b-c387-483f-b946-30a7e4e61458} not implemented, returning E_NOINTERFACE.
4812.825:0138:0198:warn:vkd3d-proton:d3d12_device_QueryInterface: {0742a90b-c387-483f-b946-30a7e4e61458} not implemented, returning E_NOINTERFACE.
4812.842:0138:0198:warn:vkd3d-proton:d3d12_device_QueryInterface: {0742a90b-c387-483f-b946-30a7e4e61458} not implemented, returning E_NOINTERFACE.
4812.858:0138:01a0:warn:vkd3d-proton:d3d12_device_QueryInterface: {0742a90b-c387-483f-b946-30a7e4e61458} not implemented, returning E_NOINTERFACE.
4812.899:0138:0198:warn:vkd3d-proton:d3d12_device_QueryInterface: {0742a90b-c387-483f-b946-30a7e4e61458} not implemented, returning E_NOINTERFACE.
4812.902:0138:0198:warn:vkd3d-proton:d3d12_device_QueryInterface: {0742a90b-c387-483f-b946-30a7e4e61458} not implemented, returning E_NOINTERFACE.
4812.924:0138:0194:warn:vkd3d-proton:d3d12_device_QueryInterface: {0742a90b-c387-483f-b946-30a7e4e61458} not implemented, returning E_NOINTERFACE.
4812.926:0138:0194:warn:vkd3d-proton:d3d12_device_QueryInterface: {0742a90b-c387-483f-b946-30a7e4e61458} not implemented, returning E_NOINTERFACE.
4812.943:0138:0194:warn:vkd3d-proton:d3d12_device_QueryInterface: {0742a90b-c387-483f-b946-30a7e4e61458} not implemented, returning E_NOINTERFACE.
4812.958:0138:0194:warn:vkd3d-proton:d3d12_device_QueryInterface: {0742a90b-c387-483f-b946-30a7e4e61458} not implemented, returning E_NOINTERFACE.
4812.975:0138:0194:warn:vkd3d-proton:d3d12_device_QueryInterface: {0742a90b-c387-483f-b946-30a7e4e61458} not implemented, returning E_NOINTERFACE.
4813.011:0138:0194:warn:vkd3d-proton:d3d12_device_QueryInterface: {0742a90b-c387-483f-b946-30a7e4e61458} not implemented, returning E_NOINTERFACE.
4813.015:0138:0194:warn:vkd3d-proton:d3d12_device_QueryInterface: {0742a90b-c387-483f-b946-30a7e4e61458} not implemented, returning E_NOINTERFACE.
4813.026:0138:0194:warn:vkd3d-proton:d3d12_device_QueryInterface: {0742a90b-c387-483f-b946-30a7e4e61458} not implemented, returning E_NOINTERFACE.
4813.042:0138:0194:warn:vkd3d-proton:d3d12_device_QueryInterface: {0742a90b-c387-483f-b946-30a7e4e61458} not implemented, returning E_NOINTERFACE.
4813.070:0138:0198:warn:vkd3d-proton:d3d12_device_QueryInterface: {0742a90b-c387-483f-b946-30a7e4e61458} not implemented, returning E_NOINTERFACE.
4813.076:0138:0198:warn:vkd3d-proton:d3d12_device_QueryInterface: {0742a90b-c387-483f-b946-30a7e4e61458} not implemented, returning E_NOINTERFACE.
4813.093:0138:0198:warn:vkd3d-proton:d3d12_device_QueryInterface: {0742a90b-c387-483f-b946-30a7e4e61458} not implemented, returning E_NOINTERFACE.
4813.108:0138:0198:warn:vkd3d-proton:d3d12_device_QueryInterface: {0742a90b-c387-483f-b946-30a7e4e61458} not implemented, returning E_NOINTERFACE.
4813.125:0138:0198:warn:vkd3d-proton:d3d12_device_QueryInterface: {0742a90b-c387-483f-b946-30a7e4e61458} not implemented, returning E_NOINTERFACE.
4813.142:0138:0198:warn:vkd3d-proton:d3d12_device_QueryInterface: {0742a90b-c387-483f-b946-30a7e4e61458} not implemented, returning E_NOINTERFACE.
4813.158:0138:0198:warn:vkd3d-proton:d3d12_device_QueryInterface: {0742a90b-c387-483f-b946-30a7e4e61458} not implemented, returning E_NOINTERFACE.
4813.177:0138:0198:warn:vkd3d-proton:d3d12_device_QueryInterface: {0742a90b-c387-483f-b946-30a7e4e61458} not implemented, returning E_NOINTERFACE.
4813.194:0138:0198:warn:vkd3d-proton:d3d12_device_QueryInterface: {0742a90b-c387-483f-b946-30a7e4e61458} not implemented, returning E_NOINTERFACE.
4813.210:0138:0198:warn:vkd3d-proton:d3d12_device_QueryInterface: {0742a90b-c387-483f-b946-30a7e4e61458} not implemented, returning E_NOINTERFACE.
4813.224:0138:0198:warn:vkd3d-proton:d3d12_device_QueryInterface: {0742a90b-c387-483f-b946-30a7e4e61458} not implemented, returning E_NOINTERFACE.
4813.242:0138:0198:warn:vkd3d-proton:d3d12_device_QueryInterface: {0742a90b-c387-483f-b946-30a7e4e61458} not implemented, returning E_NOINTERFACE.
4813.261:0138:0198:warn:vkd3d-proton:d3d12_device_QueryInterface: {0742a90b-c387-483f-b946-30a7e4e61458} not implemented, returning E_NOINTERFACE.
4813.276:0138:0198:warn:vkd3d-proton:d3d12_device_QueryInterface: {0742a90b-c387-483f-b946-30a7e4e61458} not implemented, returning E_NOINTERFACE.
4813.293:0138:0198:warn:vkd3d-proton:d3d12_device_QueryInterface: {0742a90b-c387-483f-b946-30a7e4e61458} not implemented, returning E_NOINTERFACE.
4813.308:0138:0198:warn:vkd3d-proton:d3d12_device_QueryInterface: {0742a90b-c387-483f-b946-30a7e4e61458} not implemented, returning E_NOINTERFACE.
4813.325:0138:0198:warn:vkd3d-proton:d3d12_device_QueryInterface: {0742a90b-c387-483f-b946-30a7e4e61458} not implemented, returning E_NOINTERFACE.
4813.342:0138:019c:warn:vkd3d-proton:d3d12_device_QueryInterface: {0742a90b-c387-483f-b946-30a7e4e61458} not implemented, returning E_NOINTERFACE.
4813.361:0138:019c:warn:vkd3d-proton:d3d12_device_QueryInterface: {0742a90b-c387-483f-b946-30a7e4e61458} not implemented, returning E_NOINTERFACE.
4813.377:0138:019c:warn:vkd3d-proton:d3d12_device_QueryInterface: {0742a90b-c387-483f-b946-30a7e4e61458} not implemented, returning E_NOINTERFACE.
4813.394:0138:019c:warn:vkd3d-proton:d3d12_device_QueryInterface: {0742a90b-c387-483f-b946-30a7e4e61458} not implemented, returning E_NOINTERFACE.
4813.410:0138:019c:warn:vkd3d-proton:d3d12_device_QueryInterface: {0742a90b-c387-483f-b946-30a7e4e61458} not implemented, returning E_NOINTERFACE.
4813.425:0138:019c:warn:vkd3d-proton:d3d12_device_QueryInterface: {0742a90b-c387-483f-b946-30a7e4e61458} not implemented, returning E_NOINTERFACE.
4813.442:0138:019c:warn:vkd3d-proton:d3d12_device_QueryInterface: {0742a90b-c387-483f-b946-30a7e4e61458} not implemented, returning E_NOINTERFACE.
4813.460:0138:019c:warn:vkd3d-proton:d3d12_device_QueryInterface: {0742a90b-c387-483f-b946-30a7e4e61458} not implemented, returning E_NOINTERFACE.
4813.476:0138:019c:warn:vkd3d-proton:d3d12_device_QueryInterface: {0742a90b-c387-483f-b946-30a7e4e61458} not implemented, returning E_NOINTERFACE.
4813.492:0138:019c:warn:vkd3d-proton:d3d12_device_QueryInterface: {0742a90b-c387-483f-b946-30a7e4e61458} not implemented, returning E_NOINTERFACE.
4813.510:0138:019c:warn:vkd3d-proton:d3d12_device_QueryInterface: {0742a90b-c387-483f-b946-30a7e4e61458} not implemented, returning E_NOINTERFACE.
4813.528:0138:019c:warn:vkd3d-proton:d3d12_device_QueryInterface: {0742a90b-c387-483f-b946-30a7e4e61458} not implemented, returning E_NOINTERFACE.
4813.545:0138:019c:warn:vkd3d-proton:d3d12_device_QueryInterface: {0742a90b-c387-483f-b946-30a7e4e61458} not implemented, returning E_NOINTERFACE.
4813.562:0138:019c:warn:vkd3d-proton:d3d12_device_QueryInterface: {0742a90b-c387-483f-b946-30a7e4e61458} not implemented, returning E_NOINTERFACE.
4813.578:0138:019c:warn:vkd3d-proton:d3d12_device_QueryInterface: {0742a90b-c387-483f-b946-30a7e4e61458} not implemented, returning E_NOINTERFACE.
4813.595:0138:019c:warn:vkd3d-proton:d3d12_device_QueryInterface: {0742a90b-c387-483f-b946-30a7e4e61458} not implemented, returning E_NOINTERFACE.
4813.612:0138:019c:warn:vkd3d-proton:d3d12_device_QueryInterface: {0742a90b-c387-483f-b946-30a7e4e61458} not implemented, returning E_NOINTERFACE.
4813.630:0138:019c:warn:vkd3d-proton:d3d12_device_QueryInterface: {0742a90b-c387-483f-b946-30a7e4e61458} not implemented, returning E_NOINTERFACE.
4813.645:0138:019c:warn:vkd3d-proton:d3d12_device_QueryInterface: {0742a90b-c387-483f-b946-30a7e4e61458} not implemented, returning E_NOINTERFACE.
4813.661:0138:019c:warn:vkd3d-proton:d3d12_device_QueryInterface: {0742a90b-c387-483f-b946-30a7e4e61458} not implemented, returning E_NOINTERFACE.
4813.677:0138:019c:warn:vkd3d-proton:d3d12_device_QueryInterface: {0742a90b-c387-483f-b946-30a7e4e61458} not implemented, returning E_NOINTERFACE.
4813.693:0138:019c:warn:vkd3d-proton:d3d12_device_QueryInterface: {0742a90b-c387-483f-b946-30a7e4e61458} not implemented, returning E_NOINTERFACE.
4813.710:0138:019c:warn:vkd3d-proton:d3d12_device_QueryInterface: {0742a90b-c387-483f-b946-30a7e4e61458} not implemented, returning E_NOINTERFACE.
4813.726:0138:019c:warn:vkd3d-proton:d3d12_device_QueryInterface: {0742a90b-c387-483f-b946-30a7e4e61458} not implemented, returning E_NOINTERFACE.
4813.744:0138:019c:warn:vkd3d-proton:d3d12_device_QueryInterface: {0742a90b-c387-483f-b946-30a7e4e61458} not implemented, returning E_NOINTERFACE.
4813.762:0138:019c:warn:vkd3d-proton:d3d12_device_QueryInterface: {0742a90b-c387-483f-b946-30a7e4e61458} not implemented, returning E_NOINTERFACE.
4813.776:0138:019c:warn:vkd3d-proton:d3d12_device_QueryInterface: {0742a90b-c387-483f-b946-30a7e4e61458} not implemented, returning E_NOINTERFACE.
4813.794:0138:019c:warn:vkd3d-proton:d3d12_device_QueryInterface: {0742a90b-c387-483f-b946-30a7e4e61458} not implemented, returning E_NOINTERFACE.
4813.811:0138:019c:warn:vkd3d-proton:d3d12_device_QueryInterface: {0742a90b-c387-483f-b946-30a7e4e61458} not implemented, returning E_NOINTERFACE.
4813.827:0138:019c:warn:vkd3d-proton:d3d12_device_QueryInterface: {0742a90b-c387-483f-b946-30a7e4e61458} not implemented, returning E_NOINTERFACE.
4813.843:0138:019c:warn:vkd3d-proton:d3d12_device_QueryInterface: {0742a90b-c387-483f-b946-30a7e4e61458} not implemented, returning E_NOINTERFACE.
4813.862:0138:019c:warn:vkd3d-proton:d3d12_device_QueryInterface: {0742a90b-c387-483f-b946-30a7e4e61458} not implemented, returning E_NOINTERFACE.
4813.875:0138:019c:warn:vkd3d-proton:d3d12_device_QueryInterface: {0742a90b-c387-483f-b946-30a7e4e61458} not implemented, returning E_NOINTERFACE.
4813.895:0138:01a0:warn:vkd3d-proton:d3d12_device_QueryInterface: {0742a90b-c387-483f-b946-30a7e4e61458} not implemented, returning E_NOINTERFACE.
4813.912:0138:01a0:warn:vkd3d-proton:d3d12_device_QueryInterface: {0742a90b-c387-483f-b946-30a7e4e61458} not implemented, returning E_NOINTERFACE.
4813.927:0138:0194:warn:vkd3d-proton:d3d12_device_QueryInterface: {0742a90b-c387-483f-b946-30a7e4e61458} not implemented, returning E_NOINTERFACE.
4813.942:0138:019c:warn:vkd3d-proton:d3d12_device_QueryInterface: {0742a90b-c387-483f-b946-30a7e4e61458} not implemented, returning E_NOINTERFACE.
4813.959:0138:0198:warn:vkd3d-proton:d3d12_device_QueryInterface: {0742a90b-c387-483f-b946-30a7e4e61458} not implemented, returning E_NOINTERFACE.
4813.976:0138:0198:warn:vkd3d-proton:d3d12_device_QueryInterface: {0742a90b-c387-483f-b946-30a7e4e61458} not implemented, returning E_NOINTERFACE.
4813.993:0138:0198:warn:vkd3d-proton:d3d12_device_QueryInterface: {0742a90b-c387-483f-b946-30a7e4e61458} not implemented, returning E_NOINTERFACE.
4814.009:0138:0198:warn:vkd3d-proton:d3d12_device_QueryInterface: {0742a90b-c387-483f-b946-30a7e4e61458} not implemented, returning E_NOINTERFACE.
4814.030:0138:019c:warn:vkd3d-proton:d3d12_device_QueryInterface: {0742a90b-c387-483f-b946-30a7e4e61458} not implemented, returning E_NOINTERFACE.
4814.044:0138:019c:warn:vkd3d-proton:d3d12_device_QueryInterface: {0742a90b-c387-483f-b946-30a7e4e61458} not implemented, returning E_NOINTERFACE.
4814.061:0138:019c:warn:vkd3d-proton:d3d12_device_QueryInterface: {0742a90b-c387-483f-b946-30a7e4e61458} not implemented, returning E_NOINTERFACE.
4814.077:0138:019c:warn:vkd3d-proton:d3d12_device_QueryInterface: {0742a90b-c387-483f-b946-30a7e4e61458} not implemented, returning E_NOINTERFACE.
4814.094:0138:019c:warn:vkd3d-proton:d3d12_device_QueryInterface: {0742a90b-c387-483f-b946-30a7e4e61458} not implemented, returning E_NOINTERFACE.
4814.111:0138:019c:warn:vkd3d-proton:d3d12_device_QueryInterface: {0742a90b-c387-483f-b946-30a7e4e61458} not implemented, returning E_NOINTERFACE.
4814.128:0138:019c:warn:vkd3d-proton:d3d12_device_QueryInterface: {0742a90b-c387-483f-b946-30a7e4e61458} not implemented, returning E_NOINTERFACE.
4814.144:0138:019c:warn:vkd3d-proton:d3d12_device_QueryInterface: {0742a90b-c387-483f-b946-30a7e4e61458} not implemented, returning E_NOINTERFACE.
4814.161:0138:019c:warn:vkd3d-proton:d3d12_device_QueryInterface: {0742a90b-c387-483f-b946-30a7e4e61458} not implemented, returning E_NOINTERFACE.
4814.177:0138:019c:warn:vkd3d-proton:d3d12_device_QueryInterface: {0742a90b-c387-483f-b946-30a7e4e61458} not implemented, returning E_NOINTERFACE.
4814.195:0138:019c:warn:vkd3d-proton:d3d12_device_QueryInterface: {0742a90b-c387-483f-b946-30a7e4e61458} not implemented, returning E_NOINTERFACE.
4814.209:0138:019c:warn:vkd3d-proton:d3d12_device_QueryInterface: {0742a90b-c387-483f-b946-30a7e4e61458} not implemented, returning E_NOINTERFACE.
4814.226:0138:019c:warn:vkd3d-proton:d3d12_device_QueryInterface: {0742a90b-c387-483f-b946-30a7e4e61458} not implemented, returning E_NOINTERFACE.
4814.245:0138:019c:warn:vkd3d-proton:d3d12_device_QueryInterface: {0742a90b-c387-483f-b946-30a7e4e61458} not implemented, returning E_NOINTERFACE.
4814.260:0138:019c:warn:vkd3d-proton:d3d12_device_QueryInterface: {0742a90b-c387-483f-b946-30a7e4e61458} not implemented, returning E_NOINTERFACE.
4814.276:0138:019c:warn:vkd3d-proton:d3d12_device_QueryInterface: {0742a90b-c387-483f-b946-30a7e4e61458} not implemented, returning E_NOINTERFACE.
4814.294:0138:019c:warn:vkd3d-proton:d3d12_device_QueryInterface: {0742a90b-c387-483f-b946-30a7e4e61458} not implemented, returning E_NOINTERFACE.
4814.312:0138:019c:warn:vkd3d-proton:d3d12_device_QueryInterface: {0742a90b-c387-483f-b946-30a7e4e61458} not implemented, returning E_NOINTERFACE.
4814.329:0138:019c:warn:vkd3d-proton:d3d12_device_QueryInterface: {0742a90b-c387-483f-b946-30a7e4e61458} not implemented, returning E_NOINTERFACE.
4814.343:0138:019c:warn:vkd3d-proton:d3d12_device_QueryInterface: {0742a90b-c387-483f-b946-30a7e4e61458} not implemented, returning E_NOINTERFACE.
4814.359:0138:019c:warn:vkd3d-proton:d3d12_device_QueryInterface: {0742a90b-c387-483f-b946-30a7e4e61458} not implemented, returning E_NOINTERFACE.
4814.378:0138:019c:warn:vkd3d-proton:d3d12_device_QueryInterface: {0742a90b-c387-483f-b946-30a7e4e61458} not implemented, returning E_NOINTERFACE.
4814.394:0138:019c:warn:vkd3d-proton:d3d12_device_QueryInterface: {0742a90b-c387-483f-b946-30a7e4e61458} not implemented, returning E_NOINTERFACE.
4814.412:0138:019c:warn:vkd3d-proton:d3d12_device_QueryInterface: {0742a90b-c387-483f-b946-30a7e4e61458} not implemented, returning E_NOINTERFACE.
4814.429:0138:019c:warn:vkd3d-proton:d3d12_device_QueryInterface: {0742a90b-c387-483f-b946-30a7e4e61458} not implemented, returning E_NOINTERFACE.
4814.444:0138:019c:warn:vkd3d-proton:d3d12_device_QueryInterface: {0742a90b-c387-483f-b946-30a7e4e61458} not implemented, returning E_NOINTERFACE.
4814.461:0138:019c:warn:vkd3d-proton:d3d12_device_QueryInterface: {0742a90b-c387-483f-b946-30a7e4e61458} not implemented, returning E_NOINTERFACE.
4814.477:0138:019c:warn:vkd3d-proton:d3d12_device_QueryInterface: {0742a90b-c387-483f-b946-30a7e4e61458} not implemented, returning E_NOINTERFACE.
4814.495:0138:019c:warn:vkd3d-proton:d3d12_device_QueryInterface: {0742a90b-c387-483f-b946-30a7e4e61458} not implemented, returning E_NOINTERFACE.
4814.512:0138:019c:warn:vkd3d-proton:d3d12_device_QueryInterface: {0742a90b-c387-483f-b946-30a7e4e61458} not implemented, returning E_NOINTERFACE.
4814.529:0138:019c:warn:vkd3d-proton:d3d12_device_QueryInterface: {0742a90b-c387-483f-b946-30a7e4e61458} not implemented, returning E_NOINTERFACE.
4814.545:0138:019c:warn:vkd3d-proton:d3d12_device_QueryInterface: {0742a90b-c387-483f-b946-30a7e4e61458} not implemented, returning E_NOINTERFACE.
4814.561:0138:019c:warn:vkd3d-proton:d3d12_device_QueryInterface: {0742a90b-c387-483f-b946-30a7e4e61458} not implemented, returning E_NOINTERFACE.
4814.578:0138:019c:warn:vkd3d-proton:d3d12_device_QueryInterface: {0742a90b-c387-483f-b946-30a7e4e61458} not implemented, returning E_NOINTERFACE.
4814.593:0138:019c:warn:vkd3d-proton:d3d12_device_QueryInterface: {0742a90b-c387-483f-b946-30a7e4e61458} not implemented, returning E_NOINTERFACE.
4814.612:0138:019c:warn:vkd3d-proton:d3d12_device_QueryInterface: {0742a90b-c387-483f-b946-30a7e4e61458} not implemented, returning E_NOINTERFACE.
4814.627:0138:019c:warn:vkd3d-proton:d3d12_device_QueryInterface: {0742a90b-c387-483f-b946-30a7e4e61458} not implemented, returning E_NOINTERFACE.
4814.643:0138:019c:warn:vkd3d-proton:d3d12_device_QueryInterface: {0742a90b-c387-483f-b946-30a7e4e61458} not implemented, returning E_NOINTERFACE.
4814.662:0138:019c:warn:vkd3d-proton:d3d12_device_QueryInterface: {0742a90b-c387-483f-b946-30a7e4e61458} not implemented, returning E_NOINTERFACE.
4814.676:0138:019c:warn:vkd3d-proton:d3d12_device_QueryInterface: {0742a90b-c387-483f-b946-30a7e4e61458} not implemented, returning E_NOINTERFACE.
4814.694:0138:019c:warn:vkd3d-proton:d3d12_device_QueryInterface: {0742a90b-c387-483f-b946-30a7e4e61458} not implemented, returning E_NOINTERFACE.
4814.711:0138:019c:warn:vkd3d-proton:d3d12_device_QueryInterface: {0742a90b-c387-483f-b946-30a7e4e61458} not implemented, returning E_NOINTERFACE.
4814.726:0138:019c:warn:vkd3d-proton:d3d12_device_QueryInterface: {0742a90b-c387-483f-b946-30a7e4e61458} not implemented, returning E_NOINTERFACE.
4814.743:0138:019c:warn:vkd3d-proton:d3d12_device_QueryInterface: {0742a90b-c387-483f-b946-30a7e4e61458} not implemented, returning E_NOINTERFACE.
4814.762:0138:019c:warn:vkd3d-proton:d3d12_device_QueryInterface: {0742a90b-c387-483f-b946-30a7e4e61458} not implemented, returning E_NOINTERFACE.
4814.780:0138:019c:warn:vkd3d-proton:d3d12_device_QueryInterface: {0742a90b-c387-483f-b946-30a7e4e61458} not implemented, returning E_NOINTERFACE.
4814.796:0138:019c:warn:vkd3d-proton:d3d12_device_QueryInterface: {0742a90b-c387-483f-b946-30a7e4e61458} not implemented, returning E_NOINTERFACE.
4814.810:0138:019c:warn:vkd3d-proton:d3d12_device_QueryInterface: {0742a90b-c387-483f-b946-30a7e4e61458} not implemented, returning E_NOINTERFACE.
4814.827:0138:019c:warn:vkd3d-proton:d3d12_device_QueryInterface: {0742a90b-c387-483f-b946-30a7e4e61458} not implemented, returning E_NOINTERFACE.
4814.846:0138:0198:warn:vkd3d-proton:d3d12_device_QueryInterface: {0742a90b-c387-483f-b946-30a7e4e61458} not implemented, returning E_NOINTERFACE.
4814.862:0138:0198:warn:vkd3d-proton:d3d12_device_QueryInterface: {0742a90b-c387-483f-b946-30a7e4e61458} not implemented, returning E_NOINTERFACE.
4814.877:0138:0198:warn:vkd3d-proton:d3d12_device_QueryInterface: {0742a90b-c387-483f-b946-30a7e4e61458} not implemented, returning E_NOINTERFACE.
4814.893:0138:0198:warn:vkd3d-proton:d3d12_device_QueryInterface: {0742a90b-c387-483f-b946-30a7e4e61458} not implemented, returning E_NOINTERFACE.
4814.911:0138:0198:warn:vkd3d-proton:d3d12_device_QueryInterface: {0742a90b-c387-483f-b946-30a7e4e61458} not implemented, returning E_NOINTERFACE.
4814.928:0138:0198:warn:vkd3d-proton:d3d12_device_QueryInterface: {0742a90b-c387-483f-b946-30a7e4e61458} not implemented, returning E_NOINTERFACE.
4814.943:0138:0198:warn:vkd3d-proton:d3d12_device_QueryInterface: {0742a90b-c387-483f-b946-30a7e4e61458} not implemented, returning E_NOINTERFACE.
4814.960:0138:0198:warn:vkd3d-proton:d3d12_device_QueryInterface: {0742a90b-c387-483f-b946-30a7e4e61458} not implemented, returning E_NOINTERFACE.
4814.977:0138:0198:warn:vkd3d-proton:d3d12_device_QueryInterface: {0742a90b-c387-483f-b946-30a7e4e61458} not implemented, returning E_NOINTERFACE.
4814.997:0138:0198:warn:vkd3d-proton:d3d12_device_QueryInterface: {0742a90b-c387-483f-b946-30a7e4e61458} not implemented, returning E_NOINTERFACE.
4815.011:0138:0198:warn:vkd3d-proton:d3d12_device_QueryInterface: {0742a90b-c387-483f-b946-30a7e4e61458} not implemented, returning E_NOINTERFACE.
4815.028:0138:0198:warn:vkd3d-proton:d3d12_device_QueryInterface: {0742a90b-c387-483f-b946-30a7e4e61458} not implemented, returning E_NOINTERFACE.
4815.044:0138:0198:warn:vkd3d-proton:d3d12_device_QueryInterface: {0742a90b-c387-483f-b946-30a7e4e61458} not implemented, returning E_NOINTERFACE.
4815.062:0138:0198:warn:vkd3d-proton:d3d12_device_QueryInterface: {0742a90b-c387-483f-b946-30a7e4e61458} not implemented, returning E_NOINTERFACE.
4815.078:0138:019c:warn:vkd3d-proton:d3d12_device_QueryInterface: {0742a90b-c387-483f-b946-30a7e4e61458} not implemented, returning E_NOINTERFACE.
4815.093:0138:019c:warn:vkd3d-proton:d3d12_device_QueryInterface: {0742a90b-c387-483f-b946-30a7e4e61458} not implemented, returning E_NOINTERFACE.
4815.110:0138:019c:warn:vkd3d-proton:d3d12_device_QueryInterface: {0742a90b-c387-483f-b946-30a7e4e61458} not implemented, returning E_NOINTERFACE.
4815.127:0138:019c:warn:vkd3d-proton:d3d12_device_QueryInterface: {0742a90b-c387-483f-b946-30a7e4e61458} not implemented, returning E_NOINTERFACE.
4815.144:0138:019c:warn:vkd3d-proton:d3d12_device_QueryInterface: {0742a90b-c387-483f-b946-30a7e4e61458} not implemented, returning E_NOINTERFACE.
4815.161:0138:019c:warn:vkd3d-proton:d3d12_device_QueryInterface: {0742a90b-c387-483f-b946-30a7e4e61458} not implemented, returning E_NOINTERFACE.
4815.176:0138:019c:warn:vkd3d-proton:d3d12_device_QueryInterface: {0742a90b-c387-483f-b946-30a7e4e61458} not implemented, returning E_NOINTERFACE.
4815.193:0138:019c:warn:vkd3d-proton:d3d12_device_QueryInterface: {0742a90b-c387-483f-b946-30a7e4e61458} not implemented, returning E_NOINTERFACE.
4815.211:0138:019c:warn:vkd3d-proton:d3d12_device_QueryInterface: {0742a90b-c387-483f-b946-30a7e4e61458} not implemented, returning E_NOINTERFACE.
4815.227:0138:019c:warn:vkd3d-proton:d3d12_device_QueryInterface: {0742a90b-c387-483f-b946-30a7e4e61458} not implemented, returning E_NOINTERFACE.
4815.244:0138:019c:warn:vkd3d-proton:d3d12_device_QueryInterface: {0742a90b-c387-483f-b946-30a7e4e61458} not implemented, returning E_NOINTERFACE.
4815.261:0138:019c:warn:vkd3d-proton:d3d12_device_QueryInterface: {0742a90b-c387-483f-b946-30a7e4e61458} not implemented, returning E_NOINTERFACE.
4815.277:0138:019c:warn:vkd3d-proton:d3d12_device_QueryInterface: {0742a90b-c387-483f-b946-30a7e4e61458} not implemented, returning E_NOINTERFACE.
4815.294:0138:019c:warn:vkd3d-proton:d3d12_device_QueryInterface: {0742a90b-c387-483f-b946-30a7e4e61458} not implemented, returning E_NOINTERFACE.
4815.312:0138:019c:warn:vkd3d-proton:d3d12_device_QueryInterface: {0742a90b-c387-483f-b946-30a7e4e61458} not implemented, returning E_NOINTERFACE.
4815.329:0138:019c:warn:vkd3d-proton:d3d12_device_QueryInterface: {0742a90b-c387-483f-b946-30a7e4e61458} not implemented, returning E_NOINTERFACE.
4815.345:0138:019c:warn:vkd3d-proton:d3d12_device_QueryInterface: {0742a90b-c387-483f-b946-30a7e4e61458} not implemented, returning E_NOINTERFACE.
4815.362:0138:019c:warn:vkd3d-proton:d3d12_device_QueryInterface: {0742a90b-c387-483f-b946-30a7e4e61458} not implemented, returning E_NOINTERFACE.
4815.380:0138:019c:warn:vkd3d-proton:d3d12_device_QueryInterface: {0742a90b-c387-483f-b946-30a7e4e61458} not implemented, returning E_NOINTERFACE.
4815.396:0138:019c:warn:vkd3d-proton:d3d12_device_QueryInterface: {0742a90b-c387-483f-b946-30a7e4e61458} not implemented, returning E_NOINTERFACE.
4815.412:0138:019c:warn:vkd3d-proton:d3d12_device_QueryInterface: {0742a90b-c387-483f-b946-30a7e4e61458} not implemented, returning E_NOINTERFACE.
4815.429:0138:019c:warn:vkd3d-proton:d3d12_device_QueryInterface: {0742a90b-c387-483f-b946-30a7e4e61458} not implemented, returning E_NOINTERFACE.
4815.447:0138:019c:warn:vkd3d-proton:d3d12_device_QueryInterface: {0742a90b-c387-483f-b946-30a7e4e61458} not implemented, returning E_NOINTERFACE.
4815.460:0138:019c:warn:vkd3d-proton:d3d12_device_QueryInterface: {0742a90b-c387-483f-b946-30a7e4e61458} not implemented, returning E_NOINTERFACE.
4815.477:0138:019c:warn:vkd3d-proton:d3d12_device_QueryInterface: {0742a90b-c387-483f-b946-30a7e4e61458} not implemented, returning E_NOINTERFACE.
4815.493:0138:019c:warn:vkd3d-proton:d3d12_device_QueryInterface: {0742a90b-c387-483f-b946-30a7e4e61458} not implemented, returning E_NOINTERFACE.
4815.512:0138:019c:warn:vkd3d-proton:d3d12_device_QueryInterface: {0742a90b-c387-483f-b946-30a7e4e61458} not implemented, returning E_NOINTERFACE.
4815.529:0138:019c:warn:vkd3d-proton:d3d12_device_QueryInterface: {0742a90b-c387-483f-b946-30a7e4e61458} not implemented, returning E_NOINTERFACE.
4815.544:0138:019c:warn:vkd3d-proton:d3d12_device_QueryInterface: {0742a90b-c387-483f-b946-30a7e4e61458} not implemented, returning E_NOINTERFACE.
4815.562:0138:0194:warn:vkd3d-proton:d3d12_device_QueryInterface: {0742a90b-c387-483f-b946-30a7e4e61458} not implemented, returning E_NOINTERFACE.
4815.577:0138:0194:warn:vkd3d-proton:d3d12_device_QueryInterface: {0742a90b-c387-483f-b946-30a7e4e61458} not implemented, returning E_NOINTERFACE.
4815.596:0138:0194:warn:vkd3d-proton:d3d12_device_QueryInterface: {0742a90b-c387-483f-b946-30a7e4e61458} not implemented, returning E_NOINTERFACE.
4815.611:0138:0194:warn:vkd3d-proton:d3d12_device_QueryInterface: {0742a90b-c387-483f-b946-30a7e4e61458} not implemented, returning E_NOINTERFACE.
4815.628:0138:0194:warn:vkd3d-proton:d3d12_device_QueryInterface: {0742a90b-c387-483f-b946-30a7e4e61458} not implemented, returning E_NOINTERFACE.
4815.645:0138:0194:warn:vkd3d-proton:d3d12_device_QueryInterface: {0742a90b-c387-483f-b946-30a7e4e61458} not implemented, returning E_NOINTERFACE.
4815.661:0138:0194:warn:vkd3d-proton:d3d12_device_QueryInterface: {0742a90b-c387-483f-b946-30a7e4e61458} not implemented, returning E_NOINTERFACE.
4815.677:0138:019c:warn:vkd3d-proton:d3d12_device_QueryInterface: {0742a90b-c387-483f-b946-30a7e4e61458} not implemented, returning E_NOINTERFACE.
4815.695:0138:01a0:warn:vkd3d-proton:d3d12_device_QueryInterface: {0742a90b-c387-483f-b946-30a7e4e61458} not implemented, returning E_NOINTERFACE.
4815.712:0138:01a0:warn:vkd3d-proton:d3d12_device_QueryInterface: {0742a90b-c387-483f-b946-30a7e4e61458} not implemented, returning E_NOINTERFACE.
4815.728:0138:01a0:warn:vkd3d-proton:d3d12_device_QueryInterface: {0742a90b-c387-483f-b946-30a7e4e61458} not implemented, returning E_NOINTERFACE.
4815.744:0138:01a0:warn:vkd3d-proton:d3d12_device_QueryInterface: {0742a90b-c387-483f-b946-30a7e4e61458} not implemented, returning E_NOINTERFACE.
4815.760:0138:01a0:warn:vkd3d-proton:d3d12_device_QueryInterface: {0742a90b-c387-483f-b946-30a7e4e61458} not implemented, returning E_NOINTERFACE.
4815.779:0138:01a0:warn:vkd3d-proton:d3d12_device_QueryInterface: {0742a90b-c387-483f-b946-30a7e4e61458} not implemented, returning E_NOINTERFACE.
4815.795:0138:01a0:warn:vkd3d-proton:d3d12_device_QueryInterface: {0742a90b-c387-483f-b946-30a7e4e61458} not implemented, returning E_NOINTERFACE.
4815.813:0138:01a0:warn:vkd3d-proton:d3d12_device_QueryInterface: {0742a90b-c387-483f-b946-30a7e4e61458} not implemented, returning E_NOINTERFACE.
4815.830:0138:01a0:warn:vkd3d-proton:d3d12_device_QueryInterface: {0742a90b-c387-483f-b946-30a7e4e61458} not implemented, returning E_NOINTERFACE.
4815.846:0138:01a0:warn:vkd3d-proton:d3d12_device_QueryInterface: {0742a90b-c387-483f-b946-30a7e4e61458} not implemented, returning E_NOINTERFACE.
4815.862:0138:01a0:warn:vkd3d-proton:d3d12_device_QueryInterface: {0742a90b-c387-483f-b946-30a7e4e61458} not implemented, returning E_NOINTERFACE.
4815.877:0138:01a0:warn:vkd3d-proton:d3d12_device_QueryInterface: {0742a90b-c387-483f-b946-30a7e4e61458} not implemented, returning E_NOINTERFACE.
4815.894:0138:01a0:warn:vkd3d-proton:d3d12_device_QueryInterface: {0742a90b-c387-483f-b946-30a7e4e61458} not implemented, returning E_NOINTERFACE.
4815.911:0138:01a0:warn:vkd3d-proton:d3d12_device_QueryInterface: {0742a90b-c387-483f-b946-30a7e4e61458} not implemented, returning E_NOINTERFACE.
4815.928:0138:01a0:warn:vkd3d-proton:d3d12_device_QueryInterface: {0742a90b-c387-483f-b946-30a7e4e61458} not implemented, returning E_NOINTERFACE.
4815.944:0138:01a0:warn:vkd3d-proton:d3d12_device_QueryInterface: {0742a90b-c387-483f-b946-30a7e4e61458} not implemented, returning E_NOINTERFACE.
4815.960:0138:01a0:warn:vkd3d-proton:d3d12_device_QueryInterface: {0742a90b-c387-483f-b946-30a7e4e61458} not implemented, returning E_NOINTERFACE.
4815.977:0138:0198:warn:vkd3d-proton:d3d12_device_QueryInterface: {0742a90b-c387-483f-b946-30a7e4e61458} not implemented, returning E_NOINTERFACE.
4815.994:0138:0198:warn:vkd3d-proton:d3d12_device_QueryInterface: {0742a90b-c387-483f-b946-30a7e4e61458} not implemented, returning E_NOINTERFACE.
4816.010:0138:0198:warn:vkd3d-proton:d3d12_device_QueryInterface: {0742a90b-c387-483f-b946-30a7e4e61458} not implemented, returning E_NOINTERFACE.
4816.032:0138:0198:warn:vkd3d-proton:d3d12_device_QueryInterface: {0742a90b-c387-483f-b946-30a7e4e61458} not implemented, returning E_NOINTERFACE.
4816.046:0138:0198:warn:vkd3d-proton:d3d12_device_QueryInterface: {0742a90b-c387-483f-b946-30a7e4e61458} not implemented, returning E_NOINTERFACE.
4816.063:0138:0198:warn:vkd3d-proton:d3d12_device_QueryInterface: {0742a90b-c387-483f-b946-30a7e4e61458} not implemented, returning E_NOINTERFACE.
4816.077:0138:0198:warn:vkd3d-proton:d3d12_device_QueryInterface: {0742a90b-c387-483f-b946-30a7e4e61458} not implemented, returning E_NOINTERFACE.
4816.097:0138:0198:warn:vkd3d-proton:d3d12_device_QueryInterface: {0742a90b-c387-483f-b946-30a7e4e61458} not implemented, returning E_NOINTERFACE.
4816.116:0138:0198:warn:vkd3d-proton:d3d12_device_QueryInterface: {0742a90b-c387-483f-b946-30a7e4e61458} not implemented, returning E_NOINTERFACE.
4816.128:0138:0198:warn:vkd3d-proton:d3d12_device_QueryInterface: {0742a90b-c387-483f-b946-30a7e4e61458} not implemented, returning E_NOINTERFACE.
4816.146:0138:0198:warn:vkd3d-proton:d3d12_device_QueryInterface: {0742a90b-c387-483f-b946-30a7e4e61458} not implemented, returning E_NOINTERFACE.
4816.161:0138:0198:warn:vkd3d-proton:d3d12_device_QueryInterface: {0742a90b-c387-483f-b946-30a7e4e61458} not implemented, returning E_NOINTERFACE.
4816.178:0138:0198:warn:vkd3d-proton:d3d12_device_QueryInterface: {0742a90b-c387-483f-b946-30a7e4e61458} not implemented, returning E_NOINTERFACE.
4816.195:0138:0198:warn:vkd3d-proton:d3d12_device_QueryInterface: {0742a90b-c387-483f-b946-30a7e4e61458} not implemented, returning E_NOINTERFACE.
4816.212:0138:0198:warn:vkd3d-proton:d3d12_device_QueryInterface: {0742a90b-c387-483f-b946-30a7e4e61458} not implemented, returning E_NOINTERFACE.
4816.227:0138:0198:warn:vkd3d-proton:d3d12_device_QueryInterface: {0742a90b-c387-483f-b946-30a7e4e61458} not implemented, returning E_NOINTERFACE.
4816.244:0138:0194:warn:vkd3d-proton:d3d12_device_QueryInterface: {0742a90b-c387-483f-b946-30a7e4e61458} not implemented, returning E_NOINTERFACE.
4816.262:0138:0194:warn:vkd3d-proton:d3d12_device_QueryInterface: {0742a90b-c387-483f-b946-30a7e4e61458} not implemented, returning E_NOINTERFACE.
4816.279:0138:0194:warn:vkd3d-proton:d3d12_device_QueryInterface: {0742a90b-c387-483f-b946-30a7e4e61458} not implemented, returning E_NOINTERFACE.
4816.294:0138:0194:warn:vkd3d-proton:d3d12_device_QueryInterface: {0742a90b-c387-483f-b946-30a7e4e61458} not implemented, returning E_NOINTERFACE.
4816.311:0138:0194:warn:vkd3d-proton:d3d12_device_QueryInterface: {0742a90b-c387-483f-b946-30a7e4e61458} not implemented, returning E_NOINTERFACE.
4816.328:0138:0194:warn:vkd3d-proton:d3d12_device_QueryInterface: {0742a90b-c387-483f-b946-30a7e4e61458} not implemented, returning E_NOINTERFACE.
4816.345:0138:0194:warn:vkd3d-proton:d3d12_device_QueryInterface: {0742a90b-c387-483f-b946-30a7e4e61458} not implemented, returning E_NOINTERFACE.
4816.362:0138:0194:warn:vkd3d-proton:d3d12_device_QueryInterface: {0742a90b-c387-483f-b946-30a7e4e61458} not implemented, returning E_NOINTERFACE.
4816.378:0138:0194:warn:vkd3d-proton:d3d12_device_QueryInterface: {0742a90b-c387-483f-b946-30a7e4e61458} not implemented, returning E_NOINTERFACE.
4816.395:0138:0194:warn:vkd3d-proton:d3d12_device_QueryInterface: {0742a90b-c387-483f-b946-30a7e4e61458} not implemented, returning E_NOINTERFACE.
4816.412:0138:0194:warn:vkd3d-proton:d3d12_device_QueryInterface: {0742a90b-c387-483f-b946-30a7e4e61458} not implemented, returning E_NOINTERFACE.
4816.428:0138:0194:warn:vkd3d-proton:d3d12_device_QueryInterface: {0742a90b-c387-483f-b946-30a7e4e61458} not implemented, returning E_NOINTERFACE.
4816.444:0138:0194:warn:vkd3d-proton:d3d12_device_QueryInterface: {0742a90b-c387-483f-b946-30a7e4e61458} not implemented, returning E_NOINTERFACE.
4816.463:0138:0194:warn:vkd3d-proton:d3d12_device_QueryInterface: {0742a90b-c387-483f-b946-30a7e4e61458} not implemented, returning E_NOINTERFACE.
4816.481:0138:0194:warn:vkd3d-proton:d3d12_device_QueryInterface: {0742a90b-c387-483f-b946-30a7e4e61458} not implemented, returning E_NOINTERFACE.
4816.494:0138:0194:warn:vkd3d-proton:d3d12_device_QueryInterface: {0742a90b-c387-483f-b946-30a7e4e61458} not implemented, returning E_NOINTERFACE.
4816.511:0138:0194:warn:vkd3d-proton:d3d12_device_QueryInterface: {0742a90b-c387-483f-b946-30a7e4e61458} not implemented, returning E_NOINTERFACE.
4816.528:0138:0194:warn:vkd3d-proton:d3d12_device_QueryInterface: {0742a90b-c387-483f-b946-30a7e4e61458} not implemented, returning E_NOINTERFACE.
4816.544:0138:0194:warn:vkd3d-proton:d3d12_device_QueryInterface: {0742a90b-c387-483f-b946-30a7e4e61458} not implemented, returning E_NOINTERFACE.
4816.563:0138:0194:warn:vkd3d-proton:d3d12_device_QueryInterface: {0742a90b-c387-483f-b946-30a7e4e61458} not implemented, returning E_NOINTERFACE.
4816.580:0138:0194:warn:vkd3d-proton:d3d12_device_QueryInterface: {0742a90b-c387-483f-b946-30a7e4e61458} not implemented, returning E_NOINTERFACE.
4816.596:0138:0194:warn:vkd3d-proton:d3d12_device_QueryInterface: {0742a90b-c387-483f-b946-30a7e4e61458} not implemented, returning E_NOINTERFACE.
4816.612:0138:0194:warn:vkd3d-proton:d3d12_device_QueryInterface: {0742a90b-c387-483f-b946-30a7e4e61458} not implemented, returning E_NOINTERFACE.
4816.629:0138:0194:warn:vkd3d-proton:d3d12_device_QueryInterface: {0742a90b-c387-483f-b946-30a7e4e61458} not implemented, returning E_NOINTERFACE.
4816.645:0138:0194:warn:vkd3d-proton:d3d12_device_QueryInterface: {0742a90b-c387-483f-b946-30a7e4e61458} not implemented, returning E_NOINTERFACE.
4816.661:0138:0194:warn:vkd3d-proton:d3d12_device_QueryInterface: {0742a90b-c387-483f-b946-30a7e4e61458} not implemented, returning E_NOINTERFACE.
4816.678:0138:0194:warn:vkd3d-proton:d3d12_device_QueryInterface: {0742a90b-c387-483f-b946-30a7e4e61458} not implemented, returning E_NOINTERFACE.
4816.695:0138:0194:warn:vkd3d-proton:d3d12_device_QueryInterface: {0742a90b-c387-483f-b946-30a7e4e61458} not implemented, returning E_NOINTERFACE.
4816.711:0138:0194:warn:vkd3d-proton:d3d12_device_QueryInterface: {0742a90b-c387-483f-b946-30a7e4e61458} not implemented, returning E_NOINTERFACE.
4816.728:0138:0194:warn:vkd3d-proton:d3d12_device_QueryInterface: {0742a90b-c387-483f-b946-30a7e4e61458} not implemented, returning E_NOINTERFACE.
4816.744:0138:0194:warn:vkd3d-proton:d3d12_device_QueryInterface: {0742a90b-c387-483f-b946-30a7e4e61458} not implemented, returning E_NOINTERFACE.
4816.763:0138:0194:warn:vkd3d-proton:d3d12_device_QueryInterface: {0742a90b-c387-483f-b946-30a7e4e61458} not implemented, returning E_NOINTERFACE.
4816.778:0138:0194:warn:vkd3d-proton:d3d12_device_QueryInterface: {0742a90b-c387-483f-b946-30a7e4e61458} not implemented, returning E_NOINTERFACE.
4816.794:0138:0194:warn:vkd3d-proton:d3d12_device_QueryInterface: {0742a90b-c387-483f-b946-30a7e4e61458} not implemented, returning E_NOINTERFACE.
4816.812:0138:0194:warn:vkd3d-proton:d3d12_device_QueryInterface: {0742a90b-c387-483f-b946-30a7e4e61458} not implemented, returning E_NOINTERFACE.
4816.828:0138:0194:warn:vkd3d-proton:d3d12_device_QueryInterface: {0742a90b-c387-483f-b946-30a7e4e61458} not implemented, returning E_NOINTERFACE.
4816.845:0138:0194:warn:vkd3d-proton:d3d12_device_QueryInterface: {0742a90b-c387-483f-b946-30a7e4e61458} not implemented, returning E_NOINTERFACE.
4816.862:0138:0194:warn:vkd3d-proton:d3d12_device_QueryInterface: {0742a90b-c387-483f-b946-30a7e4e61458} not implemented, returning E_NOINTERFACE.
4816.878:0138:0194:warn:vkd3d-proton:d3d12_device_QueryInterface: {0742a90b-c387-483f-b946-30a7e4e61458} not implemented, returning E_NOINTERFACE.
4816.895:0138:0194:warn:vkd3d-proton:d3d12_device_QueryInterface: {0742a90b-c387-483f-b946-30a7e4e61458} not implemented, returning E_NOINTERFACE.
4816.911:0138:0194:warn:vkd3d-proton:d3d12_device_QueryInterface: {0742a90b-c387-483f-b946-30a7e4e61458} not implemented, returning E_NOINTERFACE.
4816.930:0138:0194:warn:vkd3d-proton:d3d12_device_QueryInterface: {0742a90b-c387-483f-b946-30a7e4e61458} not implemented, returning E_NOINTERFACE.
4816.948:0138:0194:warn:vkd3d-proton:d3d12_device_QueryInterface: {0742a90b-c387-483f-b946-30a7e4e61458} not implemented, returning E_NOINTERFACE.
4816.961:0138:0194:warn:vkd3d-proton:d3d12_device_QueryInterface: {0742a90b-c387-483f-b946-30a7e4e61458} not implemented, returning E_NOINTERFACE.
4816.978:0138:0194:warn:vkd3d-proton:d3d12_device_QueryInterface: {0742a90b-c387-483f-b946-30a7e4e61458} not implemented, returning E_NOINTERFACE.
4816.995:0138:0194:warn:vkd3d-proton:d3d12_device_QueryInterface: {0742a90b-c387-483f-b946-30a7e4e61458} not implemented, returning E_NOINTERFACE.
4817.012:0138:0194:warn:vkd3d-proton:d3d12_device_QueryInterface: {0742a90b-c387-483f-b946-30a7e4e61458} not implemented, returning E_NOINTERFACE.
4817.029:0138:0198:warn:vkd3d-proton:d3d12_device_QueryInterface: {0742a90b-c387-483f-b946-30a7e4e61458} not implemented, returning E_NOINTERFACE.
4817.046:0138:0198:warn:vkd3d-proton:d3d12_device_QueryInterface: {0742a90b-c387-483f-b946-30a7e4e61458} not implemented, returning E_NOINTERFACE.
4817.063:0138:0198:warn:vkd3d-proton:d3d12_device_QueryInterface: {0742a90b-c387-483f-b946-30a7e4e61458} not implemented, returning E_NOINTERFACE.
4817.078:0138:0198:warn:vkd3d-proton:d3d12_device_QueryInterface: {0742a90b-c387-483f-b946-30a7e4e61458} not implemented, returning E_NOINTERFACE.
4817.096:0138:0198:warn:vkd3d-proton:d3d12_device_QueryInterface: {0742a90b-c387-483f-b946-30a7e4e61458} not implemented, returning E_NOINTERFACE.
4817.112:0138:0198:warn:vkd3d-proton:d3d12_device_QueryInterface: {0742a90b-c387-483f-b946-30a7e4e61458} not implemented, returning E_NOINTERFACE.
4817.129:0138:0198:warn:vkd3d-proton:d3d12_device_QueryInterface: {0742a90b-c387-483f-b946-30a7e4e61458} not implemented, returning E_NOINTERFACE.
4817.146:0138:0198:warn:vkd3d-proton:d3d12_device_QueryInterface: {0742a90b-c387-483f-b946-30a7e4e61458} not implemented, returning E_NOINTERFACE.
4817.163:0138:0194:warn:vkd3d-proton:d3d12_device_QueryInterface: {0742a90b-c387-483f-b946-30a7e4e61458} not implemented, returning E_NOINTERFACE.
4817.180:0138:0194:warn:vkd3d-proton:d3d12_device_QueryInterface: {0742a90b-c387-483f-b946-30a7e4e61458} not implemented, returning E_NOINTERFACE.
4817.197:0138:0194:warn:vkd3d-proton:d3d12_device_QueryInterface: {0742a90b-c387-483f-b946-30a7e4e61458} not implemented, returning E_NOINTERFACE.
4817.214:0138:0194:warn:vkd3d-proton:d3d12_device_QueryInterface: {0742a90b-c387-483f-b946-30a7e4e61458} not implemented, returning E_NOINTERFACE.
4817.231:0138:0194:warn:vkd3d-proton:d3d12_device_QueryInterface: {0742a90b-c387-483f-b946-30a7e4e61458} not implemented, returning E_NOINTERFACE.
4817.246:0138:0194:warn:vkd3d-proton:d3d12_device_QueryInterface: {0742a90b-c387-483f-b946-30a7e4e61458} not implemented, returning E_NOINTERFACE.
4817.263:0138:0194:warn:vkd3d-proton:d3d12_device_QueryInterface: {0742a90b-c387-483f-b946-30a7e4e61458} not implemented, returning E_NOINTERFACE.
4817.280:0138:0194:warn:vkd3d-proton:d3d12_device_QueryInterface: {0742a90b-c387-483f-b946-30a7e4e61458} not implemented, returning E_NOINTERFACE.
4817.395:0138:019c:warn:vkd3d-proton:d3d12_device_QueryInterface: {0742a90b-c387-483f-b946-30a7e4e61458} not implemented, returning E_NOINTERFACE.
4817.400:0138:019c:warn:vkd3d-proton:d3d12_device_QueryInterface: {0742a90b-c387-483f-b946-30a7e4e61458} not implemented, returning E_NOINTERFACE.
4817.414:0138:01a0:warn:vkd3d-proton:d3d12_device_QueryInterface: {0742a90b-c387-483f-b946-30a7e4e61458} not implemented, returning E_NOINTERFACE.
4817.429:0138:01a0:warn:vkd3d-proton:d3d12_device_QueryInterface: {0742a90b-c387-483f-b946-30a7e4e61458} not implemented, returning E_NOINTERFACE.
4817.448:0138:0194:warn:vkd3d-proton:d3d12_device_QueryInterface: {0742a90b-c387-483f-b946-30a7e4e61458} not implemented, returning E_NOINTERFACE.
4817.465:0138:0194:warn:vkd3d-proton:d3d12_device_QueryInterface: {0742a90b-c387-483f-b946-30a7e4e61458} not implemented, returning E_NOINTERFACE.
4817.482:0138:0198:warn:vkd3d-proton:d3d12_device_QueryInterface: {0742a90b-c387-483f-b946-30a7e4e61458} not implemented, returning E_NOINTERFACE.
4817.496:0138:0198:warn:vkd3d-proton:d3d12_device_QueryInterface: {0742a90b-c387-483f-b946-30a7e4e61458} not implemented, returning E_NOINTERFACE.
4817.513:0138:01a0:warn:vkd3d-proton:d3d12_device_QueryInterface: {0742a90b-c387-483f-b946-30a7e4e61458} not implemented, returning E_NOINTERFACE.
4817.529:0138:01a0:warn:vkd3d-proton:d3d12_device_QueryInterface: {0742a90b-c387-483f-b946-30a7e4e61458} not implemented, returning E_NOINTERFACE.
4817.545:0138:0198:warn:vkd3d-proton:d3d12_device_QueryInterface: {0742a90b-c387-483f-b946-30a7e4e61458} not implemented, returning E_NOINTERFACE.
4817.565:0138:0198:warn:vkd3d-proton:d3d12_device_QueryInterface: {0742a90b-c387-483f-b946-30a7e4e61458} not implemented, returning E_NOINTERFACE.
4817.582:0138:019c:warn:vkd3d-proton:d3d12_device_QueryInterface: {0742a90b-c387-483f-b946-30a7e4e61458} not implemented, returning E_NOINTERFACE.
4817.597:0138:019c:warn:vkd3d-proton:d3d12_device_QueryInterface: {0742a90b-c387-483f-b946-30a7e4e61458} not implemented, returning E_NOINTERFACE.
4817.612:0138:0198:warn:vkd3d-proton:d3d12_device_QueryInterface: {0742a90b-c387-483f-b946-30a7e4e61458} not implemented, returning E_NOINTERFACE.
4817.630:0138:0198:warn:vkd3d-proton:d3d12_device_QueryInterface: {0742a90b-c387-483f-b946-30a7e4e61458} not implemented, returning E_NOINTERFACE.
4817.651:0138:01a0:warn:vkd3d-proton:d3d12_device_QueryInterface: {0742a90b-c387-483f-b946-30a7e4e61458} not implemented, returning E_NOINTERFACE.
4817.663:0138:01a0:warn:vkd3d-proton:d3d12_device_QueryInterface: {0742a90b-c387-483f-b946-30a7e4e61458} not implemented, returning E_NOINTERFACE.
4817.681:0138:0198:warn:vkd3d-proton:d3d12_device_QueryInterface: {0742a90b-c387-483f-b946-30a7e4e61458} not implemented, returning E_NOINTERFACE.
4817.695:0138:0198:warn:vkd3d-proton:d3d12_device_QueryInterface: {0742a90b-c387-483f-b946-30a7e4e61458} not implemented, returning E_NOINTERFACE.
4817.713:0138:019c:warn:vkd3d-proton:d3d12_device_QueryInterface: {0742a90b-c387-483f-b946-30a7e4e61458} not implemented, returning E_NOINTERFACE.
4817.730:0138:019c:warn:vkd3d-proton:d3d12_device_QueryInterface: {0742a90b-c387-483f-b946-30a7e4e61458} not implemented, returning E_NOINTERFACE.
4817.747:0138:01a0:warn:vkd3d-proton:d3d12_device_QueryInterface: {0742a90b-c387-483f-b946-30a7e4e61458} not implemented, returning E_NOINTERFACE.
4817.765:0138:01a0:warn:vkd3d-proton:d3d12_device_QueryInterface: {0742a90b-c387-483f-b946-30a7e4e61458} not implemented, returning E_NOINTERFACE.
4817.781:0138:0198:warn:vkd3d-proton:d3d12_device_QueryInterface: {0742a90b-c387-483f-b946-30a7e4e61458} not implemented, returning E_NOINTERFACE.
4817.797:0138:0198:warn:vkd3d-proton:d3d12_device_QueryInterface: {0742a90b-c387-483f-b946-30a7e4e61458} not implemented, returning E_NOINTERFACE.
4817.815:0138:0194:warn:vkd3d-proton:d3d12_device_QueryInterface: {0742a90b-c387-483f-b946-30a7e4e61458} not implemented, returning E_NOINTERFACE.
4817.829:0138:0194:warn:vkd3d-proton:d3d12_device_QueryInterface: {0742a90b-c387-483f-b946-30a7e4e61458} not implemented, returning E_NOINTERFACE.
4817.852:0138:01a0:warn:vkd3d-proton:d3d12_device_QueryInterface: {0742a90b-c387-483f-b946-30a7e4e61458} not implemented, returning E_NOINTERFACE.
4817.863:0138:01a0:warn:vkd3d-proton:d3d12_device_QueryInterface: {0742a90b-c387-483f-b946-30a7e4e61458} not implemented, returning E_NOINTERFACE.
4817.880:0138:0194:warn:vkd3d-proton:d3d12_device_QueryInterface: {0742a90b-c387-483f-b946-30a7e4e61458} not implemented, returning E_NOINTERFACE.
4817.897:0138:0194:warn:vkd3d-proton:d3d12_device_QueryInterface: {0742a90b-c387-483f-b946-30a7e4e61458} not implemented, returning E_NOINTERFACE.
4817.912:0138:01a0:warn:vkd3d-proton:d3d12_device_QueryInterface: {0742a90b-c387-483f-b946-30a7e4e61458} not implemented, returning E_NOINTERFACE.
4817.930:0138:01a0:warn:vkd3d-proton:d3d12_device_QueryInterface: {0742a90b-c387-483f-b946-30a7e4e61458} not implemented, returning E_NOINTERFACE.
4817.949:0138:0194:warn:vkd3d-proton:d3d12_device_QueryInterface: {0742a90b-c387-483f-b946-30a7e4e61458} not implemented, returning E_NOINTERFACE.
4817.964:0138:0194:warn:vkd3d-proton:d3d12_device_QueryInterface: {0742a90b-c387-483f-b946-30a7e4e61458} not implemented, returning E_NOINTERFACE.
4817.979:0138:01a0:warn:vkd3d-proton:d3d12_device_QueryInterface: {0742a90b-c387-483f-b946-30a7e4e61458} not implemented, returning E_NOINTERFACE.
4817.995:0138:01a0:warn:vkd3d-proton:d3d12_device_QueryInterface: {0742a90b-c387-483f-b946-30a7e4e61458} not implemented, returning E_NOINTERFACE.
4818.013:0138:0194:warn:vkd3d-proton:d3d12_device_QueryInterface: {0742a90b-c387-483f-b946-30a7e4e61458} not implemented, returning E_NOINTERFACE.
4818.029:0138:0194:warn:vkd3d-proton:d3d12_device_QueryInterface: {0742a90b-c387-483f-b946-30a7e4e61458} not implemented, returning E_NOINTERFACE.
4818.046:0138:0198:warn:vkd3d-proton:d3d12_device_QueryInterface: {0742a90b-c387-483f-b946-30a7e4e61458} not implemented, returning E_NOINTERFACE.
4818.062:0138:0198:warn:vkd3d-proton:d3d12_device_QueryInterface: {0742a90b-c387-483f-b946-30a7e4e61458} not implemented, returning E_NOINTERFACE.
4818.081:0138:019c:warn:vkd3d-proton:d3d12_device_QueryInterface: {0742a90b-c387-483f-b946-30a7e4e61458} not implemented, returning E_NOINTERFACE.
4818.098:0138:019c:warn:vkd3d-proton:d3d12_device_QueryInterface: {0742a90b-c387-483f-b946-30a7e4e61458} not implemented, returning E_NOINTERFACE.
4818.113:0138:01a0:warn:vkd3d-proton:d3d12_device_QueryInterface: {0742a90b-c387-483f-b946-30a7e4e61458} not implemented, returning E_NOINTERFACE.
4818.129:0138:01a0:warn:vkd3d-proton:d3d12_device_QueryInterface: {0742a90b-c387-483f-b946-30a7e4e61458} not implemented, returning E_NOINTERFACE.
4818.146:0138:0194:warn:vkd3d-proton:d3d12_device_QueryInterface: {0742a90b-c387-483f-b946-30a7e4e61458} not implemented, returning E_NOINTERFACE.
4818.163:0138:0194:warn:vkd3d-proton:d3d12_device_QueryInterface: {0742a90b-c387-483f-b946-30a7e4e61458} not implemented, returning E_NOINTERFACE.
4818.181:0138:01a0:warn:vkd3d-proton:d3d12_device_QueryInterface: {0742a90b-c387-483f-b946-30a7e4e61458} not implemented, returning E_NOINTERFACE.
4818.196:0138:01a0:warn:vkd3d-proton:d3d12_device_QueryInterface: {0742a90b-c387-483f-b946-30a7e4e61458} not implemented, returning E_NOINTERFACE.
4818.213:0138:0198:warn:vkd3d-proton:d3d12_device_QueryInterface: {0742a90b-c387-483f-b946-30a7e4e61458} not implemented, returning E_NOINTERFACE.
4818.231:0138:0198:warn:vkd3d-proton:d3d12_device_QueryInterface: {0742a90b-c387-483f-b946-30a7e4e61458} not implemented, returning E_NOINTERFACE.
4818.247:0138:0194:warn:vkd3d-proton:d3d12_device_QueryInterface: {0742a90b-c387-483f-b946-30a7e4e61458} not implemented, returning E_NOINTERFACE.
4818.262:0138:0194:warn:vkd3d-proton:d3d12_device_QueryInterface: {0742a90b-c387-483f-b946-30a7e4e61458} not implemented, returning E_NOINTERFACE.
4818.280:0138:019c:warn:vkd3d-proton:d3d12_device_QueryInterface: {0742a90b-c387-483f-b946-30a7e4e61458} not implemented, returning E_NOINTERFACE.
4818.297:0138:019c:warn:vkd3d-proton:d3d12_device_QueryInterface: {0742a90b-c387-483f-b946-30a7e4e61458} not implemented, returning E_NOINTERFACE.
4818.315:0138:01a0:warn:vkd3d-proton:d3d12_device_QueryInterface: {0742a90b-c387-483f-b946-30a7e4e61458} not implemented, returning E_NOINTERFACE.
4818.331:0138:01a0:warn:vkd3d-proton:d3d12_device_QueryInterface: {0742a90b-c387-483f-b946-30a7e4e61458} not implemented, returning E_NOINTERFACE.
4818.346:0138:019c:warn:vkd3d-proton:d3d12_device_QueryInterface: {0742a90b-c387-483f-b946-30a7e4e61458} not implemented, returning E_NOINTERFACE.
4818.362:0138:0198:warn:vkd3d-proton:d3d12_device_QueryInterface: {0742a90b-c387-483f-b946-30a7e4e61458} not implemented, returning E_NOINTERFACE.
4818.381:0138:0194:warn:vkd3d-proton:d3d12_device_QueryInterface: {0742a90b-c387-483f-b946-30a7e4e61458} not implemented, returning E_NOINTERFACE.
4818.398:0138:0194:warn:vkd3d-proton:d3d12_device_QueryInterface: {0742a90b-c387-483f-b946-30a7e4e61458} not implemented, returning E_NOINTERFACE.
4818.413:0138:01a0:warn:vkd3d-proton:d3d12_device_QueryInterface: {0742a90b-c387-483f-b946-30a7e4e61458} not implemented, returning E_NOINTERFACE.
4818.430:0138:01a0:warn:vkd3d-proton:d3d12_device_QueryInterface: {0742a90b-c387-483f-b946-30a7e4e61458} not implemented, returning E_NOINTERFACE.
4818.446:0138:0194:warn:vkd3d-proton:d3d12_device_QueryInterface: {0742a90b-c387-483f-b946-30a7e4e61458} not implemented, returning E_NOINTERFACE.
4818.463:0138:0194:warn:vkd3d-proton:d3d12_device_QueryInterface: {0742a90b-c387-483f-b946-30a7e4e61458} not implemented, returning E_NOINTERFACE.
4818.480:0138:019c:warn:vkd3d-proton:d3d12_device_QueryInterface: {0742a90b-c387-483f-b946-30a7e4e61458} not implemented, returning E_NOINTERFACE.
4818.495:0138:019c:warn:vkd3d-proton:d3d12_device_QueryInterface: {0742a90b-c387-483f-b946-30a7e4e61458} not implemented, returning E_NOINTERFACE.
4818.513:0138:0194:warn:vkd3d-proton:d3d12_device_QueryInterface: {0742a90b-c387-483f-b946-30a7e4e61458} not implemented, returning E_NOINTERFACE.
4818.530:0138:0194:warn:vkd3d-proton:d3d12_device_QueryInterface: {0742a90b-c387-483f-b946-30a7e4e61458} not implemented, returning E_NOINTERFACE.
4818.549:0138:019c:warn:vkd3d-proton:d3d12_device_QueryInterface: {0742a90b-c387-483f-b946-30a7e4e61458} not implemented, returning E_NOINTERFACE.
4818.564:0138:019c:warn:vkd3d-proton:d3d12_device_QueryInterface: {0742a90b-c387-483f-b946-30a7e4e61458} not implemented, returning E_NOINTERFACE.
4818.580:0138:0194:warn:vkd3d-proton:d3d12_device_QueryInterface: {0742a90b-c387-483f-b946-30a7e4e61458} not implemented, returning E_NOINTERFACE.
4818.597:0138:0194:warn:vkd3d-proton:d3d12_device_QueryInterface: {0742a90b-c387-483f-b946-30a7e4e61458} not implemented, returning E_NOINTERFACE.
4818.615:0138:01a0:warn:vkd3d-proton:d3d12_device_QueryInterface: {0742a90b-c387-483f-b946-30a7e4e61458} not implemented, returning E_NOINTERFACE.
4818.632:0138:01a0:warn:vkd3d-proton:d3d12_device_QueryInterface: {0742a90b-c387-483f-b946-30a7e4e61458} not implemented, returning E_NOINTERFACE.
4818.647:0138:019c:warn:vkd3d-proton:d3d12_device_QueryInterface: {0742a90b-c387-483f-b946-30a7e4e61458} not implemented, returning E_NOINTERFACE.
4818.664:0138:019c:warn:vkd3d-proton:d3d12_device_QueryInterface: {0742a90b-c387-483f-b946-30a7e4e61458} not implemented, returning E_NOINTERFACE.
4818.682:0138:0198:warn:vkd3d-proton:d3d12_device_QueryInterface: {0742a90b-c387-483f-b946-30a7e4e61458} not implemented, returning E_NOINTERFACE.
4818.698:0138:0198:warn:vkd3d-proton:d3d12_device_QueryInterface: {0742a90b-c387-483f-b946-30a7e4e61458} not implemented, returning E_NOINTERFACE.
4818.714:0138:019c:warn:vkd3d-proton:d3d12_device_QueryInterface: {0742a90b-c387-483f-b946-30a7e4e61458} not implemented, returning E_NOINTERFACE.
4818.730:0138:019c:warn:vkd3d-proton:d3d12_device_QueryInterface: {0742a90b-c387-483f-b946-30a7e4e61458} not implemented, returning E_NOINTERFACE.
4818.749:0138:0198:warn:vkd3d-proton:d3d12_device_QueryInterface: {0742a90b-c387-483f-b946-30a7e4e61458} not implemented, returning E_NOINTERFACE.
4818.766:0138:0198:warn:vkd3d-proton:d3d12_device_QueryInterface: {0742a90b-c387-483f-b946-30a7e4e61458} not implemented, returning E_NOINTERFACE.
4818.783:0138:019c:warn:vkd3d-proton:d3d12_device_QueryInterface: {0742a90b-c387-483f-b946-30a7e4e61458} not implemented, returning E_NOINTERFACE.
4818.798:0138:019c:warn:vkd3d-proton:d3d12_device_QueryInterface: {0742a90b-c387-483f-b946-30a7e4e61458} not implemented, returning E_NOINTERFACE.
4818.816:0138:0194:warn:vkd3d-proton:d3d12_device_QueryInterface: {0742a90b-c387-483f-b946-30a7e4e61458} not implemented, returning E_NOINTERFACE.
4818.832:0138:0194:warn:vkd3d-proton:d3d12_device_QueryInterface: {0742a90b-c387-483f-b946-30a7e4e61458} not implemented, returning E_NOINTERFACE.
4818.848:0138:01a0:warn:vkd3d-proton:d3d12_device_QueryInterface: {0742a90b-c387-483f-b946-30a7e4e61458} not implemented, returning E_NOINTERFACE.
4818.865:0138:01a0:warn:vkd3d-proton:d3d12_device_QueryInterface: {0742a90b-c387-483f-b946-30a7e4e61458} not implemented, returning E_NOINTERFACE.
4818.882:0138:019c:warn:vkd3d-proton:d3d12_device_QueryInterface: {0742a90b-c387-483f-b946-30a7e4e61458} not implemented, returning E_NOINTERFACE.
4818.900:0138:019c:warn:vkd3d-proton:d3d12_device_QueryInterface: {0742a90b-c387-483f-b946-30a7e4e61458} not implemented, returning E_NOINTERFACE.
4818.915:0138:0194:warn:vkd3d-proton:d3d12_device_QueryInterface: {0742a90b-c387-483f-b946-30a7e4e61458} not implemented, returning E_NOINTERFACE.
4818.934:0138:0194:warn:vkd3d-proton:d3d12_device_QueryInterface: {0742a90b-c387-483f-b946-30a7e4e61458} not implemented, returning E_NOINTERFACE.
4818.949:0138:01a0:warn:vkd3d-proton:d3d12_device_QueryInterface: {0742a90b-c387-483f-b946-30a7e4e61458} not implemented, returning E_NOINTERFACE.
4818.964:0138:01a0:warn:vkd3d-proton:d3d12_device_QueryInterface: {0742a90b-c387-483f-b946-30a7e4e61458} not implemented, returning E_NOINTERFACE.
4818.985:0138:0194:warn:vkd3d-proton:d3d12_device_QueryInterface: {0742a90b-c387-483f-b946-30a7e4e61458} not implemented, returning E_NOINTERFACE.
4819.001:0138:0194:warn:vkd3d-proton:d3d12_device_QueryInterface: {0742a90b-c387-483f-b946-30a7e4e61458} not implemented, returning E_NOINTERFACE.
4819.016:0138:019c:warn:vkd3d-proton:d3d12_device_QueryInterface: {0742a90b-c387-483f-b946-30a7e4e61458} not implemented, returning E_NOINTERFACE.
4819.035:0138:019c:warn:vkd3d-proton:d3d12_device_QueryInterface: {0742a90b-c387-483f-b946-30a7e4e61458} not implemented, returning E_NOINTERFACE.
4819.049:0138:0194:warn:vkd3d-proton:d3d12_device_QueryInterface: {0742a90b-c387-483f-b946-30a7e4e61458} not implemented, returning E_NOINTERFACE.
4819.066:0138:0194:warn:vkd3d-proton:d3d12_device_QueryInterface: {0742a90b-c387-483f-b946-30a7e4e61458} not implemented, returning E_NOINTERFACE.
4819.085:0138:01a0:warn:vkd3d-proton:d3d12_device_QueryInterface: {0742a90b-c387-483f-b946-30a7e4e61458} not implemented, returning E_NOINTERFACE.
4819.100:0138:01a0:warn:vkd3d-proton:d3d12_device_QueryInterface: {0742a90b-c387-483f-b946-30a7e4e61458} not implemented, returning E_NOINTERFACE.
4819.118:0138:0198:warn:vkd3d-proton:d3d12_device_QueryInterface: {0742a90b-c387-483f-b946-30a7e4e61458} not implemented, returning E_NOINTERFACE.
4819.134:0138:0198:warn:vkd3d-proton:d3d12_device_QueryInterface: {0742a90b-c387-483f-b946-30a7e4e61458} not implemented, returning E_NOINTERFACE.
4819.149:0138:01a0:warn:vkd3d-proton:d3d12_device_QueryInterface: {0742a90b-c387-483f-b946-30a7e4e61458} not implemented, returning E_NOINTERFACE.
4819.168:0138:01a0:warn:vkd3d-proton:d3d12_device_QueryInterface: {0742a90b-c387-483f-b946-30a7e4e61458} not implemented, returning E_NOINTERFACE.
4819.183:0138:0194:warn:vkd3d-proton:d3d12_device_QueryInterface: {0742a90b-c387-483f-b946-30a7e4e61458} not implemented, returning E_NOINTERFACE.
4819.200:0138:0194:warn:vkd3d-proton:d3d12_device_QueryInterface: {0742a90b-c387-483f-b946-30a7e4e61458} not implemented, returning E_NOINTERFACE.
4819.218:0138:0198:warn:vkd3d-proton:d3d12_device_QueryInterface: {0742a90b-c387-483f-b946-30a7e4e61458} not implemented, returning E_NOINTERFACE.
4819.233:0138:0198:warn:vkd3d-proton:d3d12_device_QueryInterface: {0742a90b-c387-483f-b946-30a7e4e61458} not implemented, returning E_NOINTERFACE.
4819.252:0138:0194:warn:vkd3d-proton:d3d12_device_QueryInterface: {0742a90b-c387-483f-b946-30a7e4e61458} not implemented, returning E_NOINTERFACE.
4819.267:0138:0194:warn:vkd3d-proton:d3d12_device_QueryInterface: {0742a90b-c387-483f-b946-30a7e4e61458} not implemented, returning E_NOINTERFACE.
4819.286:0138:01a0:warn:vkd3d-proton:d3d12_device_QueryInterface: {0742a90b-c387-483f-b946-30a7e4e61458} not implemented, returning E_NOINTERFACE.
4819.303:0138:01a0:warn:vkd3d-proton:d3d12_device_QueryInterface: {0742a90b-c387-483f-b946-30a7e4e61458} not implemented, returning E_NOINTERFACE.
4819.318:0138:0198:warn:vkd3d-proton:d3d12_device_QueryInterface: {0742a90b-c387-483f-b946-30a7e4e61458} not implemented, returning E_NOINTERFACE.
4819.336:0138:0198:warn:vkd3d-proton:d3d12_device_QueryInterface: {0742a90b-c387-483f-b946-30a7e4e61458} not implemented, returning E_NOINTERFACE.
4819.351:0138:019c:warn:vkd3d-proton:d3d12_device_QueryInterface: {0742a90b-c387-483f-b946-30a7e4e61458} not implemented, returning E_NOINTERFACE.
4819.369:0138:019c:warn:vkd3d-proton:d3d12_device_QueryInterface: {0742a90b-c387-483f-b946-30a7e4e61458} not implemented, returning E_NOINTERFACE.
4819.384:0138:0198:warn:vkd3d-proton:d3d12_device_QueryInterface: {0742a90b-c387-483f-b946-30a7e4e61458} not implemented, returning E_NOINTERFACE.
4819.401:0138:0198:warn:vkd3d-proton:d3d12_device_QueryInterface: {0742a90b-c387-483f-b946-30a7e4e61458} not implemented, returning E_NOINTERFACE.
4819.417:0138:0194:warn:vkd3d-proton:d3d12_device_QueryInterface: {0742a90b-c387-483f-b946-30a7e4e61458} not implemented, returning E_NOINTERFACE.
4819.434:0138:0194:warn:vkd3d-proton:d3d12_device_QueryInterface: {0742a90b-c387-483f-b946-30a7e4e61458} not implemented, returning E_NOINTERFACE.
4819.451:0138:01a0:warn:vkd3d-proton:d3d12_device_QueryInterface: {0742a90b-c387-483f-b946-30a7e4e61458} not implemented, returning E_NOINTERFACE.
4819.470:0138:01a0:warn:vkd3d-proton:d3d12_device_QueryInterface: {0742a90b-c387-483f-b946-30a7e4e61458} not implemented, returning E_NOINTERFACE.
4819.485:0138:0198:warn:vkd3d-proton:d3d12_device_QueryInterface: {0742a90b-c387-483f-b946-30a7e4e61458} not implemented, returning E_NOINTERFACE.
4819.504:0138:0198:warn:vkd3d-proton:d3d12_device_QueryInterface: {0742a90b-c387-483f-b946-30a7e4e61458} not implemented, returning E_NOINTERFACE.
4819.520:0138:0194:warn:vkd3d-proton:d3d12_device_QueryInterface: {0742a90b-c387-483f-b946-30a7e4e61458} not implemented, returning E_NOINTERFACE.
4819.535:0138:0194:warn:vkd3d-proton:d3d12_device_QueryInterface: {0742a90b-c387-483f-b946-30a7e4e61458} not implemented, returning E_NOINTERFACE.
4819.552:0138:01a0:warn:vkd3d-proton:d3d12_device_QueryInterface: {0742a90b-c387-483f-b946-30a7e4e61458} not implemented, returning E_NOINTERFACE.
4819.568:0138:01a0:warn:vkd3d-proton:d3d12_device_QueryInterface: {0742a90b-c387-483f-b946-30a7e4e61458} not implemented, returning E_NOINTERFACE.
4819.587:0138:0198:warn:vkd3d-proton:d3d12_device_QueryInterface: {0742a90b-c387-483f-b946-30a7e4e61458} not implemented, returning E_NOINTERFACE.
4819.601:0138:0198:warn:vkd3d-proton:d3d12_device_QueryInterface: {0742a90b-c387-483f-b946-30a7e4e61458} not implemented, returning E_NOINTERFACE.
4819.619:0138:01a0:warn:vkd3d-proton:d3d12_device_QueryInterface: {0742a90b-c387-483f-b946-30a7e4e61458} not implemented, returning E_NOINTERFACE.
4819.993:0138:019c:warn:vkd3d-proton:d3d12_device_QueryInterface: {0742a90b-c387-483f-b946-30a7e4e61458} not implemented, returning E_NOINTERFACE.
4819.995:0138:019c:warn:vkd3d-proton:d3d12_device_QueryInterface: {0742a90b-c387-483f-b946-30a7e4e61458} not implemented, returning E_NOINTERFACE.
4820.004:0138:0194:warn:vkd3d-proton:d3d12_device_QueryInterface: {0742a90b-c387-483f-b946-30a7e4e61458} not implemented, returning E_NOINTERFACE.
4820.021:0138:01a0:warn:vkd3d-proton:d3d12_device_QueryInterface: {0742a90b-c387-483f-b946-30a7e4e61458} not implemented, returning E_NOINTERFACE.
4820.037:0138:01a0:warn:vkd3d-proton:d3d12_device_QueryInterface: {0742a90b-c387-483f-b946-30a7e4e61458} not implemented, returning E_NOINTERFACE.
4820.054:0138:0194:warn:vkd3d-proton:d3d12_device_QueryInterface: {0742a90b-c387-483f-b946-30a7e4e61458} not implemented, returning E_NOINTERFACE.
4820.071:0138:0194:warn:vkd3d-proton:d3d12_device_QueryInterface: {0742a90b-c387-483f-b946-30a7e4e61458} not implemented, returning E_NOINTERFACE.
4820.087:0138:019c:warn:vkd3d-proton:d3d12_device_QueryInterface: {0742a90b-c387-483f-b946-30a7e4e61458} not implemented, returning E_NOINTERFACE.
4820.152:0138:01a0:warn:vkd3d-proton:d3d12_device_QueryInterface: {0742a90b-c387-483f-b946-30a7e4e61458} not implemented, returning E_NOINTERFACE.
4820.181:0138:019c:warn:vkd3d-proton:d3d12_device_QueryInterface: {0742a90b-c387-483f-b946-30a7e4e61458} not implemented, returning E_NOINTERFACE.
4820.194:0138:0194:warn:vkd3d-proton:d3d12_device_QueryInterface: {0742a90b-c387-483f-b946-30a7e4e61458} not implemented, returning E_NOINTERFACE.
4820.221:0138:01a0:warn:vkd3d-proton:d3d12_device_QueryInterface: {0742a90b-c387-483f-b946-30a7e4e61458} not implemented, returning E_NOINTERFACE.
4820.238:0138:01a0:warn:vkd3d-proton:d3d12_device_QueryInterface: {0742a90b-c387-483f-b946-30a7e4e61458} not implemented, returning E_NOINTERFACE.
4820.255:0138:0194:warn:vkd3d-proton:d3d12_device_QueryInterface: {0742a90b-c387-483f-b946-30a7e4e61458} not implemented, returning E_NOINTERFACE.
4820.273:0138:0194:warn:vkd3d-proton:d3d12_device_QueryInterface: {0742a90b-c387-483f-b946-30a7e4e61458} not implemented, returning E_NOINTERFACE.
4820.291:0138:0198:warn:vkd3d-proton:d3d12_device_QueryInterface: {0742a90b-c387-483f-b946-30a7e4e61458} not implemented, returning E_NOINTERFACE.
4820.308:0138:0198:warn:vkd3d-proton:d3d12_device_QueryInterface: {0742a90b-c387-483f-b946-30a7e4e61458} not implemented, returning E_NOINTERFACE.
4820.325:0138:01a0:warn:vkd3d-proton:d3d12_device_QueryInterface: {0742a90b-c387-483f-b946-30a7e4e61458} not implemented, returning E_NOINTERFACE.
4820.358:0138:019c:warn:vkd3d-proton:d3d12_device_QueryInterface: {0742a90b-c387-483f-b946-30a7e4e61458} not implemented, returning E_NOINTERFACE.
4820.360:0138:019c:warn:vkd3d-proton:d3d12_device_QueryInterface: {0742a90b-c387-483f-b946-30a7e4e61458} not implemented, returning E_NOINTERFACE.
4820.372:0138:0198:warn:vkd3d-proton:d3d12_device_QueryInterface: {0742a90b-c387-483f-b946-30a7e4e61458} not implemented, returning E_NOINTERFACE.
4820.389:0138:0198:warn:vkd3d-proton:d3d12_device_QueryInterface: {0742a90b-c387-483f-b946-30a7e4e61458} not implemented, returning E_NOINTERFACE.
4820.414:0138:019c:warn:vkd3d-proton:d3d12_device_QueryInterface: {0742a90b-c387-483f-b946-30a7e4e61458} not implemented, returning E_NOINTERFACE.
4820.422:0138:019c:warn:vkd3d-proton:d3d12_device_QueryInterface: {0742a90b-c387-483f-b946-30a7e4e61458} not implemented, returning E_NOINTERFACE.
4820.440:0138:019c:warn:vkd3d-proton:d3d12_device_QueryInterface: {0742a90b-c387-483f-b946-30a7e4e61458} not implemented, returning E_NOINTERFACE.
4820.458:0138:0198:warn:vkd3d-proton:d3d12_device_QueryInterface: {0742a90b-c387-483f-b946-30a7e4e61458} not implemented, returning E_NOINTERFACE.
4820.474:0138:0198:warn:vkd3d-proton:d3d12_device_QueryInterface: {0742a90b-c387-483f-b946-30a7e4e61458} not implemented, returning E_NOINTERFACE.
4820.489:0138:019c:warn:vkd3d-proton:d3d12_device_QueryInterface: {0742a90b-c387-483f-b946-30a7e4e61458} not implemented, returning E_NOINTERFACE.
4820.508:0138:01a0:warn:vkd3d-proton:d3d12_device_QueryInterface: {0742a90b-c387-483f-b946-30a7e4e61458} not implemented, returning E_NOINTERFACE.
4820.522:0138:0194:warn:vkd3d-proton:d3d12_device_QueryInterface: {0742a90b-c387-483f-b946-30a7e4e61458} not implemented, returning E_NOINTERFACE.
4820.547:0138:019c:warn:vkd3d-proton:d3d12_device_QueryInterface: {0742a90b-c387-483f-b946-30a7e4e61458} not implemented, returning E_NOINTERFACE.
4820.557:0138:019c:warn:vkd3d-proton:d3d12_device_QueryInterface: {0742a90b-c387-483f-b946-30a7e4e61458} not implemented, returning E_NOINTERFACE.
4820.574:0138:019c:warn:vkd3d-proton:d3d12_device_QueryInterface: {0742a90b-c387-483f-b946-30a7e4e61458} not implemented, returning E_NOINTERFACE.
4820.604:0138:01a0:warn:vkd3d-proton:d3d12_device_QueryInterface: {0742a90b-c387-483f-b946-30a7e4e61458} not implemented, returning E_NOINTERFACE.
4820.615:0138:0198:warn:vkd3d-proton:d3d12_device_QueryInterface: {0742a90b-c387-483f-b946-30a7e4e61458} not implemented, returning E_NOINTERFACE.
4820.623:0138:0198:warn:vkd3d-proton:d3d12_device_QueryInterface: {0742a90b-c387-483f-b946-30a7e4e61458} not implemented, returning E_NOINTERFACE.
4820.640:0138:0198:warn:vkd3d-proton:d3d12_device_QueryInterface: {0742a90b-c387-483f-b946-30a7e4e61458} not implemented, returning E_NOINTERFACE.
4820.658:0138:01a0:warn:vkd3d-proton:d3d12_device_QueryInterface: {0742a90b-c387-483f-b946-30a7e4e61458} not implemented, returning E_NOINTERFACE.
4820.673:0138:019c:warn:vkd3d-proton:d3d12_device_QueryInterface: {0742a90b-c387-483f-b946-30a7e4e61458} not implemented, returning E_NOINTERFACE.
4820.690:0138:019c:warn:vkd3d-proton:d3d12_device_QueryInterface: {0742a90b-c387-483f-b946-30a7e4e61458} not implemented, returning E_NOINTERFACE.
4820.707:0138:019c:warn:vkd3d-proton:d3d12_device_QueryInterface: {0742a90b-c387-483f-b946-30a7e4e61458} not implemented, returning E_NOINTERFACE.
4820.724:0138:01a0:warn:vkd3d-proton:d3d12_device_QueryInterface: {0742a90b-c387-483f-b946-30a7e4e61458} not implemented, returning E_NOINTERFACE.
4820.740:0138:01a0:warn:vkd3d-proton:d3d12_device_QueryInterface: {0742a90b-c387-483f-b946-30a7e4e61458} not implemented, returning E_NOINTERFACE.
4820.757:0138:0194:warn:vkd3d-proton:d3d12_device_QueryInterface: {0742a90b-c387-483f-b946-30a7e4e61458} not implemented, returning E_NOINTERFACE.
4820.774:0138:0194:warn:vkd3d-proton:d3d12_device_QueryInterface: {0742a90b-c387-483f-b946-30a7e4e61458} not implemented, returning E_NOINTERFACE.
4820.790:0138:019c:warn:vkd3d-proton:d3d12_device_QueryInterface: {0742a90b-c387-483f-b946-30a7e4e61458} not implemented, returning E_NOINTERFACE.
4820.809:0138:019c:warn:vkd3d-proton:d3d12_device_QueryInterface: {0742a90b-c387-483f-b946-30a7e4e61458} not implemented, returning E_NOINTERFACE.
4820.823:0138:0198:warn:vkd3d-proton:d3d12_device_QueryInterface: {0742a90b-c387-483f-b946-30a7e4e61458} not implemented, returning E_NOINTERFACE.
4820.840:0138:0198:warn:vkd3d-proton:d3d12_device_QueryInterface: {0742a90b-c387-483f-b946-30a7e4e61458} not implemented, returning E_NOINTERFACE.
4820.857:0138:01a0:warn:vkd3d-proton:d3d12_device_QueryInterface: {0742a90b-c387-483f-b946-30a7e4e61458} not implemented, returning E_NOINTERFACE.
4820.874:0138:0198:warn:vkd3d-proton:d3d12_device_QueryInterface: {0742a90b-c387-483f-b946-30a7e4e61458} not implemented, returning E_NOINTERFACE.
4820.891:0138:0198:warn:vkd3d-proton:d3d12_device_QueryInterface: {0742a90b-c387-483f-b946-30a7e4e61458} not implemented, returning E_NOINTERFACE.
4820.909:0138:019c:warn:vkd3d-proton:d3d12_device_QueryInterface: {0742a90b-c387-483f-b946-30a7e4e61458} not implemented, returning E_NOINTERFACE.
4820.924:0138:019c:warn:vkd3d-proton:d3d12_device_QueryInterface: {0742a90b-c387-483f-b946-30a7e4e61458} not implemented, returning E_NOINTERFACE.
4820.941:0138:019c:warn:vkd3d-proton:d3d12_device_QueryInterface: {0742a90b-c387-483f-b946-30a7e4e61458} not implemented, returning E_NOINTERFACE.
4820.960:0138:0198:warn:vkd3d-proton:d3d12_device_QueryInterface: {0742a90b-c387-483f-b946-30a7e4e61458} not implemented, returning E_NOINTERFACE.
4820.977:0138:0198:warn:vkd3d-proton:d3d12_device_QueryInterface: {0742a90b-c387-483f-b946-30a7e4e61458} not implemented, returning E_NOINTERFACE.
4820.993:0138:0194:warn:vkd3d-proton:d3d12_device_QueryInterface: {0742a90b-c387-483f-b946-30a7e4e61458} not implemented, returning E_NOINTERFACE.
4821.008:0138:0194:warn:vkd3d-proton:d3d12_device_QueryInterface: {0742a90b-c387-483f-b946-30a7e4e61458} not implemented, returning E_NOINTERFACE.
4821.024:0138:0198:warn:vkd3d-proton:d3d12_device_QueryInterface: {0742a90b-c387-483f-b946-30a7e4e61458} not implemented, returning E_NOINTERFACE.
4821.041:0138:0198:warn:vkd3d-proton:d3d12_device_QueryInterface: {0742a90b-c387-483f-b946-30a7e4e61458} not implemented, returning E_NOINTERFACE.
4821.058:0138:0194:warn:vkd3d-proton:d3d12_device_QueryInterface: {0742a90b-c387-483f-b946-30a7e4e61458} not implemented, returning E_NOINTERFACE.
4821.075:0138:0198:warn:vkd3d-proton:d3d12_device_QueryInterface: {0742a90b-c387-483f-b946-30a7e4e61458} not implemented, returning E_NOINTERFACE.
4821.092:0138:0198:warn:vkd3d-proton:d3d12_device_QueryInterface: {0742a90b-c387-483f-b946-30a7e4e61458} not implemented, returning E_NOINTERFACE.
4821.108:0138:019c:warn:vkd3d-proton:d3d12_device_QueryInterface: {0742a90b-c387-483f-b946-30a7e4e61458} not implemented, returning E_NOINTERFACE.
4821.126:0138:019c:warn:vkd3d-proton:d3d12_device_QueryInterface: {0742a90b-c387-483f-b946-30a7e4e61458} not implemented, returning E_NOINTERFACE.
4821.141:0138:019c:warn:vkd3d-proton:d3d12_device_QueryInterface: {0742a90b-c387-483f-b946-30a7e4e61458} not implemented, returning E_NOINTERFACE.
4821.159:0138:0194:warn:vkd3d-proton:d3d12_device_QueryInterface: {0742a90b-c387-483f-b946-30a7e4e61458} not implemented, returning E_NOINTERFACE.
4821.177:0138:019c:warn:vkd3d-proton:d3d12_device_QueryInterface: {0742a90b-c387-483f-b946-30a7e4e61458} not implemented, returning E_NOINTERFACE.
4821.192:0138:019c:warn:vkd3d-proton:d3d12_device_QueryInterface: {0742a90b-c387-483f-b946-30a7e4e61458} not implemented, returning E_NOINTERFACE.
4821.209:0138:019c:warn:vkd3d-proton:d3d12_device_QueryInterface: {0742a90b-c387-483f-b946-30a7e4e61458} not implemented, returning E_NOINTERFACE.
4821.227:0138:0198:warn:vkd3d-proton:d3d12_device_QueryInterface: {0742a90b-c387-483f-b946-30a7e4e61458} not implemented, returning E_NOINTERFACE.
4821.242:0138:0194:warn:vkd3d-proton:d3d12_device_QueryInterface: {0742a90b-c387-483f-b946-30a7e4e61458} not implemented, returning E_NOINTERFACE.
4821.261:0138:0194:warn:vkd3d-proton:d3d12_device_QueryInterface: {0742a90b-c387-483f-b946-30a7e4e61458} not implemented, returning E_NOINTERFACE.
4821.276:0138:0198:warn:vkd3d-proton:d3d12_device_QueryInterface: {0742a90b-c387-483f-b946-30a7e4e61458} not implemented, returning E_NOINTERFACE.
4821.294:0138:0198:warn:vkd3d-proton:d3d12_device_QueryInterface: {0742a90b-c387-483f-b946-30a7e4e61458} not implemented, returning E_NOINTERFACE.
4821.310:0138:01a0:warn:vkd3d-proton:d3d12_device_QueryInterface: {0742a90b-c387-483f-b946-30a7e4e61458} not implemented, returning E_NOINTERFACE.
4821.327:0138:01a0:warn:vkd3d-proton:d3d12_device_QueryInterface: {0742a90b-c387-483f-b946-30a7e4e61458} not implemented, returning E_NOINTERFACE.
4821.343:0138:019c:warn:vkd3d-proton:d3d12_device_QueryInterface: {0742a90b-c387-483f-b946-30a7e4e61458} not implemented, returning E_NOINTERFACE.
4821.360:0138:019c:warn:vkd3d-proton:d3d12_device_QueryInterface: {0742a90b-c387-483f-b946-30a7e4e61458} not implemented, returning E_NOINTERFACE.
4821.377:0138:0194:warn:vkd3d-proton:d3d12_device_QueryInterface: {0742a90b-c387-483f-b946-30a7e4e61458} not implemented, returning E_NOINTERFACE.
4821.393:0138:0194:warn:vkd3d-proton:d3d12_device_QueryInterface: {0742a90b-c387-483f-b946-30a7e4e61458} not implemented, returning E_NOINTERFACE.
4821.410:0138:019c:warn:vkd3d-proton:d3d12_device_QueryInterface: {0742a90b-c387-483f-b946-30a7e4e61458} not implemented, returning E_NOINTERFACE.
4821.426:0138:019c:warn:vkd3d-proton:d3d12_device_QueryInterface: {0742a90b-c387-483f-b946-30a7e4e61458} not implemented, returning E_NOINTERFACE.
4821.442:0138:01a0:warn:vkd3d-proton:d3d12_device_QueryInterface: {0742a90b-c387-483f-b946-30a7e4e61458} not implemented, returning E_NOINTERFACE.
4821.460:0138:01a0:warn:vkd3d-proton:d3d12_device_QueryInterface: {0742a90b-c387-483f-b946-30a7e4e61458} not implemented, returning E_NOINTERFACE.
4821.478:0138:0198:warn:vkd3d-proton:d3d12_device_QueryInterface: {0742a90b-c387-483f-b946-30a7e4e61458} not implemented, returning E_NOINTERFACE.
4821.495:0138:0198:warn:vkd3d-proton:d3d12_device_QueryInterface: {0742a90b-c387-483f-b946-30a7e4e61458} not implemented, returning E_NOINTERFACE.
4821.510:0138:019c:warn:vkd3d-proton:d3d12_device_QueryInterface: {0742a90b-c387-483f-b946-30a7e4e61458} not implemented, returning E_NOINTERFACE.
4821.527:0138:019c:warn:vkd3d-proton:d3d12_device_QueryInterface: {0742a90b-c387-483f-b946-30a7e4e61458} not implemented, returning E_NOINTERFACE.
4821.546:0138:0194:warn:vkd3d-proton:d3d12_device_QueryInterface: {0742a90b-c387-483f-b946-30a7e4e61458} not implemented, returning E_NOINTERFACE.
4821.561:0138:0194:warn:vkd3d-proton:d3d12_device_QueryInterface: {0742a90b-c387-483f-b946-30a7e4e61458} not implemented, returning E_NOINTERFACE.
4821.579:0138:01a0:warn:vkd3d-proton:d3d12_device_QueryInterface: {0742a90b-c387-483f-b946-30a7e4e61458} not implemented, returning E_NOINTERFACE.
4821.595:0138:01a0:warn:vkd3d-proton:d3d12_device_QueryInterface: {0742a90b-c387-483f-b946-30a7e4e61458} not implemented, returning E_NOINTERFACE.
4821.613:0138:0198:warn:vkd3d-proton:d3d12_device_QueryInterface: {0742a90b-c387-483f-b946-30a7e4e61458} not implemented, returning E_NOINTERFACE.
4821.629:0138:0198:warn:vkd3d-proton:d3d12_device_QueryInterface: {0742a90b-c387-483f-b946-30a7e4e61458} not implemented, returning E_NOINTERFACE.
4821.644:0138:01a0:warn:vkd3d-proton:d3d12_device_QueryInterface: {0742a90b-c387-483f-b946-30a7e4e61458} not implemented, returning E_NOINTERFACE.
4821.663:0138:01a0:warn:vkd3d-proton:d3d12_device_QueryInterface: {0742a90b-c387-483f-b946-30a7e4e61458} not implemented, returning E_NOINTERFACE.
4821.677:0138:019c:warn:vkd3d-proton:d3d12_device_QueryInterface: {0742a90b-c387-483f-b946-30a7e4e61458} not implemented, returning E_NOINTERFACE.
4821.696:0138:019c:warn:vkd3d-proton:d3d12_device_QueryInterface: {0742a90b-c387-483f-b946-30a7e4e61458} not implemented, returning E_NOINTERFACE.
4821.712:0138:0198:warn:vkd3d-proton:d3d12_device_QueryInterface: {0742a90b-c387-483f-b946-30a7e4e61458} not implemented, returning E_NOINTERFACE.
4821.729:0138:0198:warn:vkd3d-proton:d3d12_device_QueryInterface: {0742a90b-c387-483f-b946-30a7e4e61458} not implemented, returning E_NOINTERFACE.
4821.746:0138:01a0:warn:vkd3d-proton:d3d12_device_QueryInterface: {0742a90b-c387-483f-b946-30a7e4e61458} not implemented, returning E_NOINTERFACE.
4821.761:0138:01a0:warn:vkd3d-proton:d3d12_device_QueryInterface: {0742a90b-c387-483f-b946-30a7e4e61458} not implemented, returning E_NOINTERFACE.
4821.778:0138:0194:warn:vkd3d-proton:d3d12_device_QueryInterface: {0742a90b-c387-483f-b946-30a7e4e61458} not implemented, returning E_NOINTERFACE.
4821.795:0138:0194:warn:vkd3d-proton:d3d12_device_QueryInterface: {0742a90b-c387-483f-b946-30a7e4e61458} not implemented, returning E_NOINTERFACE.
4821.811:0138:01a0:warn:vkd3d-proton:d3d12_device_QueryInterface: {0742a90b-c387-483f-b946-30a7e4e61458} not implemented, returning E_NOINTERFACE.
4821.827:0138:01a0:warn:vkd3d-proton:d3d12_device_QueryInterface: {0742a90b-c387-483f-b946-30a7e4e61458} not implemented, returning E_NOINTERFACE.
4821.845:0138:019c:warn:vkd3d-proton:d3d12_device_QueryInterface: {0742a90b-c387-483f-b946-30a7e4e61458} not implemented, returning E_NOINTERFACE.
4821.860:0138:019c:warn:vkd3d-proton:d3d12_device_QueryInterface: {0742a90b-c387-483f-b946-30a7e4e61458} not implemented, returning E_NOINTERFACE.
4821.878:0138:0194:warn:vkd3d-proton:d3d12_device_QueryInterface: {0742a90b-c387-483f-b946-30a7e4e61458} not implemented, returning E_NOINTERFACE.
4821.896:0138:0194:warn:vkd3d-proton:d3d12_device_QueryInterface: {0742a90b-c387-483f-b946-30a7e4e61458} not implemented, returning E_NOINTERFACE.
4821.911:0138:01a0:warn:vkd3d-proton:d3d12_device_QueryInterface: {0742a90b-c387-483f-b946-30a7e4e61458} not implemented, returning E_NOINTERFACE.
4821.927:0138:01a0:warn:vkd3d-proton:d3d12_device_QueryInterface: {0742a90b-c387-483f-b946-30a7e4e61458} not implemented, returning E_NOINTERFACE.
4821.945:0138:0198:warn:vkd3d-proton:d3d12_device_QueryInterface: {0742a90b-c387-483f-b946-30a7e4e61458} not implemented, returning E_NOINTERFACE.
4821.963:0138:0198:warn:vkd3d-proton:d3d12_device_QueryInterface: {0742a90b-c387-483f-b946-30a7e4e61458} not implemented, returning E_NOINTERFACE.
4821.979:0138:01a0:warn:vkd3d-proton:d3d12_device_QueryInterface: {0742a90b-c387-483f-b946-30a7e4e61458} not implemented, returning E_NOINTERFACE.
4821.996:0138:01a0:warn:vkd3d-proton:d3d12_device_QueryInterface: {0742a90b-c387-483f-b946-30a7e4e61458} not implemented, returning E_NOINTERFACE.
4822.015:0138:019c:warn:vkd3d-proton:d3d12_device_QueryInterface: {0742a90b-c387-483f-b946-30a7e4e61458} not implemented, returning E_NOINTERFACE.
4822.031:0138:019c:warn:vkd3d-proton:d3d12_device_QueryInterface: {0742a90b-c387-483f-b946-30a7e4e61458} not implemented, returning E_NOINTERFACE.
4822.046:0138:01a0:warn:vkd3d-proton:d3d12_device_QueryInterface: {0742a90b-c387-483f-b946-30a7e4e61458} not implemented, returning E_NOINTERFACE.
4822.065:0138:01a0:warn:vkd3d-proton:d3d12_device_QueryInterface: {0742a90b-c387-483f-b946-30a7e4e61458} not implemented, returning E_NOINTERFACE.
4822.081:0138:0194:warn:vkd3d-proton:d3d12_device_QueryInterface: {0742a90b-c387-483f-b946-30a7e4e61458} not implemented, returning E_NOINTERFACE.
4822.096:0138:0194:warn:vkd3d-proton:d3d12_device_QueryInterface: {0742a90b-c387-483f-b946-30a7e4e61458} not implemented, returning E_NOINTERFACE.
4822.114:0138:0198:warn:vkd3d-proton:d3d12_device_QueryInterface: {0742a90b-c387-483f-b946-30a7e4e61458} not implemented, returning E_NOINTERFACE.
4822.133:0138:0198:warn:vkd3d-proton:d3d12_device_QueryInterface: {0742a90b-c387-483f-b946-30a7e4e61458} not implemented, returning E_NOINTERFACE.
4822.146:0138:0194:warn:vkd3d-proton:d3d12_device_QueryInterface: {0742a90b-c387-483f-b946-30a7e4e61458} not implemented, returning E_NOINTERFACE.
4822.162:0138:0194:warn:vkd3d-proton:d3d12_device_QueryInterface: {0742a90b-c387-483f-b946-30a7e4e61458} not implemented, returning E_NOINTERFACE.
4822.180:0138:019c:warn:vkd3d-proton:d3d12_device_QueryInterface: {0742a90b-c387-483f-b946-30a7e4e61458} not implemented, returning E_NOINTERFACE.
4822.196:0138:019c:warn:vkd3d-proton:d3d12_device_QueryInterface: {0742a90b-c387-483f-b946-30a7e4e61458} not implemented, returning E_NOINTERFACE.
4822.212:0138:01a0:warn:vkd3d-proton:d3d12_device_QueryInterface: {0742a90b-c387-483f-b946-30a7e4e61458} not implemented, returning E_NOINTERFACE.
4822.230:0138:01a0:warn:vkd3d-proton:d3d12_device_QueryInterface: {0742a90b-c387-483f-b946-30a7e4e61458} not implemented, returning E_NOINTERFACE.
4822.246:0138:0198:warn:vkd3d-proton:d3d12_device_QueryInterface: {0742a90b-c387-483f-b946-30a7e4e61458} not implemented, returning E_NOINTERFACE.
4822.263:0138:0198:warn:vkd3d-proton:d3d12_device_QueryInterface: {0742a90b-c387-483f-b946-30a7e4e61458} not implemented, returning E_NOINTERFACE.
4822.279:0138:019c:warn:vkd3d-proton:d3d12_device_QueryInterface: {0742a90b-c387-483f-b946-30a7e4e61458} not implemented, returning E_NOINTERFACE.
4822.297:0138:019c:warn:vkd3d-proton:d3d12_device_QueryInterface: {0742a90b-c387-483f-b946-30a7e4e61458} not implemented, returning E_NOINTERFACE.
4822.314:0138:01a0:warn:vkd3d-proton:d3d12_device_QueryInterface: {0742a90b-c387-483f-b946-30a7e4e61458} not implemented, returning E_NOINTERFACE.
4822.330:0138:01a0:warn:vkd3d-proton:d3d12_device_QueryInterface: {0742a90b-c387-483f-b946-30a7e4e61458} not implemented, returning E_NOINTERFACE.
4822.346:0138:019c:warn:vkd3d-proton:d3d12_device_QueryInterface: {0742a90b-c387-483f-b946-30a7e4e61458} not implemented, returning E_NOINTERFACE.
4822.363:0138:019c:warn:vkd3d-proton:d3d12_device_QueryInterface: {0742a90b-c387-483f-b946-30a7e4e61458} not implemented, returning E_NOINTERFACE.
4822.383:0138:0194:warn:vkd3d-proton:d3d12_device_QueryInterface: {0742a90b-c387-483f-b946-30a7e4e61458} not implemented, returning E_NOINTERFACE.
4822.397:0138:0194:warn:vkd3d-proton:d3d12_device_QueryInterface: {0742a90b-c387-483f-b946-30a7e4e61458} not implemented, returning E_NOINTERFACE.
4822.413:0138:0198:warn:vkd3d-proton:d3d12_device_QueryInterface: {0742a90b-c387-483f-b946-30a7e4e61458} not implemented, returning E_NOINTERFACE.
4822.430:0138:0198:warn:vkd3d-proton:d3d12_device_QueryInterface: {0742a90b-c387-483f-b946-30a7e4e61458} not implemented, returning E_NOINTERFACE.
4822.447:0138:01a0:warn:vkd3d-proton:d3d12_device_QueryInterface: {0742a90b-c387-483f-b946-30a7e4e61458} not implemented, returning E_NOINTERFACE.
4822.463:0138:01a0:warn:vkd3d-proton:d3d12_device_QueryInterface: {0742a90b-c387-483f-b946-30a7e4e61458} not implemented, returning E_NOINTERFACE.
4822.480:0138:0198:warn:vkd3d-proton:d3d12_device_QueryInterface: {0742a90b-c387-483f-b946-30a7e4e61458} not implemented, returning E_NOINTERFACE.
4822.497:0138:0198:warn:vkd3d-proton:d3d12_device_QueryInterface: {0742a90b-c387-483f-b946-30a7e4e61458} not implemented, returning E_NOINTERFACE.
4822.516:0138:019c:warn:vkd3d-proton:d3d12_device_QueryInterface: {0742a90b-c387-483f-b946-30a7e4e61458} not implemented, returning E_NOINTERFACE.
4822.532:0138:019c:warn:vkd3d-proton:d3d12_device_QueryInterface: {0742a90b-c387-483f-b946-30a7e4e61458} not implemented, returning E_NOINTERFACE.
4822.549:0138:01a0:warn:vkd3d-proton:d3d12_device_QueryInterface: {0742a90b-c387-483f-b946-30a7e4e61458} not implemented, returning E_NOINTERFACE.
4822.565:0138:01a0:warn:vkd3d-proton:d3d12_device_QueryInterface: {0742a90b-c387-483f-b946-30a7e4e61458} not implemented, returning E_NOINTERFACE.
4822.582:0138:0198:warn:vkd3d-proton:d3d12_device_QueryInterface: {0742a90b-c387-483f-b946-30a7e4e61458} not implemented, returning E_NOINTERFACE.
4822.598:0138:0198:warn:vkd3d-proton:d3d12_device_QueryInterface: {0742a90b-c387-483f-b946-30a7e4e61458} not implemented, returning E_NOINTERFACE.
4822.615:0138:019c:warn:vkd3d-proton:d3d12_device_QueryInterface: {0742a90b-c387-483f-b946-30a7e4e61458} not implemented, returning E_NOINTERFACE.
4822.631:0138:019c:warn:vkd3d-proton:d3d12_device_QueryInterface: {0742a90b-c387-483f-b946-30a7e4e61458} not implemented, returning E_NOINTERFACE.
4822.647:0138:0194:warn:vkd3d-proton:d3d12_device_QueryInterface: {0742a90b-c387-483f-b946-30a7e4e61458} not implemented, returning E_NOINTERFACE.
4822.664:0138:0194:warn:vkd3d-proton:d3d12_device_QueryInterface: {0742a90b-c387-483f-b946-30a7e4e61458} not implemented, returning E_NOINTERFACE.
4822.683:0138:019c:warn:vkd3d-proton:d3d12_device_QueryInterface: {0742a90b-c387-483f-b946-30a7e4e61458} not implemented, returning E_NOINTERFACE.
4822.698:0138:019c:warn:vkd3d-proton:d3d12_device_QueryInterface: {0742a90b-c387-483f-b946-30a7e4e61458} not implemented, returning E_NOINTERFACE.
4822.715:0138:0198:warn:vkd3d-proton:d3d12_device_QueryInterface: {0742a90b-c387-483f-b946-30a7e4e61458} not implemented, returning E_NOINTERFACE.
4822.733:0138:0198:warn:vkd3d-proton:d3d12_device_QueryInterface: {0742a90b-c387-483f-b946-30a7e4e61458} not implemented, returning E_NOINTERFACE.
4822.750:0138:0194:warn:vkd3d-proton:d3d12_device_QueryInterface: {0742a90b-c387-483f-b946-30a7e4e61458} not implemented, returning E_NOINTERFACE.
4822.766:0138:0194:warn:vkd3d-proton:d3d12_device_QueryInterface: {0742a90b-c387-483f-b946-30a7e4e61458} not implemented, returning E_NOINTERFACE.
4822.783:0138:0198:warn:vkd3d-proton:d3d12_device_QueryInterface: {0742a90b-c387-483f-b946-30a7e4e61458} not implemented, returning E_NOINTERFACE.
4822.798:0138:0198:warn:vkd3d-proton:d3d12_device_QueryInterface: {0742a90b-c387-483f-b946-30a7e4e61458} not implemented, returning E_NOINTERFACE.
4822.814:0138:01a0:warn:vkd3d-proton:d3d12_device_QueryInterface: {0742a90b-c387-483f-b946-30a7e4e61458} not implemented, returning E_NOINTERFACE.
4822.833:0138:01a0:warn:vkd3d-proton:d3d12_device_QueryInterface: {0742a90b-c387-483f-b946-30a7e4e61458} not implemented, returning E_NOINTERFACE.
4822.849:0138:0194:warn:vkd3d-proton:d3d12_device_QueryInterface: {0742a90b-c387-483f-b946-30a7e4e61458} not implemented, returning E_NOINTERFACE.
4822.865:0138:0194:warn:vkd3d-proton:d3d12_device_QueryInterface: {0742a90b-c387-483f-b946-30a7e4e61458} not implemented, returning E_NOINTERFACE.
4822.881:0138:01a0:warn:vkd3d-proton:d3d12_device_QueryInterface: {0742a90b-c387-483f-b946-30a7e4e61458} not implemented, returning E_NOINTERFACE.
4822.898:0138:01a0:warn:vkd3d-proton:d3d12_device_QueryInterface: {0742a90b-c387-483f-b946-30a7e4e61458} not implemented, returning E_NOINTERFACE.
4822.917:0138:019c:warn:vkd3d-proton:d3d12_device_QueryInterface: {0742a90b-c387-483f-b946-30a7e4e61458} not implemented, returning E_NOINTERFACE.
4822.935:0138:019c:warn:vkd3d-proton:d3d12_device_QueryInterface: {0742a90b-c387-483f-b946-30a7e4e61458} not implemented, returning E_NOINTERFACE.
4822.948:0138:0194:warn:vkd3d-proton:d3d12_device_QueryInterface: {0742a90b-c387-483f-b946-30a7e4e61458} not implemented, returning E_NOINTERFACE.
4822.965:0138:0194:warn:vkd3d-proton:d3d12_device_QueryInterface: {0742a90b-c387-483f-b946-30a7e4e61458} not implemented, returning E_NOINTERFACE.
4822.984:0138:0198:warn:vkd3d-proton:d3d12_device_QueryInterface: {0742a90b-c387-483f-b946-30a7e4e61458} not implemented, returning E_NOINTERFACE.
4822.998:0138:0198:warn:vkd3d-proton:d3d12_device_QueryInterface: {0742a90b-c387-483f-b946-30a7e4e61458} not implemented, returning E_NOINTERFACE.
4823.015:0138:01a0:warn:vkd3d-proton:d3d12_device_QueryInterface: {0742a90b-c387-483f-b946-30a7e4e61458} not implemented, returning E_NOINTERFACE.
4823.031:0138:01a0:warn:vkd3d-proton:d3d12_device_QueryInterface: {0742a90b-c387-483f-b946-30a7e4e61458} not implemented, returning E_NOINTERFACE.
4823.048:0138:019c:warn:vkd3d-proton:d3d12_device_QueryInterface: {0742a90b-c387-483f-b946-30a7e4e61458} not implemented, returning E_NOINTERFACE.
4823.066:0138:019c:warn:vkd3d-proton:d3d12_device_QueryInterface: {0742a90b-c387-483f-b946-30a7e4e61458} not implemented, returning E_NOINTERFACE.
4823.082:0138:01a0:warn:vkd3d-proton:d3d12_device_QueryInterface: {0742a90b-c387-483f-b946-30a7e4e61458} not implemented, returning E_NOINTERFACE.
4823.099:0138:01a0:warn:vkd3d-proton:d3d12_device_QueryInterface: {0742a90b-c387-483f-b946-30a7e4e61458} not implemented, returning E_NOINTERFACE.
4823.115:0138:019c:warn:vkd3d-proton:d3d12_device_QueryInterface: {0742a90b-c387-483f-b946-30a7e4e61458} not implemented, returning E_NOINTERFACE.
4823.133:0138:019c:warn:vkd3d-proton:d3d12_device_QueryInterface: {0742a90b-c387-483f-b946-30a7e4e61458} not implemented, returning E_NOINTERFACE.
4823.149:0138:0194:warn:vkd3d-proton:d3d12_device_QueryInterface: {0742a90b-c387-483f-b946-30a7e4e61458} not implemented, returning E_NOINTERFACE.
4823.166:0138:0194:warn:vkd3d-proton:d3d12_device_QueryInterface: {0742a90b-c387-483f-b946-30a7e4e61458} not implemented, returning E_NOINTERFACE.
4823.199:0138:019c:warn:vkd3d-proton:d3d12_device_QueryInterface: {0742a90b-c387-483f-b946-30a7e4e61458} not implemented, returning E_NOINTERFACE.
4823.217:0138:01a0:warn:vkd3d-proton:d3d12_device_QueryInterface: {0742a90b-c387-483f-b946-30a7e4e61458} not implemented, returning E_NOINTERFACE.
4823.233:0138:01a0:warn:vkd3d-proton:d3d12_device_QueryInterface: {0742a90b-c387-483f-b946-30a7e4e61458} not implemented, returning E_NOINTERFACE.
4823.249:0138:019c:warn:vkd3d-proton:d3d12_device_QueryInterface: {0742a90b-c387-483f-b946-30a7e4e61458} not implemented, returning E_NOINTERFACE.
4823.266:0138:019c:warn:vkd3d-proton:d3d12_device_QueryInterface: {0742a90b-c387-483f-b946-30a7e4e61458} not implemented, returning E_NOINTERFACE.
4823.287:0138:0194:warn:vkd3d-proton:d3d12_device_QueryInterface: {0742a90b-c387-483f-b946-30a7e4e61458} not implemented, returning E_NOINTERFACE.
4823.300:0138:0194:warn:vkd3d-proton:d3d12_device_QueryInterface: {0742a90b-c387-483f-b946-30a7e4e61458} not implemented, returning E_NOINTERFACE.
4823.317:0138:019c:warn:vkd3d-proton:d3d12_device_QueryInterface: {0742a90b-c387-483f-b946-30a7e4e61458} not implemented, returning E_NOINTERFACE.
4823.333:0138:019c:warn:vkd3d-proton:d3d12_device_QueryInterface: {0742a90b-c387-483f-b946-30a7e4e61458} not implemented, returning E_NOINTERFACE.
4823.351:0138:01a0:warn:vkd3d-proton:d3d12_device_QueryInterface: {0742a90b-c387-483f-b946-30a7e4e61458} not implemented, returning E_NOINTERFACE.
4823.366:0138:01a0:warn:vkd3d-proton:d3d12_device_QueryInterface: {0742a90b-c387-483f-b946-30a7e4e61458} not implemented, returning E_NOINTERFACE.
4823.385:0138:0198:warn:vkd3d-proton:d3d12_device_QueryInterface: {0742a90b-c387-483f-b946-30a7e4e61458} not implemented, returning E_NOINTERFACE.
4823.400:0138:0198:warn:vkd3d-proton:d3d12_device_QueryInterface: {0742a90b-c387-483f-b946-30a7e4e61458} not implemented, returning E_NOINTERFACE.
4823.545:0138:0194:warn:vkd3d-proton:d3d12_device_QueryInterface: {0742a90b-c387-483f-b946-30a7e4e61458} not implemented, returning E_NOINTERFACE.
4823.549:0138:0194:warn:vkd3d-proton:d3d12_device_QueryInterface: {0742a90b-c387-483f-b946-30a7e4e61458} not implemented, returning E_NOINTERFACE.
4823.568:0138:01a0:warn:vkd3d-proton:d3d12_device_QueryInterface: {0742a90b-c387-483f-b946-30a7e4e61458} not implemented, returning E_NOINTERFACE.
4823.583:0138:01a0:warn:vkd3d-proton:d3d12_device_QueryInterface: {0742a90b-c387-483f-b946-30a7e4e61458} not implemented, returning E_NOINTERFACE.
4823.616:0138:0198:warn:vkd3d-proton:d3d12_device_QueryInterface: {0742a90b-c387-483f-b946-30a7e4e61458} not implemented, returning E_NOINTERFACE.
4823.623:0138:019c:warn:vkd3d-proton:d3d12_device_QueryInterface: {0742a90b-c387-483f-b946-30a7e4e61458} not implemented, returning E_NOINTERFACE.
4823.634:0138:019c:warn:vkd3d-proton:d3d12_device_QueryInterface: {0742a90b-c387-483f-b946-30a7e4e61458} not implemented, returning E_NOINTERFACE.
4823.650:0138:019c:warn:vkd3d-proton:d3d12_device_QueryInterface: {0742a90b-c387-483f-b946-30a7e4e61458} not implemented, returning E_NOINTERFACE.
4823.667:0138:01a0:warn:vkd3d-proton:d3d12_device_QueryInterface: {0742a90b-c387-483f-b946-30a7e4e61458} not implemented, returning E_NOINTERFACE.
4823.683:0138:01a0:warn:vkd3d-proton:d3d12_device_QueryInterface: {0742a90b-c387-483f-b946-30a7e4e61458} not implemented, returning E_NOINTERFACE.
4823.702:0138:0194:warn:vkd3d-proton:d3d12_device_QueryInterface: {0742a90b-c387-483f-b946-30a7e4e61458} not implemented, returning E_NOINTERFACE.
4823.717:0138:0194:warn:vkd3d-proton:d3d12_device_QueryInterface: {0742a90b-c387-483f-b946-30a7e4e61458} not implemented, returning E_NOINTERFACE.
4823.735:0138:01a0:warn:vkd3d-proton:d3d12_device_QueryInterface: {0742a90b-c387-483f-b946-30a7e4e61458} not implemented, returning E_NOINTERFACE.
4823.750:0138:01a0:warn:vkd3d-proton:d3d12_device_QueryInterface: {0742a90b-c387-483f-b946-30a7e4e61458} not implemented, returning E_NOINTERFACE.
4823.872:0138:0194:warn:vkd3d-proton:d3d12_device_QueryInterface: {0742a90b-c387-483f-b946-30a7e4e61458} not implemented, returning E_NOINTERFACE.
4823.878:0138:0194:warn:vkd3d-proton:d3d12_device_QueryInterface: {0742a90b-c387-483f-b946-30a7e4e61458} not implemented, returning E_NOINTERFACE.
4823.885:0138:019c:warn:vkd3d-proton:d3d12_device_QueryInterface: {0742a90b-c387-483f-b946-30a7e4e61458} not implemented, returning E_NOINTERFACE.
4823.903:0138:0194:warn:vkd3d-proton:d3d12_device_QueryInterface: {0742a90b-c387-483f-b946-30a7e4e61458} not implemented, returning E_NOINTERFACE.
4823.919:0138:019c:warn:vkd3d-proton:d3d12_device_QueryInterface: {0742a90b-c387-483f-b946-30a7e4e61458} not implemented, returning E_NOINTERFACE.
4823.934:0138:0194:warn:vkd3d-proton:d3d12_device_QueryInterface: {0742a90b-c387-483f-b946-30a7e4e61458} not implemented, returning E_NOINTERFACE.
4823.952:0138:019c:warn:vkd3d-proton:d3d12_device_QueryInterface: {0742a90b-c387-483f-b946-30a7e4e61458} not implemented, returning E_NOINTERFACE.
4823.957:0138:0190:fixme:vkd3d-proton:d3d12_command_signature_create: Device generated commands is not supported by implementation.
4823.969:0138:0198:warn:vkd3d-proton:d3d12_device_QueryInterface: {0742a90b-c387-483f-b946-30a7e4e61458} not implemented, returning E_NOINTERFACE.
4823.985:0138:0198:warn:vkd3d-proton:d3d12_device_QueryInterface: {0742a90b-c387-483f-b946-30a7e4e61458} not implemented, returning E_NOINTERFACE.
4823.985:0138:0180:fixme:vkd3d-proton:d3d12_command_signature_create: Device generated commands is not supported by implementation.
4824.000:0138:0188:fixme:vkd3d-proton:d3d12_command_signature_create: Device generated commands is not supported by implementation.
4824.002:0138:018c:fixme:vkd3d-proton:d3d12_command_signature_create: Device generated commands is not supported by implementation.
4824.004:0138:019c:warn:vkd3d-proton:d3d12_device_QueryInterface: {0742a90b-c387-483f-b946-30a7e4e61458} not implemented, returning E_NOINTERFACE.
4824.008:0138:0190:fixme:vkd3d-proton:d3d12_command_signature_create: Device generated commands is not supported by implementation.
4824.013:0138:0188:fixme:vkd3d-proton:d3d12_command_signature_create: Device generated commands is not supported by implementation.
4824.021:0138:019c:warn:vkd3d-proton:d3d12_device_QueryInterface: {0742a90b-c387-483f-b946-30a7e4e61458} not implemented, returning E_NOINTERFACE.
4824.036:0138:019c:warn:vkd3d-proton:d3d12_device_QueryInterface: {0742a90b-c387-483f-b946-30a7e4e61458} not implemented, returning E_NOINTERFACE.
4824.053:0138:019c:warn:vkd3d-proton:d3d12_device_QueryInterface: {0742a90b-c387-483f-b946-30a7e4e61458} not implemented, returning E_NOINTERFACE.
4824.068:0138:0198:warn:vkd3d-proton:d3d12_device_QueryInterface: {0742a90b-c387-483f-b946-30a7e4e61458} not implemented, returning E_NOINTERFACE.
4824.085:0138:0198:warn:vkd3d-proton:d3d12_device_QueryInterface: {0742a90b-c387-483f-b946-30a7e4e61458} not implemented, returning E_NOINTERFACE.
4824.102:0138:0198:warn:vkd3d-proton:d3d12_device_QueryInterface: {0742a90b-c387-483f-b946-30a7e4e61458} not implemented, returning E_NOINTERFACE.
4824.121:0138:0198:warn:vkd3d-proton:d3d12_device_QueryInterface: {0742a90b-c387-483f-b946-30a7e4e61458} not implemented, returning E_NOINTERFACE.
4824.135:0138:0194:warn:vkd3d-proton:d3d12_device_QueryInterface: {0742a90b-c387-483f-b946-30a7e4e61458} not implemented, returning E_NOINTERFACE.
4824.154:0138:0194:warn:vkd3d-proton:d3d12_device_QueryInterface: {0742a90b-c387-483f-b946-30a7e4e61458} not implemented, returning E_NOINTERFACE.
4824.156:0138:0180:fixme:vkd3d-proton:d3d12_command_signature_create: Device generated commands is not supported by implementation.
4824.182:0138:019c:warn:vkd3d-proton:d3d12_device_QueryInterface: {0742a90b-c387-483f-b946-30a7e4e61458} not implemented, returning E_NOINTERFACE.
4824.200:0138:0198:warn:vkd3d-proton:d3d12_device_QueryInterface: {0742a90b-c387-483f-b946-30a7e4e61458} not implemented, returning E_NOINTERFACE.
4824.221:0138:0198:warn:vkd3d-proton:d3d12_device_QueryInterface: {0742a90b-c387-483f-b946-30a7e4e61458} not implemented, returning E_NOINTERFACE.
4824.239:0138:019c:warn:vkd3d-proton:d3d12_device_QueryInterface: {0742a90b-c387-483f-b946-30a7e4e61458} not implemented, returning E_NOINTERFACE.
4824.257:0138:019c:warn:vkd3d-proton:d3d12_device_QueryInterface: {0742a90b-c387-483f-b946-30a7e4e61458} not implemented, returning E_NOINTERFACE.
4824.271:0138:0194:warn:vkd3d-proton:d3d12_device_QueryInterface: {0742a90b-c387-483f-b946-30a7e4e61458} not implemented, returning E_NOINTERFACE.
4824.289:0138:0194:warn:vkd3d-proton:d3d12_device_QueryInterface: {0742a90b-c387-483f-b946-30a7e4e61458} not implemented, returning E_NOINTERFACE.
4824.309:0138:019c:warn:vkd3d-proton:d3d12_device_QueryInterface: {0742a90b-c387-483f-b946-30a7e4e61458} not implemented, returning E_NOINTERFACE.
4824.323:0138:019c:warn:vkd3d-proton:d3d12_device_QueryInterface: {0742a90b-c387-483f-b946-30a7e4e61458} not implemented, returning E_NOINTERFACE.
4824.336:0138:0194:warn:vkd3d-proton:d3d12_device_QueryInterface: {0742a90b-c387-483f-b946-30a7e4e61458} not implemented, returning E_NOINTERFACE.
4824.339:0138:0184:fixme:vkd3d-proton:d3d12_command_signature_create: Device generated commands is not supported by implementation.
4824.355:0138:0194:warn:vkd3d-proton:d3d12_device_QueryInterface: {0742a90b-c387-483f-b946-30a7e4e61458} not implemented, returning E_NOINTERFACE.
4824.372:0138:0198:warn:vkd3d-proton:d3d12_device_QueryInterface: {0742a90b-c387-483f-b946-30a7e4e61458} not implemented, returning E_NOINTERFACE.
4824.385:0138:0198:warn:vkd3d-proton:d3d12_device_QueryInterface: {0742a90b-c387-483f-b946-30a7e4e61458} not implemented, returning E_NOINTERFACE.
4824.406:0138:0194:warn:vkd3d-proton:d3d12_device_QueryInterface: {0742a90b-c387-483f-b946-30a7e4e61458} not implemented, returning E_NOINTERFACE.
4824.421:0138:0194:warn:vkd3d-proton:d3d12_device_QueryInterface: {0742a90b-c387-483f-b946-30a7e4e61458} not implemented, returning E_NOINTERFACE.
4824.442:0138:0198:warn:vkd3d-proton:d3d12_device_QueryInterface: {0742a90b-c387-483f-b946-30a7e4e61458} not implemented, returning E_NOINTERFACE.
4824.453:0138:0198:warn:vkd3d-proton:d3d12_device_QueryInterface: {0742a90b-c387-483f-b946-30a7e4e61458} not implemented, returning E_NOINTERFACE.
4824.469:0138:019c:warn:vkd3d-proton:d3d12_device_QueryInterface: {0742a90b-c387-483f-b946-30a7e4e61458} not implemented, returning E_NOINTERFACE.
4824.490:0138:0194:warn:vkd3d-proton:d3d12_device_QueryInterface: {0742a90b-c387-483f-b946-30a7e4e61458} not implemented, returning E_NOINTERFACE.
4824.505:0138:0198:warn:vkd3d-proton:d3d12_device_QueryInterface: {0742a90b-c387-483f-b946-30a7e4e61458} not implemented, returning E_NOINTERFACE.
4824.523:0138:0198:warn:vkd3d-proton:d3d12_device_QueryInterface: {0742a90b-c387-483f-b946-30a7e4e61458} not implemented, returning E_NOINTERFACE.
4824.531:0138:0188:fixme:vkd3d-proton:d3d12_command_signature_create: Device generated commands is not supported by implementation.
4824.540:0138:0194:warn:vkd3d-proton:d3d12_device_QueryInterface: {0742a90b-c387-483f-b946-30a7e4e61458} not implemented, returning E_NOINTERFACE.
4824.556:0138:0194:warn:vkd3d-proton:d3d12_device_QueryInterface: {0742a90b-c387-483f-b946-30a7e4e61458} not implemented, returning E_NOINTERFACE.
4824.573:0138:019c:warn:vkd3d-proton:d3d12_device_QueryInterface: {0742a90b-c387-483f-b946-30a7e4e61458} not implemented, returning E_NOINTERFACE.
4824.576:0138:0188:fixme:vkd3d-proton:d3d12_command_signature_create: Device generated commands is not supported by implementation.
4824.588:0138:019c:warn:vkd3d-proton:d3d12_device_QueryInterface: {0742a90b-c387-483f-b946-30a7e4e61458} not implemented, returning E_NOINTERFACE.
4824.603:0138:0194:warn:vkd3d-proton:d3d12_device_QueryInterface: {0742a90b-c387-483f-b946-30a7e4e61458} not implemented, returning E_NOINTERFACE.
4824.621:0138:0194:warn:vkd3d-proton:d3d12_device_QueryInterface: {0742a90b-c387-483f-b946-30a7e4e61458} not implemented, returning E_NOINTERFACE.
4824.637:0138:019c:warn:vkd3d-proton:d3d12_device_QueryInterface: {0742a90b-c387-483f-b946-30a7e4e61458} not implemented, returning E_NOINTERFACE.
4824.656:0138:0194:warn:vkd3d-proton:d3d12_device_QueryInterface: {0742a90b-c387-483f-b946-30a7e4e61458} not implemented, returning E_NOINTERFACE.
4824.670:0138:0198:warn:vkd3d-proton:d3d12_device_QueryInterface: {0742a90b-c387-483f-b946-30a7e4e61458} not implemented, returning E_NOINTERFACE.
4824.687:0138:0194:warn:vkd3d-proton:d3d12_device_QueryInterface: {0742a90b-c387-483f-b946-30a7e4e61458} not implemented, returning E_NOINTERFACE.
4824.708:0138:0198:warn:vkd3d-proton:d3d12_device_QueryInterface: {0742a90b-c387-483f-b946-30a7e4e61458} not implemented, returning E_NOINTERFACE.
4824.710:0138:0188:fixme:vkd3d-proton:d3d12_command_signature_create: Device generated commands is not supported by implementation.
4824.723:0138:0198:warn:vkd3d-proton:d3d12_device_QueryInterface: {0742a90b-c387-483f-b946-30a7e4e61458} not implemented, returning E_NOINTERFACE.
4824.737:0138:0198:warn:vkd3d-proton:d3d12_device_QueryInterface: {0742a90b-c387-483f-b946-30a7e4e61458} not implemented, returning E_NOINTERFACE.
4824.742:0138:0188:fixme:vkd3d-proton:d3d12_command_signature_create: Device generated commands is not supported by implementation.
4824.754:0138:019c:warn:vkd3d-proton:d3d12_device_QueryInterface: {0742a90b-c387-483f-b946-30a7e4e61458} not implemented, returning E_NOINTERFACE.
4824.772:0138:0198:warn:vkd3d-proton:d3d12_device_QueryInterface: {0742a90b-c387-483f-b946-30a7e4e61458} not implemented, returning E_NOINTERFACE.
4824.787:0138:0198:warn:vkd3d-proton:d3d12_device_QueryInterface: {0742a90b-c387-483f-b946-30a7e4e61458} not implemented, returning E_NOINTERFACE.
4824.805:0138:0194:warn:vkd3d-proton:d3d12_device_QueryInterface: {0742a90b-c387-483f-b946-30a7e4e61458} not implemented, returning E_NOINTERFACE.
4824.823:0138:0180:fixme:vkd3d-proton:d3d12_command_signature_create: Device generated commands is not supported by implementation.
4824.824:0138:018c:fixme:vkd3d-proton:d3d12_command_signature_create: Device generated commands is not supported by implementation.
4824.826:0138:0194:warn:vkd3d-proton:d3d12_device_QueryInterface: {0742a90b-c387-483f-b946-30a7e4e61458} not implemented, returning E_NOINTERFACE.
4824.840:0138:019c:warn:vkd3d-proton:d3d12_device_QueryInterface: {0742a90b-c387-483f-b946-30a7e4e61458} not implemented, returning E_NOINTERFACE.
4824.855:0138:019c:warn:vkd3d-proton:d3d12_device_QueryInterface: {0742a90b-c387-483f-b946-30a7e4e61458} not implemented, returning E_NOINTERFACE.
4824.875:0138:0194:warn:vkd3d-proton:d3d12_device_QueryInterface: {0742a90b-c387-483f-b946-30a7e4e61458} not implemented, returning E_NOINTERFACE.
4824.891:0138:0194:warn:vkd3d-proton:d3d12_device_QueryInterface: {0742a90b-c387-483f-b946-30a7e4e61458} not implemented, returning E_NOINTERFACE.
4824.903:0138:0198:warn:vkd3d-proton:d3d12_device_QueryInterface: {0742a90b-c387-483f-b946-30a7e4e61458} not implemented, returning E_NOINTERFACE.
4824.922:0138:0194:warn:vkd3d-proton:d3d12_device_QueryInterface: {0742a90b-c387-483f-b946-30a7e4e61458} not implemented, returning E_NOINTERFACE.
4824.937:0138:019c:warn:vkd3d-proton:d3d12_device_QueryInterface: {0742a90b-c387-483f-b946-30a7e4e61458} not implemented, returning E_NOINTERFACE.
4824.956:0138:0198:warn:vkd3d-proton:d3d12_device_QueryInterface: {0742a90b-c387-483f-b946-30a7e4e61458} not implemented, returning E_NOINTERFACE.
4824.971:0138:0198:warn:vkd3d-proton:d3d12_device_QueryInterface: {0742a90b-c387-483f-b946-30a7e4e61458} not implemented, returning E_NOINTERFACE.
4824.988:0138:0198:warn:vkd3d-proton:d3d12_device_QueryInterface: {0742a90b-c387-483f-b946-30a7e4e61458} not implemented, returning E_NOINTERFACE.
4825.006:0138:019c:warn:vkd3d-proton:d3d12_device_QueryInterface: {0742a90b-c387-483f-b946-30a7e4e61458} not implemented, returning E_NOINTERFACE.
4825.022:0138:019c:warn:vkd3d-proton:d3d12_device_QueryInterface: {0742a90b-c387-483f-b946-30a7e4e61458} not implemented, returning E_NOINTERFACE.
4825.039:0138:0194:warn:vkd3d-proton:d3d12_device_QueryInterface: {0742a90b-c387-483f-b946-30a7e4e61458} not implemented, returning E_NOINTERFACE.
4825.058:0138:0194:warn:vkd3d-proton:d3d12_device_QueryInterface: {0742a90b-c387-483f-b946-30a7e4e61458} not implemented, returning E_NOINTERFACE.
4825.072:0138:0198:warn:vkd3d-proton:d3d12_device_QueryInterface: {0742a90b-c387-483f-b946-30a7e4e61458} not implemented, returning E_NOINTERFACE.
4825.089:0138:0198:warn:vkd3d-proton:d3d12_device_QueryInterface: {0742a90b-c387-483f-b946-30a7e4e61458} not implemented, returning E_NOINTERFACE.
4825.104:0138:019c:warn:vkd3d-proton:d3d12_device_QueryInterface: {0742a90b-c387-483f-b946-30a7e4e61458} not implemented, returning E_NOINTERFACE.
4825.124:0138:019c:warn:vkd3d-proton:d3d12_device_QueryInterface: {0742a90b-c387-483f-b946-30a7e4e61458} not implemented, returning E_NOINTERFACE.
4825.138:0138:0194:warn:vkd3d-proton:d3d12_device_QueryInterface: {0742a90b-c387-483f-b946-30a7e4e61458} not implemented, returning E_NOINTERFACE.
4825.156:0138:0194:warn:vkd3d-proton:d3d12_device_QueryInterface: {0742a90b-c387-483f-b946-30a7e4e61458} not implemented, returning E_NOINTERFACE.
4825.173:0138:019c:warn:vkd3d-proton:d3d12_device_QueryInterface: {0742a90b-c387-483f-b946-30a7e4e61458} not implemented, returning E_NOINTERFACE.
4825.191:0138:019c:warn:vkd3d-proton:d3d12_device_QueryInterface: {0742a90b-c387-483f-b946-30a7e4e61458} not implemented, returning E_NOINTERFACE.
4825.208:0138:019c:warn:vkd3d-proton:d3d12_device_QueryInterface: {0742a90b-c387-483f-b946-30a7e4e61458} not implemented, returning E_NOINTERFACE.
4825.237:0138:018c:fixme:vkd3d-proton:d3d12_command_signature_create: Device generated commands is not supported by implementation.
4825.323:0138:0198:warn:vkd3d-proton:d3d12_device_QueryInterface: {0742a90b-c387-483f-b946-30a7e4e61458} not implemented, returning E_NOINTERFACE.
4825.354:0138:019c:warn:vkd3d-proton:d3d12_device_QueryInterface: {0742a90b-c387-483f-b946-30a7e4e61458} not implemented, returning E_NOINTERFACE.
4825.393:0138:0194:warn:vkd3d-proton:d3d12_device_QueryInterface: {0742a90b-c387-483f-b946-30a7e4e61458} not implemented, returning E_NOINTERFACE.
4825.422:0138:019c:warn:vkd3d-proton:d3d12_device_QueryInterface: {0742a90b-c387-483f-b946-30a7e4e61458} not implemented, returning E_NOINTERFACE.
4825.455:0138:0198:warn:vkd3d-proton:d3d12_device_QueryInterface: {0742a90b-c387-483f-b946-30a7e4e61458} not implemented, returning E_NOINTERFACE.
4825.487:0138:019c:warn:vkd3d-proton:d3d12_device_QueryInterface: {0742a90b-c387-483f-b946-30a7e4e61458} not implemented, returning E_NOINTERFACE.
4825.522:0138:0194:warn:vkd3d-proton:d3d12_device_QueryInterface: {0742a90b-c387-483f-b946-30a7e4e61458} not implemented, returning E_NOINTERFACE.
4825.555:0138:0194:warn:vkd3d-proton:d3d12_device_QueryInterface: {0742a90b-c387-483f-b946-30a7e4e61458} not implemented, returning E_NOINTERFACE.
4825.604:0138:0198:warn:vkd3d-proton:d3d12_device_QueryInterface: {0742a90b-c387-483f-b946-30a7e4e61458} not implemented, returning E_NOINTERFACE.
4825.640:0138:0194:warn:vkd3d-proton:d3d12_device_QueryInterface: {0742a90b-c387-483f-b946-30a7e4e61458} not implemented, returning E_NOINTERFACE.
4825.675:0138:0194:warn:vkd3d-proton:d3d12_device_QueryInterface: {0742a90b-c387-483f-b946-30a7e4e61458} not implemented, returning E_NOINTERFACE.
4825.710:0138:0194:warn:vkd3d-proton:d3d12_device_QueryInterface: {0742a90b-c387-483f-b946-30a7e4e61458} not implemented, returning E_NOINTERFACE.
4825.752:0138:0198:warn:vkd3d-proton:d3d12_device_QueryInterface: {0742a90b-c387-483f-b946-30a7e4e61458} not implemented, returning E_NOINTERFACE.
4825.778:0138:019c:warn:vkd3d-proton:d3d12_device_QueryInterface: {0742a90b-c387-483f-b946-30a7e4e61458} not implemented, returning E_NOINTERFACE.
4825.816:0138:0198:warn:vkd3d-proton:d3d12_device_QueryInterface: {0742a90b-c387-483f-b946-30a7e4e61458} not implemented, returning E_NOINTERFACE.
4825.852:0138:019c:warn:vkd3d-proton:d3d12_device_QueryInterface: {0742a90b-c387-483f-b946-30a7e4e61458} not implemented, returning E_NOINTERFACE.
4825.888:0138:0194:warn:vkd3d-proton:d3d12_device_QueryInterface: {0742a90b-c387-483f-b946-30a7e4e61458} not implemented, returning E_NOINTERFACE.
4825.897:0138:0180:fixme:vkd3d-proton:d3d12_command_signature_create: Device generated commands is not supported by implementation.
4825.923:0138:0198:warn:vkd3d-proton:d3d12_device_QueryInterface: {0742a90b-c387-483f-b946-30a7e4e61458} not implemented, returning E_NOINTERFACE.
4825.957:0138:019c:warn:vkd3d-proton:d3d12_device_QueryInterface: {0742a90b-c387-483f-b946-30a7e4e61458} not implemented, returning E_NOINTERFACE.
4825.995:0138:0198:warn:vkd3d-proton:d3d12_device_QueryInterface: {0742a90b-c387-483f-b946-30a7e4e61458} not implemented, returning E_NOINTERFACE.
4826.042:0138:0194:warn:vkd3d-proton:d3d12_device_QueryInterface: {0742a90b-c387-483f-b946-30a7e4e61458} not implemented, returning E_NOINTERFACE.
4826.093:0138:019c:warn:vkd3d-proton:d3d12_device_QueryInterface: {0742a90b-c387-483f-b946-30a7e4e61458} not implemented, returning E_NOINTERFACE.
4826.130:0138:019c:warn:vkd3d-proton:d3d12_device_QueryInterface: {0742a90b-c387-483f-b946-30a7e4e61458} not implemented, returning E_NOINTERFACE.
4826.174:0138:0198:warn:vkd3d-proton:d3d12_device_QueryInterface: {0742a90b-c387-483f-b946-30a7e4e61458} not implemented, returning E_NOINTERFACE.
4826.214:0138:0198:warn:vkd3d-proton:d3d12_device_QueryInterface: {0742a90b-c387-483f-b946-30a7e4e61458} not implemented, returning E_NOINTERFACE.
4826.264:0138:0194:warn:vkd3d-proton:d3d12_device_QueryInterface: {0742a90b-c387-483f-b946-30a7e4e61458} not implemented, returning E_NOINTERFACE.
4826.313:0138:019c:warn:vkd3d-proton:d3d12_device_QueryInterface: {0742a90b-c387-483f-b946-30a7e4e61458} not implemented, returning E_NOINTERFACE.
4826.358:0138:019c:warn:vkd3d-proton:d3d12_device_QueryInterface: {0742a90b-c387-483f-b946-30a7e4e61458} not implemented, returning E_NOINTERFACE.
4826.364:0138:0198:warn:vkd3d-proton:d3d12_device_QueryInterface: {0742a90b-c387-483f-b946-30a7e4e61458} not implemented, returning E_NOINTERFACE.
4826.380:0138:0198:warn:vkd3d-proton:d3d12_device_QueryInterface: {0742a90b-c387-483f-b946-30a7e4e61458} not implemented, returning E_NOINTERFACE.
4826.487:0138:0198:warn:vkd3d-proton:d3d12_device_QueryInterface: {0742a90b-c387-483f-b946-30a7e4e61458} not implemented, returning E_NOINTERFACE.
4826.532:0138:0198:warn:vkd3d-proton:d3d12_device_QueryInterface: {0742a90b-c387-483f-b946-30a7e4e61458} not implemented, returning E_NOINTERFACE.
4826.594:0138:0194:warn:vkd3d-proton:d3d12_device_QueryInterface: {0742a90b-c387-483f-b946-30a7e4e61458} not implemented, returning E_NOINTERFACE.
4826.634:0138:0194:warn:vkd3d-proton:d3d12_device_QueryInterface: {0742a90b-c387-483f-b946-30a7e4e61458} not implemented, returning E_NOINTERFACE.
4826.674:0138:0198:warn:vkd3d-proton:d3d12_device_QueryInterface: {0742a90b-c387-483f-b946-30a7e4e61458} not implemented, returning E_NOINTERFACE.
4826.695:0138:01a0:warn:vkd3d-proton:d3d12_device_QueryInterface: {0742a90b-c387-483f-b946-30a7e4e61458} not implemented, returning E_NOINTERFACE.
4826.730:0138:0194:warn:vkd3d-proton:d3d12_device_QueryInterface: {0742a90b-c387-483f-b946-30a7e4e61458} not implemented, returning E_NOINTERFACE.
4826.764:0138:0194:warn:vkd3d-proton:d3d12_device_QueryInterface: {0742a90b-c387-483f-b946-30a7e4e61458} not implemented, returning E_NOINTERFACE.
4826.788:0138:019c:warn:vkd3d-proton:d3d12_device_QueryInterface: {0742a90b-c387-483f-b946-30a7e4e61458} not implemented, returning E_NOINTERFACE.
4826.817:0138:01a0:warn:vkd3d-proton:d3d12_device_QueryInterface: {0742a90b-c387-483f-b946-30a7e4e61458} not implemented, returning E_NOINTERFACE.
4826.836:0138:0194:warn:vkd3d-proton:d3d12_device_QueryInterface: {0742a90b-c387-483f-b946-30a7e4e61458} not implemented, returning E_NOINTERFACE.
4826.872:0138:0198:warn:vkd3d-proton:d3d12_device_QueryInterface: {0742a90b-c387-483f-b946-30a7e4e61458} not implemented, returning E_NOINTERFACE.
4826.908:0138:0194:warn:vkd3d-proton:d3d12_device_QueryInterface: {0742a90b-c387-483f-b946-30a7e4e61458} not implemented, returning E_NOINTERFACE.
4826.942:0138:019c:warn:vkd3d-proton:d3d12_device_QueryInterface: {0742a90b-c387-483f-b946-30a7e4e61458} not implemented, returning E_NOINTERFACE.
4826.984:0138:0198:warn:vkd3d-proton:d3d12_device_QueryInterface: {0742a90b-c387-483f-b946-30a7e4e61458} not implemented, returning E_NOINTERFACE.
4827.022:0138:019c:warn:vkd3d-proton:d3d12_device_QueryInterface: {0742a90b-c387-483f-b946-30a7e4e61458} not implemented, returning E_NOINTERFACE.
4827.060:0138:0198:warn:vkd3d-proton:d3d12_device_QueryInterface: {0742a90b-c387-483f-b946-30a7e4e61458} not implemented, returning E_NOINTERFACE.
4827.089:0138:019c:warn:vkd3d-proton:d3d12_device_QueryInterface: {0742a90b-c387-483f-b946-30a7e4e61458} not implemented, returning E_NOINTERFACE.
4827.121:0138:0198:warn:vkd3d-proton:d3d12_device_QueryInterface: {0742a90b-c387-483f-b946-30a7e4e61458} not implemented, returning E_NOINTERFACE.
4827.150:0138:019c:warn:vkd3d-proton:d3d12_device_QueryInterface: {0742a90b-c387-483f-b946-30a7e4e61458} not implemented, returning E_NOINTERFACE.
4827.194:0138:019c:warn:vkd3d-proton:d3d12_device_QueryInterface: {0742a90b-c387-483f-b946-30a7e4e61458} not implemented, returning E_NOINTERFACE.
4827.231:0138:0198:warn:vkd3d-proton:d3d12_device_QueryInterface: {0742a90b-c387-483f-b946-30a7e4e61458} not implemented, returning E_NOINTERFACE.
4827.273:0138:0198:warn:vkd3d-proton:d3d12_device_QueryInterface: {0742a90b-c387-483f-b946-30a7e4e61458} not implemented, returning E_NOINTERFACE.
4827.309:0138:0194:warn:vkd3d-proton:d3d12_device_QueryInterface: {0742a90b-c387-483f-b946-30a7e4e61458} not implemented, returning E_NOINTERFACE.
4827.343:0138:01a0:warn:vkd3d-proton:d3d12_device_QueryInterface: {0742a90b-c387-483f-b946-30a7e4e61458} not implemented, returning E_NOINTERFACE.
4827.381:0138:0194:warn:vkd3d-proton:d3d12_device_QueryInterface: {0742a90b-c387-483f-b946-30a7e4e61458} not implemented, returning E_NOINTERFACE.
4827.422:0138:0198:warn:vkd3d-proton:d3d12_device_QueryInterface: {0742a90b-c387-483f-b946-30a7e4e61458} not implemented, returning E_NOINTERFACE.
4827.457:0138:01a0:warn:vkd3d-proton:d3d12_device_QueryInterface: {0742a90b-c387-483f-b946-30a7e4e61458} not implemented, returning E_NOINTERFACE.
4827.461:0138:01a0:warn:vkd3d-proton:d3d12_device_QueryInterface: {0742a90b-c387-483f-b946-30a7e4e61458} not implemented, returning E_NOINTERFACE.
4827.478:0138:01a0:warn:vkd3d-proton:d3d12_device_QueryInterface: {0742a90b-c387-483f-b946-30a7e4e61458} not implemented, returning E_NOINTERFACE.
4827.494:0138:01a0:warn:vkd3d-proton:d3d12_device_QueryInterface: {0742a90b-c387-483f-b946-30a7e4e61458} not implemented, returning E_NOINTERFACE.
4827.541:0138:0198:warn:vkd3d-proton:d3d12_device_QueryInterface: {0742a90b-c387-483f-b946-30a7e4e61458} not implemented, returning E_NOINTERFACE.
4827.584:0138:0194:warn:vkd3d-proton:d3d12_device_QueryInterface: {0742a90b-c387-483f-b946-30a7e4e61458} not implemented, returning E_NOINTERFACE.
4827.624:0138:019c:warn:vkd3d-proton:d3d12_device_QueryInterface: {0742a90b-c387-483f-b946-30a7e4e61458} not implemented, returning E_NOINTERFACE.
4827.653:0138:01a0:warn:vkd3d-proton:d3d12_device_QueryInterface: {0742a90b-c387-483f-b946-30a7e4e61458} not implemented, returning E_NOINTERFACE.
4827.679:0138:0194:warn:vkd3d-proton:d3d12_device_QueryInterface: {0742a90b-c387-483f-b946-30a7e4e61458} not implemented, returning E_NOINTERFACE.
4827.709:0138:0194:warn:vkd3d-proton:d3d12_device_QueryInterface: {0742a90b-c387-483f-b946-30a7e4e61458} not implemented, returning E_NOINTERFACE.
4827.752:0138:0198:warn:vkd3d-proton:d3d12_device_QueryInterface: {0742a90b-c387-483f-b946-30a7e4e61458} not implemented, returning E_NOINTERFACE.
4827.829:0138:019c:warn:vkd3d-proton:d3d12_device_QueryInterface: {0742a90b-c387-483f-b946-30a7e4e61458} not implemented, returning E_NOINTERFACE.
4827.832:0138:019c:warn:vkd3d-proton:d3d12_device_QueryInterface: {0742a90b-c387-483f-b946-30a7e4e61458} not implemented, returning E_NOINTERFACE.
4827.860:0138:01a0:warn:vkd3d-proton:d3d12_device_QueryInterface: {0742a90b-c387-483f-b946-30a7e4e61458} not implemented, returning E_NOINTERFACE.
4827.904:0138:0198:warn:vkd3d-proton:d3d12_device_QueryInterface: {0742a90b-c387-483f-b946-30a7e4e61458} not implemented, returning E_NOINTERFACE.
4827.930:0138:01a0:warn:vkd3d-proton:d3d12_device_QueryInterface: {0742a90b-c387-483f-b946-30a7e4e61458} not implemented, returning E_NOINTERFACE.
4827.959:0138:019c:warn:vkd3d-proton:d3d12_device_QueryInterface: {0742a90b-c387-483f-b946-30a7e4e61458} not implemented, returning E_NOINTERFACE.
4827.987:0138:0198:warn:vkd3d-proton:d3d12_device_QueryInterface: {0742a90b-c387-483f-b946-30a7e4e61458} not implemented, returning E_NOINTERFACE.
4828.027:0138:01a0:warn:vkd3d-proton:d3d12_device_QueryInterface: {0742a90b-c387-483f-b946-30a7e4e61458} not implemented, returning E_NOINTERFACE.
4828.063:0138:0194:warn:vkd3d-proton:d3d12_device_QueryInterface: {0742a90b-c387-483f-b946-30a7e4e61458} not implemented, returning E_NOINTERFACE.
4828.092:0138:0198:warn:vkd3d-proton:d3d12_device_QueryInterface: {0742a90b-c387-483f-b946-30a7e4e61458} not implemented, returning E_NOINTERFACE.
4828.126:0138:0198:warn:vkd3d-proton:d3d12_device_QueryInterface: {0742a90b-c387-483f-b946-30a7e4e61458} not implemented, returning E_NOINTERFACE.
4828.164:0138:019c:warn:vkd3d-proton:d3d12_device_QueryInterface: {0742a90b-c387-483f-b946-30a7e4e61458} not implemented, returning E_NOINTERFACE.
4828.191:0138:0194:warn:vkd3d-proton:d3d12_device_QueryInterface: {0742a90b-c387-483f-b946-30a7e4e61458} not implemented, returning E_NOINTERFACE.
4828.216:0138:01a0:warn:vkd3d-proton:d3d12_device_QueryInterface: {0742a90b-c387-483f-b946-30a7e4e61458} not implemented, returning E_NOINTERFACE.
4828.242:0138:0194:warn:vkd3d-proton:d3d12_device_QueryInterface: {0742a90b-c387-483f-b946-30a7e4e61458} not implemented, returning E_NOINTERFACE.
4828.278:0138:01a0:warn:vkd3d-proton:d3d12_device_QueryInterface: {0742a90b-c387-483f-b946-30a7e4e61458} not implemented, returning E_NOINTERFACE.
4828.308:0138:019c:warn:vkd3d-proton:d3d12_device_QueryInterface: {0742a90b-c387-483f-b946-30a7e4e61458} not implemented, returning E_NOINTERFACE.
4828.340:0138:0194:warn:vkd3d-proton:d3d12_device_QueryInterface: {0742a90b-c387-483f-b946-30a7e4e61458} not implemented, returning E_NOINTERFACE.
4828.364:0138:01a0:warn:vkd3d-proton:d3d12_device_QueryInterface: {0742a90b-c387-483f-b946-30a7e4e61458} not implemented, returning E_NOINTERFACE.
4828.390:0138:0198:warn:vkd3d-proton:d3d12_device_QueryInterface: {0742a90b-c387-483f-b946-30a7e4e61458} not implemented, returning E_NOINTERFACE.
4828.418:0138:0194:warn:vkd3d-proton:d3d12_device_QueryInterface: {0742a90b-c387-483f-b946-30a7e4e61458} not implemented, returning E_NOINTERFACE.
4828.422:0138:0194:warn:vkd3d-proton:d3d12_device_QueryInterface: {0742a90b-c387-483f-b946-30a7e4e61458} not implemented, returning E_NOINTERFACE.
4828.464:0138:01a0:warn:vkd3d-proton:d3d12_device_QueryInterface: {0742a90b-c387-483f-b946-30a7e4e61458} not implemented, returning E_NOINTERFACE.
4828.500:0138:0194:warn:vkd3d-proton:d3d12_device_QueryInterface: {0742a90b-c387-483f-b946-30a7e4e61458} not implemented, returning E_NOINTERFACE.
4828.530:0138:019c:warn:vkd3d-proton:d3d12_device_QueryInterface: {0742a90b-c387-483f-b946-30a7e4e61458} not implemented, returning E_NOINTERFACE.
4828.573:0138:0194:warn:vkd3d-proton:d3d12_device_QueryInterface: {0742a90b-c387-483f-b946-30a7e4e61458} not implemented, returning E_NOINTERFACE.
4828.611:0138:019c:warn:vkd3d-proton:d3d12_device_QueryInterface: {0742a90b-c387-483f-b946-30a7e4e61458} not implemented, returning E_NOINTERFACE.
4828.642:0138:0198:warn:vkd3d-proton:d3d12_device_QueryInterface: {0742a90b-c387-483f-b946-30a7e4e61458} not implemented, returning E_NOINTERFACE.
4828.681:0138:0194:warn:vkd3d-proton:d3d12_device_QueryInterface: {0742a90b-c387-483f-b946-30a7e4e61458} not implemented, returning E_NOINTERFACE.
4828.703:0138:0198:warn:vkd3d-proton:d3d12_device_QueryInterface: {0742a90b-c387-483f-b946-30a7e4e61458} not implemented, returning E_NOINTERFACE.
4828.739:0138:0198:warn:vkd3d-proton:d3d12_device_QueryInterface: {0742a90b-c387-483f-b946-30a7e4e61458} not implemented, returning E_NOINTERFACE.
4828.778:0138:01a0:warn:vkd3d-proton:d3d12_device_QueryInterface: {0742a90b-c387-483f-b946-30a7e4e61458} not implemented, returning E_NOINTERFACE.
4828.809:0138:019c:warn:vkd3d-proton:d3d12_device_QueryInterface: {0742a90b-c387-483f-b946-30a7e4e61458} not implemented, returning E_NOINTERFACE.
4828.836:0138:0198:warn:vkd3d-proton:d3d12_device_QueryInterface: {0742a90b-c387-483f-b946-30a7e4e61458} not implemented, returning E_NOINTERFACE.
4828.866:0138:019c:warn:vkd3d-proton:d3d12_device_QueryInterface: {0742a90b-c387-483f-b946-30a7e4e61458} not implemented, returning E_NOINTERFACE.
4828.912:0138:01a0:warn:vkd3d-proton:d3d12_device_QueryInterface: {0742a90b-c387-483f-b946-30a7e4e61458} not implemented, returning E_NOINTERFACE.
4828.945:0138:019c:warn:vkd3d-proton:d3d12_device_QueryInterface: {0742a90b-c387-483f-b946-30a7e4e61458} not implemented, returning E_NOINTERFACE.
4828.986:0138:0198:warn:vkd3d-proton:d3d12_device_QueryInterface: {0742a90b-c387-483f-b946-30a7e4e61458} not implemented, returning E_NOINTERFACE.
4829.021:0138:0194:warn:vkd3d-proton:d3d12_device_QueryInterface: {0742a90b-c387-483f-b946-30a7e4e61458} not implemented, returning E_NOINTERFACE.
4829.057:0138:0198:warn:vkd3d-proton:d3d12_device_QueryInterface: {0742a90b-c387-483f-b946-30a7e4e61458} not implemented, returning E_NOINTERFACE.
4829.094:0138:0194:warn:vkd3d-proton:d3d12_device_QueryInterface: {0742a90b-c387-483f-b946-30a7e4e61458} not implemented, returning E_NOINTERFACE.
4829.125:0138:019c:warn:vkd3d-proton:d3d12_device_QueryInterface: {0742a90b-c387-483f-b946-30a7e4e61458} not implemented, returning E_NOINTERFACE.
4829.159:0138:01a0:warn:vkd3d-proton:d3d12_device_QueryInterface: {0742a90b-c387-483f-b946-30a7e4e61458} not implemented, returning E_NOINTERFACE.
4829.195:0138:0194:warn:vkd3d-proton:d3d12_device_QueryInterface: {0742a90b-c387-483f-b946-30a7e4e61458} not implemented, returning E_NOINTERFACE.
4829.233:0138:019c:warn:vkd3d-proton:d3d12_device_QueryInterface: {0742a90b-c387-483f-b946-30a7e4e61458} not implemented, returning E_NOINTERFACE.
4829.266:0138:01a0:warn:vkd3d-proton:d3d12_device_QueryInterface: {0742a90b-c387-483f-b946-30a7e4e61458} not implemented, returning E_NOINTERFACE.
4829.301:0138:0194:warn:vkd3d-proton:d3d12_device_QueryInterface: {0742a90b-c387-483f-b946-30a7e4e61458} not implemented, returning E_NOINTERFACE.
4829.333:0138:01a0:warn:vkd3d-proton:d3d12_device_QueryInterface: {0742a90b-c387-483f-b946-30a7e4e61458} not implemented, returning E_NOINTERFACE.
4829.372:0138:019c:warn:vkd3d-proton:d3d12_device_QueryInterface: {0742a90b-c387-483f-b946-30a7e4e61458} not implemented, returning E_NOINTERFACE.
4829.406:0138:019c:warn:vkd3d-proton:d3d12_device_QueryInterface: {0742a90b-c387-483f-b946-30a7e4e61458} not implemented, returning E_NOINTERFACE.
4829.435:0138:019c:warn:vkd3d-proton:d3d12_device_QueryInterface: {0742a90b-c387-483f-b946-30a7e4e61458} not implemented, returning E_NOINTERFACE.
4829.484:0138:01a0:warn:vkd3d-proton:d3d12_device_QueryInterface: {0742a90b-c387-483f-b946-30a7e4e61458} not implemented, returning E_NOINTERFACE.
4829.529:0138:019c:warn:vkd3d-proton:d3d12_device_QueryInterface: {0742a90b-c387-483f-b946-30a7e4e61458} not implemented, returning E_NOINTERFACE.
4829.572:0138:01a0:warn:vkd3d-proton:d3d12_device_QueryInterface: {0742a90b-c387-483f-b946-30a7e4e61458} not implemented, returning E_NOINTERFACE.
4829.617:0138:01a0:warn:vkd3d-proton:d3d12_device_QueryInterface: {0742a90b-c387-483f-b946-30a7e4e61458} not implemented, returning E_NOINTERFACE.
4829.660:0138:01a0:warn:vkd3d-proton:d3d12_device_QueryInterface: {0742a90b-c387-483f-b946-30a7e4e61458} not implemented, returning E_NOINTERFACE.
4829.715:0138:0198:warn:vkd3d-proton:d3d12_device_QueryInterface: {0742a90b-c387-483f-b946-30a7e4e61458} not implemented, returning E_NOINTERFACE.
4829.752:0138:01a0:warn:vkd3d-proton:d3d12_device_QueryInterface: {0742a90b-c387-483f-b946-30a7e4e61458} not implemented, returning E_NOINTERFACE.
4829.794:0138:019c:warn:vkd3d-proton:d3d12_device_QueryInterface: {0742a90b-c387-483f-b946-30a7e4e61458} not implemented, returning E_NOINTERFACE.
4829.831:0138:0194:warn:vkd3d-proton:d3d12_device_QueryInterface: {0742a90b-c387-483f-b946-30a7e4e61458} not implemented, returning E_NOINTERFACE.
4829.836:0138:0194:warn:vkd3d-proton:d3d12_device_QueryInterface: {0742a90b-c387-483f-b946-30a7e4e61458} not implemented, returning E_NOINTERFACE.
4829.848:0138:0194:warn:vkd3d-proton:d3d12_device_QueryInterface: {0742a90b-c387-483f-b946-30a7e4e61458} not implemented, returning E_NOINTERFACE.
4829.864:0138:0194:warn:vkd3d-proton:d3d12_device_QueryInterface: {0742a90b-c387-483f-b946-30a7e4e61458} not implemented, returning E_NOINTERFACE.
4829.901:0138:01a0:warn:vkd3d-proton:d3d12_device_QueryInterface: {0742a90b-c387-483f-b946-30a7e4e61458} not implemented, returning E_NOINTERFACE.
4829.935:0138:0198:warn:vkd3d-proton:d3d12_device_QueryInterface: {0742a90b-c387-483f-b946-30a7e4e61458} not implemented, returning E_NOINTERFACE.
4829.967:0138:0194:warn:vkd3d-proton:d3d12_device_QueryInterface: {0742a90b-c387-483f-b946-30a7e4e61458} not implemented, returning E_NOINTERFACE.
4830.001:0138:01a0:warn:vkd3d-proton:d3d12_device_QueryInterface: {0742a90b-c387-483f-b946-30a7e4e61458} not implemented, returning E_NOINTERFACE.
4830.037:0138:0198:warn:vkd3d-proton:d3d12_device_QueryInterface: {0742a90b-c387-483f-b946-30a7e4e61458} not implemented, returning E_NOINTERFACE.
4830.072:0138:019c:warn:vkd3d-proton:d3d12_device_QueryInterface: {0742a90b-c387-483f-b946-30a7e4e61458} not implemented, returning E_NOINTERFACE.
4830.105:0138:0194:warn:vkd3d-proton:d3d12_device_QueryInterface: {0742a90b-c387-483f-b946-30a7e4e61458} not implemented, returning E_NOINTERFACE.
4830.145:0138:0198:warn:vkd3d-proton:d3d12_device_QueryInterface: {0742a90b-c387-483f-b946-30a7e4e61458} not implemented, returning E_NOINTERFACE.
4830.180:0138:01a0:warn:vkd3d-proton:d3d12_device_QueryInterface: {0742a90b-c387-483f-b946-30a7e4e61458} not implemented, returning E_NOINTERFACE.
4830.229:0138:0198:warn:vkd3d-proton:d3d12_device_QueryInterface: {0742a90b-c387-483f-b946-30a7e4e61458} not implemented, returning E_NOINTERFACE.
4830.273:0138:0194:warn:vkd3d-proton:d3d12_device_QueryInterface: {0742a90b-c387-483f-b946-30a7e4e61458} not implemented, returning E_NOINTERFACE.
4830.312:0138:0198:warn:vkd3d-proton:d3d12_device_QueryInterface: {0742a90b-c387-483f-b946-30a7e4e61458} not implemented, returning E_NOINTERFACE.
4830.346:0138:019c:warn:vkd3d-proton:d3d12_device_QueryInterface: {0742a90b-c387-483f-b946-30a7e4e61458} not implemented, returning E_NOINTERFACE.
4830.390:0138:01a0:warn:vkd3d-proton:d3d12_device_QueryInterface: {0742a90b-c387-483f-b946-30a7e4e61458} not implemented, returning E_NOINTERFACE.
4830.428:0138:0198:warn:vkd3d-proton:d3d12_device_QueryInterface: {0742a90b-c387-483f-b946-30a7e4e61458} not implemented, returning E_NOINTERFACE.
4830.467:0138:0194:warn:vkd3d-proton:d3d12_device_QueryInterface: {0742a90b-c387-483f-b946-30a7e4e61458} not implemented, returning E_NOINTERFACE.
4830.502:0138:019c:warn:vkd3d-proton:d3d12_device_QueryInterface: {0742a90b-c387-483f-b946-30a7e4e61458} not implemented, returning E_NOINTERFACE.
4830.538:0138:0198:warn:vkd3d-proton:d3d12_device_QueryInterface: {0742a90b-c387-483f-b946-30a7e4e61458} not implemented, returning E_NOINTERFACE.
4830.574:0138:01a0:warn:vkd3d-proton:d3d12_device_QueryInterface: {0742a90b-c387-483f-b946-30a7e4e61458} not implemented, returning E_NOINTERFACE.
4830.614:0138:0194:warn:vkd3d-proton:d3d12_device_QueryInterface: {0742a90b-c387-483f-b946-30a7e4e61458} not implemented, returning E_NOINTERFACE.
4830.653:0138:0198:warn:vkd3d-proton:d3d12_device_QueryInterface: {0742a90b-c387-483f-b946-30a7e4e61458} not implemented, returning E_NOINTERFACE.
4830.692:0138:0194:warn:vkd3d-proton:d3d12_device_QueryInterface: {0742a90b-c387-483f-b946-30a7e4e61458} not implemented, returning E_NOINTERFACE.
4830.726:0138:019c:warn:vkd3d-proton:d3d12_device_QueryInterface: {0742a90b-c387-483f-b946-30a7e4e61458} not implemented, returning E_NOINTERFACE.
4830.764:0138:01a0:warn:vkd3d-proton:d3d12_device_QueryInterface: {0742a90b-c387-483f-b946-30a7e4e61458} not implemented, returning E_NOINTERFACE.
4830.796:0138:0198:warn:vkd3d-proton:d3d12_device_QueryInterface: {0742a90b-c387-483f-b946-30a7e4e61458} not implemented, returning E_NOINTERFACE.
4830.832:0138:01a0:warn:vkd3d-proton:d3d12_device_QueryInterface: {0742a90b-c387-483f-b946-30a7e4e61458} not implemented, returning E_NOINTERFACE.
4830.865:0138:0198:warn:vkd3d-proton:d3d12_device_QueryInterface: {0742a90b-c387-483f-b946-30a7e4e61458} not implemented, returning E_NOINTERFACE.
4830.903:0138:01a0:warn:vkd3d-proton:d3d12_device_QueryInterface: {0742a90b-c387-483f-b946-30a7e4e61458} not implemented, returning E_NOINTERFACE.
4830.945:0138:01a0:warn:vkd3d-proton:d3d12_device_QueryInterface: {0742a90b-c387-483f-b946-30a7e4e61458} not implemented, returning E_NOINTERFACE.
4830.989:0138:01a0:warn:vkd3d-proton:d3d12_device_QueryInterface: {0742a90b-c387-483f-b946-30a7e4e61458} not implemented, returning E_NOINTERFACE.
4831.023:0138:01a0:warn:vkd3d-proton:d3d12_device_QueryInterface: {0742a90b-c387-483f-b946-30a7e4e61458} not implemented, returning E_NOINTERFACE.
4831.055:0138:0194:warn:vkd3d-proton:d3d12_device_QueryInterface: {0742a90b-c387-483f-b946-30a7e4e61458} not implemented, returning E_NOINTERFACE.
4831.100:0138:019c:warn:vkd3d-proton:d3d12_device_QueryInterface: {0742a90b-c387-483f-b946-30a7e4e61458} not implemented, returning E_NOINTERFACE.
4831.131:0138:0194:warn:vkd3d-proton:d3d12_device_QueryInterface: {0742a90b-c387-483f-b946-30a7e4e61458} not implemented, returning E_NOINTERFACE.
4831.161:0138:019c:warn:vkd3d-proton:d3d12_device_QueryInterface: {0742a90b-c387-483f-b946-30a7e4e61458} not implemented, returning E_NOINTERFACE.
4831.169:0138:019c:warn:vkd3d-proton:d3d12_device_QueryInterface: {0742a90b-c387-483f-b946-30a7e4e61458} not implemented, returning E_NOINTERFACE.
4831.186:0138:019c:warn:vkd3d-proton:d3d12_device_QueryInterface: {0742a90b-c387-483f-b946-30a7e4e61458} not implemented, returning E_NOINTERFACE.
4831.200:0138:019c:warn:vkd3d-proton:d3d12_device_QueryInterface: {0742a90b-c387-483f-b946-30a7e4e61458} not implemented, returning E_NOINTERFACE.
4831.267:0138:0194:warn:vkd3d-proton:d3d12_device_QueryInterface: {0742a90b-c387-483f-b946-30a7e4e61458} not implemented, returning E_NOINTERFACE.
4831.304:0138:019c:warn:vkd3d-proton:d3d12_device_QueryInterface: {0742a90b-c387-483f-b946-30a7e4e61458} not implemented, returning E_NOINTERFACE.
4831.338:0138:019c:warn:vkd3d-proton:d3d12_device_QueryInterface: {0742a90b-c387-483f-b946-30a7e4e61458} not implemented, returning E_NOINTERFACE.
4831.376:0138:0194:warn:vkd3d-proton:d3d12_device_QueryInterface: {0742a90b-c387-483f-b946-30a7e4e61458} not implemented, returning E_NOINTERFACE.
4831.419:0138:019c:warn:vkd3d-proton:d3d12_device_QueryInterface: {0742a90b-c387-483f-b946-30a7e4e61458} not implemented, returning E_NOINTERFACE.
4831.455:0138:01a0:warn:vkd3d-proton:d3d12_device_QueryInterface: {0742a90b-c387-483f-b946-30a7e4e61458} not implemented, returning E_NOINTERFACE.
4831.489:0138:0194:warn:vkd3d-proton:d3d12_device_QueryInterface: {0742a90b-c387-483f-b946-30a7e4e61458} not implemented, returning E_NOINTERFACE.
4831.523:0138:01a0:warn:vkd3d-proton:d3d12_device_QueryInterface: {0742a90b-c387-483f-b946-30a7e4e61458} not implemented, returning E_NOINTERFACE.
4831.563:0138:019c:warn:vkd3d-proton:d3d12_device_QueryInterface: {0742a90b-c387-483f-b946-30a7e4e61458} not implemented, returning E_NOINTERFACE.
4831.606:0138:019c:warn:vkd3d-proton:d3d12_device_QueryInterface: {0742a90b-c387-483f-b946-30a7e4e61458} not implemented, returning E_NOINTERFACE.
4831.646:0138:019c:warn:vkd3d-proton:d3d12_device_QueryInterface: {0742a90b-c387-483f-b946-30a7e4e61458} not implemented, returning E_NOINTERFACE.
4831.681:0138:01a0:warn:vkd3d-proton:d3d12_device_QueryInterface: {0742a90b-c387-483f-b946-30a7e4e61458} not implemented, returning E_NOINTERFACE.
4831.720:0138:01a0:warn:vkd3d-proton:d3d12_device_QueryInterface: {0742a90b-c387-483f-b946-30a7e4e61458} not implemented, returning E_NOINTERFACE.
4831.752:0138:019c:warn:vkd3d-proton:d3d12_device_QueryInterface: {0742a90b-c387-483f-b946-30a7e4e61458} not implemented, returning E_NOINTERFACE.
4831.788:0138:0194:warn:vkd3d-proton:d3d12_device_QueryInterface: {0742a90b-c387-483f-b946-30a7e4e61458} not implemented, returning E_NOINTERFACE.
4831.816:0138:019c:warn:vkd3d-proton:d3d12_device_QueryInterface: {0742a90b-c387-483f-b946-30a7e4e61458} not implemented, returning E_NOINTERFACE.
4831.847:0138:0194:warn:vkd3d-proton:d3d12_device_QueryInterface: {0742a90b-c387-483f-b946-30a7e4e61458} not implemented, returning E_NOINTERFACE.
4831.882:0138:0194:warn:vkd3d-proton:d3d12_device_QueryInterface: {0742a90b-c387-483f-b946-30a7e4e61458} not implemented, returning E_NOINTERFACE.
4831.921:0138:0194:warn:vkd3d-proton:d3d12_device_QueryInterface: {0742a90b-c387-483f-b946-30a7e4e61458} not implemented, returning E_NOINTERFACE.
4831.961:0138:019c:warn:vkd3d-proton:d3d12_device_QueryInterface: {0742a90b-c387-483f-b946-30a7e4e61458} not implemented, returning E_NOINTERFACE.
4831.992:0138:0194:warn:vkd3d-proton:d3d12_device_QueryInterface: {0742a90b-c387-483f-b946-30a7e4e61458} not implemented, returning E_NOINTERFACE.
4832.023:0138:0198:warn:vkd3d-proton:d3d12_device_QueryInterface: {0742a90b-c387-483f-b946-30a7e4e61458} not implemented, returning E_NOINTERFACE.
4832.059:0138:019c:warn:vkd3d-proton:d3d12_device_QueryInterface: {0742a90b-c387-483f-b946-30a7e4e61458} not implemented, returning E_NOINTERFACE.
4832.105:0138:019c:warn:vkd3d-proton:d3d12_device_QueryInterface: {0742a90b-c387-483f-b946-30a7e4e61458} not implemented, returning E_NOINTERFACE.
4832.133:0138:0194:warn:vkd3d-proton:d3d12_device_QueryInterface: {0742a90b-c387-483f-b946-30a7e4e61458} not implemented, returning E_NOINTERFACE.
4832.177:0138:0194:warn:vkd3d-proton:d3d12_device_QueryInterface: {0742a90b-c387-483f-b946-30a7e4e61458} not implemented, returning E_NOINTERFACE.
4832.213:0138:019c:warn:vkd3d-proton:d3d12_device_QueryInterface: {0742a90b-c387-483f-b946-30a7e4e61458} not implemented, returning E_NOINTERFACE.
4832.256:0138:019c:warn:vkd3d-proton:d3d12_device_QueryInterface: {0742a90b-c387-483f-b946-30a7e4e61458} not implemented, returning E_NOINTERFACE.
4832.289:0138:01a0:warn:vkd3d-proton:d3d12_device_QueryInterface: {0742a90b-c387-483f-b946-30a7e4e61458} not implemented, returning E_NOINTERFACE.
4832.332:0138:0198:warn:vkd3d-proton:d3d12_device_QueryInterface: {0742a90b-c387-483f-b946-30a7e4e61458} not implemented, returning E_NOINTERFACE.
4832.368:0138:01a0:warn:vkd3d-proton:d3d12_device_QueryInterface: {0742a90b-c387-483f-b946-30a7e4e61458} not implemented, returning E_NOINTERFACE.
4832.374:0138:01a0:warn:vkd3d-proton:d3d12_device_QueryInterface: {0742a90b-c387-483f-b946-30a7e4e61458} not implemented, returning E_NOINTERFACE.
4832.387:0138:01a0:warn:vkd3d-proton:d3d12_device_QueryInterface: {0742a90b-c387-483f-b946-30a7e4e61458} not implemented, returning E_NOINTERFACE.
4832.405:0138:01a0:warn:vkd3d-proton:d3d12_device_QueryInterface: {0742a90b-c387-483f-b946-30a7e4e61458} not implemented, returning E_NOINTERFACE.
4832.470:0138:0198:warn:vkd3d-proton:d3d12_device_QueryInterface: {0742a90b-c387-483f-b946-30a7e4e61458} not implemented, returning E_NOINTERFACE.
4832.515:0138:0194:warn:vkd3d-proton:d3d12_device_QueryInterface: {0742a90b-c387-483f-b946-30a7e4e61458} not implemented, returning E_NOINTERFACE.
4832.545:0138:0194:warn:vkd3d-proton:d3d12_device_QueryInterface: {0742a90b-c387-483f-b946-30a7e4e61458} not implemented, returning E_NOINTERFACE.
4832.580:0138:019c:warn:vkd3d-proton:d3d12_device_QueryInterface: {0742a90b-c387-483f-b946-30a7e4e61458} not implemented, returning E_NOINTERFACE.
4832.625:0138:0194:warn:vkd3d-proton:d3d12_device_QueryInterface: {0742a90b-c387-483f-b946-30a7e4e61458} not implemented, returning E_NOINTERFACE.
4832.665:0138:0194:warn:vkd3d-proton:d3d12_device_QueryInterface: {0742a90b-c387-483f-b946-30a7e4e61458} not implemented, returning E_NOINTERFACE.
4832.706:0138:0198:warn:vkd3d-proton:d3d12_device_QueryInterface: {0742a90b-c387-483f-b946-30a7e4e61458} not implemented, returning E_NOINTERFACE.
4832.741:0138:0194:warn:vkd3d-proton:d3d12_device_QueryInterface: {0742a90b-c387-483f-b946-30a7e4e61458} not implemented, returning E_NOINTERFACE.
4832.785:0138:0194:warn:vkd3d-proton:d3d12_device_QueryInterface: {0742a90b-c387-483f-b946-30a7e4e61458} not implemented, returning E_NOINTERFACE.
4832.837:0138:019c:warn:vkd3d-proton:d3d12_device_QueryInterface: {0742a90b-c387-483f-b946-30a7e4e61458} not implemented, returning E_NOINTERFACE.
4832.870:0138:0198:warn:vkd3d-proton:d3d12_device_QueryInterface: {0742a90b-c387-483f-b946-30a7e4e61458} not implemented, returning E_NOINTERFACE.
4832.902:0138:0194:warn:vkd3d-proton:d3d12_device_QueryInterface: {0742a90b-c387-483f-b946-30a7e4e61458} not implemented, returning E_NOINTERFACE.
4832.936:0138:019c:warn:vkd3d-proton:d3d12_device_QueryInterface: {0742a90b-c387-483f-b946-30a7e4e61458} not implemented, returning E_NOINTERFACE.
4832.970:0138:0198:warn:vkd3d-proton:d3d12_device_QueryInterface: {0742a90b-c387-483f-b946-30a7e4e61458} not implemented, returning E_NOINTERFACE.
4833.002:0138:0194:warn:vkd3d-proton:d3d12_device_QueryInterface: {0742a90b-c387-483f-b946-30a7e4e61458} not implemented, returning E_NOINTERFACE.
4833.040:0138:0194:warn:vkd3d-proton:d3d12_device_QueryInterface: {0742a90b-c387-483f-b946-30a7e4e61458} not implemented, returning E_NOINTERFACE.
4833.067:0138:0198:warn:vkd3d-proton:d3d12_device_QueryInterface: {0742a90b-c387-483f-b946-30a7e4e61458} not implemented, returning E_NOINTERFACE.
4833.103:0138:0194:warn:vkd3d-proton:d3d12_device_QueryInterface: {0742a90b-c387-483f-b946-30a7e4e61458} not implemented, returning E_NOINTERFACE.
4833.141:0138:019c:warn:vkd3d-proton:d3d12_device_QueryInterface: {0742a90b-c387-483f-b946-30a7e4e61458} not implemented, returning E_NOINTERFACE.
4833.175:0138:0194:warn:vkd3d-proton:d3d12_device_QueryInterface: {0742a90b-c387-483f-b946-30a7e4e61458} not implemented, returning E_NOINTERFACE.
4833.226:0138:01a0:warn:vkd3d-proton:d3d12_device_QueryInterface: {0742a90b-c387-483f-b946-30a7e4e61458} not implemented, returning E_NOINTERFACE.
4833.261:0138:0198:warn:vkd3d-proton:d3d12_device_QueryInterface: {0742a90b-c387-483f-b946-30a7e4e61458} not implemented, returning E_NOINTERFACE.
4833.300:0138:019c:warn:vkd3d-proton:d3d12_device_QueryInterface: {0742a90b-c387-483f-b946-30a7e4e61458} not implemented, returning E_NOINTERFACE.
4833.305:0138:019c:warn:vkd3d-proton:d3d12_device_QueryInterface: {0742a90b-c387-483f-b946-30a7e4e61458} not implemented, returning E_NOINTERFACE.
4833.322:0138:019c:warn:vkd3d-proton:d3d12_device_QueryInterface: {0742a90b-c387-483f-b946-30a7e4e61458} not implemented, returning E_NOINTERFACE.
4833.336:0138:019c:warn:vkd3d-proton:d3d12_device_QueryInterface: {0742a90b-c387-483f-b946-30a7e4e61458} not implemented, returning E_NOINTERFACE.
4833.368:0138:0198:warn:vkd3d-proton:d3d12_device_QueryInterface: {0742a90b-c387-483f-b946-30a7e4e61458} not implemented, returning E_NOINTERFACE.
4833.404:0138:0194:warn:vkd3d-proton:d3d12_device_QueryInterface: {0742a90b-c387-483f-b946-30a7e4e61458} not implemented, returning E_NOINTERFACE.
4833.437:0138:019c:warn:vkd3d-proton:d3d12_device_QueryInterface: {0742a90b-c387-483f-b946-30a7e4e61458} not implemented, returning E_NOINTERFACE.
4833.485:0138:0194:warn:vkd3d-proton:d3d12_device_QueryInterface: {0742a90b-c387-483f-b946-30a7e4e61458} not implemented, returning E_NOINTERFACE.
4833.518:0138:0194:warn:vkd3d-proton:d3d12_device_QueryInterface: {0742a90b-c387-483f-b946-30a7e4e61458} not implemented, returning E_NOINTERFACE.
4833.563:0138:019c:warn:vkd3d-proton:d3d12_device_QueryInterface: {0742a90b-c387-483f-b946-30a7e4e61458} not implemented, returning E_NOINTERFACE.
4833.591:0138:0194:warn:vkd3d-proton:d3d12_device_QueryInterface: {0742a90b-c387-483f-b946-30a7e4e61458} not implemented, returning E_NOINTERFACE.
4833.624:0138:019c:warn:vkd3d-proton:d3d12_device_QueryInterface: {0742a90b-c387-483f-b946-30a7e4e61458} not implemented, returning E_NOINTERFACE.
4833.661:0138:0198:warn:vkd3d-proton:d3d12_device_QueryInterface: {0742a90b-c387-483f-b946-30a7e4e61458} not implemented, returning E_NOINTERFACE.
4833.700:0138:019c:warn:vkd3d-proton:d3d12_device_QueryInterface: {0742a90b-c387-483f-b946-30a7e4e61458} not implemented, returning E_NOINTERFACE.
4833.734:0138:01a0:warn:vkd3d-proton:d3d12_device_QueryInterface: {0742a90b-c387-483f-b946-30a7e4e61458} not implemented, returning E_NOINTERFACE.
4833.772:0138:019c:warn:vkd3d-proton:d3d12_device_QueryInterface: {0742a90b-c387-483f-b946-30a7e4e61458} not implemented, returning E_NOINTERFACE.
4833.806:0138:01a0:warn:vkd3d-proton:d3d12_device_QueryInterface: {0742a90b-c387-483f-b946-30a7e4e61458} not implemented, returning E_NOINTERFACE.
4833.841:0138:0194:warn:vkd3d-proton:d3d12_device_QueryInterface: {0742a90b-c387-483f-b946-30a7e4e61458} not implemented, returning E_NOINTERFACE.
4833.881:0138:019c:warn:vkd3d-proton:d3d12_device_QueryInterface: {0742a90b-c387-483f-b946-30a7e4e61458} not implemented, returning E_NOINTERFACE.
4833.914:0138:0198:warn:vkd3d-proton:d3d12_device_QueryInterface: {0742a90b-c387-483f-b946-30a7e4e61458} not implemented, returning E_NOINTERFACE.
4833.947:0138:01a0:warn:vkd3d-proton:d3d12_device_QueryInterface: {0742a90b-c387-483f-b946-30a7e4e61458} not implemented, returning E_NOINTERFACE.
4833.977:0138:0194:warn:vkd3d-proton:d3d12_device_QueryInterface: {0742a90b-c387-483f-b946-30a7e4e61458} not implemented, returning E_NOINTERFACE.
4834.015:0138:019c:warn:vkd3d-proton:d3d12_device_QueryInterface: {0742a90b-c387-483f-b946-30a7e4e61458} not implemented, returning E_NOINTERFACE.
4834.050:0138:0194:warn:vkd3d-proton:d3d12_device_QueryInterface: {0742a90b-c387-483f-b946-30a7e4e61458} not implemented, returning E_NOINTERFACE.
4834.100:0138:019c:warn:vkd3d-proton:d3d12_device_QueryInterface: {0742a90b-c387-483f-b946-30a7e4e61458} not implemented, returning E_NOINTERFACE.
4834.140:0138:01a0:warn:vkd3d-proton:d3d12_device_QueryInterface: {0742a90b-c387-483f-b946-30a7e4e61458} not implemented, returning E_NOINTERFACE.
4834.184:0138:01a0:warn:vkd3d-proton:d3d12_device_QueryInterface: {0742a90b-c387-483f-b946-30a7e4e61458} not implemented, returning E_NOINTERFACE.
4834.212:0138:0194:warn:vkd3d-proton:d3d12_device_QueryInterface: {0742a90b-c387-483f-b946-30a7e4e61458} not implemented, returning E_NOINTERFACE.
4834.249:0138:01a0:warn:vkd3d-proton:d3d12_device_QueryInterface: {0742a90b-c387-483f-b946-30a7e4e61458} not implemented, returning E_NOINTERFACE.
4834.285:0138:0194:warn:vkd3d-proton:d3d12_device_QueryInterface: {0742a90b-c387-483f-b946-30a7e4e61458} not implemented, returning E_NOINTERFACE.
4834.338:0138:0198:warn:vkd3d-proton:d3d12_device_QueryInterface: {0742a90b-c387-483f-b946-30a7e4e61458} not implemented, returning E_NOINTERFACE.
4834.375:0138:01a0:warn:vkd3d-proton:d3d12_device_QueryInterface: {0742a90b-c387-483f-b946-30a7e4e61458} not implemented, returning E_NOINTERFACE.
4834.415:0138:0198:warn:vkd3d-proton:d3d12_device_QueryInterface: {0742a90b-c387-483f-b946-30a7e4e61458} not implemented, returning E_NOINTERFACE.
4834.446:0138:0198:warn:vkd3d-proton:d3d12_device_QueryInterface: {0742a90b-c387-483f-b946-30a7e4e61458} not implemented, returning E_NOINTERFACE.
4834.489:0138:019c:warn:vkd3d-proton:d3d12_device_QueryInterface: {0742a90b-c387-483f-b946-30a7e4e61458} not implemented, returning E_NOINTERFACE.
4834.532:0138:0194:warn:vkd3d-proton:d3d12_device_QueryInterface: {0742a90b-c387-483f-b946-30a7e4e61458} not implemented, returning E_NOINTERFACE.
4834.572:0138:01a0:warn:vkd3d-proton:d3d12_device_QueryInterface: {0742a90b-c387-483f-b946-30a7e4e61458} not implemented, returning E_NOINTERFACE.
4834.579:0138:01a0:warn:vkd3d-proton:d3d12_device_QueryInterface: {0742a90b-c387-483f-b946-30a7e4e61458} not implemented, returning E_NOINTERFACE.
4834.589:0138:01a0:warn:vkd3d-proton:d3d12_device_QueryInterface: {0742a90b-c387-483f-b946-30a7e4e61458} not implemented, returning E_NOINTERFACE.
4834.605:0138:019c:warn:vkd3d-proton:d3d12_device_QueryInterface: {0742a90b-c387-483f-b946-30a7e4e61458} not implemented, returning E_NOINTERFACE.
4834.644:0138:019c:warn:vkd3d-proton:d3d12_device_QueryInterface: {0742a90b-c387-483f-b946-30a7e4e61458} not implemented, returning E_NOINTERFACE.
4834.689:0138:019c:warn:vkd3d-proton:d3d12_device_QueryInterface: {0742a90b-c387-483f-b946-30a7e4e61458} not implemented, returning E_NOINTERFACE.
4834.729:0138:0198:warn:vkd3d-proton:d3d12_device_QueryInterface: {0742a90b-c387-483f-b946-30a7e4e61458} not implemented, returning E_NOINTERFACE.
4834.768:0138:0198:warn:vkd3d-proton:d3d12_device_QueryInterface: {0742a90b-c387-483f-b946-30a7e4e61458} not implemented, returning E_NOINTERFACE.
4834.802:0138:0194:warn:vkd3d-proton:d3d12_device_QueryInterface: {0742a90b-c387-483f-b946-30a7e4e61458} not implemented, returning E_NOINTERFACE.
4834.839:0138:0198:warn:vkd3d-proton:d3d12_device_QueryInterface: {0742a90b-c387-483f-b946-30a7e4e61458} not implemented, returning E_NOINTERFACE.
4834.877:0138:019c:warn:vkd3d-proton:d3d12_device_QueryInterface: {0742a90b-c387-483f-b946-30a7e4e61458} not implemented, returning E_NOINTERFACE.
4834.919:0138:0194:warn:vkd3d-proton:d3d12_device_QueryInterface: {0742a90b-c387-483f-b946-30a7e4e61458} not implemented, returning E_NOINTERFACE.
4834.951:0138:019c:warn:vkd3d-proton:d3d12_device_QueryInterface: {0742a90b-c387-483f-b946-30a7e4e61458} not implemented, returning E_NOINTERFACE.
4834.981:0138:01a0:warn:vkd3d-proton:d3d12_device_QueryInterface: {0742a90b-c387-483f-b946-30a7e4e61458} not implemented, returning E_NOINTERFACE.
4835.014:0138:019c:warn:vkd3d-proton:d3d12_device_QueryInterface: {0742a90b-c387-483f-b946-30a7e4e61458} not implemented, returning E_NOINTERFACE.
4835.044:0138:0194:warn:vkd3d-proton:d3d12_device_QueryInterface: {0742a90b-c387-483f-b946-30a7e4e61458} not implemented, returning E_NOINTERFACE.
4835.078:0138:019c:warn:vkd3d-proton:d3d12_device_QueryInterface: {0742a90b-c387-483f-b946-30a7e4e61458} not implemented, returning E_NOINTERFACE.
4835.109:0138:0194:warn:vkd3d-proton:d3d12_device_QueryInterface: {0742a90b-c387-483f-b946-30a7e4e61458} not implemented, returning E_NOINTERFACE.
4835.141:0138:0198:warn:vkd3d-proton:d3d12_device_QueryInterface: {0742a90b-c387-483f-b946-30a7e4e61458} not implemented, returning E_NOINTERFACE.
4835.179:0138:0194:warn:vkd3d-proton:d3d12_device_QueryInterface: {0742a90b-c387-483f-b946-30a7e4e61458} not implemented, returning E_NOINTERFACE.
4835.213:0138:0194:warn:vkd3d-proton:d3d12_device_QueryInterface: {0742a90b-c387-483f-b946-30a7e4e61458} not implemented, returning E_NOINTERFACE.
4835.245:0138:01a0:warn:vkd3d-proton:d3d12_device_QueryInterface: {0742a90b-c387-483f-b946-30a7e4e61458} not implemented, returning E_NOINTERFACE.
4835.277:0138:01a0:warn:vkd3d-proton:d3d12_device_QueryInterface: {0742a90b-c387-483f-b946-30a7e4e61458} not implemented, returning E_NOINTERFACE.
4835.308:0138:0194:warn:vkd3d-proton:d3d12_device_QueryInterface: {0742a90b-c387-483f-b946-30a7e4e61458} not implemented, returning E_NOINTERFACE.
4835.340:0138:01a0:warn:vkd3d-proton:d3d12_device_QueryInterface: {0742a90b-c387-483f-b946-30a7e4e61458} not implemented, returning E_NOINTERFACE.
4835.373:0138:0194:warn:vkd3d-proton:d3d12_device_QueryInterface: {0742a90b-c387-483f-b946-30a7e4e61458} not implemented, returning E_NOINTERFACE.
4835.404:0138:019c:warn:vkd3d-proton:d3d12_device_QueryInterface: {0742a90b-c387-483f-b946-30a7e4e61458} not implemented, returning E_NOINTERFACE.
4835.440:0138:0194:warn:vkd3d-proton:d3d12_device_QueryInterface: {0742a90b-c387-483f-b946-30a7e4e61458} not implemented, returning E_NOINTERFACE.
4835.476:0138:01a0:warn:vkd3d-proton:d3d12_device_QueryInterface: {0742a90b-c387-483f-b946-30a7e4e61458} not implemented, returning E_NOINTERFACE.
4835.509:0138:0194:warn:vkd3d-proton:d3d12_device_QueryInterface: {0742a90b-c387-483f-b946-30a7e4e61458} not implemented, returning E_NOINTERFACE.
4835.538:0138:019c:warn:vkd3d-proton:d3d12_device_QueryInterface: {0742a90b-c387-483f-b946-30a7e4e61458} not implemented, returning E_NOINTERFACE.
4835.572:0138:01a0:warn:vkd3d-proton:d3d12_device_QueryInterface: {0742a90b-c387-483f-b946-30a7e4e61458} not implemented, returning E_NOINTERFACE.
4835.611:0138:019c:warn:vkd3d-proton:d3d12_device_QueryInterface: {0742a90b-c387-483f-b946-30a7e4e61458} not implemented, returning E_NOINTERFACE.
4835.648:0138:01a0:warn:vkd3d-proton:d3d12_device_QueryInterface: {0742a90b-c387-483f-b946-30a7e4e61458} not implemented, returning E_NOINTERFACE.
4835.681:0138:0194:warn:vkd3d-proton:d3d12_device_QueryInterface: {0742a90b-c387-483f-b946-30a7e4e61458} not implemented, returning E_NOINTERFACE.
4835.713:0138:01a0:warn:vkd3d-proton:d3d12_device_QueryInterface: {0742a90b-c387-483f-b946-30a7e4e61458} not implemented, returning E_NOINTERFACE.
4835.746:0138:01a0:warn:vkd3d-proton:d3d12_device_QueryInterface: {0742a90b-c387-483f-b946-30a7e4e61458} not implemented, returning E_NOINTERFACE.
4835.778:0138:0194:warn:vkd3d-proton:d3d12_device_QueryInterface: {0742a90b-c387-483f-b946-30a7e4e61458} not implemented, returning E_NOINTERFACE.
4835.815:0138:019c:warn:vkd3d-proton:d3d12_device_QueryInterface: {0742a90b-c387-483f-b946-30a7e4e61458} not implemented, returning E_NOINTERFACE.
4835.838:0138:0194:warn:vkd3d-proton:d3d12_device_QueryInterface: {0742a90b-c387-483f-b946-30a7e4e61458} not implemented, returning E_NOINTERFACE.
4835.880:0138:019c:warn:vkd3d-proton:d3d12_device_QueryInterface: {0742a90b-c387-483f-b946-30a7e4e61458} not implemented, returning E_NOINTERFACE.
4835.920:0138:019c:warn:vkd3d-proton:d3d12_device_QueryInterface: {0742a90b-c387-483f-b946-30a7e4e61458} not implemented, returning E_NOINTERFACE.
4835.946:0138:0198:warn:vkd3d-proton:d3d12_device_QueryInterface: {0742a90b-c387-483f-b946-30a7e4e61458} not implemented, returning E_NOINTERFACE.
4835.978:0138:01a0:warn:vkd3d-proton:d3d12_device_QueryInterface: {0742a90b-c387-483f-b946-30a7e4e61458} not implemented, returning E_NOINTERFACE.
4836.008:0138:0194:warn:vkd3d-proton:d3d12_device_QueryInterface: {0742a90b-c387-483f-b946-30a7e4e61458} not implemented, returning E_NOINTERFACE.
4836.045:0138:0198:warn:vkd3d-proton:d3d12_device_QueryInterface: {0742a90b-c387-483f-b946-30a7e4e61458} not implemented, returning E_NOINTERFACE.
4836.076:0138:019c:warn:vkd3d-proton:d3d12_device_QueryInterface: {0742a90b-c387-483f-b946-30a7e4e61458} not implemented, returning E_NOINTERFACE.
4836.108:0138:0194:warn:vkd3d-proton:d3d12_device_QueryInterface: {0742a90b-c387-483f-b946-30a7e4e61458} not implemented, returning E_NOINTERFACE.
4836.141:0138:0198:warn:vkd3d-proton:d3d12_device_QueryInterface: {0742a90b-c387-483f-b946-30a7e4e61458} not implemented, returning E_NOINTERFACE.
4836.177:0138:0194:warn:vkd3d-proton:d3d12_device_QueryInterface: {0742a90b-c387-483f-b946-30a7e4e61458} not implemented, returning E_NOINTERFACE.
4836.219:0138:0194:warn:vkd3d-proton:d3d12_device_QueryInterface: {0742a90b-c387-483f-b946-30a7e4e61458} not implemented, returning E_NOINTERFACE.
4836.257:0138:019c:warn:vkd3d-proton:d3d12_device_QueryInterface: {0742a90b-c387-483f-b946-30a7e4e61458} not implemented, returning E_NOINTERFACE.
4836.292:0138:019c:warn:vkd3d-proton:d3d12_device_QueryInterface: {0742a90b-c387-483f-b946-30a7e4e61458} not implemented, returning E_NOINTERFACE.
4836.324:0138:0198:warn:vkd3d-proton:d3d12_device_QueryInterface: {0742a90b-c387-483f-b946-30a7e4e61458} not implemented, returning E_NOINTERFACE.
4836.354:0138:0194:warn:vkd3d-proton:d3d12_device_QueryInterface: {0742a90b-c387-483f-b946-30a7e4e61458} not implemented, returning E_NOINTERFACE.
4836.388:0138:019c:warn:vkd3d-proton:d3d12_device_QueryInterface: {0742a90b-c387-483f-b946-30a7e4e61458} not implemented, returning E_NOINTERFACE.
4836.422:0138:0198:warn:vkd3d-proton:d3d12_device_QueryInterface: {0742a90b-c387-483f-b946-30a7e4e61458} not implemented, returning E_NOINTERFACE.
4836.461:0138:01a0:warn:vkd3d-proton:d3d12_device_QueryInterface: {0742a90b-c387-483f-b946-30a7e4e61458} not implemented, returning E_NOINTERFACE.
4836.501:0138:0194:warn:vkd3d-proton:d3d12_device_QueryInterface: {0742a90b-c387-483f-b946-30a7e4e61458} not implemented, returning E_NOINTERFACE.
4836.556:0138:0198:warn:vkd3d-proton:d3d12_device_QueryInterface: {0742a90b-c387-483f-b946-30a7e4e61458} not implemented, returning E_NOINTERFACE.
4836.589:0138:0198:warn:vkd3d-proton:d3d12_device_QueryInterface: {0742a90b-c387-483f-b946-30a7e4e61458} not implemented, returning E_NOINTERFACE.
4836.624:0138:0194:warn:vkd3d-proton:d3d12_device_QueryInterface: {0742a90b-c387-483f-b946-30a7e4e61458} not implemented, returning E_NOINTERFACE.
4836.660:0138:0198:warn:vkd3d-proton:d3d12_device_QueryInterface: {0742a90b-c387-483f-b946-30a7e4e61458} not implemented, returning E_NOINTERFACE.
4836.699:0138:01a0:warn:vkd3d-proton:d3d12_device_QueryInterface: {0742a90b-c387-483f-b946-30a7e4e61458} not implemented, returning E_NOINTERFACE.
4836.741:0138:01a0:warn:vkd3d-proton:d3d12_device_QueryInterface: {0742a90b-c387-483f-b946-30a7e4e61458} not implemented, returning E_NOINTERFACE.
4836.785:0138:0198:warn:vkd3d-proton:d3d12_device_QueryInterface: {0742a90b-c387-483f-b946-30a7e4e61458} not implemented, returning E_NOINTERFACE.
4836.828:0138:0198:warn:vkd3d-proton:d3d12_device_QueryInterface: {0742a90b-c387-483f-b946-30a7e4e61458} not implemented, returning E_NOINTERFACE.
4836.864:0138:01a0:warn:vkd3d-proton:d3d12_device_QueryInterface: {0742a90b-c387-483f-b946-30a7e4e61458} not implemented, returning E_NOINTERFACE.
4836.900:0138:019c:warn:vkd3d-proton:d3d12_device_QueryInterface: {0742a90b-c387-483f-b946-30a7e4e61458} not implemented, returning E_NOINTERFACE.
4836.942:0138:019c:warn:vkd3d-proton:d3d12_device_QueryInterface: {0742a90b-c387-483f-b946-30a7e4e61458} not implemented, returning E_NOINTERFACE.
4836.983:0138:019c:warn:vkd3d-proton:d3d12_device_QueryInterface: {0742a90b-c387-483f-b946-30a7e4e61458} not implemented, returning E_NOINTERFACE.
4836.989:0138:0198:warn:vkd3d-proton:d3d12_device_QueryInterface: {0742a90b-c387-483f-b946-30a7e4e61458} not implemented, returning E_NOINTERFACE.
4837.000:0138:0194:warn:vkd3d-proton:d3d12_device_QueryInterface: {0742a90b-c387-483f-b946-30a7e4e61458} not implemented, returning E_NOINTERFACE.
4837.007:0138:0194:warn:vkd3d-proton:d3d12_device_QueryInterface: {0742a90b-c387-483f-b946-30a7e4e61458} not implemented, returning E_NOINTERFACE.
4837.025:0138:0194:warn:vkd3d-proton:d3d12_device_QueryInterface: {0742a90b-c387-483f-b946-30a7e4e61458} not implemented, returning E_NOINTERFACE.
4837.064:0138:0198:warn:vkd3d-proton:d3d12_device_QueryInterface: {0742a90b-c387-483f-b946-30a7e4e61458} not implemented, returning E_NOINTERFACE.
4837.103:0138:01a0:warn:vkd3d-proton:d3d12_device_QueryInterface: {0742a90b-c387-483f-b946-30a7e4e61458} not implemented, returning E_NOINTERFACE.
4837.142:0138:019c:warn:vkd3d-proton:d3d12_device_QueryInterface: {0742a90b-c387-483f-b946-30a7e4e61458} not implemented, returning E_NOINTERFACE.
4837.178:0138:01a0:warn:vkd3d-proton:d3d12_device_QueryInterface: {0742a90b-c387-483f-b946-30a7e4e61458} not implemented, returning E_NOINTERFACE.
4837.214:0138:0198:warn:vkd3d-proton:d3d12_device_QueryInterface: {0742a90b-c387-483f-b946-30a7e4e61458} not implemented, returning E_NOINTERFACE.
4837.251:0138:019c:warn:vkd3d-proton:d3d12_device_QueryInterface: {0742a90b-c387-483f-b946-30a7e4e61458} not implemented, returning E_NOINTERFACE.
4837.282:0138:01a0:warn:vkd3d-proton:d3d12_device_QueryInterface: {0742a90b-c387-483f-b946-30a7e4e61458} not implemented, returning E_NOINTERFACE.
4837.315:0138:0198:warn:vkd3d-proton:d3d12_device_QueryInterface: {0742a90b-c387-483f-b946-30a7e4e61458} not implemented, returning E_NOINTERFACE.
4837.350:0138:0198:warn:vkd3d-proton:d3d12_device_QueryInterface: {0742a90b-c387-483f-b946-30a7e4e61458} not implemented, returning E_NOINTERFACE.
4837.385:0138:0198:warn:vkd3d-proton:d3d12_device_QueryInterface: {0742a90b-c387-483f-b946-30a7e4e61458} not implemented, returning E_NOINTERFACE.
4837.422:0138:0198:warn:vkd3d-proton:d3d12_device_QueryInterface: {0742a90b-c387-483f-b946-30a7e4e61458} not implemented, returning E_NOINTERFACE.
4837.460:0138:0194:warn:vkd3d-proton:d3d12_device_QueryInterface: {0742a90b-c387-483f-b946-30a7e4e61458} not implemented, returning E_NOINTERFACE.
4837.488:0138:0198:warn:vkd3d-proton:d3d12_device_QueryInterface: {0742a90b-c387-483f-b946-30a7e4e61458} not implemented, returning E_NOINTERFACE.
4837.521:0138:019c:warn:vkd3d-proton:d3d12_device_QueryInterface: {0742a90b-c387-483f-b946-30a7e4e61458} not implemented, returning E_NOINTERFACE.
4837.558:0138:0194:warn:vkd3d-proton:d3d12_device_QueryInterface: {0742a90b-c387-483f-b946-30a7e4e61458} not implemented, returning E_NOINTERFACE.
4837.591:0138:0198:warn:vkd3d-proton:d3d12_device_QueryInterface: {0742a90b-c387-483f-b946-30a7e4e61458} not implemented, returning E_NOINTERFACE.
4837.622:0138:019c:warn:vkd3d-proton:d3d12_device_QueryInterface: {0742a90b-c387-483f-b946-30a7e4e61458} not implemented, returning E_NOINTERFACE.
4837.652:0138:0198:warn:vkd3d-proton:d3d12_device_QueryInterface: {0742a90b-c387-483f-b946-30a7e4e61458} not implemented, returning E_NOINTERFACE.
4837.684:0138:019c:warn:vkd3d-proton:d3d12_device_QueryInterface: {0742a90b-c387-483f-b946-30a7e4e61458} not implemented, returning E_NOINTERFACE.
4837.720:0138:01a0:warn:vkd3d-proton:d3d12_device_QueryInterface: {0742a90b-c387-483f-b946-30a7e4e61458} not implemented, returning E_NOINTERFACE.
4837.749:0138:019c:warn:vkd3d-proton:d3d12_device_QueryInterface: {0742a90b-c387-483f-b946-30a7e4e61458} not implemented, returning E_NOINTERFACE.
4837.780:0138:0198:warn:vkd3d-proton:d3d12_device_QueryInterface: {0742a90b-c387-483f-b946-30a7e4e61458} not implemented, returning E_NOINTERFACE.
4837.816:0138:01a0:warn:vkd3d-proton:d3d12_device_QueryInterface: {0742a90b-c387-483f-b946-30a7e4e61458} not implemented, returning E_NOINTERFACE.
4837.848:0138:0194:warn:vkd3d-proton:d3d12_device_QueryInterface: {0742a90b-c387-483f-b946-30a7e4e61458} not implemented, returning E_NOINTERFACE.
4837.880:0138:019c:warn:vkd3d-proton:d3d12_device_QueryInterface: {0742a90b-c387-483f-b946-30a7e4e61458} not implemented, returning E_NOINTERFACE.
4837.916:0138:01a0:warn:vkd3d-proton:d3d12_device_QueryInterface: {0742a90b-c387-483f-b946-30a7e4e61458} not implemented, returning E_NOINTERFACE.
4837.953:0138:01a0:warn:vkd3d-proton:d3d12_device_QueryInterface: {0742a90b-c387-483f-b946-30a7e4e61458} not implemented, returning E_NOINTERFACE.
4837.987:0138:019c:warn:vkd3d-proton:d3d12_device_QueryInterface: {0742a90b-c387-483f-b946-30a7e4e61458} not implemented, returning E_NOINTERFACE.
4838.019:0138:01a0:warn:vkd3d-proton:d3d12_device_QueryInterface: {0742a90b-c387-483f-b946-30a7e4e61458} not implemented, returning E_NOINTERFACE.
4838.055:0138:0198:warn:vkd3d-proton:d3d12_device_QueryInterface: {0742a90b-c387-483f-b946-30a7e4e61458} not implemented, returning E_NOINTERFACE.
4838.094:0138:019c:warn:vkd3d-proton:d3d12_device_QueryInterface: {0742a90b-c387-483f-b946-30a7e4e61458} not implemented, returning E_NOINTERFACE.
4838.133:0138:01a0:warn:vkd3d-proton:d3d12_device_QueryInterface: {0742a90b-c387-483f-b946-30a7e4e61458} not implemented, returning E_NOINTERFACE.
4838.167:0138:0194:warn:vkd3d-proton:d3d12_device_QueryInterface: {0742a90b-c387-483f-b946-30a7e4e61458} not implemented, returning E_NOINTERFACE.
4838.205:0138:0194:warn:vkd3d-proton:d3d12_device_QueryInterface: {0742a90b-c387-483f-b946-30a7e4e61458} not implemented, returning E_NOINTERFACE.
4838.239:0138:019c:warn:vkd3d-proton:d3d12_device_QueryInterface: {0742a90b-c387-483f-b946-30a7e4e61458} not implemented, returning E_NOINTERFACE.
4838.278:0138:0198:warn:vkd3d-proton:d3d12_device_QueryInterface: {0742a90b-c387-483f-b946-30a7e4e61458} not implemented, returning E_NOINTERFACE.
4838.312:0138:01a0:warn:vkd3d-proton:d3d12_device_QueryInterface: {0742a90b-c387-483f-b946-30a7e4e61458} not implemented, returning E_NOINTERFACE.
4838.342:0138:0198:warn:vkd3d-proton:d3d12_device_QueryInterface: {0742a90b-c387-483f-b946-30a7e4e61458} not implemented, returning E_NOINTERFACE.
4838.378:0138:019c:warn:vkd3d-proton:d3d12_device_QueryInterface: {0742a90b-c387-483f-b946-30a7e4e61458} not implemented, returning E_NOINTERFACE.
4838.410:0138:01a0:warn:vkd3d-proton:d3d12_device_QueryInterface: {0742a90b-c387-483f-b946-30a7e4e61458} not implemented, returning E_NOINTERFACE.
4838.453:0138:019c:warn:vkd3d-proton:d3d12_device_QueryInterface: {0742a90b-c387-483f-b946-30a7e4e61458} not implemented, returning E_NOINTERFACE.
4838.478:0138:01a0:warn:vkd3d-proton:d3d12_device_QueryInterface: {0742a90b-c387-483f-b946-30a7e4e61458} not implemented, returning E_NOINTERFACE.
4838.517:0138:0198:warn:vkd3d-proton:d3d12_device_QueryInterface: {0742a90b-c387-483f-b946-30a7e4e61458} not implemented, returning E_NOINTERFACE.
4838.552:0138:01a0:warn:vkd3d-proton:d3d12_device_QueryInterface: {0742a90b-c387-483f-b946-30a7e4e61458} not implemented, returning E_NOINTERFACE.
4838.586:0138:0194:warn:vkd3d-proton:d3d12_device_QueryInterface: {0742a90b-c387-483f-b946-30a7e4e61458} not implemented, returning E_NOINTERFACE.
4838.617:0138:019c:warn:vkd3d-proton:d3d12_device_QueryInterface: {0742a90b-c387-483f-b946-30a7e4e61458} not implemented, returning E_NOINTERFACE.
4838.653:0138:0194:warn:vkd3d-proton:d3d12_device_QueryInterface: {0742a90b-c387-483f-b946-30a7e4e61458} not implemented, returning E_NOINTERFACE.
4838.689:0138:019c:warn:vkd3d-proton:d3d12_device_QueryInterface: {0742a90b-c387-483f-b946-30a7e4e61458} not implemented, returning E_NOINTERFACE.
4838.724:0138:0198:warn:vkd3d-proton:d3d12_device_QueryInterface: {0742a90b-c387-483f-b946-30a7e4e61458} not implemented, returning E_NOINTERFACE.
4838.762:0138:0198:warn:vkd3d-proton:d3d12_device_QueryInterface: {0742a90b-c387-483f-b946-30a7e4e61458} not implemented, returning E_NOINTERFACE.
4838.795:0138:019c:warn:vkd3d-proton:d3d12_device_QueryInterface: {0742a90b-c387-483f-b946-30a7e4e61458} not implemented, returning E_NOINTERFACE.
4838.834:0138:019c:warn:vkd3d-proton:d3d12_device_QueryInterface: {0742a90b-c387-483f-b946-30a7e4e61458} not implemented, returning E_NOINTERFACE.
4838.868:0138:0198:warn:vkd3d-proton:d3d12_device_QueryInterface: {0742a90b-c387-483f-b946-30a7e4e61458} not implemented, returning E_NOINTERFACE.
4838.915:0138:0194:warn:vkd3d-proton:d3d12_device_QueryInterface: {0742a90b-c387-483f-b946-30a7e4e61458} not implemented, returning E_NOINTERFACE.
4839.057:0138:01a0:warn:vkd3d-proton:d3d12_device_QueryInterface: {0742a90b-c387-483f-b946-30a7e4e61458} not implemented, returning E_NOINTERFACE.
4839.113:0138:0194:warn:vkd3d-proton:d3d12_device_QueryInterface: {0742a90b-c387-483f-b946-30a7e4e61458} not implemented, returning E_NOINTERFACE.
4839.119:0138:0194:warn:vkd3d-proton:d3d12_device_QueryInterface: {0742a90b-c387-483f-b946-30a7e4e61458} not implemented, returning E_NOINTERFACE.
4839.140:0138:0194:warn:vkd3d-proton:d3d12_device_QueryInterface: {0742a90b-c387-483f-b946-30a7e4e61458} not implemented, returning E_NOINTERFACE.
4839.158:0138:0194:warn:vkd3d-proton:d3d12_device_QueryInterface: {0742a90b-c387-483f-b946-30a7e4e61458} not implemented, returning E_NOINTERFACE.
4839.194:0138:01a0:warn:vkd3d-proton:d3d12_device_QueryInterface: {0742a90b-c387-483f-b946-30a7e4e61458} not implemented, returning E_NOINTERFACE.
4839.225:0138:0194:warn:vkd3d-proton:d3d12_device_QueryInterface: {0742a90b-c387-483f-b946-30a7e4e61458} not implemented, returning E_NOINTERFACE.
4839.296:0138:0194:warn:vkd3d-proton:d3d12_device_QueryInterface: {0742a90b-c387-483f-b946-30a7e4e61458} not implemented, returning E_NOINTERFACE.
4839.299:0138:0194:warn:vkd3d-proton:d3d12_device_QueryInterface: {0742a90b-c387-483f-b946-30a7e4e61458} not implemented, returning E_NOINTERFACE.
4839.340:0138:01a0:warn:vkd3d-proton:d3d12_device_QueryInterface: {0742a90b-c387-483f-b946-30a7e4e61458} not implemented, returning E_NOINTERFACE.
4839.372:0138:0194:warn:vkd3d-proton:d3d12_device_QueryInterface: {0742a90b-c387-483f-b946-30a7e4e61458} not implemented, returning E_NOINTERFACE.
4839.405:0138:0194:warn:vkd3d-proton:d3d12_device_QueryInterface: {0742a90b-c387-483f-b946-30a7e4e61458} not implemented, returning E_NOINTERFACE.
4839.443:0138:019c:warn:vkd3d-proton:d3d12_device_QueryInterface: {0742a90b-c387-483f-b946-30a7e4e61458} not implemented, returning E_NOINTERFACE.
4839.474:0138:01a0:warn:vkd3d-proton:d3d12_device_QueryInterface: {0742a90b-c387-483f-b946-30a7e4e61458} not implemented, returning E_NOINTERFACE.
4839.513:0138:019c:warn:vkd3d-proton:d3d12_device_QueryInterface: {0742a90b-c387-483f-b946-30a7e4e61458} not implemented, returning E_NOINTERFACE.
4839.542:0138:01a0:warn:vkd3d-proton:d3d12_device_QueryInterface: {0742a90b-c387-483f-b946-30a7e4e61458} not implemented, returning E_NOINTERFACE.
4839.573:0138:0194:warn:vkd3d-proton:d3d12_device_QueryInterface: {0742a90b-c387-483f-b946-30a7e4e61458} not implemented, returning E_NOINTERFACE.
4839.606:0138:019c:warn:vkd3d-proton:d3d12_device_QueryInterface: {0742a90b-c387-483f-b946-30a7e4e61458} not implemented, returning E_NOINTERFACE.
4839.641:0138:01a0:warn:vkd3d-proton:d3d12_device_QueryInterface: {0742a90b-c387-483f-b946-30a7e4e61458} not implemented, returning E_NOINTERFACE.
4839.678:0138:0198:warn:vkd3d-proton:d3d12_device_QueryInterface: {0742a90b-c387-483f-b946-30a7e4e61458} not implemented, returning E_NOINTERFACE.
4839.715:0138:019c:warn:vkd3d-proton:d3d12_device_QueryInterface: {0742a90b-c387-483f-b946-30a7e4e61458} not implemented, returning E_NOINTERFACE.
4839.749:0138:0194:warn:vkd3d-proton:d3d12_device_QueryInterface: {0742a90b-c387-483f-b946-30a7e4e61458} not implemented, returning E_NOINTERFACE.
4839.786:0138:0198:warn:vkd3d-proton:d3d12_device_QueryInterface: {0742a90b-c387-483f-b946-30a7e4e61458} not implemented, returning E_NOINTERFACE.
4839.819:0138:01a0:warn:vkd3d-proton:d3d12_device_QueryInterface: {0742a90b-c387-483f-b946-30a7e4e61458} not implemented, returning E_NOINTERFACE.
4839.851:0138:01a0:warn:vkd3d-proton:d3d12_device_QueryInterface: {0742a90b-c387-483f-b946-30a7e4e61458} not implemented, returning E_NOINTERFACE.
4839.885:0138:0198:warn:vkd3d-proton:d3d12_device_QueryInterface: {0742a90b-c387-483f-b946-30a7e4e61458} not implemented, returning E_NOINTERFACE.
4839.912:0138:019c:warn:vkd3d-proton:d3d12_device_QueryInterface: {0742a90b-c387-483f-b946-30a7e4e61458} not implemented, returning E_NOINTERFACE.
4839.948:0138:0194:warn:vkd3d-proton:d3d12_device_QueryInterface: {0742a90b-c387-483f-b946-30a7e4e61458} not implemented, returning E_NOINTERFACE.
4839.974:0138:0198:warn:vkd3d-proton:d3d12_device_QueryInterface: {0742a90b-c387-483f-b946-30a7e4e61458} not implemented, returning E_NOINTERFACE.
4840.020:0138:0198:warn:vkd3d-proton:d3d12_device_QueryInterface: {0742a90b-c387-483f-b946-30a7e4e61458} not implemented, returning E_NOINTERFACE.
4840.045:0138:01a0:warn:vkd3d-proton:d3d12_device_QueryInterface: {0742a90b-c387-483f-b946-30a7e4e61458} not implemented, returning E_NOINTERFACE.
4840.083:0138:0194:warn:vkd3d-proton:d3d12_device_QueryInterface: {0742a90b-c387-483f-b946-30a7e4e61458} not implemented, returning E_NOINTERFACE.
4840.114:0138:0198:warn:vkd3d-proton:d3d12_device_QueryInterface: {0742a90b-c387-483f-b946-30a7e4e61458} not implemented, returning E_NOINTERFACE.
4840.193:0138:0194:warn:vkd3d-proton:d3d12_device_QueryInterface: {0742a90b-c387-483f-b946-30a7e4e61458} not implemented, returning E_NOINTERFACE.
4840.196:0138:0194:warn:vkd3d-proton:d3d12_device_QueryInterface: {0742a90b-c387-483f-b946-30a7e4e61458} not implemented, returning E_NOINTERFACE.
4840.269:0138:01a0:warn:vkd3d-proton:d3d12_device_QueryInterface: {0742a90b-c387-483f-b946-30a7e4e61458} not implemented, returning E_NOINTERFACE.
4840.640:0138:01a0:warn:vkd3d-proton:d3d12_device_QueryInterface: {0742a90b-c387-483f-b946-30a7e4e61458} not implemented, returning E_NOINTERFACE.
4840.650:0138:01a0:warn:vkd3d-proton:d3d12_device_QueryInterface: {0742a90b-c387-483f-b946-30a7e4e61458} not implemented, returning E_NOINTERFACE.
4840.735:0138:0194:warn:vkd3d-proton:d3d12_device_QueryInterface: {0742a90b-c387-483f-b946-30a7e4e61458} not implemented, returning E_NOINTERFACE.
4840.741:0138:0194:warn:vkd3d-proton:d3d12_device_QueryInterface: {0742a90b-c387-483f-b946-30a7e4e61458} not implemented, returning E_NOINTERFACE.
4840.750:0138:0194:warn:vkd3d-proton:d3d12_device_QueryInterface: {0742a90b-c387-483f-b946-30a7e4e61458} not implemented, returning E_NOINTERFACE.
4840.766:0138:0194:warn:vkd3d-proton:d3d12_device_QueryInterface: {0742a90b-c387-483f-b946-30a7e4e61458} not implemented, returning E_NOINTERFACE.
4840.811:0138:01a0:warn:vkd3d-proton:d3d12_device_QueryInterface: {0742a90b-c387-483f-b946-30a7e4e61458} not implemented, returning E_NOINTERFACE.
4840.895:0138:0194:warn:vkd3d-proton:d3d12_device_QueryInterface: {0742a90b-c387-483f-b946-30a7e4e61458} not implemented, returning E_NOINTERFACE.
4840.968:0138:0194:warn:vkd3d-proton:d3d12_device_QueryInterface: {0742a90b-c387-483f-b946-30a7e4e61458} not implemented, returning E_NOINTERFACE.
4840.977:0138:0194:warn:vkd3d-proton:d3d12_device_QueryInterface: {0742a90b-c387-483f-b946-30a7e4e61458} not implemented, returning E_NOINTERFACE.
4841.158:0138:0198:warn:vkd3d-proton:d3d12_device_QueryInterface: {0742a90b-c387-483f-b946-30a7e4e61458} not implemented, returning E_NOINTERFACE.
4841.257:0138:0198:warn:vkd3d-proton:d3d12_device_QueryInterface: {0742a90b-c387-483f-b946-30a7e4e61458} not implemented, returning E_NOINTERFACE.
4841.399:0138:01a0:warn:vkd3d-proton:d3d12_device_QueryInterface: {0742a90b-c387-483f-b946-30a7e4e61458} not implemented, returning E_NOINTERFACE.
4841.431:0138:01a0:warn:vkd3d-proton:d3d12_device_QueryInterface: {0742a90b-c387-483f-b946-30a7e4e61458} not implemented, returning E_NOINTERFACE.
4841.485:0138:01a0:warn:vkd3d-proton:d3d12_device_QueryInterface: {0742a90b-c387-483f-b946-30a7e4e61458} not implemented, returning E_NOINTERFACE.
4841.512:0138:0198:warn:vkd3d-proton:d3d12_device_QueryInterface: {0742a90b-c387-483f-b946-30a7e4e61458} not implemented, returning E_NOINTERFACE.
4841.552:0138:01a0:warn:vkd3d-proton:d3d12_device_QueryInterface: {0742a90b-c387-483f-b946-30a7e4e61458} not implemented, returning E_NOINTERFACE.
4841.595:0138:0194:warn:vkd3d-proton:d3d12_device_QueryInterface: {0742a90b-c387-483f-b946-30a7e4e61458} not implemented, returning E_NOINTERFACE.
4841.635:0138:01a0:warn:vkd3d-proton:d3d12_device_QueryInterface: {0742a90b-c387-483f-b946-30a7e4e61458} not implemented, returning E_NOINTERFACE.
4841.675:0138:0198:warn:vkd3d-proton:d3d12_device_QueryInterface: {0742a90b-c387-483f-b946-30a7e4e61458} not implemented, returning E_NOINTERFACE.
4841.726:0138:0194:warn:vkd3d-proton:d3d12_device_QueryInterface: {0742a90b-c387-483f-b946-30a7e4e61458} not implemented, returning E_NOINTERFACE.
4841.757:0138:019c:warn:vkd3d-proton:d3d12_device_QueryInterface: {0742a90b-c387-483f-b946-30a7e4e61458} not implemented, returning E_NOINTERFACE.
4841.798:0138:0198:warn:vkd3d-proton:d3d12_device_QueryInterface: {0742a90b-c387-483f-b946-30a7e4e61458} not implemented, returning E_NOINTERFACE.
4842.036:0138:01a0:warn:vkd3d-proton:d3d12_device_QueryInterface: {0742a90b-c387-483f-b946-30a7e4e61458} not implemented, returning E_NOINTERFACE.
4842.259:0138:0194:warn:vkd3d-proton:d3d12_device_QueryInterface: {0742a90b-c387-483f-b946-30a7e4e61458} not implemented, returning E_NOINTERFACE.
4842.274:0138:0194:warn:vkd3d-proton:d3d12_device_QueryInterface: {0742a90b-c387-483f-b946-30a7e4e61458} not implemented, returning E_NOINTERFACE.
4842.354:0138:01a0:warn:vkd3d-proton:d3d12_device_QueryInterface: {0742a90b-c387-483f-b946-30a7e4e61458} not implemented, returning E_NOINTERFACE.
4842.409:0138:01a0:warn:vkd3d-proton:d3d12_device_QueryInterface: {0742a90b-c387-483f-b946-30a7e4e61458} not implemented, returning E_NOINTERFACE.
4842.429:0138:0198:warn:vkd3d-proton:d3d12_device_QueryInterface: {0742a90b-c387-483f-b946-30a7e4e61458} not implemented, returning E_NOINTERFACE.
4842.468:0138:0198:warn:vkd3d-proton:d3d12_device_QueryInterface: {0742a90b-c387-483f-b946-30a7e4e61458} not implemented, returning E_NOINTERFACE.
4842.507:0138:01a0:warn:vkd3d-proton:d3d12_device_QueryInterface: {0742a90b-c387-483f-b946-30a7e4e61458} not implemented, returning E_NOINTERFACE.
4842.549:0138:019c:warn:vkd3d-proton:d3d12_device_QueryInterface: {0742a90b-c387-483f-b946-30a7e4e61458} not implemented, returning E_NOINTERFACE.
4842.585:0138:019c:warn:vkd3d-proton:d3d12_device_QueryInterface: {0742a90b-c387-483f-b946-30a7e4e61458} not implemented, returning E_NOINTERFACE.
4842.641:0138:0194:warn:vkd3d-proton:d3d12_device_QueryInterface: {0742a90b-c387-483f-b946-30a7e4e61458} not implemented, returning E_NOINTERFACE.
4842.730:0138:01a0:warn:vkd3d-proton:d3d12_device_QueryInterface: {0742a90b-c387-483f-b946-30a7e4e61458} not implemented, returning E_NOINTERFACE.
4842.751:0138:01a0:warn:vkd3d-proton:d3d12_device_QueryInterface: {0742a90b-c387-483f-b946-30a7e4e61458} not implemented, returning E_NOINTERFACE.
4842.762:0138:01a0:warn:vkd3d-proton:d3d12_device_QueryInterface: {0742a90b-c387-483f-b946-30a7e4e61458} not implemented, returning E_NOINTERFACE.
D 2D4 Ran out of slots. Can't allocate more
4842.834:0138:01a0:warn:vkd3d-proton:d3d12_device_QueryInterface: {0742a90b-c387-483f-b946-30a7e4e61458} not implemented, returning E_NOINTERFACE.
4842.889:0138:019c:warn:vkd3d-proton:d3d12_device_QueryInterface: {0742a90b-c387-483f-b946-30a7e4e61458} not implemented, returning E_NOINTERFACE.
4842.956:0138:0198:warn:vkd3d-proton:d3d12_device_QueryInterface: {0742a90b-c387-483f-b946-30a7e4e61458} not implemented, returning E_NOINTERFACE.
4843.058:0138:0198:warn:vkd3d-proton:d3d12_device_QueryInterface: {0742a90b-c387-483f-b946-30a7e4e61458} not implemented, returning E_NOINTERFACE.
4843.126:0138:0198:warn:vkd3d-proton:d3d12_device_QueryInterface: {0742a90b-c387-483f-b946-30a7e4e61458} not implemented, returning E_NOINTERFACE.
4843.203:0138:019c:warn:vkd3d-proton:d3d12_device_QueryInterface: {0742a90b-c387-483f-b946-30a7e4e61458} not implemented, returning E_NOINTERFACE.
4843.241:0138:019c:warn:vkd3d-proton:d3d12_device_QueryInterface: {0742a90b-c387-483f-b946-30a7e4e61458} not implemented, returning E_NOINTERFACE.
4843.289:0138:0194:warn:vkd3d-proton:d3d12_device_QueryInterface: {0742a90b-c387-483f-b946-30a7e4e61458} not implemented, returning E_NOINTERFACE.
4843.339:0138:01a0:warn:vkd3d-proton:d3d12_device_QueryInterface: {0742a90b-c387-483f-b946-30a7e4e61458} not implemented, returning E_NOINTERFACE.
4843.374:0138:0194:warn:vkd3d-proton:d3d12_device_QueryInterface: {0742a90b-c387-483f-b946-30a7e4e61458} not implemented, returning E_NOINTERFACE.
4843.427:0138:019c:warn:vkd3d-proton:d3d12_device_QueryInterface: {0742a90b-c387-483f-b946-30a7e4e61458} not implemented, returning E_NOINTERFACE.
4843.464:0138:0198:warn:vkd3d-proton:d3d12_device_QueryInterface: {0742a90b-c387-483f-b946-30a7e4e61458} not implemented, returning E_NOINTERFACE.
4843.511:0138:0194:warn:vkd3d-proton:d3d12_device_QueryInterface: {0742a90b-c387-483f-b946-30a7e4e61458} not implemented, returning E_NOINTERFACE.
4843.542:0138:01a0:warn:vkd3d-proton:d3d12_device_QueryInterface: {0742a90b-c387-483f-b946-30a7e4e61458} not implemented, returning E_NOINTERFACE.
4843.586:0138:01a0:warn:vkd3d-proton:d3d12_device_QueryInterface: {0742a90b-c387-483f-b946-30a7e4e61458} not implemented, returning E_NOINTERFACE.
4843.628:0138:019c:warn:vkd3d-proton:d3d12_device_QueryInterface: {0742a90b-c387-483f-b946-30a7e4e61458} not implemented, returning E_NOINTERFACE.
4843.672:0138:01a0:warn:vkd3d-proton:d3d12_device_QueryInterface: {0742a90b-c387-483f-b946-30a7e4e61458} not implemented, returning E_NOINTERFACE.
4843.733:0138:0194:warn:vkd3d-proton:d3d12_device_QueryInterface: {0742a90b-c387-483f-b946-30a7e4e61458} not implemented, returning E_NOINTERFACE.
4843.752:0138:019c:warn:vkd3d-proton:d3d12_device_QueryInterface: {0742a90b-c387-483f-b946-30a7e4e61458} not implemented, returning E_NOINTERFACE.
4843.758:0138:019c:warn:vkd3d-proton:d3d12_device_QueryInterface: {0742a90b-c387-483f-b946-30a7e4e61458} not implemented, returning E_NOINTERFACE.
4843.768:0138:019c:warn:vkd3d-proton:d3d12_device_QueryInterface: {0742a90b-c387-483f-b946-30a7e4e61458} not implemented, returning E_NOINTERFACE.
4843.804:0138:019c:warn:vkd3d-proton:d3d12_device_QueryInterface: {0742a90b-c387-483f-b946-30a7e4e61458} not implemented, returning E_NOINTERFACE.
4843.835:0138:0198:warn:vkd3d-proton:d3d12_device_QueryInterface: {0742a90b-c387-483f-b946-30a7e4e61458} not implemented, returning E_NOINTERFACE.
4843.864:0138:019c:warn:vkd3d-proton:d3d12_device_QueryInterface: {0742a90b-c387-483f-b946-30a7e4e61458} not implemented, returning E_NOINTERFACE.
4843.894:0138:01a0:warn:vkd3d-proton:d3d12_device_QueryInterface: {0742a90b-c387-483f-b946-30a7e4e61458} not implemented, returning E_NOINTERFACE.
4843.931:0138:0194:warn:vkd3d-proton:d3d12_device_QueryInterface: {0742a90b-c387-483f-b946-30a7e4e61458} not implemented, returning E_NOINTERFACE.
4843.967:0138:0198:warn:vkd3d-proton:d3d12_device_QueryInterface: {0742a90b-c387-483f-b946-30a7e4e61458} not implemented, returning E_NOINTERFACE.
4844.002:0138:019c:warn:vkd3d-proton:d3d12_device_QueryInterface: {0742a90b-c387-483f-b946-30a7e4e61458} not implemented, returning E_NOINTERFACE.
4844.031:0138:0194:warn:vkd3d-proton:d3d12_device_QueryInterface: {0742a90b-c387-483f-b946-30a7e4e61458} not implemented, returning E_NOINTERFACE.
4844.060:0138:0198:warn:vkd3d-proton:d3d12_device_QueryInterface: {0742a90b-c387-483f-b946-30a7e4e61458} not implemented, returning E_NOINTERFACE.
4844.094:0138:019c:warn:vkd3d-proton:d3d12_device_QueryInterface: {0742a90b-c387-483f-b946-30a7e4e61458} not implemented, returning E_NOINTERFACE.
4844.139:0138:01a0:warn:vkd3d-proton:d3d12_device_QueryInterface: {0742a90b-c387-483f-b946-30a7e4e61458} not implemented, returning E_NOINTERFACE.
4844.157:0138:0194:warn:vkd3d-proton:d3d12_device_QueryInterface: {0742a90b-c387-483f-b946-30a7e4e61458} not implemented, returning E_NOINTERFACE.
4844.194:0138:01a0:warn:vkd3d-proton:d3d12_device_QueryInterface: {0742a90b-c387-483f-b946-30a7e4e61458} not implemented, returning E_NOINTERFACE.
4844.222:0138:0194:warn:vkd3d-proton:d3d12_device_QueryInterface: {0742a90b-c387-483f-b946-30a7e4e61458} not implemented, returning E_NOINTERFACE.
4844.256:0138:01a0:warn:vkd3d-proton:d3d12_device_QueryInterface: {0742a90b-c387-483f-b946-30a7e4e61458} not implemented, returning E_NOINTERFACE.
4844.283:0138:019c:warn:vkd3d-proton:d3d12_device_QueryInterface: {0742a90b-c387-483f-b946-30a7e4e61458} not implemented, returning E_NOINTERFACE.
4844.319:0138:0198:warn:vkd3d-proton:d3d12_device_QueryInterface: {0742a90b-c387-483f-b946-30a7e4e61458} not implemented, returning E_NOINTERFACE.
4844.356:0138:019c:warn:vkd3d-proton:d3d12_device_QueryInterface: {0742a90b-c387-483f-b946-30a7e4e61458} not implemented, returning E_NOINTERFACE.
4844.393:0138:01a0:warn:vkd3d-proton:d3d12_device_QueryInterface: {0742a90b-c387-483f-b946-30a7e4e61458} not implemented, returning E_NOINTERFACE.
4844.424:0138:0198:warn:vkd3d-proton:d3d12_device_QueryInterface: {0742a90b-c387-483f-b946-30a7e4e61458} not implemented, returning E_NOINTERFACE.
4844.463:0138:01a0:warn:vkd3d-proton:d3d12_device_QueryInterface: {0742a90b-c387-483f-b946-30a7e4e61458} not implemented, returning E_NOINTERFACE.
4844.499:0138:01a0:warn:vkd3d-proton:d3d12_device_QueryInterface: {0742a90b-c387-483f-b946-30a7e4e61458} not implemented, returning E_NOINTERFACE.
4844.538:0138:01a0:warn:vkd3d-proton:d3d12_device_QueryInterface: {0742a90b-c387-483f-b946-30a7e4e61458} not implemented, returning E_NOINTERFACE.
4844.574:0138:019c:warn:vkd3d-proton:d3d12_device_QueryInterface: {0742a90b-c387-483f-b946-30a7e4e61458} not implemented, returning E_NOINTERFACE.
4844.615:0138:0194:warn:vkd3d-proton:d3d12_device_QueryInterface: {0742a90b-c387-483f-b946-30a7e4e61458} not implemented, returning E_NOINTERFACE.
4844.655:0138:019c:warn:vkd3d-proton:d3d12_device_QueryInterface: {0742a90b-c387-483f-b946-30a7e4e61458} not implemented, returning E_NOINTERFACE.
4844.695:0138:0198:warn:vkd3d-proton:d3d12_device_QueryInterface: {0742a90b-c387-483f-b946-30a7e4e61458} not implemented, returning E_NOINTERFACE.
4844.736:0138:0194:warn:vkd3d-proton:d3d12_device_QueryInterface: {0742a90b-c387-483f-b946-30a7e4e61458} not implemented, returning E_NOINTERFACE.
4844.771:0138:01a0:warn:vkd3d-proton:d3d12_device_QueryInterface: {0742a90b-c387-483f-b946-30a7e4e61458} not implemented, returning E_NOINTERFACE.
4844.806:0138:0198:warn:vkd3d-proton:d3d12_device_QueryInterface: {0742a90b-c387-483f-b946-30a7e4e61458} not implemented, returning E_NOINTERFACE.
4844.842:0138:019c:warn:vkd3d-proton:d3d12_device_QueryInterface: {0742a90b-c387-483f-b946-30a7e4e61458} not implemented, returning E_NOINTERFACE.
4844.875:0138:0198:warn:vkd3d-proton:d3d12_device_QueryInterface: {0742a90b-c387-483f-b946-30a7e4e61458} not implemented, returning E_NOINTERFACE.
4844.912:0138:019c:warn:vkd3d-proton:d3d12_device_QueryInterface: {0742a90b-c387-483f-b946-30a7e4e61458} not implemented, returning E_NOINTERFACE.
4844.947:0138:0194:warn:vkd3d-proton:d3d12_device_QueryInterface: {0742a90b-c387-483f-b946-30a7e4e61458} not implemented, returning E_NOINTERFACE.
4844.978:0138:019c:warn:vkd3d-proton:d3d12_device_QueryInterface: {0742a90b-c387-483f-b946-30a7e4e61458} not implemented, returning E_NOINTERFACE.
4845.012:0138:0194:warn:vkd3d-proton:d3d12_device_QueryInterface: {0742a90b-c387-483f-b946-30a7e4e61458} not implemented, returning E_NOINTERFACE.
4845.056:0138:01a0:warn:vkd3d-proton:d3d12_device_QueryInterface: {0742a90b-c387-483f-b946-30a7e4e61458} not implemented, returning E_NOINTERFACE.
4845.083:0138:019c:warn:vkd3d-proton:d3d12_device_QueryInterface: {0742a90b-c387-483f-b946-30a7e4e61458} not implemented, returning E_NOINTERFACE.
4845.116:0138:0194:warn:vkd3d-proton:d3d12_device_QueryInterface: {0742a90b-c387-483f-b946-30a7e4e61458} not implemented, returning E_NOINTERFACE.
4845.158:0138:0198:warn:vkd3d-proton:d3d12_device_QueryInterface: {0742a90b-c387-483f-b946-30a7e4e61458} not implemented, returning E_NOINTERFACE.
4845.197:0138:0194:warn:vkd3d-proton:d3d12_device_QueryInterface: {0742a90b-c387-483f-b946-30a7e4e61458} not implemented, returning E_NOINTERFACE.
4845.233:0138:01a0:warn:vkd3d-proton:d3d12_device_QueryInterface: {0742a90b-c387-483f-b946-30a7e4e61458} not implemented, returning E_NOINTERFACE.
4845.267:0138:0198:warn:vkd3d-proton:d3d12_device_QueryInterface: {0742a90b-c387-483f-b946-30a7e4e61458} not implemented, returning E_NOINTERFACE.
4845.303:0138:01a0:warn:vkd3d-proton:d3d12_device_QueryInterface: {0742a90b-c387-483f-b946-30a7e4e61458} not implemented, returning E_NOINTERFACE.
4845.345:0138:0198:warn:vkd3d-proton:d3d12_device_QueryInterface: {0742a90b-c387-483f-b946-30a7e4e61458} not implemented, returning E_NOINTERFACE.
4845.378:0138:019c:warn:vkd3d-proton:d3d12_device_QueryInterface: {0742a90b-c387-483f-b946-30a7e4e61458} not implemented, returning E_NOINTERFACE.
4845.413:0138:0194:warn:vkd3d-proton:d3d12_device_QueryInterface: {0742a90b-c387-483f-b946-30a7e4e61458} not implemented, returning E_NOINTERFACE.
4845.455:0138:01a0:warn:vkd3d-proton:d3d12_device_QueryInterface: {0742a90b-c387-483f-b946-30a7e4e61458} not implemented, returning E_NOINTERFACE.
4845.494:0138:0198:warn:vkd3d-proton:d3d12_device_QueryInterface: {0742a90b-c387-483f-b946-30a7e4e61458} not implemented, returning E_NOINTERFACE.
4845.527:0138:019c:warn:vkd3d-proton:d3d12_device_QueryInterface: {0742a90b-c387-483f-b946-30a7e4e61458} not implemented, returning E_NOINTERFACE.
D 2D8 Ran out of slots. Can't allocate more
4845.570:0138:0194:warn:vkd3d-proton:d3d12_device_QueryInterface: {0742a90b-c387-483f-b946-30a7e4e61458} not implemented, returning E_NOINTERFACE.
4845.607:0138:0198:warn:vkd3d-proton:d3d12_device_QueryInterface: {0742a90b-c387-483f-b946-30a7e4e61458} not implemented, returning E_NOINTERFACE.
4845.641:0138:0194:warn:vkd3d-proton:d3d12_device_QueryInterface: {0742a90b-c387-483f-b946-30a7e4e61458} not implemented, returning E_NOINTERFACE.
4845.674:0138:01a0:warn:vkd3d-proton:d3d12_device_QueryInterface: {0742a90b-c387-483f-b946-30a7e4e61458} not implemented, returning E_NOINTERFACE.
4845.707:0138:0194:warn:vkd3d-proton:d3d12_device_QueryInterface: {0742a90b-c387-483f-b946-30a7e4e61458} not implemented, returning E_NOINTERFACE.
4845.747:0138:01a0:warn:vkd3d-proton:d3d12_device_QueryInterface: {0742a90b-c387-483f-b946-30a7e4e61458} not implemented, returning E_NOINTERFACE.
4845.781:0138:0198:warn:vkd3d-proton:d3d12_device_QueryInterface: {0742a90b-c387-483f-b946-30a7e4e61458} not implemented, returning E_NOINTERFACE.
4845.824:0138:01a0:warn:vkd3d-proton:d3d12_device_QueryInterface: {0742a90b-c387-483f-b946-30a7e4e61458} not implemented, returning E_NOINTERFACE.
4845.828:0138:01a0:warn:vkd3d-proton:d3d12_device_QueryInterface: {0742a90b-c387-483f-b946-30a7e4e61458} not implemented, returning E_NOINTERFACE.
4845.854:0138:01a0:warn:vkd3d-proton:d3d12_device_QueryInterface: {0742a90b-c387-483f-b946-30a7e4e61458} not implemented, returning E_NOINTERFACE.
4845.885:0138:0194:warn:vkd3d-proton:d3d12_device_QueryInterface: {0742a90b-c387-483f-b946-30a7e4e61458} not implemented, returning E_NOINTERFACE.
4845.890:0138:0194:warn:vkd3d-proton:d3d12_device_QueryInterface: {0742a90b-c387-483f-b946-30a7e4e61458} not implemented, returning E_NOINTERFACE.
4845.925:0138:0198:warn:vkd3d-proton:d3d12_device_QueryInterface: {0742a90b-c387-483f-b946-30a7e4e61458} not implemented, returning E_NOINTERFACE.
4845.960:0138:0194:warn:vkd3d-proton:d3d12_device_QueryInterface: {0742a90b-c387-483f-b946-30a7e4e61458} not implemented, returning E_NOINTERFACE.
4845.996:0138:01a0:warn:vkd3d-proton:d3d12_device_QueryInterface: {0742a90b-c387-483f-b946-30a7e4e61458} not implemented, returning E_NOINTERFACE.
4846.032:0138:0198:warn:vkd3d-proton:d3d12_device_QueryInterface: {0742a90b-c387-483f-b946-30a7e4e61458} not implemented, returning E_NOINTERFACE.
4846.069:0138:019c:warn:vkd3d-proton:d3d12_device_QueryInterface: {0742a90b-c387-483f-b946-30a7e4e61458} not implemented, returning E_NOINTERFACE.
4846.106:0138:0194:warn:vkd3d-proton:d3d12_device_QueryInterface: {0742a90b-c387-483f-b946-30a7e4e61458} not implemented, returning E_NOINTERFACE.
4846.138:0138:0198:warn:vkd3d-proton:d3d12_device_QueryInterface: {0742a90b-c387-483f-b946-30a7e4e61458} not implemented, returning E_NOINTERFACE.
4846.172:0138:019c:warn:vkd3d-proton:d3d12_device_QueryInterface: {0742a90b-c387-483f-b946-30a7e4e61458} not implemented, returning E_NOINTERFACE.
4846.205:0138:01a0:warn:vkd3d-proton:d3d12_device_QueryInterface: {0742a90b-c387-483f-b946-30a7e4e61458} not implemented, returning E_NOINTERFACE.
4846.242:0138:0198:warn:vkd3d-proton:d3d12_device_QueryInterface: {0742a90b-c387-483f-b946-30a7e4e61458} not implemented, returning E_NOINTERFACE.
4846.275:0138:0194:warn:vkd3d-proton:d3d12_device_QueryInterface: {0742a90b-c387-483f-b946-30a7e4e61458} not implemented, returning E_NOINTERFACE.
4846.308:0138:01a0:warn:vkd3d-proton:d3d12_device_QueryInterface: {0742a90b-c387-483f-b946-30a7e4e61458} not implemented, returning E_NOINTERFACE.
4846.350:0138:0194:warn:vkd3d-proton:d3d12_device_QueryInterface: {0742a90b-c387-483f-b946-30a7e4e61458} not implemented, returning E_NOINTERFACE.
4846.391:0138:0198:warn:vkd3d-proton:d3d12_device_QueryInterface: {0742a90b-c387-483f-b946-30a7e4e61458} not implemented, returning E_NOINTERFACE.
4846.430:0138:0194:warn:vkd3d-proton:d3d12_device_QueryInterface: {0742a90b-c387-483f-b946-30a7e4e61458} not implemented, returning E_NOINTERFACE.
4846.471:0138:01a0:warn:vkd3d-proton:d3d12_device_QueryInterface: {0742a90b-c387-483f-b946-30a7e4e61458} not implemented, returning E_NOINTERFACE.
4846.509:0138:0198:warn:vkd3d-proton:d3d12_device_QueryInterface: {0742a90b-c387-483f-b946-30a7e4e61458} not implemented, returning E_NOINTERFACE.
4846.547:0138:019c:warn:vkd3d-proton:d3d12_device_QueryInterface: {0742a90b-c387-483f-b946-30a7e4e61458} not implemented, returning E_NOINTERFACE.
4846.582:0138:0194:warn:vkd3d-proton:d3d12_device_QueryInterface: {0742a90b-c387-483f-b946-30a7e4e61458} not implemented, returning E_NOINTERFACE.
4846.615:0138:01a0:warn:vkd3d-proton:d3d12_device_QueryInterface: {0742a90b-c387-483f-b946-30a7e4e61458} not implemented, returning E_NOINTERFACE.
4846.650:0138:0198:warn:vkd3d-proton:d3d12_device_QueryInterface: {0742a90b-c387-483f-b946-30a7e4e61458} not implemented, returning E_NOINTERFACE.
4846.686:0138:019c:warn:vkd3d-proton:d3d12_device_QueryInterface: {0742a90b-c387-483f-b946-30a7e4e61458} not implemented, returning E_NOINTERFACE.
4846.729:0138:0198:warn:vkd3d-proton:d3d12_device_QueryInterface: {0742a90b-c387-483f-b946-30a7e4e61458} not implemented, returning E_NOINTERFACE.
4846.767:0138:0194:warn:vkd3d-proton:d3d12_device_QueryInterface: {0742a90b-c387-483f-b946-30a7e4e61458} not implemented, returning E_NOINTERFACE.
4846.806:0138:019c:warn:vkd3d-proton:d3d12_device_QueryInterface: {0742a90b-c387-483f-b946-30a7e4e61458} not implemented, returning E_NOINTERFACE.
4846.839:0138:0194:warn:vkd3d-proton:d3d12_device_QueryInterface: {0742a90b-c387-483f-b946-30a7e4e61458} not implemented, returning E_NOINTERFACE.
4846.870:0138:0198:warn:vkd3d-proton:d3d12_device_QueryInterface: {0742a90b-c387-483f-b946-30a7e4e61458} not implemented, returning E_NOINTERFACE.
4846.906:0138:019c:warn:vkd3d-proton:d3d12_device_QueryInterface: {0742a90b-c387-483f-b946-30a7e4e61458} not implemented, returning E_NOINTERFACE.
4846.943:0138:0198:warn:vkd3d-proton:d3d12_device_QueryInterface: {0742a90b-c387-483f-b946-30a7e4e61458} not implemented, returning E_NOINTERFACE.
4846.977:0138:019c:warn:vkd3d-proton:d3d12_device_QueryInterface: {0742a90b-c387-483f-b946-30a7e4e61458} not implemented, returning E_NOINTERFACE.
4847.014:0138:0194:warn:vkd3d-proton:d3d12_device_QueryInterface: {0742a90b-c387-483f-b946-30a7e4e61458} not implemented, returning E_NOINTERFACE.
4847.057:0138:01a0:warn:vkd3d-proton:d3d12_device_QueryInterface: {0742a90b-c387-483f-b946-30a7e4e61458} not implemented, returning E_NOINTERFACE.
4847.092:0138:0198:warn:vkd3d-proton:d3d12_device_QueryInterface: {0742a90b-c387-483f-b946-30a7e4e61458} not implemented, returning E_NOINTERFACE.
4847.125:0138:01a0:warn:vkd3d-proton:d3d12_device_QueryInterface: {0742a90b-c387-483f-b946-30a7e4e61458} not implemented, returning E_NOINTERFACE.
4847.158:0138:01a0:warn:vkd3d-proton:d3d12_device_QueryInterface: {0742a90b-c387-483f-b946-30a7e4e61458} not implemented, returning E_NOINTERFACE.
4847.193:0138:0198:warn:vkd3d-proton:d3d12_device_QueryInterface: {0742a90b-c387-483f-b946-30a7e4e61458} not implemented, returning E_NOINTERFACE.
4847.224:0138:0194:warn:vkd3d-proton:d3d12_device_QueryInterface: {0742a90b-c387-483f-b946-30a7e4e61458} not implemented, returning E_NOINTERFACE.
4847.261:0138:01a0:warn:vkd3d-proton:d3d12_device_QueryInterface: {0742a90b-c387-483f-b946-30a7e4e61458} not implemented, returning E_NOINTERFACE.
4847.296:0138:019c:warn:vkd3d-proton:d3d12_device_QueryInterface: {0742a90b-c387-483f-b946-30a7e4e61458} not implemented, returning E_NOINTERFACE.
4847.328:0138:0198:warn:vkd3d-proton:d3d12_device_QueryInterface: {0742a90b-c387-483f-b946-30a7e4e61458} not implemented, returning E_NOINTERFACE.
4847.359:0138:0194:warn:vkd3d-proton:d3d12_device_QueryInterface: {0742a90b-c387-483f-b946-30a7e4e61458} not implemented, returning E_NOINTERFACE.
4847.391:0138:0198:warn:vkd3d-proton:d3d12_device_QueryInterface: {0742a90b-c387-483f-b946-30a7e4e61458} not implemented, returning E_NOINTERFACE.
4847.427:0138:0194:warn:vkd3d-proton:d3d12_device_QueryInterface: {0742a90b-c387-483f-b946-30a7e4e61458} not implemented, returning E_NOINTERFACE.
4847.464:0138:019c:warn:vkd3d-proton:d3d12_device_QueryInterface: {0742a90b-c387-483f-b946-30a7e4e61458} not implemented, returning E_NOINTERFACE.
4847.500:0138:0198:warn:vkd3d-proton:d3d12_device_QueryInterface: {0742a90b-c387-483f-b946-30a7e4e61458} not implemented, returning E_NOINTERFACE.
4847.538:0138:01a0:warn:vkd3d-proton:d3d12_device_QueryInterface: {0742a90b-c387-483f-b946-30a7e4e61458} not implemented, returning E_NOINTERFACE.
4847.573:0138:0194:warn:vkd3d-proton:d3d12_device_QueryInterface: {0742a90b-c387-483f-b946-30a7e4e61458} not implemented, returning E_NOINTERFACE.
4847.607:0138:019c:warn:vkd3d-proton:d3d12_device_QueryInterface: {0742a90b-c387-483f-b946-30a7e4e61458} not implemented, returning E_NOINTERFACE.
4847.641:0138:0194:warn:vkd3d-proton:d3d12_device_QueryInterface: {0742a90b-c387-483f-b946-30a7e4e61458} not implemented, returning E_NOINTERFACE.
4847.673:0138:019c:warn:vkd3d-proton:d3d12_device_QueryInterface: {0742a90b-c387-483f-b946-30a7e4e61458} not implemented, returning E_NOINTERFACE.
4847.708:0138:0194:warn:vkd3d-proton:d3d12_device_QueryInterface: {0742a90b-c387-483f-b946-30a7e4e61458} not implemented, returning E_NOINTERFACE.
4847.740:0138:0198:warn:vkd3d-proton:d3d12_device_QueryInterface: {0742a90b-c387-483f-b946-30a7e4e61458} not implemented, returning E_NOINTERFACE.
4847.773:0138:01a0:warn:vkd3d-proton:d3d12_device_QueryInterface: {0742a90b-c387-483f-b946-30a7e4e61458} not implemented, returning E_NOINTERFACE.
4847.807:0138:019c:warn:vkd3d-proton:d3d12_device_QueryInterface: {0742a90b-c387-483f-b946-30a7e4e61458} not implemented, returning E_NOINTERFACE.
4847.840:0138:0194:warn:vkd3d-proton:d3d12_device_QueryInterface: {0742a90b-c387-483f-b946-30a7e4e61458} not implemented, returning E_NOINTERFACE.
4847.880:0138:0198:warn:vkd3d-proton:d3d12_device_QueryInterface: {0742a90b-c387-483f-b946-30a7e4e61458} not implemented, returning E_NOINTERFACE.
4847.919:0138:019c:warn:vkd3d-proton:d3d12_device_QueryInterface: {0742a90b-c387-483f-b946-30a7e4e61458} not implemented, returning E_NOINTERFACE.
4847.956:0138:01a0:warn:vkd3d-proton:d3d12_device_QueryInterface: {0742a90b-c387-483f-b946-30a7e4e61458} not implemented, returning E_NOINTERFACE.
4847.959:0138:01a0:warn:vkd3d-proton:d3d12_device_QueryInterface: {0742a90b-c387-483f-b946-30a7e4e61458} not implemented, returning E_NOINTERFACE.
4847.972:0138:019c:warn:vkd3d-proton:d3d12_device_QueryInterface: {0742a90b-c387-483f-b946-30a7e4e61458} not implemented, returning E_NOINTERFACE.
4847.987:0138:019c:warn:vkd3d-proton:d3d12_device_QueryInterface: {0742a90b-c387-483f-b946-30a7e4e61458} not implemented, returning E_NOINTERFACE.
4848.023:0138:0194:warn:vkd3d-proton:d3d12_device_QueryInterface: {0742a90b-c387-483f-b946-30a7e4e61458} not implemented, returning E_NOINTERFACE.
4848.058:0138:019c:warn:vkd3d-proton:d3d12_device_QueryInterface: {0742a90b-c387-483f-b946-30a7e4e61458} not implemented, returning E_NOINTERFACE.
4848.091:0138:0194:warn:vkd3d-proton:d3d12_device_QueryInterface: {0742a90b-c387-483f-b946-30a7e4e61458} not implemented, returning E_NOINTERFACE.
4848.130:0138:0198:warn:vkd3d-proton:d3d12_device_QueryInterface: {0742a90b-c387-483f-b946-30a7e4e61458} not implemented, returning E_NOINTERFACE.
4848.168:0138:019c:warn:vkd3d-proton:d3d12_device_QueryInterface: {0742a90b-c387-483f-b946-30a7e4e61458} not implemented, returning E_NOINTERFACE.
4848.205:0138:01a0:warn:vkd3d-proton:d3d12_device_QueryInterface: {0742a90b-c387-483f-b946-30a7e4e61458} not implemented, returning E_NOINTERFACE.
4848.245:0138:0194:warn:vkd3d-proton:d3d12_device_QueryInterface: {0742a90b-c387-483f-b946-30a7e4e61458} not implemented, returning E_NOINTERFACE.
4848.277:0138:01a0:warn:vkd3d-proton:d3d12_device_QueryInterface: {0742a90b-c387-483f-b946-30a7e4e61458} not implemented, returning E_NOINTERFACE.
4848.320:0138:0198:warn:vkd3d-proton:d3d12_device_QueryInterface: {0742a90b-c387-483f-b946-30a7e4e61458} not implemented, returning E_NOINTERFACE.
4848.354:0138:019c:warn:vkd3d-proton:d3d12_device_QueryInterface: {0742a90b-c387-483f-b946-30a7e4e61458} not implemented, returning E_NOINTERFACE.
4848.390:0138:0198:warn:vkd3d-proton:d3d12_device_QueryInterface: {0742a90b-c387-483f-b946-30a7e4e61458} not implemented, returning E_NOINTERFACE.
4848.419:0138:0194:warn:vkd3d-proton:d3d12_device_QueryInterface: {0742a90b-c387-483f-b946-30a7e4e61458} not implemented, returning E_NOINTERFACE.
4848.453:0138:01a0:warn:vkd3d-proton:d3d12_device_QueryInterface: {0742a90b-c387-483f-b946-30a7e4e61458} not implemented, returning E_NOINTERFACE.
4848.486:0138:019c:warn:vkd3d-proton:d3d12_device_QueryInterface: {0742a90b-c387-483f-b946-30a7e4e61458} not implemented, returning E_NOINTERFACE.
4848.520:0138:0194:warn:vkd3d-proton:d3d12_device_QueryInterface: {0742a90b-c387-483f-b946-30a7e4e61458} not implemented, returning E_NOINTERFACE.
4848.561:0138:019c:warn:vkd3d-proton:d3d12_device_QueryInterface: {0742a90b-c387-483f-b946-30a7e4e61458} not implemented, returning E_NOINTERFACE.
4848.599:0138:0198:warn:vkd3d-proton:d3d12_device_QueryInterface: {0742a90b-c387-483f-b946-30a7e4e61458} not implemented, returning E_NOINTERFACE.
4848.630:0138:019c:warn:vkd3d-proton:d3d12_device_QueryInterface: {0742a90b-c387-483f-b946-30a7e4e61458} not implemented, returning E_NOINTERFACE.
4848.662:0138:0198:warn:vkd3d-proton:d3d12_device_QueryInterface: {0742a90b-c387-483f-b946-30a7e4e61458} not implemented, returning E_NOINTERFACE.
4848.698:0138:019c:warn:vkd3d-proton:d3d12_device_QueryInterface: {0742a90b-c387-483f-b946-30a7e4e61458} not implemented, returning E_NOINTERFACE.
4848.731:0138:0194:warn:vkd3d-proton:d3d12_device_QueryInterface: {0742a90b-c387-483f-b946-30a7e4e61458} not implemented, returning E_NOINTERFACE.
4848.761:0138:0198:warn:vkd3d-proton:d3d12_device_QueryInterface: {0742a90b-c387-483f-b946-30a7e4e61458} not implemented, returning E_NOINTERFACE.
4848.793:0138:0194:warn:vkd3d-proton:d3d12_device_QueryInterface: {0742a90b-c387-483f-b946-30a7e4e61458} not implemented, returning E_NOINTERFACE.
4848.828:0138:01a0:warn:vkd3d-proton:d3d12_device_QueryInterface: {0742a90b-c387-483f-b946-30a7e4e61458} not implemented, returning E_NOINTERFACE.
4848.860:0138:0194:warn:vkd3d-proton:d3d12_device_QueryInterface: {0742a90b-c387-483f-b946-30a7e4e61458} not implemented, returning E_NOINTERFACE.
4848.902:0138:0198:warn:vkd3d-proton:d3d12_device_QueryInterface: {0742a90b-c387-483f-b946-30a7e4e61458} not implemented, returning E_NOINTERFACE.
4848.932:0138:0194:warn:vkd3d-proton:d3d12_device_QueryInterface: {0742a90b-c387-483f-b946-30a7e4e61458} not implemented, returning E_NOINTERFACE.
4848.968:0138:0198:warn:vkd3d-proton:d3d12_device_QueryInterface: {0742a90b-c387-483f-b946-30a7e4e61458} not implemented, returning E_NOINTERFACE.
4849.001:0138:0194:warn:vkd3d-proton:d3d12_device_QueryInterface: {0742a90b-c387-483f-b946-30a7e4e61458} not implemented, returning E_NOINTERFACE.
4849.033:0138:01a0:warn:vkd3d-proton:d3d12_device_QueryInterface: {0742a90b-c387-483f-b946-30a7e4e61458} not implemented, returning E_NOINTERFACE.
4849.067:0138:0194:warn:vkd3d-proton:d3d12_device_QueryInterface: {0742a90b-c387-483f-b946-30a7e4e61458} not implemented, returning E_NOINTERFACE.
4849.105:0138:019c:warn:vkd3d-proton:d3d12_device_QueryInterface: {0742a90b-c387-483f-b946-30a7e4e61458} not implemented, returning E_NOINTERFACE.
4849.136:0138:0194:warn:vkd3d-proton:d3d12_device_QueryInterface: {0742a90b-c387-483f-b946-30a7e4e61458} not implemented, returning E_NOINTERFACE.
4849.169:0138:0198:warn:vkd3d-proton:d3d12_device_QueryInterface: {0742a90b-c387-483f-b946-30a7e4e61458} not implemented, returning E_NOINTERFACE.
4849.205:0138:0198:warn:vkd3d-proton:d3d12_device_QueryInterface: {0742a90b-c387-483f-b946-30a7e4e61458} not implemented, returning E_NOINTERFACE.
4849.235:0138:01a0:warn:vkd3d-proton:d3d12_device_QueryInterface: {0742a90b-c387-483f-b946-30a7e4e61458} not implemented, returning E_NOINTERFACE.
4849.274:0138:019c:warn:vkd3d-proton:d3d12_device_QueryInterface: {0742a90b-c387-483f-b946-30a7e4e61458} not implemented, returning E_NOINTERFACE.
4849.312:0138:0194:warn:vkd3d-proton:d3d12_device_QueryInterface: {0742a90b-c387-483f-b946-30a7e4e61458} not implemented, returning E_NOINTERFACE.
4849.348:0138:01a0:warn:vkd3d-proton:d3d12_device_QueryInterface: {0742a90b-c387-483f-b946-30a7e4e61458} not implemented, returning E_NOINTERFACE.
4849.380:0138:0198:warn:vkd3d-proton:d3d12_device_QueryInterface: {0742a90b-c387-483f-b946-30a7e4e61458} not implemented, returning E_NOINTERFACE.
4849.411:0138:019c:warn:vkd3d-proton:d3d12_device_QueryInterface: {0742a90b-c387-483f-b946-30a7e4e61458} not implemented, returning E_NOINTERFACE.
4849.447:0138:0198:warn:vkd3d-proton:d3d12_device_QueryInterface: {0742a90b-c387-483f-b946-30a7e4e61458} not implemented, returning E_NOINTERFACE.
4849.486:0138:0194:warn:vkd3d-proton:d3d12_device_QueryInterface: {0742a90b-c387-483f-b946-30a7e4e61458} not implemented, returning E_NOINTERFACE.
4849.520:0138:019c:warn:vkd3d-proton:d3d12_device_QueryInterface: {0742a90b-c387-483f-b946-30a7e4e61458} not implemented, returning E_NOINTERFACE.
4849.555:0138:019c:warn:vkd3d-proton:d3d12_device_QueryInterface: {0742a90b-c387-483f-b946-30a7e4e61458} not implemented, returning E_NOINTERFACE.
4849.596:0138:0194:warn:vkd3d-proton:d3d12_device_QueryInterface: {0742a90b-c387-483f-b946-30a7e4e61458} not implemented, returning E_NOINTERFACE.
4849.635:0138:0198:warn:vkd3d-proton:d3d12_device_QueryInterface: {0742a90b-c387-483f-b946-30a7e4e61458} not implemented, returning E_NOINTERFACE.
4849.671:0138:0194:warn:vkd3d-proton:d3d12_device_QueryInterface: {0742a90b-c387-483f-b946-30a7e4e61458} not implemented, returning E_NOINTERFACE.
4849.707:0138:01a0:warn:vkd3d-proton:d3d12_device_QueryInterface: {0742a90b-c387-483f-b946-30a7e4e61458} not implemented, returning E_NOINTERFACE.
4849.740:0138:0198:warn:vkd3d-proton:d3d12_device_QueryInterface: {0742a90b-c387-483f-b946-30a7e4e61458} not implemented, returning E_NOINTERFACE.
4849.770:0138:0194:warn:vkd3d-proton:d3d12_device_QueryInterface: {0742a90b-c387-483f-b946-30a7e4e61458} not implemented, returning E_NOINTERFACE.
4849.802:0138:019c:warn:vkd3d-proton:d3d12_device_QueryInterface: {0742a90b-c387-483f-b946-30a7e4e61458} not implemented, returning E_NOINTERFACE.
4849.834:0138:0194:warn:vkd3d-proton:d3d12_device_QueryInterface: {0742a90b-c387-483f-b946-30a7e4e61458} not implemented, returning E_NOINTERFACE.
4849.866:0138:019c:warn:vkd3d-proton:d3d12_device_QueryInterface: {0742a90b-c387-483f-b946-30a7e4e61458} not implemented, returning E_NOINTERFACE.
4849.896:0138:0194:warn:vkd3d-proton:d3d12_device_QueryInterface: {0742a90b-c387-483f-b946-30a7e4e61458} not implemented, returning E_NOINTERFACE.
4849.934:0138:019c:warn:vkd3d-proton:d3d12_device_QueryInterface: {0742a90b-c387-483f-b946-30a7e4e61458} not implemented, returning E_NOINTERFACE.
4849.967:0138:0198:warn:vkd3d-proton:d3d12_device_QueryInterface: {0742a90b-c387-483f-b946-30a7e4e61458} not implemented, returning E_NOINTERFACE.
4849.999:0138:0194:warn:vkd3d-proton:d3d12_device_QueryInterface: {0742a90b-c387-483f-b946-30a7e4e61458} not implemented, returning E_NOINTERFACE.
4850.030:0138:019c:warn:vkd3d-proton:d3d12_device_QueryInterface: {0742a90b-c387-483f-b946-30a7e4e61458} not implemented, returning E_NOINTERFACE.
4850.065:0138:0198:warn:vkd3d-proton:d3d12_device_QueryInterface: {0742a90b-c387-483f-b946-30a7e4e61458} not implemented, returning E_NOINTERFACE.
4850.105:0138:019c:warn:vkd3d-proton:d3d12_device_QueryInterface: {0742a90b-c387-483f-b946-30a7e4e61458} not implemented, returning E_NOINTERFACE.
4850.142:0138:01a0:warn:vkd3d-proton:d3d12_device_QueryInterface: {0742a90b-c387-483f-b946-30a7e4e61458} not implemented, returning E_NOINTERFACE.
4850.172:0138:019c:warn:vkd3d-proton:d3d12_device_QueryInterface: {0742a90b-c387-483f-b946-30a7e4e61458} not implemented, returning E_NOINTERFACE.
4850.205:0138:0194:warn:vkd3d-proton:d3d12_device_QueryInterface: {0742a90b-c387-483f-b946-30a7e4e61458} not implemented, returning E_NOINTERFACE.
4850.237:0138:019c:warn:vkd3d-proton:d3d12_device_QueryInterface: {0742a90b-c387-483f-b946-30a7e4e61458} not implemented, returning E_NOINTERFACE.
4850.267:0138:0194:warn:vkd3d-proton:d3d12_device_QueryInterface: {0742a90b-c387-483f-b946-30a7e4e61458} not implemented, returning E_NOINTERFACE.
4850.301:0138:0198:warn:vkd3d-proton:d3d12_device_QueryInterface: {0742a90b-c387-483f-b946-30a7e4e61458} not implemented, returning E_NOINTERFACE.
4850.332:0138:019c:warn:vkd3d-proton:d3d12_device_QueryInterface: {0742a90b-c387-483f-b946-30a7e4e61458} not implemented, returning E_NOINTERFACE.
4850.364:0138:01a0:warn:vkd3d-proton:d3d12_device_QueryInterface: {0742a90b-c387-483f-b946-30a7e4e61458} not implemented, returning E_NOINTERFACE.
4850.402:0138:019c:warn:vkd3d-proton:d3d12_device_QueryInterface: {0742a90b-c387-483f-b946-30a7e4e61458} not implemented, returning E_NOINTERFACE.
4850.440:0138:0198:warn:vkd3d-proton:d3d12_device_QueryInterface: {0742a90b-c387-483f-b946-30a7e4e61458} not implemented, returning E_NOINTERFACE.
4850.476:0138:019c:warn:vkd3d-proton:d3d12_device_QueryInterface: {0742a90b-c387-483f-b946-30a7e4e61458} not implemented, returning E_NOINTERFACE.
4850.514:0138:0198:warn:vkd3d-proton:d3d12_device_QueryInterface: {0742a90b-c387-483f-b946-30a7e4e61458} not implemented, returning E_NOINTERFACE.
4850.546:0138:01a0:warn:vkd3d-proton:d3d12_device_QueryInterface: {0742a90b-c387-483f-b946-30a7e4e61458} not implemented, returning E_NOINTERFACE.
4850.584:0138:0198:warn:vkd3d-proton:d3d12_device_QueryInterface: {0742a90b-c387-483f-b946-30a7e4e61458} not implemented, returning E_NOINTERFACE.
4850.620:0138:0194:warn:vkd3d-proton:d3d12_device_QueryInterface: {0742a90b-c387-483f-b946-30a7e4e61458} not implemented, returning E_NOINTERFACE.
4850.656:0138:019c:warn:vkd3d-proton:d3d12_device_QueryInterface: {0742a90b-c387-483f-b946-30a7e4e61458} not implemented, returning E_NOINTERFACE.
4850.696:0138:0194:warn:vkd3d-proton:d3d12_device_QueryInterface: {0742a90b-c387-483f-b946-30a7e4e61458} not implemented, returning E_NOINTERFACE.
4850.731:0138:019c:warn:vkd3d-proton:d3d12_device_QueryInterface: {0742a90b-c387-483f-b946-30a7e4e61458} not implemented, returning E_NOINTERFACE.
4850.769:0138:0194:warn:vkd3d-proton:d3d12_device_QueryInterface: {0742a90b-c387-483f-b946-30a7e4e61458} not implemented, returning E_NOINTERFACE.
4850.799:0138:01a0:warn:vkd3d-proton:d3d12_device_QueryInterface: {0742a90b-c387-483f-b946-30a7e4e61458} not implemented, returning E_NOINTERFACE.
4850.831:0138:019c:warn:vkd3d-proton:d3d12_device_QueryInterface: {0742a90b-c387-483f-b946-30a7e4e61458} not implemented, returning E_NOINTERFACE.
4850.859:0138:0198:warn:vkd3d-proton:d3d12_device_QueryInterface: {0742a90b-c387-483f-b946-30a7e4e61458} not implemented, returning E_NOINTERFACE.
4850.893:0138:019c:warn:vkd3d-proton:d3d12_device_QueryInterface: {0742a90b-c387-483f-b946-30a7e4e61458} not implemented, returning E_NOINTERFACE.
4850.925:0138:0198:warn:vkd3d-proton:d3d12_device_QueryInterface: {0742a90b-c387-483f-b946-30a7e4e61458} not implemented, returning E_NOINTERFACE.
4850.959:0138:0194:warn:vkd3d-proton:d3d12_device_QueryInterface: {0742a90b-c387-483f-b946-30a7e4e61458} not implemented, returning E_NOINTERFACE.
4850.990:0138:01a0:warn:vkd3d-proton:d3d12_device_QueryInterface: {0742a90b-c387-483f-b946-30a7e4e61458} not implemented, returning E_NOINTERFACE.
4851.020:0138:0194:warn:vkd3d-proton:d3d12_device_QueryInterface: {0742a90b-c387-483f-b946-30a7e4e61458} not implemented, returning E_NOINTERFACE.
4851.055:0138:0198:warn:vkd3d-proton:d3d12_device_QueryInterface: {0742a90b-c387-483f-b946-30a7e4e61458} not implemented, returning E_NOINTERFACE.
4851.087:0138:01a0:warn:vkd3d-proton:d3d12_device_QueryInterface: {0742a90b-c387-483f-b946-30a7e4e61458} not implemented, returning E_NOINTERFACE.
4851.121:0138:0194:warn:vkd3d-proton:d3d12_device_QueryInterface: {0742a90b-c387-483f-b946-30a7e4e61458} not implemented, returning E_NOINTERFACE.
4851.150:0138:019c:warn:vkd3d-proton:d3d12_device_QueryInterface: {0742a90b-c387-483f-b946-30a7e4e61458} not implemented, returning E_NOINTERFACE.
4851.183:0138:0198:warn:vkd3d-proton:d3d12_device_QueryInterface: {0742a90b-c387-483f-b946-30a7e4e61458} not implemented, returning E_NOINTERFACE.
4851.217:0138:01a0:warn:vkd3d-proton:d3d12_device_QueryInterface: {0742a90b-c387-483f-b946-30a7e4e61458} not implemented, returning E_NOINTERFACE.
4851.253:0138:019c:warn:vkd3d-proton:d3d12_device_QueryInterface: {0742a90b-c387-483f-b946-30a7e4e61458} not implemented, returning E_NOINTERFACE.
4851.284:0138:0198:warn:vkd3d-proton:d3d12_device_QueryInterface: {0742a90b-c387-483f-b946-30a7e4e61458} not implemented, returning E_NOINTERFACE.
4851.317:0138:0194:warn:vkd3d-proton:d3d12_device_QueryInterface: {0742a90b-c387-483f-b946-30a7e4e61458} not implemented, returning E_NOINTERFACE.
4851.354:0138:0198:warn:vkd3d-proton:d3d12_device_QueryInterface: {0742a90b-c387-483f-b946-30a7e4e61458} not implemented, returning E_NOINTERFACE.
4851.396:0138:0194:warn:vkd3d-proton:d3d12_device_QueryInterface: {0742a90b-c387-483f-b946-30a7e4e61458} not implemented, returning E_NOINTERFACE.
4851.428:0138:019c:warn:vkd3d-proton:d3d12_device_QueryInterface: {0742a90b-c387-483f-b946-30a7e4e61458} not implemented, returning E_NOINTERFACE.
4851.461:0138:0198:warn:vkd3d-proton:d3d12_device_QueryInterface: {0742a90b-c387-483f-b946-30a7e4e61458} not implemented, returning E_NOINTERFACE.
4851.497:0138:0194:warn:vkd3d-proton:d3d12_device_QueryInterface: {0742a90b-c387-483f-b946-30a7e4e61458} not implemented, returning E_NOINTERFACE.
4851.531:0138:019c:warn:vkd3d-proton:d3d12_device_QueryInterface: {0742a90b-c387-483f-b946-30a7e4e61458} not implemented, returning E_NOINTERFACE.
4851.562:0138:0198:warn:vkd3d-proton:d3d12_device_QueryInterface: {0742a90b-c387-483f-b946-30a7e4e61458} not implemented, returning E_NOINTERFACE.
4851.593:0138:019c:warn:vkd3d-proton:d3d12_device_QueryInterface: {0742a90b-c387-483f-b946-30a7e4e61458} not implemented, returning E_NOINTERFACE.
4851.626:0138:0198:warn:vkd3d-proton:d3d12_device_QueryInterface: {0742a90b-c387-483f-b946-30a7e4e61458} not implemented, returning E_NOINTERFACE.
4851.669:0138:019c:warn:vkd3d-proton:d3d12_device_QueryInterface: {0742a90b-c387-483f-b946-30a7e4e61458} not implemented, returning E_NOINTERFACE.
4851.700:0138:0194:warn:vkd3d-proton:d3d12_device_QueryInterface: {0742a90b-c387-483f-b946-30a7e4e61458} not implemented, returning E_NOINTERFACE.
4851.732:0138:01a0:warn:vkd3d-proton:d3d12_device_QueryInterface: {0742a90b-c387-483f-b946-30a7e4e61458} not implemented, returning E_NOINTERFACE.
4851.770:0138:0194:warn:vkd3d-proton:d3d12_device_QueryInterface: {0742a90b-c387-483f-b946-30a7e4e61458} not implemented, returning E_NOINTERFACE.
4851.809:0138:019c:warn:vkd3d-proton:d3d12_device_QueryInterface: {0742a90b-c387-483f-b946-30a7e4e61458} not implemented, returning E_NOINTERFACE.
4851.840:0138:0194:warn:vkd3d-proton:d3d12_device_QueryInterface: {0742a90b-c387-483f-b946-30a7e4e61458} not implemented, returning E_NOINTERFACE.
4851.873:0138:01a0:warn:vkd3d-proton:d3d12_device_QueryInterface: {0742a90b-c387-483f-b946-30a7e4e61458} not implemented, returning E_NOINTERFACE.
4851.910:0138:0198:warn:vkd3d-proton:d3d12_device_QueryInterface: {0742a90b-c387-483f-b946-30a7e4e61458} not implemented, returning E_NOINTERFACE.
4851.944:0138:01a0:warn:vkd3d-proton:d3d12_device_QueryInterface: {0742a90b-c387-483f-b946-30a7e4e61458} not implemented, returning E_NOINTERFACE.
4851.971:0138:019c:warn:vkd3d-proton:d3d12_device_QueryInterface: {0742a90b-c387-483f-b946-30a7e4e61458} not implemented, returning E_NOINTERFACE.
4852.009:0138:01a0:warn:vkd3d-proton:d3d12_device_QueryInterface: {0742a90b-c387-483f-b946-30a7e4e61458} not implemented, returning E_NOINTERFACE.
4852.042:0138:0198:warn:vkd3d-proton:d3d12_device_QueryInterface: {0742a90b-c387-483f-b946-30a7e4e61458} not implemented, returning E_NOINTERFACE.
4852.073:0138:019c:warn:vkd3d-proton:d3d12_device_QueryInterface: {0742a90b-c387-483f-b946-30a7e4e61458} not implemented, returning E_NOINTERFACE.
4852.097:0138:0194:warn:vkd3d-proton:d3d12_device_QueryInterface: {0742a90b-c387-483f-b946-30a7e4e61458} not implemented, returning E_NOINTERFACE.
4852.134:0138:0198:warn:vkd3d-proton:d3d12_device_QueryInterface: {0742a90b-c387-483f-b946-30a7e4e61458} not implemented, returning E_NOINTERFACE.
4852.172:0138:01a0:warn:vkd3d-proton:d3d12_device_QueryInterface: {0742a90b-c387-483f-b946-30a7e4e61458} not implemented, returning E_NOINTERFACE.
4852.206:0138:0198:warn:vkd3d-proton:d3d12_device_QueryInterface: {0742a90b-c387-483f-b946-30a7e4e61458} not implemented, returning E_NOINTERFACE.
4852.225:0138:019c:warn:vkd3d-proton:d3d12_device_QueryInterface: {0742a90b-c387-483f-b946-30a7e4e61458} not implemented, returning E_NOINTERFACE.
4852.268:0138:0198:warn:vkd3d-proton:d3d12_device_QueryInterface: {0742a90b-c387-483f-b946-30a7e4e61458} not implemented, returning E_NOINTERFACE.
4852.305:0138:01a0:warn:vkd3d-proton:d3d12_device_QueryInterface: {0742a90b-c387-483f-b946-30a7e4e61458} not implemented, returning E_NOINTERFACE.
4852.340:0138:019c:warn:vkd3d-proton:d3d12_device_QueryInterface: {0742a90b-c387-483f-b946-30a7e4e61458} not implemented, returning E_NOINTERFACE.
4852.384:0138:0194:warn:vkd3d-proton:d3d12_device_QueryInterface: {0742a90b-c387-483f-b946-30a7e4e61458} not implemented, returning E_NOINTERFACE.
4852.424:0138:0198:warn:vkd3d-proton:d3d12_device_QueryInterface: {0742a90b-c387-483f-b946-30a7e4e61458} not implemented, returning E_NOINTERFACE.
4852.464:0138:019c:warn:vkd3d-proton:d3d12_device_QueryInterface: {0742a90b-c387-483f-b946-30a7e4e61458} not implemented, returning E_NOINTERFACE.
4852.469:0138:019c:warn:vkd3d-proton:d3d12_device_QueryInterface: {0742a90b-c387-483f-b946-30a7e4e61458} not implemented, returning E_NOINTERFACE.
4852.481:0138:019c:warn:vkd3d-proton:d3d12_device_QueryInterface: {0742a90b-c387-483f-b946-30a7e4e61458} not implemented, returning E_NOINTERFACE.
4852.500:0138:019c:warn:vkd3d-proton:d3d12_device_QueryInterface: {0742a90b-c387-483f-b946-30a7e4e61458} not implemented, returning E_NOINTERFACE.
4852.537:0138:0194:warn:vkd3d-proton:d3d12_device_QueryInterface: {0742a90b-c387-483f-b946-30a7e4e61458} not implemented, returning E_NOINTERFACE.
4852.575:0138:01a0:warn:vkd3d-proton:d3d12_device_QueryInterface: {0742a90b-c387-483f-b946-30a7e4e61458} not implemented, returning E_NOINTERFACE.
4852.615:0138:0198:warn:vkd3d-proton:d3d12_device_QueryInterface: {0742a90b-c387-483f-b946-30a7e4e61458} not implemented, returning E_NOINTERFACE.
4852.650:0138:0194:warn:vkd3d-proton:d3d12_device_QueryInterface: {0742a90b-c387-483f-b946-30a7e4e61458} not implemented, returning E_NOINTERFACE.
4852.683:0138:0198:warn:vkd3d-proton:d3d12_device_QueryInterface: {0742a90b-c387-483f-b946-30a7e4e61458} not implemented, returning E_NOINTERFACE.
4852.719:0138:01a0:warn:vkd3d-proton:d3d12_device_QueryInterface: {0742a90b-c387-483f-b946-30a7e4e61458} not implemented, returning E_NOINTERFACE.
4852.746:0138:0198:warn:vkd3d-proton:d3d12_device_QueryInterface: {0742a90b-c387-483f-b946-30a7e4e61458} not implemented, returning E_NOINTERFACE.
4852.778:0138:0194:warn:vkd3d-proton:d3d12_device_QueryInterface: {0742a90b-c387-483f-b946-30a7e4e61458} not implemented, returning E_NOINTERFACE.
4852.810:0138:01a0:warn:vkd3d-proton:d3d12_device_QueryInterface: {0742a90b-c387-483f-b946-30a7e4e61458} not implemented, returning E_NOINTERFACE.
4852.849:0138:0198:warn:vkd3d-proton:d3d12_device_QueryInterface: {0742a90b-c387-483f-b946-30a7e4e61458} not implemented, returning E_NOINTERFACE.
4852.887:0138:019c:warn:vkd3d-proton:d3d12_device_QueryInterface: {0742a90b-c387-483f-b946-30a7e4e61458} not implemented, returning E_NOINTERFACE.
4852.925:0138:01a0:warn:vkd3d-proton:d3d12_device_QueryInterface: {0742a90b-c387-483f-b946-30a7e4e61458} not implemented, returning E_NOINTERFACE.
4852.962:0138:01a0:warn:vkd3d-proton:d3d12_device_QueryInterface: {0742a90b-c387-483f-b946-30a7e4e61458} not implemented, returning E_NOINTERFACE.
4852.996:0138:0198:warn:vkd3d-proton:d3d12_device_QueryInterface: {0742a90b-c387-483f-b946-30a7e4e61458} not implemented, returning E_NOINTERFACE.
4853.028:0138:01a0:warn:vkd3d-proton:d3d12_device_QueryInterface: {0742a90b-c387-483f-b946-30a7e4e61458} not implemented, returning E_NOINTERFACE.
4853.065:0138:0194:warn:vkd3d-proton:d3d12_device_QueryInterface: {0742a90b-c387-483f-b946-30a7e4e61458} not implemented, returning E_NOINTERFACE.
4853.104:0138:0198:warn:vkd3d-proton:d3d12_device_QueryInterface: {0742a90b-c387-483f-b946-30a7e4e61458} not implemented, returning E_NOINTERFACE.
4853.141:0138:019c:warn:vkd3d-proton:d3d12_device_QueryInterface: {0742a90b-c387-483f-b946-30a7e4e61458} not implemented, returning E_NOINTERFACE.
4853.182:0138:019c:warn:vkd3d-proton:d3d12_device_QueryInterface: {0742a90b-c387-483f-b946-30a7e4e61458} not implemented, returning E_NOINTERFACE.
4853.218:0138:0198:warn:vkd3d-proton:d3d12_device_QueryInterface: {0742a90b-c387-483f-b946-30a7e4e61458} not implemented, returning E_NOINTERFACE.
4853.250:0138:0198:warn:vkd3d-proton:d3d12_device_QueryInterface: {0742a90b-c387-483f-b946-30a7e4e61458} not implemented, returning E_NOINTERFACE.
4853.289:0138:0194:warn:vkd3d-proton:d3d12_device_QueryInterface: {0742a90b-c387-483f-b946-30a7e4e61458} not implemented, returning E_NOINTERFACE.
4853.323:0138:019c:warn:vkd3d-proton:d3d12_device_QueryInterface: {0742a90b-c387-483f-b946-30a7e4e61458} not implemented, returning E_NOINTERFACE.
4853.363:0138:0194:warn:vkd3d-proton:d3d12_device_QueryInterface: {0742a90b-c387-483f-b946-30a7e4e61458} not implemented, returning E_NOINTERFACE.
4853.400:0138:01a0:warn:vkd3d-proton:d3d12_device_QueryInterface: {0742a90b-c387-483f-b946-30a7e4e61458} not implemented, returning E_NOINTERFACE.
4853.435:0138:0198:warn:vkd3d-proton:d3d12_device_QueryInterface: {0742a90b-c387-483f-b946-30a7e4e61458} not implemented, returning E_NOINTERFACE.
4853.473:0138:0194:warn:vkd3d-proton:d3d12_device_QueryInterface: {0742a90b-c387-483f-b946-30a7e4e61458} not implemented, returning E_NOINTERFACE.
4853.509:0138:01a0:warn:vkd3d-proton:d3d12_device_QueryInterface: {0742a90b-c387-483f-b946-30a7e4e61458} not implemented, returning E_NOINTERFACE.
4853.546:0138:019c:warn:vkd3d-proton:d3d12_device_QueryInterface: {0742a90b-c387-483f-b946-30a7e4e61458} not implemented, returning E_NOINTERFACE.
4853.583:0138:0194:warn:vkd3d-proton:d3d12_device_QueryInterface: {0742a90b-c387-483f-b946-30a7e4e61458} not implemented, returning E_NOINTERFACE.
4853.619:0138:0198:warn:vkd3d-proton:d3d12_device_QueryInterface: {0742a90b-c387-483f-b946-30a7e4e61458} not implemented, returning E_NOINTERFACE.
4853.658:0138:0194:warn:vkd3d-proton:d3d12_device_QueryInterface: {0742a90b-c387-483f-b946-30a7e4e61458} not implemented, returning E_NOINTERFACE.
4853.694:0138:019c:warn:vkd3d-proton:d3d12_device_QueryInterface: {0742a90b-c387-483f-b946-30a7e4e61458} not implemented, returning E_NOINTERFACE.
4853.727:0138:0198:warn:vkd3d-proton:d3d12_device_QueryInterface: {0742a90b-c387-483f-b946-30a7e4e61458} not implemented, returning E_NOINTERFACE.
4853.766:0138:01a0:warn:vkd3d-proton:d3d12_device_QueryInterface: {0742a90b-c387-483f-b946-30a7e4e61458} not implemented, returning E_NOINTERFACE.
4853.805:0138:019c:warn:vkd3d-proton:d3d12_device_QueryInterface: {0742a90b-c387-483f-b946-30a7e4e61458} not implemented, returning E_NOINTERFACE.
4853.842:0138:01a0:warn:vkd3d-proton:d3d12_device_QueryInterface: {0742a90b-c387-483f-b946-30a7e4e61458} not implemented, returning E_NOINTERFACE.
4853.877:0138:0198:warn:vkd3d-proton:d3d12_device_QueryInterface: {0742a90b-c387-483f-b946-30a7e4e61458} not implemented, returning E_NOINTERFACE.
4853.917:0138:019c:warn:vkd3d-proton:d3d12_device_QueryInterface: {0742a90b-c387-483f-b946-30a7e4e61458} not implemented, returning E_NOINTERFACE.
4853.954:0138:0194:warn:vkd3d-proton:d3d12_device_QueryInterface: {0742a90b-c387-483f-b946-30a7e4e61458} not implemented, returning E_NOINTERFACE.
4853.990:0138:0198:warn:vkd3d-proton:d3d12_device_QueryInterface: {0742a90b-c387-483f-b946-30a7e4e61458} not implemented, returning E_NOINTERFACE.
4854.022:0138:0194:warn:vkd3d-proton:d3d12_device_QueryInterface: {0742a90b-c387-483f-b946-30a7e4e61458} not implemented, returning E_NOINTERFACE.
4854.058:0138:0198:warn:vkd3d-proton:d3d12_device_QueryInterface: {0742a90b-c387-483f-b946-30a7e4e61458} not implemented, returning E_NOINTERFACE.
4854.062:0138:0198:warn:vkd3d-proton:d3d12_device_QueryInterface: {0742a90b-c387-483f-b946-30a7e4e61458} not implemented, returning E_NOINTERFACE.
4854.071:0138:01a0:warn:vkd3d-proton:d3d12_device_QueryInterface: {0742a90b-c387-483f-b946-30a7e4e61458} not implemented, returning E_NOINTERFACE.
4854.090:0138:019c:warn:vkd3d-proton:d3d12_device_QueryInterface: {0742a90b-c387-483f-b946-30a7e4e61458} not implemented, returning E_NOINTERFACE.
4854.125:0138:0198:warn:vkd3d-proton:d3d12_device_QueryInterface: {0742a90b-c387-483f-b946-30a7e4e61458} not implemented, returning E_NOINTERFACE.
4854.165:0138:0194:warn:vkd3d-proton:d3d12_device_QueryInterface: {0742a90b-c387-483f-b946-30a7e4e61458} not implemented, returning E_NOINTERFACE.
4854.204:0138:019c:warn:vkd3d-proton:d3d12_device_QueryInterface: {0742a90b-c387-483f-b946-30a7e4e61458} not implemented, returning E_NOINTERFACE.
4854.244:0138:01a0:warn:vkd3d-proton:d3d12_device_QueryInterface: {0742a90b-c387-483f-b946-30a7e4e61458} not implemented, returning E_NOINTERFACE.
4854.280:0138:0194:warn:vkd3d-proton:d3d12_device_QueryInterface: {0742a90b-c387-483f-b946-30a7e4e61458} not implemented, returning E_NOINTERFACE.
4854.311:0138:0198:warn:vkd3d-proton:d3d12_device_QueryInterface: {0742a90b-c387-483f-b946-30a7e4e61458} not implemented, returning E_NOINTERFACE.
4854.347:0138:01a0:warn:vkd3d-proton:d3d12_device_QueryInterface: {0742a90b-c387-483f-b946-30a7e4e61458} not implemented, returning E_NOINTERFACE.
4854.386:0138:0198:warn:vkd3d-proton:d3d12_device_QueryInterface: {0742a90b-c387-483f-b946-30a7e4e61458} not implemented, returning E_NOINTERFACE.
4854.425:0138:0194:warn:vkd3d-proton:d3d12_device_QueryInterface: {0742a90b-c387-483f-b946-30a7e4e61458} not implemented, returning E_NOINTERFACE.
4854.464:0138:019c:warn:vkd3d-proton:d3d12_device_QueryInterface: {0742a90b-c387-483f-b946-30a7e4e61458} not implemented, returning E_NOINTERFACE.
4854.505:0138:0194:warn:vkd3d-proton:d3d12_device_QueryInterface: {0742a90b-c387-483f-b946-30a7e4e61458} not implemented, returning E_NOINTERFACE.
4854.542:0138:0198:warn:vkd3d-proton:d3d12_device_QueryInterface: {0742a90b-c387-483f-b946-30a7e4e61458} not implemented, returning E_NOINTERFACE.
4854.575:0138:019c:warn:vkd3d-proton:d3d12_device_QueryInterface: {0742a90b-c387-483f-b946-30a7e4e61458} not implemented, returning E_NOINTERFACE.
4854.613:0138:0194:warn:vkd3d-proton:d3d12_device_QueryInterface: {0742a90b-c387-483f-b946-30a7e4e61458} not implemented, returning E_NOINTERFACE.
4854.649:0138:019c:warn:vkd3d-proton:d3d12_device_QueryInterface: {0742a90b-c387-483f-b946-30a7e4e61458} not implemented, returning E_NOINTERFACE.
4854.689:0138:0198:warn:vkd3d-proton:d3d12_device_QueryInterface: {0742a90b-c387-483f-b946-30a7e4e61458} not implemented, returning E_NOINTERFACE.
4854.718:0138:01a0:warn:vkd3d-proton:d3d12_device_QueryInterface: {0742a90b-c387-483f-b946-30a7e4e61458} not implemented, returning E_NOINTERFACE.
4854.751:0138:0194:warn:vkd3d-proton:d3d12_device_QueryInterface: {0742a90b-c387-483f-b946-30a7e4e61458} not implemented, returning E_NOINTERFACE.
4854.783:0138:0198:warn:vkd3d-proton:d3d12_device_QueryInterface: {0742a90b-c387-483f-b946-30a7e4e61458} not implemented, returning E_NOINTERFACE.
4854.819:0138:019c:warn:vkd3d-proton:d3d12_device_QueryInterface: {0742a90b-c387-483f-b946-30a7e4e61458} not implemented, returning E_NOINTERFACE.
4854.849:0138:0194:warn:vkd3d-proton:d3d12_device_QueryInterface: {0742a90b-c387-483f-b946-30a7e4e61458} not implemented, returning E_NOINTERFACE.
4854.882:0138:0198:warn:vkd3d-proton:d3d12_device_QueryInterface: {0742a90b-c387-483f-b946-30a7e4e61458} not implemented, returning E_NOINTERFACE.
4854.917:0138:0194:warn:vkd3d-proton:d3d12_device_QueryInterface: {0742a90b-c387-483f-b946-30a7e4e61458} not implemented, returning E_NOINTERFACE.
4854.953:0138:0198:warn:vkd3d-proton:d3d12_device_QueryInterface: {0742a90b-c387-483f-b946-30a7e4e61458} not implemented, returning E_NOINTERFACE.
4854.999:0138:019c:warn:vkd3d-proton:d3d12_device_QueryInterface: {0742a90b-c387-483f-b946-30a7e4e61458} not implemented, returning E_NOINTERFACE.
4855.033:0138:0194:warn:vkd3d-proton:d3d12_device_QueryInterface: {0742a90b-c387-483f-b946-30a7e4e61458} not implemented, returning E_NOINTERFACE.
4855.075:0138:0194:warn:vkd3d-proton:d3d12_device_QueryInterface: {0742a90b-c387-483f-b946-30a7e4e61458} not implemented, returning E_NOINTERFACE.
4855.114:0138:01a0:warn:vkd3d-proton:d3d12_device_QueryInterface: {0742a90b-c387-483f-b946-30a7e4e61458} not implemented, returning E_NOINTERFACE.
4855.148:0138:019c:warn:vkd3d-proton:d3d12_device_QueryInterface: {0742a90b-c387-483f-b946-30a7e4e61458} not implemented, returning E_NOINTERFACE.
4855.182:0138:0198:warn:vkd3d-proton:d3d12_device_QueryInterface: {0742a90b-c387-483f-b946-30a7e4e61458} not implemented, returning E_NOINTERFACE.
4855.212:0138:019c:warn:vkd3d-proton:d3d12_device_QueryInterface: {0742a90b-c387-483f-b946-30a7e4e61458} not implemented, returning E_NOINTERFACE.
4855.248:0138:0198:warn:vkd3d-proton:d3d12_device_QueryInterface: {0742a90b-c387-483f-b946-30a7e4e61458} not implemented, returning E_NOINTERFACE.
4855.279:0138:0194:warn:vkd3d-proton:d3d12_device_QueryInterface: {0742a90b-c387-483f-b946-30a7e4e61458} not implemented, returning E_NOINTERFACE.
4855.317:0138:019c:warn:vkd3d-proton:d3d12_device_QueryInterface: {0742a90b-c387-483f-b946-30a7e4e61458} not implemented, returning E_NOINTERFACE.
4855.347:0138:01a0:warn:vkd3d-proton:d3d12_device_QueryInterface: {0742a90b-c387-483f-b946-30a7e4e61458} not implemented, returning E_NOINTERFACE.
4855.382:0138:019c:warn:vkd3d-proton:d3d12_device_QueryInterface: {0742a90b-c387-483f-b946-30a7e4e61458} not implemented, returning E_NOINTERFACE.
4855.415:0138:0194:warn:vkd3d-proton:d3d12_device_QueryInterface: {0742a90b-c387-483f-b946-30a7e4e61458} not implemented, returning E_NOINTERFACE.
4855.448:0138:019c:warn:vkd3d-proton:d3d12_device_QueryInterface: {0742a90b-c387-483f-b946-30a7e4e61458} not implemented, returning E_NOINTERFACE.
4855.479:0138:0198:warn:vkd3d-proton:d3d12_device_QueryInterface: {0742a90b-c387-483f-b946-30a7e4e61458} not implemented, returning E_NOINTERFACE.
4855.515:0138:019c:warn:vkd3d-proton:d3d12_device_QueryInterface: {0742a90b-c387-483f-b946-30a7e4e61458} not implemented, returning E_NOINTERFACE.
4855.546:0138:0198:warn:vkd3d-proton:d3d12_device_QueryInterface: {0742a90b-c387-483f-b946-30a7e4e61458} not implemented, returning E_NOINTERFACE.
4855.579:0138:01a0:warn:vkd3d-proton:d3d12_device_QueryInterface: {0742a90b-c387-483f-b946-30a7e4e61458} not implemented, returning E_NOINTERFACE.
4855.611:0138:0198:warn:vkd3d-proton:d3d12_device_QueryInterface: {0742a90b-c387-483f-b946-30a7e4e61458} not implemented, returning E_NOINTERFACE.
4855.642:0138:019c:warn:vkd3d-proton:d3d12_device_QueryInterface: {0742a90b-c387-483f-b946-30a7e4e61458} not implemented, returning E_NOINTERFACE.
4855.677:0138:0194:warn:vkd3d-proton:d3d12_device_QueryInterface: {0742a90b-c387-483f-b946-30a7e4e61458} not implemented, returning E_NOINTERFACE.
4855.713:0138:019c:warn:vkd3d-proton:d3d12_device_QueryInterface: {0742a90b-c387-483f-b946-30a7e4e61458} not implemented, returning E_NOINTERFACE.
4855.745:0138:0194:warn:vkd3d-proton:d3d12_device_QueryInterface: {0742a90b-c387-483f-b946-30a7e4e61458} not implemented, returning E_NOINTERFACE.
4855.779:0138:0194:warn:vkd3d-proton:d3d12_device_QueryInterface: {0742a90b-c387-483f-b946-30a7e4e61458} not implemented, returning E_NOINTERFACE.
4855.814:0138:0194:warn:vkd3d-proton:d3d12_device_QueryInterface: {0742a90b-c387-483f-b946-30a7e4e61458} not implemented, returning E_NOINTERFACE.
4855.845:0138:01a0:warn:vkd3d-proton:d3d12_device_QueryInterface: {0742a90b-c387-483f-b946-30a7e4e61458} not implemented, returning E_NOINTERFACE.
4855.881:0138:0194:warn:vkd3d-proton:d3d12_device_QueryInterface: {0742a90b-c387-483f-b946-30a7e4e61458} not implemented, returning E_NOINTERFACE.
4855.924:0138:019c:warn:vkd3d-proton:d3d12_device_QueryInterface: {0742a90b-c387-483f-b946-30a7e4e61458} not implemented, returning E_NOINTERFACE.
4855.961:0138:0198:warn:vkd3d-proton:d3d12_device_QueryInterface: {0742a90b-c387-483f-b946-30a7e4e61458} not implemented, returning E_NOINTERFACE.
4855.993:0138:019c:warn:vkd3d-proton:d3d12_device_QueryInterface: {0742a90b-c387-483f-b946-30a7e4e61458} not implemented, returning E_NOINTERFACE.
4856.031:0138:0194:warn:vkd3d-proton:d3d12_device_QueryInterface: {0742a90b-c387-483f-b946-30a7e4e61458} not implemented, returning E_NOINTERFACE.
4856.066:0138:01a0:warn:vkd3d-proton:d3d12_device_QueryInterface: {0742a90b-c387-483f-b946-30a7e4e61458} not implemented, returning E_NOINTERFACE.
4856.104:0138:0198:warn:vkd3d-proton:d3d12_device_QueryInterface: {0742a90b-c387-483f-b946-30a7e4e61458} not implemented, returning E_NOINTERFACE.
4856.149:0138:019c:warn:vkd3d-proton:d3d12_device_QueryInterface: {0742a90b-c387-483f-b946-30a7e4e61458} not implemented, returning E_NOINTERFACE.
4856.173:0138:01a0:warn:vkd3d-proton:d3d12_device_QueryInterface: {0742a90b-c387-483f-b946-30a7e4e61458} not implemented, returning E_NOINTERFACE.
4856.205:0138:0194:warn:vkd3d-proton:d3d12_device_QueryInterface: {0742a90b-c387-483f-b946-30a7e4e61458} not implemented, returning E_NOINTERFACE.
4856.237:0138:01a0:warn:vkd3d-proton:d3d12_device_QueryInterface: {0742a90b-c387-483f-b946-30a7e4e61458} not implemented, returning E_NOINTERFACE.
4856.269:0138:019c:warn:vkd3d-proton:d3d12_device_QueryInterface: {0742a90b-c387-483f-b946-30a7e4e61458} not implemented, returning E_NOINTERFACE.
4856.301:0138:01a0:warn:vkd3d-proton:d3d12_device_QueryInterface: {0742a90b-c387-483f-b946-30a7e4e61458} not implemented, returning E_NOINTERFACE.
4856.334:0138:0194:warn:vkd3d-proton:d3d12_device_QueryInterface: {0742a90b-c387-483f-b946-30a7e4e61458} not implemented, returning E_NOINTERFACE.
4856.370:0138:01a0:warn:vkd3d-proton:d3d12_device_QueryInterface: {0742a90b-c387-483f-b946-30a7e4e61458} not implemented, returning E_NOINTERFACE.
4856.406:0138:0198:warn:vkd3d-proton:d3d12_device_QueryInterface: {0742a90b-c387-483f-b946-30a7e4e61458} not implemented, returning E_NOINTERFACE.
4856.442:0138:0194:warn:vkd3d-proton:d3d12_device_QueryInterface: {0742a90b-c387-483f-b946-30a7e4e61458} not implemented, returning E_NOINTERFACE.
4856.479:0138:0198:warn:vkd3d-proton:d3d12_device_QueryInterface: {0742a90b-c387-483f-b946-30a7e4e61458} not implemented, returning E_NOINTERFACE.
4856.515:0138:0194:warn:vkd3d-proton:d3d12_device_QueryInterface: {0742a90b-c387-483f-b946-30a7e4e61458} not implemented, returning E_NOINTERFACE.
4856.548:0138:0198:warn:vkd3d-proton:d3d12_device_QueryInterface: {0742a90b-c387-483f-b946-30a7e4e61458} not implemented, returning E_NOINTERFACE.
4856.585:0138:0194:warn:vkd3d-proton:d3d12_device_QueryInterface: {0742a90b-c387-483f-b946-30a7e4e61458} not implemented, returning E_NOINTERFACE.
4856.618:0138:0198:warn:vkd3d-proton:d3d12_device_QueryInterface: {0742a90b-c387-483f-b946-30a7e4e61458} not implemented, returning E_NOINTERFACE.
4856.652:0138:01a0:warn:vkd3d-proton:d3d12_device_QueryInterface: {0742a90b-c387-483f-b946-30a7e4e61458} not implemented, returning E_NOINTERFACE.
4856.678:0138:0198:warn:vkd3d-proton:d3d12_device_QueryInterface: {0742a90b-c387-483f-b946-30a7e4e61458} not implemented, returning E_NOINTERFACE.
4856.718:0138:0194:warn:vkd3d-proton:d3d12_device_QueryInterface: {0742a90b-c387-483f-b946-30a7e4e61458} not implemented, returning E_NOINTERFACE.
4856.759:0138:0198:warn:vkd3d-proton:d3d12_device_QueryInterface: {0742a90b-c387-483f-b946-30a7e4e61458} not implemented, returning E_NOINTERFACE.
4856.791:0138:0194:warn:vkd3d-proton:d3d12_device_QueryInterface: {0742a90b-c387-483f-b946-30a7e4e61458} not implemented, returning E_NOINTERFACE.
4856.795:0138:0194:warn:vkd3d-proton:d3d12_device_QueryInterface: {0742a90b-c387-483f-b946-30a7e4e61458} not implemented, returning E_NOINTERFACE.
4856.815:0138:0194:warn:vkd3d-proton:d3d12_device_QueryInterface: {0742a90b-c387-483f-b946-30a7e4e61458} not implemented, returning E_NOINTERFACE.
4856.830:0138:0194:warn:vkd3d-proton:d3d12_device_QueryInterface: {0742a90b-c387-483f-b946-30a7e4e61458} not implemented, returning E_NOINTERFACE.
4856.868:0138:0198:warn:vkd3d-proton:d3d12_device_QueryInterface: {0742a90b-c387-483f-b946-30a7e4e61458} not implemented, returning E_NOINTERFACE.
4856.900:0138:01a0:warn:vkd3d-proton:d3d12_device_QueryInterface: {0742a90b-c387-483f-b946-30a7e4e61458} not implemented, returning E_NOINTERFACE.
4856.933:0138:0198:warn:vkd3d-proton:d3d12_device_QueryInterface: {0742a90b-c387-483f-b946-30a7e4e61458} not implemented, returning E_NOINTERFACE.
4856.966:0138:01a0:warn:vkd3d-proton:d3d12_device_QueryInterface: {0742a90b-c387-483f-b946-30a7e4e61458} not implemented, returning E_NOINTERFACE.
4857.003:0138:019c:warn:vkd3d-proton:d3d12_device_QueryInterface: {0742a90b-c387-483f-b946-30a7e4e61458} not implemented, returning E_NOINTERFACE.
4857.036:0138:0194:warn:vkd3d-proton:d3d12_device_QueryInterface: {0742a90b-c387-483f-b946-30a7e4e61458} not implemented, returning E_NOINTERFACE.
4857.075:0138:01a0:warn:vkd3d-proton:d3d12_device_QueryInterface: {0742a90b-c387-483f-b946-30a7e4e61458} not implemented, returning E_NOINTERFACE.
4857.108:0138:0194:warn:vkd3d-proton:d3d12_device_QueryInterface: {0742a90b-c387-483f-b946-30a7e4e61458} not implemented, returning E_NOINTERFACE.
4857.138:0138:019c:warn:vkd3d-proton:d3d12_device_QueryInterface: {0742a90b-c387-483f-b946-30a7e4e61458} not implemented, returning E_NOINTERFACE.
4857.164:0138:0194:warn:vkd3d-proton:d3d12_device_QueryInterface: {0742a90b-c387-483f-b946-30a7e4e61458} not implemented, returning E_NOINTERFACE.
4857.195:0138:01a0:warn:vkd3d-proton:d3d12_device_QueryInterface: {0742a90b-c387-483f-b946-30a7e4e61458} not implemented, returning E_NOINTERFACE.
4857.220:0138:0194:warn:vkd3d-proton:d3d12_device_QueryInterface: {0742a90b-c387-483f-b946-30a7e4e61458} not implemented, returning E_NOINTERFACE.
4857.251:0138:01a0:warn:vkd3d-proton:d3d12_device_QueryInterface: {0742a90b-c387-483f-b946-30a7e4e61458} not implemented, returning E_NOINTERFACE.
4857.290:0138:0194:warn:vkd3d-proton:d3d12_device_QueryInterface: {0742a90b-c387-483f-b946-30a7e4e61458} not implemented, returning E_NOINTERFACE.
4857.324:0138:019c:warn:vkd3d-proton:d3d12_device_QueryInterface: {0742a90b-c387-483f-b946-30a7e4e61458} not implemented, returning E_NOINTERFACE.
4857.357:0138:01a0:warn:vkd3d-proton:d3d12_device_QueryInterface: {0742a90b-c387-483f-b946-30a7e4e61458} not implemented, returning E_NOINTERFACE.
4857.401:0138:019c:warn:vkd3d-proton:d3d12_device_QueryInterface: {0742a90b-c387-483f-b946-30a7e4e61458} not implemented, returning E_NOINTERFACE.
4857.436:0138:01a0:warn:vkd3d-proton:d3d12_device_QueryInterface: {0742a90b-c387-483f-b946-30a7e4e61458} not implemented, returning E_NOINTERFACE.
4857.469:0138:0194:warn:vkd3d-proton:d3d12_device_QueryInterface: {0742a90b-c387-483f-b946-30a7e4e61458} not implemented, returning E_NOINTERFACE.
4857.500:0138:019c:warn:vkd3d-proton:d3d12_device_QueryInterface: {0742a90b-c387-483f-b946-30a7e4e61458} not implemented, returning E_NOINTERFACE.
4857.532:0138:01a0:warn:vkd3d-proton:d3d12_device_QueryInterface: {0742a90b-c387-483f-b946-30a7e4e61458} not implemented, returning E_NOINTERFACE.
4857.568:0138:0198:warn:vkd3d-proton:d3d12_device_QueryInterface: {0742a90b-c387-483f-b946-30a7e4e61458} not implemented, returning E_NOINTERFACE.
4857.598:0138:019c:warn:vkd3d-proton:d3d12_device_QueryInterface: {0742a90b-c387-483f-b946-30a7e4e61458} not implemented, returning E_NOINTERFACE.
4857.638:0138:0198:warn:vkd3d-proton:d3d12_device_QueryInterface: {0742a90b-c387-483f-b946-30a7e4e61458} not implemented, returning E_NOINTERFACE.
4857.670:0138:01a0:warn:vkd3d-proton:d3d12_device_QueryInterface: {0742a90b-c387-483f-b946-30a7e4e61458} not implemented, returning E_NOINTERFACE.
4857.702:0138:0198:warn:vkd3d-proton:d3d12_device_QueryInterface: {0742a90b-c387-483f-b946-30a7e4e61458} not implemented, returning E_NOINTERFACE.
4857.736:0138:01a0:warn:vkd3d-proton:d3d12_device_QueryInterface: {0742a90b-c387-483f-b946-30a7e4e61458} not implemented, returning E_NOINTERFACE.
4857.763:0138:019c:warn:vkd3d-proton:d3d12_device_QueryInterface: {0742a90b-c387-483f-b946-30a7e4e61458} not implemented, returning E_NOINTERFACE.
4857.803:0138:0194:warn:vkd3d-proton:d3d12_device_QueryInterface: {0742a90b-c387-483f-b946-30a7e4e61458} not implemented, returning E_NOINTERFACE.
4857.840:0138:0198:warn:vkd3d-proton:d3d12_device_QueryInterface: {0742a90b-c387-483f-b946-30a7e4e61458} not implemented, returning E_NOINTERFACE.
4857.877:0138:0194:warn:vkd3d-proton:d3d12_device_QueryInterface: {0742a90b-c387-483f-b946-30a7e4e61458} not implemented, returning E_NOINTERFACE.
4857.914:0138:019c:warn:vkd3d-proton:d3d12_device_QueryInterface: {0742a90b-c387-483f-b946-30a7e4e61458} not implemented, returning E_NOINTERFACE.
4857.947:0138:0198:warn:vkd3d-proton:d3d12_device_QueryInterface: {0742a90b-c387-483f-b946-30a7e4e61458} not implemented, returning E_NOINTERFACE.
4857.985:0138:019c:warn:vkd3d-proton:d3d12_device_QueryInterface: {0742a90b-c387-483f-b946-30a7e4e61458} not implemented, returning E_NOINTERFACE.
4858.020:0138:0198:warn:vkd3d-proton:d3d12_device_QueryInterface: {0742a90b-c387-483f-b946-30a7e4e61458} not implemented, returning E_NOINTERFACE.
4858.053:0138:01a0:warn:vkd3d-proton:d3d12_device_QueryInterface: {0742a90b-c387-483f-b946-30a7e4e61458} not implemented, returning E_NOINTERFACE.
4858.085:0138:0198:warn:vkd3d-proton:d3d12_device_QueryInterface: {0742a90b-c387-483f-b946-30a7e4e61458} not implemented, returning E_NOINTERFACE.
4858.118:0138:01a0:warn:vkd3d-proton:d3d12_device_QueryInterface: {0742a90b-c387-483f-b946-30a7e4e61458} not implemented, returning E_NOINTERFACE.
4858.155:0138:0198:warn:vkd3d-proton:d3d12_device_QueryInterface: {0742a90b-c387-483f-b946-30a7e4e61458} not implemented, returning E_NOINTERFACE.
4858.193:0138:01a0:warn:vkd3d-proton:d3d12_device_QueryInterface: {0742a90b-c387-483f-b946-30a7e4e61458} not implemented, returning E_NOINTERFACE.
4858.229:0138:0198:warn:vkd3d-proton:d3d12_device_QueryInterface: {0742a90b-c387-483f-b946-30a7e4e61458} not implemented, returning E_NOINTERFACE.
4858.265:0138:019c:warn:vkd3d-proton:d3d12_device_QueryInterface: {0742a90b-c387-483f-b946-30a7e4e61458} not implemented, returning E_NOINTERFACE.
4858.290:0138:0198:warn:vkd3d-proton:d3d12_device_QueryInterface: {0742a90b-c387-483f-b946-30a7e4e61458} not implemented, returning E_NOINTERFACE.
4858.323:0138:019c:warn:vkd3d-proton:d3d12_device_QueryInterface: {0742a90b-c387-483f-b946-30a7e4e61458} not implemented, returning E_NOINTERFACE.
4858.356:0138:0198:warn:vkd3d-proton:d3d12_device_QueryInterface: {0742a90b-c387-483f-b946-30a7e4e61458} not implemented, returning E_NOINTERFACE.
4858.390:0138:01a0:warn:vkd3d-proton:d3d12_device_QueryInterface: {0742a90b-c387-483f-b946-30a7e4e61458} not implemented, returning E_NOINTERFACE.
4858.421:0138:019c:warn:vkd3d-proton:d3d12_device_QueryInterface: {0742a90b-c387-483f-b946-30a7e4e61458} not implemented, returning E_NOINTERFACE.
4858.453:0138:0198:warn:vkd3d-proton:d3d12_device_QueryInterface: {0742a90b-c387-483f-b946-30a7e4e61458} not implemented, returning E_NOINTERFACE.
4858.495:0138:019c:warn:vkd3d-proton:d3d12_device_QueryInterface: {0742a90b-c387-483f-b946-30a7e4e61458} not implemented, returning E_NOINTERFACE.
4858.529:0138:0198:warn:vkd3d-proton:d3d12_device_QueryInterface: {0742a90b-c387-483f-b946-30a7e4e61458} not implemented, returning E_NOINTERFACE.
4858.566:0138:01a0:warn:vkd3d-proton:d3d12_device_QueryInterface: {0742a90b-c387-483f-b946-30a7e4e61458} not implemented, returning E_NOINTERFACE.
4858.598:0138:0194:warn:vkd3d-proton:d3d12_device_QueryInterface: {0742a90b-c387-483f-b946-30a7e4e61458} not implemented, returning E_NOINTERFACE.
4858.635:0138:01a0:warn:vkd3d-proton:d3d12_device_QueryInterface: {0742a90b-c387-483f-b946-30a7e4e61458} not implemented, returning E_NOINTERFACE.
4858.673:0138:019c:warn:vkd3d-proton:d3d12_device_QueryInterface: {0742a90b-c387-483f-b946-30a7e4e61458} not implemented, returning E_NOINTERFACE.
4858.705:0138:0198:warn:vkd3d-proton:d3d12_device_QueryInterface: {0742a90b-c387-483f-b946-30a7e4e61458} not implemented, returning E_NOINTERFACE.
4858.742:0138:0194:warn:vkd3d-proton:d3d12_device_QueryInterface: {0742a90b-c387-483f-b946-30a7e4e61458} not implemented, returning E_NOINTERFACE.
4858.773:0138:01a0:warn:vkd3d-proton:d3d12_device_QueryInterface: {0742a90b-c387-483f-b946-30a7e4e61458} not implemented, returning E_NOINTERFACE.
4858.799:0138:0194:warn:vkd3d-proton:d3d12_device_QueryInterface: {0742a90b-c387-483f-b946-30a7e4e61458} not implemented, returning E_NOINTERFACE.
4858.830:0138:01a0:warn:vkd3d-proton:d3d12_device_QueryInterface: {0742a90b-c387-483f-b946-30a7e4e61458} not implemented, returning E_NOINTERFACE.
4858.864:0138:0198:warn:vkd3d-proton:d3d12_device_QueryInterface: {0742a90b-c387-483f-b946-30a7e4e61458} not implemented, returning E_NOINTERFACE.
4858.897:0138:019c:warn:vkd3d-proton:d3d12_device_QueryInterface: {0742a90b-c387-483f-b946-30a7e4e61458} not implemented, returning E_NOINTERFACE.
4858.928:0138:01a0:warn:vkd3d-proton:d3d12_device_QueryInterface: {0742a90b-c387-483f-b946-30a7e4e61458} not implemented, returning E_NOINTERFACE.
4858.960:0138:0194:warn:vkd3d-proton:d3d12_device_QueryInterface: {0742a90b-c387-483f-b946-30a7e4e61458} not implemented, returning E_NOINTERFACE.
4858.992:0138:01a0:warn:vkd3d-proton:d3d12_device_QueryInterface: {0742a90b-c387-483f-b946-30a7e4e61458} not implemented, returning E_NOINTERFACE.
4859.026:0138:0198:warn:vkd3d-proton:d3d12_device_QueryInterface: {0742a90b-c387-483f-b946-30a7e4e61458} not implemented, returning E_NOINTERFACE.
4859.057:0138:019c:warn:vkd3d-proton:d3d12_device_QueryInterface: {0742a90b-c387-483f-b946-30a7e4e61458} not implemented, returning E_NOINTERFACE.
4859.089:0138:01a0:warn:vkd3d-proton:d3d12_device_QueryInterface: {0742a90b-c387-483f-b946-30a7e4e61458} not implemented, returning E_NOINTERFACE.
4859.128:0138:0194:warn:vkd3d-proton:d3d12_device_QueryInterface: {0742a90b-c387-483f-b946-30a7e4e61458} not implemented, returning E_NOINTERFACE.
4859.165:0138:019c:warn:vkd3d-proton:d3d12_device_QueryInterface: {0742a90b-c387-483f-b946-30a7e4e61458} not implemented, returning E_NOINTERFACE.
4859.197:0138:01a0:warn:vkd3d-proton:d3d12_device_QueryInterface: {0742a90b-c387-483f-b946-30a7e4e61458} not implemented, returning E_NOINTERFACE.
4859.235:0138:0194:warn:vkd3d-proton:d3d12_device_QueryInterface: {0742a90b-c387-483f-b946-30a7e4e61458} not implemented, returning E_NOINTERFACE.
4859.271:0138:019c:warn:vkd3d-proton:d3d12_device_QueryInterface: {0742a90b-c387-483f-b946-30a7e4e61458} not implemented, returning E_NOINTERFACE.
4859.306:0138:01a0:warn:vkd3d-proton:d3d12_device_QueryInterface: {0742a90b-c387-483f-b946-30a7e4e61458} not implemented, returning E_NOINTERFACE.
4859.337:0138:0194:warn:vkd3d-proton:d3d12_device_QueryInterface: {0742a90b-c387-483f-b946-30a7e4e61458} not implemented, returning E_NOINTERFACE.
4859.369:0138:019c:warn:vkd3d-proton:d3d12_device_QueryInterface: {0742a90b-c387-483f-b946-30a7e4e61458} not implemented, returning E_NOINTERFACE.
4859.407:0138:0198:warn:vkd3d-proton:d3d12_device_QueryInterface: {0742a90b-c387-483f-b946-30a7e4e61458} not implemented, returning E_NOINTERFACE.
4859.439:0138:0194:warn:vkd3d-proton:d3d12_device_QueryInterface: {0742a90b-c387-483f-b946-30a7e4e61458} not implemented, returning E_NOINTERFACE.
4859.473:0138:01a0:warn:vkd3d-proton:d3d12_device_QueryInterface: {0742a90b-c387-483f-b946-30a7e4e61458} not implemented, returning E_NOINTERFACE.
4859.506:0138:0194:warn:vkd3d-proton:d3d12_device_QueryInterface: {0742a90b-c387-483f-b946-30a7e4e61458} not implemented, returning E_NOINTERFACE.
4859.547:0138:01a0:warn:vkd3d-proton:d3d12_device_QueryInterface: {0742a90b-c387-483f-b946-30a7e4e61458} not implemented, returning E_NOINTERFACE.
4859.576:0138:0194:warn:vkd3d-proton:d3d12_device_QueryInterface: {0742a90b-c387-483f-b946-30a7e4e61458} not implemented, returning E_NOINTERFACE.
4859.611:0138:01a0:warn:vkd3d-proton:d3d12_device_QueryInterface: {0742a90b-c387-483f-b946-30a7e4e61458} not implemented, returning E_NOINTERFACE.
4859.645:0138:0198:warn:vkd3d-proton:d3d12_device_QueryInterface: {0742a90b-c387-483f-b946-30a7e4e61458} not implemented, returning E_NOINTERFACE.
4859.679:0138:01a0:warn:vkd3d-proton:d3d12_device_QueryInterface: {0742a90b-c387-483f-b946-30a7e4e61458} not implemented, returning E_NOINTERFACE.
4859.711:0138:0194:warn:vkd3d-proton:d3d12_device_QueryInterface: {0742a90b-c387-483f-b946-30a7e4e61458} not implemented, returning E_NOINTERFACE.
4859.744:0138:01a0:warn:vkd3d-proton:d3d12_device_QueryInterface: {0742a90b-c387-483f-b946-30a7e4e61458} not implemented, returning E_NOINTERFACE.
4859.778:0138:0198:warn:vkd3d-proton:d3d12_device_QueryInterface: {0742a90b-c387-483f-b946-30a7e4e61458} not implemented, returning E_NOINTERFACE.
4859.819:0138:019c:warn:vkd3d-proton:d3d12_device_QueryInterface: {0742a90b-c387-483f-b946-30a7e4e61458} not implemented, returning E_NOINTERFACE.
4859.842:0138:0194:warn:vkd3d-proton:d3d12_device_QueryInterface: {0742a90b-c387-483f-b946-30a7e4e61458} not implemented, returning E_NOINTERFACE.
4859.886:0138:01a0:warn:vkd3d-proton:d3d12_device_QueryInterface: {0742a90b-c387-483f-b946-30a7e4e61458} not implemented, returning E_NOINTERFACE.
4859.915:0138:0194:warn:vkd3d-proton:d3d12_device_QueryInterface: {0742a90b-c387-483f-b946-30a7e4e61458} not implemented, returning E_NOINTERFACE.
4859.952:0138:01a0:warn:vkd3d-proton:d3d12_device_QueryInterface: {0742a90b-c387-483f-b946-30a7e4e61458} not implemented, returning E_NOINTERFACE.
4859.988:0138:0198:warn:vkd3d-proton:d3d12_device_QueryInterface: {0742a90b-c387-483f-b946-30a7e4e61458} not implemented, returning E_NOINTERFACE.
4860.021:0138:01a0:warn:vkd3d-proton:d3d12_device_QueryInterface: {0742a90b-c387-483f-b946-30a7e4e61458} not implemented, returning E_NOINTERFACE.
4860.054:0138:019c:warn:vkd3d-proton:d3d12_device_QueryInterface: {0742a90b-c387-483f-b946-30a7e4e61458} not implemented, returning E_NOINTERFACE.
4860.087:0138:0194:warn:vkd3d-proton:d3d12_device_QueryInterface: {0742a90b-c387-483f-b946-30a7e4e61458} not implemented, returning E_NOINTERFACE.
4860.116:0138:01a0:warn:vkd3d-proton:d3d12_device_QueryInterface: {0742a90b-c387-483f-b946-30a7e4e61458} not implemented, returning E_NOINTERFACE.
4860.149:0138:019c:warn:vkd3d-proton:d3d12_device_QueryInterface: {0742a90b-c387-483f-b946-30a7e4e61458} not implemented, returning E_NOINTERFACE.
4860.182:0138:0194:warn:vkd3d-proton:d3d12_device_QueryInterface: {0742a90b-c387-483f-b946-30a7e4e61458} not implemented, returning E_NOINTERFACE.
4860.215:0138:019c:warn:vkd3d-proton:d3d12_device_QueryInterface: {0742a90b-c387-483f-b946-30a7e4e61458} not implemented, returning E_NOINTERFACE.
4860.242:0138:0198:warn:vkd3d-proton:d3d12_device_QueryInterface: {0742a90b-c387-483f-b946-30a7e4e61458} not implemented, returning E_NOINTERFACE.
4860.275:0138:0194:warn:vkd3d-proton:d3d12_device_QueryInterface: {0742a90b-c387-483f-b946-30a7e4e61458} not implemented, returning E_NOINTERFACE.
4860.305:0138:019c:warn:vkd3d-proton:d3d12_device_QueryInterface: {0742a90b-c387-483f-b946-30a7e4e61458} not implemented, returning E_NOINTERFACE.
4860.339:0138:0198:warn:vkd3d-proton:d3d12_device_QueryInterface: {0742a90b-c387-483f-b946-30a7e4e61458} not implemented, returning E_NOINTERFACE.
4860.376:0138:01a0:warn:vkd3d-proton:d3d12_device_QueryInterface: {0742a90b-c387-483f-b946-30a7e4e61458} not implemented, returning E_NOINTERFACE.
4860.414:0138:0194:warn:vkd3d-proton:d3d12_device_QueryInterface: {0742a90b-c387-483f-b946-30a7e4e61458} not implemented, returning E_NOINTERFACE.
4860.448:0138:01a0:warn:vkd3d-proton:d3d12_device_QueryInterface: {0742a90b-c387-483f-b946-30a7e4e61458} not implemented, returning E_NOINTERFACE.
4860.482:0138:0198:warn:vkd3d-proton:d3d12_device_QueryInterface: {0742a90b-c387-483f-b946-30a7e4e61458} not implemented, returning E_NOINTERFACE.
4860.519:0138:0194:warn:vkd3d-proton:d3d12_device_QueryInterface: {0742a90b-c387-483f-b946-30a7e4e61458} not implemented, returning E_NOINTERFACE.
4860.554:0138:01a0:warn:vkd3d-proton:d3d12_device_QueryInterface: {0742a90b-c387-483f-b946-30a7e4e61458} not implemented, returning E_NOINTERFACE.
4860.594:0138:0198:warn:vkd3d-proton:d3d12_device_QueryInterface: {0742a90b-c387-483f-b946-30a7e4e61458} not implemented, returning E_NOINTERFACE.
4860.625:0138:0194:warn:vkd3d-proton:d3d12_device_QueryInterface: {0742a90b-c387-483f-b946-30a7e4e61458} not implemented, returning E_NOINTERFACE.
4860.659:0138:01a0:warn:vkd3d-proton:d3d12_device_QueryInterface: {0742a90b-c387-483f-b946-30a7e4e61458} not implemented, returning E_NOINTERFACE.
4860.689:0138:0198:warn:vkd3d-proton:d3d12_device_QueryInterface: {0742a90b-c387-483f-b946-30a7e4e61458} not implemented, returning E_NOINTERFACE.
4860.723:0138:01a0:warn:vkd3d-proton:d3d12_device_QueryInterface: {0742a90b-c387-483f-b946-30a7e4e61458} not implemented, returning E_NOINTERFACE.
4860.757:0138:019c:warn:vkd3d-proton:d3d12_device_QueryInterface: {0742a90b-c387-483f-b946-30a7e4e61458} not implemented, returning E_NOINTERFACE.
4860.792:0138:0194:warn:vkd3d-proton:d3d12_device_QueryInterface: {0742a90b-c387-483f-b946-30a7e4e61458} not implemented, returning E_NOINTERFACE.
4860.824:0138:019c:warn:vkd3d-proton:d3d12_device_QueryInterface: {0742a90b-c387-483f-b946-30a7e4e61458} not implemented, returning E_NOINTERFACE.
4860.857:0138:0198:warn:vkd3d-proton:d3d12_device_QueryInterface: {0742a90b-c387-483f-b946-30a7e4e61458} not implemented, returning E_NOINTERFACE.
4860.891:0138:0194:warn:vkd3d-proton:d3d12_device_QueryInterface: {0742a90b-c387-483f-b946-30a7e4e61458} not implemented, returning E_NOINTERFACE.
4860.921:0138:019c:warn:vkd3d-proton:d3d12_device_QueryInterface: {0742a90b-c387-483f-b946-30a7e4e61458} not implemented, returning E_NOINTERFACE.
4860.958:0138:0198:warn:vkd3d-proton:d3d12_device_QueryInterface: {0742a90b-c387-483f-b946-30a7e4e61458} not implemented, returning E_NOINTERFACE.
4860.987:0138:019c:warn:vkd3d-proton:d3d12_device_QueryInterface: {0742a90b-c387-483f-b946-30a7e4e61458} not implemented, returning E_NOINTERFACE.
4861.021:0138:019c:warn:vkd3d-proton:d3d12_device_QueryInterface: {0742a90b-c387-483f-b946-30a7e4e61458} not implemented, returning E_NOINTERFACE.
4861.054:0138:0198:warn:vkd3d-proton:d3d12_device_QueryInterface: {0742a90b-c387-483f-b946-30a7e4e61458} not implemented, returning E_NOINTERFACE.
4861.088:0138:019c:warn:vkd3d-proton:d3d12_device_QueryInterface: {0742a90b-c387-483f-b946-30a7e4e61458} not implemented, returning E_NOINTERFACE.
4861.120:0138:01a0:warn:vkd3d-proton:d3d12_device_QueryInterface: {0742a90b-c387-483f-b946-30a7e4e61458} not implemented, returning E_NOINTERFACE.
4861.154:0138:019c:warn:vkd3d-proton:d3d12_device_QueryInterface: {0742a90b-c387-483f-b946-30a7e4e61458} not implemented, returning E_NOINTERFACE.
4861.189:0138:0198:warn:vkd3d-proton:d3d12_device_QueryInterface: {0742a90b-c387-483f-b946-30a7e4e61458} not implemented, returning E_NOINTERFACE.
4861.223:0138:01a0:warn:vkd3d-proton:d3d12_device_QueryInterface: {0742a90b-c387-483f-b946-30a7e4e61458} not implemented, returning E_NOINTERFACE.
4861.259:0138:0194:warn:vkd3d-proton:d3d12_device_QueryInterface: {0742a90b-c387-483f-b946-30a7e4e61458} not implemented, returning E_NOINTERFACE.
4861.292:0138:01a0:warn:vkd3d-proton:d3d12_device_QueryInterface: {0742a90b-c387-483f-b946-30a7e4e61458} not implemented, returning E_NOINTERFACE.
4861.323:0138:0198:warn:vkd3d-proton:d3d12_device_QueryInterface: {0742a90b-c387-483f-b946-30a7e4e61458} not implemented, returning E_NOINTERFACE.
4861.356:0138:019c:warn:vkd3d-proton:d3d12_device_QueryInterface: {0742a90b-c387-483f-b946-30a7e4e61458} not implemented, returning E_NOINTERFACE.
4861.392:0138:01a0:warn:vkd3d-proton:d3d12_device_QueryInterface: {0742a90b-c387-483f-b946-30a7e4e61458} not implemented, returning E_NOINTERFACE.
4861.425:0138:0198:warn:vkd3d-proton:d3d12_device_QueryInterface: {0742a90b-c387-483f-b946-30a7e4e61458} not implemented, returning E_NOINTERFACE.
4861.459:0138:019c:warn:vkd3d-proton:d3d12_device_QueryInterface: {0742a90b-c387-483f-b946-30a7e4e61458} not implemented, returning E_NOINTERFACE.
4861.496:0138:0194:warn:vkd3d-proton:d3d12_device_QueryInterface: {0742a90b-c387-483f-b946-30a7e4e61458} not implemented, returning E_NOINTERFACE.
4861.535:0138:019c:warn:vkd3d-proton:d3d12_device_QueryInterface: {0742a90b-c387-483f-b946-30a7e4e61458} not implemented, returning E_NOINTERFACE.
4861.566:0138:0194:warn:vkd3d-proton:d3d12_device_QueryInterface: {0742a90b-c387-483f-b946-30a7e4e61458} not implemented, returning E_NOINTERFACE.
4861.598:0138:0198:warn:vkd3d-proton:d3d12_device_QueryInterface: {0742a90b-c387-483f-b946-30a7e4e61458} not implemented, returning E_NOINTERFACE.
4861.634:0138:0194:warn:vkd3d-proton:d3d12_device_QueryInterface: {0742a90b-c387-483f-b946-30a7e4e61458} not implemented, returning E_NOINTERFACE.
4861.669:0138:01a0:warn:vkd3d-proton:d3d12_device_QueryInterface: {0742a90b-c387-483f-b946-30a7e4e61458} not implemented, returning E_NOINTERFACE.
4861.698:0138:0194:warn:vkd3d-proton:d3d12_device_QueryInterface: {0742a90b-c387-483f-b946-30a7e4e61458} not implemented, returning E_NOINTERFACE.
4861.740:0138:019c:warn:vkd3d-proton:d3d12_device_QueryInterface: {0742a90b-c387-483f-b946-30a7e4e61458} not implemented, returning E_NOINTERFACE.
4861.764:0138:0194:warn:vkd3d-proton:d3d12_device_QueryInterface: {0742a90b-c387-483f-b946-30a7e4e61458} not implemented, returning E_NOINTERFACE.
4861.798:0138:01a0:warn:vkd3d-proton:d3d12_device_QueryInterface: {0742a90b-c387-483f-b946-30a7e4e61458} not implemented, returning E_NOINTERFACE.
4861.833:0138:019c:warn:vkd3d-proton:d3d12_device_QueryInterface: {0742a90b-c387-483f-b946-30a7e4e61458} not implemented, returning E_NOINTERFACE.
4861.864:0138:0198:warn:vkd3d-proton:d3d12_device_QueryInterface: {0742a90b-c387-483f-b946-30a7e4e61458} not implemented, returning E_NOINTERFACE.
4861.903:0138:01a0:warn:vkd3d-proton:d3d12_device_QueryInterface: {0742a90b-c387-483f-b946-30a7e4e61458} not implemented, returning E_NOINTERFACE.
4861.933:0138:0194:warn:vkd3d-proton:d3d12_device_QueryInterface: {0742a90b-c387-483f-b946-30a7e4e61458} not implemented, returning E_NOINTERFACE.
4861.968:0138:019c:warn:vkd3d-proton:d3d12_device_QueryInterface: {0742a90b-c387-483f-b946-30a7e4e61458} not implemented, returning E_NOINTERFACE.
4861.999:0138:01a0:warn:vkd3d-proton:d3d12_device_QueryInterface: {0742a90b-c387-483f-b946-30a7e4e61458} not implemented, returning E_NOINTERFACE.
4862.033:0138:019c:warn:vkd3d-proton:d3d12_device_QueryInterface: {0742a90b-c387-483f-b946-30a7e4e61458} not implemented, returning E_NOINTERFACE.
4862.064:0138:0194:warn:vkd3d-proton:d3d12_device_QueryInterface: {0742a90b-c387-483f-b946-30a7e4e61458} not implemented, returning E_NOINTERFACE.
4862.100:0138:01a0:warn:vkd3d-proton:d3d12_device_QueryInterface: {0742a90b-c387-483f-b946-30a7e4e61458} not implemented, returning E_NOINTERFACE.
4862.132:0138:0194:warn:vkd3d-proton:d3d12_device_QueryInterface: {0742a90b-c387-483f-b946-30a7e4e61458} not implemented, returning E_NOINTERFACE.
4862.166:0138:0198:warn:vkd3d-proton:d3d12_device_QueryInterface: {0742a90b-c387-483f-b946-30a7e4e61458} not implemented, returning E_NOINTERFACE.
4862.203:0138:0194:warn:vkd3d-proton:d3d12_device_QueryInterface: {0742a90b-c387-483f-b946-30a7e4e61458} not implemented, returning E_NOINTERFACE.
4862.234:0138:019c:warn:vkd3d-proton:d3d12_device_QueryInterface: {0742a90b-c387-483f-b946-30a7e4e61458} not implemented, returning E_NOINTERFACE.
4862.269:0138:0198:warn:vkd3d-proton:d3d12_device_QueryInterface: {0742a90b-c387-483f-b946-30a7e4e61458} not implemented, returning E_NOINTERFACE.
4862.299:0138:0194:warn:vkd3d-proton:d3d12_device_QueryInterface: {0742a90b-c387-483f-b946-30a7e4e61458} not implemented, returning E_NOINTERFACE.
4862.334:0138:019c:warn:vkd3d-proton:d3d12_device_QueryInterface: {0742a90b-c387-483f-b946-30a7e4e61458} not implemented, returning E_NOINTERFACE.
4862.370:0138:0198:warn:vkd3d-proton:d3d12_device_QueryInterface: {0742a90b-c387-483f-b946-30a7e4e61458} not implemented, returning E_NOINTERFACE.
4862.398:0138:01a0:warn:vkd3d-proton:d3d12_device_QueryInterface: {0742a90b-c387-483f-b946-30a7e4e61458} not implemented, returning E_NOINTERFACE.
4862.433:0138:0198:warn:vkd3d-proton:d3d12_device_QueryInterface: {0742a90b-c387-483f-b946-30a7e4e61458} not implemented, returning E_NOINTERFACE.
4862.463:0138:019c:warn:vkd3d-proton:d3d12_device_QueryInterface: {0742a90b-c387-483f-b946-30a7e4e61458} not implemented, returning E_NOINTERFACE.
4862.495:0138:0198:warn:vkd3d-proton:d3d12_device_QueryInterface: {0742a90b-c387-483f-b946-30a7e4e61458} not implemented, returning E_NOINTERFACE.
4862.530:0138:019c:warn:vkd3d-proton:d3d12_device_QueryInterface: {0742a90b-c387-483f-b946-30a7e4e61458} not implemented, returning E_NOINTERFACE.
4862.560:0138:0198:warn:vkd3d-proton:d3d12_device_QueryInterface: {0742a90b-c387-483f-b946-30a7e4e61458} not implemented, returning E_NOINTERFACE.
4862.596:0138:019c:warn:vkd3d-proton:d3d12_device_QueryInterface: {0742a90b-c387-483f-b946-30a7e4e61458} not implemented, returning E_NOINTERFACE.
4862.629:0138:0198:warn:vkd3d-proton:d3d12_device_QueryInterface: {0742a90b-c387-483f-b946-30a7e4e61458} not implemented, returning E_NOINTERFACE.
4862.666:0138:01a0:warn:vkd3d-proton:d3d12_device_QueryInterface: {0742a90b-c387-483f-b946-30a7e4e61458} not implemented, returning E_NOINTERFACE.
4862.699:0138:0198:warn:vkd3d-proton:d3d12_device_QueryInterface: {0742a90b-c387-483f-b946-30a7e4e61458} not implemented, returning E_NOINTERFACE.
4862.728:0138:0194:warn:vkd3d-proton:d3d12_device_QueryInterface: {0742a90b-c387-483f-b946-30a7e4e61458} not implemented, returning E_NOINTERFACE.
4862.762:0138:019c:warn:vkd3d-proton:d3d12_device_QueryInterface: {0742a90b-c387-483f-b946-30a7e4e61458} not implemented, returning E_NOINTERFACE.
4862.793:0138:0198:warn:vkd3d-proton:d3d12_device_QueryInterface: {0742a90b-c387-483f-b946-30a7e4e61458} not implemented, returning E_NOINTERFACE.
4862.827:0138:01a0:warn:vkd3d-proton:d3d12_device_QueryInterface: {0742a90b-c387-483f-b946-30a7e4e61458} not implemented, returning E_NOINTERFACE.
4862.860:0138:0198:warn:vkd3d-proton:d3d12_device_QueryInterface: {0742a90b-c387-483f-b946-30a7e4e61458} not implemented, returning E_NOINTERFACE.
4862.896:0138:01a0:warn:vkd3d-proton:d3d12_device_QueryInterface: {0742a90b-c387-483f-b946-30a7e4e61458} not implemented, returning E_NOINTERFACE.
4862.934:0138:0194:warn:vkd3d-proton:d3d12_device_QueryInterface: {0742a90b-c387-483f-b946-30a7e4e61458} not implemented, returning E_NOINTERFACE.
4862.975:0138:019c:warn:vkd3d-proton:d3d12_device_QueryInterface: {0742a90b-c387-483f-b946-30a7e4e61458} not implemented, returning E_NOINTERFACE.
4863.013:0138:0194:warn:vkd3d-proton:d3d12_device_QueryInterface: {0742a90b-c387-483f-b946-30a7e4e61458} not implemented, returning E_NOINTERFACE.
4863.054:0138:019c:warn:vkd3d-proton:d3d12_device_QueryInterface: {0742a90b-c387-483f-b946-30a7e4e61458} not implemented, returning E_NOINTERFACE.
4863.082:0138:01a0:warn:vkd3d-proton:d3d12_device_QueryInterface: {0742a90b-c387-483f-b946-30a7e4e61458} not implemented, returning E_NOINTERFACE.
4863.122:0138:0194:warn:vkd3d-proton:d3d12_device_QueryInterface: {0742a90b-c387-483f-b946-30a7e4e61458} not implemented, returning E_NOINTERFACE.
4863.161:0138:0198:warn:vkd3d-proton:d3d12_device_QueryInterface: {0742a90b-c387-483f-b946-30a7e4e61458} not implemented, returning E_NOINTERFACE.
4863.201:0138:019c:warn:vkd3d-proton:d3d12_device_QueryInterface: {0742a90b-c387-483f-b946-30a7e4e61458} not implemented, returning E_NOINTERFACE.
4863.240:0138:01a0:warn:vkd3d-proton:d3d12_device_QueryInterface: {0742a90b-c387-483f-b946-30a7e4e61458} not implemented, returning E_NOINTERFACE.
4863.279:0138:0198:warn:vkd3d-proton:d3d12_device_QueryInterface: {0742a90b-c387-483f-b946-30a7e4e61458} not implemented, returning E_NOINTERFACE.
4863.313:0138:019c:warn:vkd3d-proton:d3d12_device_QueryInterface: {0742a90b-c387-483f-b946-30a7e4e61458} not implemented, returning E_NOINTERFACE.
4863.344:0138:01a0:warn:vkd3d-proton:d3d12_device_QueryInterface: {0742a90b-c387-483f-b946-30a7e4e61458} not implemented, returning E_NOINTERFACE.
4863.380:0138:01a0:warn:vkd3d-proton:d3d12_device_QueryInterface: {0742a90b-c387-483f-b946-30a7e4e61458} not implemented, returning E_NOINTERFACE.
4863.414:0138:0194:warn:vkd3d-proton:d3d12_device_QueryInterface: {0742a90b-c387-483f-b946-30a7e4e61458} not implemented, returning E_NOINTERFACE.
4863.449:0138:01a0:warn:vkd3d-proton:d3d12_device_QueryInterface: {0742a90b-c387-483f-b946-30a7e4e61458} not implemented, returning E_NOINTERFACE.
4863.488:0138:0198:warn:vkd3d-proton:d3d12_device_QueryInterface: {0742a90b-c387-483f-b946-30a7e4e61458} not implemented, returning E_NOINTERFACE.
4863.526:0138:01a0:warn:vkd3d-proton:d3d12_device_QueryInterface: {0742a90b-c387-483f-b946-30a7e4e61458} not implemented, returning E_NOINTERFACE.
4863.564:0138:0198:warn:vkd3d-proton:d3d12_device_QueryInterface: {0742a90b-c387-483f-b946-30a7e4e61458} not implemented, returning E_NOINTERFACE.
4863.600:0138:0194:warn:vkd3d-proton:d3d12_device_QueryInterface: {0742a90b-c387-483f-b946-30a7e4e61458} not implemented, returning E_NOINTERFACE.
4863.604:0138:0194:warn:vkd3d-proton:d3d12_device_QueryInterface: {0742a90b-c387-483f-b946-30a7e4e61458} not implemented, returning E_NOINTERFACE.
4863.628:0138:0194:warn:vkd3d-proton:d3d12_device_QueryInterface: {0742a90b-c387-483f-b946-30a7e4e61458} not implemented, returning E_NOINTERFACE.
4863.643:0138:0194:warn:vkd3d-proton:d3d12_device_QueryInterface: {0742a90b-c387-483f-b946-30a7e4e61458} not implemented, returning E_NOINTERFACE.
4863.683:0138:0198:warn:vkd3d-proton:d3d12_device_QueryInterface: {0742a90b-c387-483f-b946-30a7e4e61458} not implemented, returning E_NOINTERFACE.
4863.721:0138:0194:warn:vkd3d-proton:d3d12_device_QueryInterface: {0742a90b-c387-483f-b946-30a7e4e61458} not implemented, returning E_NOINTERFACE.
4863.757:0138:019c:warn:vkd3d-proton:d3d12_device_QueryInterface: {0742a90b-c387-483f-b946-30a7e4e61458} not implemented, returning E_NOINTERFACE.
4863.788:0138:01a0:warn:vkd3d-proton:d3d12_device_QueryInterface: {0742a90b-c387-483f-b946-30a7e4e61458} not implemented, returning E_NOINTERFACE.
4863.824:0138:0198:warn:vkd3d-proton:d3d12_device_QueryInterface: {0742a90b-c387-483f-b946-30a7e4e61458} not implemented, returning E_NOINTERFACE.
4863.859:0138:0198:warn:vkd3d-proton:d3d12_device_QueryInterface: {0742a90b-c387-483f-b946-30a7e4e61458} not implemented, returning E_NOINTERFACE.
4863.890:0138:01a0:warn:vkd3d-proton:d3d12_device_QueryInterface: {0742a90b-c387-483f-b946-30a7e4e61458} not implemented, returning E_NOINTERFACE.
4863.925:0138:0198:warn:vkd3d-proton:d3d12_device_QueryInterface: {0742a90b-c387-483f-b946-30a7e4e61458} not implemented, returning E_NOINTERFACE.
4863.958:0138:0194:warn:vkd3d-proton:d3d12_device_QueryInterface: {0742a90b-c387-483f-b946-30a7e4e61458} not implemented, returning E_NOINTERFACE.
4863.991:0138:01a0:warn:vkd3d-proton:d3d12_device_QueryInterface: {0742a90b-c387-483f-b946-30a7e4e61458} not implemented, returning E_NOINTERFACE.
4864.028:0138:019c:warn:vkd3d-proton:d3d12_device_QueryInterface: {0742a90b-c387-483f-b946-30a7e4e61458} not implemented, returning E_NOINTERFACE.
4864.067:0138:0198:warn:vkd3d-proton:d3d12_device_QueryInterface: {0742a90b-c387-483f-b946-30a7e4e61458} not implemented, returning E_NOINTERFACE.
4864.099:0138:0194:warn:vkd3d-proton:d3d12_device_QueryInterface: {0742a90b-c387-483f-b946-30a7e4e61458} not implemented, returning E_NOINTERFACE.
4864.134:0138:01a0:warn:vkd3d-proton:d3d12_device_QueryInterface: {0742a90b-c387-483f-b946-30a7e4e61458} not implemented, returning E_NOINTERFACE.
4864.165:0138:0194:warn:vkd3d-proton:d3d12_device_QueryInterface: {0742a90b-c387-483f-b946-30a7e4e61458} not implemented, returning E_NOINTERFACE.
4864.198:0138:01a0:warn:vkd3d-proton:d3d12_device_QueryInterface: {0742a90b-c387-483f-b946-30a7e4e61458} not implemented, returning E_NOINTERFACE.
4864.238:0138:019c:warn:vkd3d-proton:d3d12_device_QueryInterface: {0742a90b-c387-483f-b946-30a7e4e61458} not implemented, returning E_NOINTERFACE.
4864.273:0138:019c:warn:vkd3d-proton:d3d12_device_QueryInterface: {0742a90b-c387-483f-b946-30a7e4e61458} not implemented, returning E_NOINTERFACE.
4864.312:0138:01a0:warn:vkd3d-proton:d3d12_device_QueryInterface: {0742a90b-c387-483f-b946-30a7e4e61458} not implemented, returning E_NOINTERFACE.
4864.350:0138:0198:warn:vkd3d-proton:d3d12_device_QueryInterface: {0742a90b-c387-483f-b946-30a7e4e61458} not implemented, returning E_NOINTERFACE.
4864.386:0138:01a0:warn:vkd3d-proton:d3d12_device_QueryInterface: {0742a90b-c387-483f-b946-30a7e4e61458} not implemented, returning E_NOINTERFACE.
4864.423:0138:0194:warn:vkd3d-proton:d3d12_device_QueryInterface: {0742a90b-c387-483f-b946-30a7e4e61458} not implemented, returning E_NOINTERFACE.
4864.453:0138:019c:warn:vkd3d-proton:d3d12_device_QueryInterface: {0742a90b-c387-483f-b946-30a7e4e61458} not implemented, returning E_NOINTERFACE.
4864.489:0138:0198:warn:vkd3d-proton:d3d12_device_QueryInterface: {0742a90b-c387-483f-b946-30a7e4e61458} not implemented, returning E_NOINTERFACE.
4864.521:0138:0194:warn:vkd3d-proton:d3d12_device_QueryInterface: {0742a90b-c387-483f-b946-30a7e4e61458} not implemented, returning E_NOINTERFACE.
4864.553:0138:019c:warn:vkd3d-proton:d3d12_device_QueryInterface: {0742a90b-c387-483f-b946-30a7e4e61458} not implemented, returning E_NOINTERFACE.
4864.587:0138:0194:warn:vkd3d-proton:d3d12_device_QueryInterface: {0742a90b-c387-483f-b946-30a7e4e61458} not implemented, returning E_NOINTERFACE.
4864.625:0138:0198:warn:vkd3d-proton:d3d12_device_QueryInterface: {0742a90b-c387-483f-b946-30a7e4e61458} not implemented, returning E_NOINTERFACE.
4864.662:0138:019c:warn:vkd3d-proton:d3d12_device_QueryInterface: {0742a90b-c387-483f-b946-30a7e4e61458} not implemented, returning E_NOINTERFACE.
4864.702:0138:0198:warn:vkd3d-proton:d3d12_device_QueryInterface: {0742a90b-c387-483f-b946-30a7e4e61458} not implemented, returning E_NOINTERFACE.
4864.740:0138:0194:warn:vkd3d-proton:d3d12_device_QueryInterface: {0742a90b-c387-483f-b946-30a7e4e61458} not implemented, returning E_NOINTERFACE.
4864.763:0138:0198:warn:vkd3d-proton:d3d12_device_QueryInterface: {0742a90b-c387-483f-b946-30a7e4e61458} not implemented, returning E_NOINTERFACE.
4864.797:0138:019c:warn:vkd3d-proton:d3d12_device_QueryInterface: {0742a90b-c387-483f-b946-30a7e4e61458} not implemented, returning E_NOINTERFACE.
4864.829:0138:0198:warn:vkd3d-proton:d3d12_device_QueryInterface: {0742a90b-c387-483f-b946-30a7e4e61458} not implemented, returning E_NOINTERFACE.
4864.855:0138:019c:warn:vkd3d-proton:d3d12_device_QueryInterface: {0742a90b-c387-483f-b946-30a7e4e61458} not implemented, returning E_NOINTERFACE.
4864.893:0138:0198:warn:vkd3d-proton:d3d12_device_QueryInterface: {0742a90b-c387-483f-b946-30a7e4e61458} not implemented, returning E_NOINTERFACE.
4864.928:0138:01a0:warn:vkd3d-proton:d3d12_device_QueryInterface: {0742a90b-c387-483f-b946-30a7e4e61458} not implemented, returning E_NOINTERFACE.
4864.954:0138:019c:warn:vkd3d-proton:d3d12_device_QueryInterface: {0742a90b-c387-483f-b946-30a7e4e61458} not implemented, returning E_NOINTERFACE.
4864.983:0138:0194:warn:vkd3d-proton:d3d12_device_QueryInterface: {0742a90b-c387-483f-b946-30a7e4e61458} not implemented, returning E_NOINTERFACE.
4865.018:0138:019c:warn:vkd3d-proton:d3d12_device_QueryInterface: {0742a90b-c387-483f-b946-30a7e4e61458} not implemented, returning E_NOINTERFACE.
4865.049:0138:01a0:warn:vkd3d-proton:d3d12_device_QueryInterface: {0742a90b-c387-483f-b946-30a7e4e61458} not implemented, returning E_NOINTERFACE.
4865.077:0138:0198:warn:vkd3d-proton:d3d12_device_QueryInterface: {0742a90b-c387-483f-b946-30a7e4e61458} not implemented, returning E_NOINTERFACE.
4865.103:0138:0194:warn:vkd3d-proton:d3d12_device_QueryInterface: {0742a90b-c387-483f-b946-30a7e4e61458} not implemented, returning E_NOINTERFACE.
4865.135:0138:0198:warn:vkd3d-proton:d3d12_device_QueryInterface: {0742a90b-c387-483f-b946-30a7e4e61458} not implemented, returning E_NOINTERFACE.
4865.161:0138:0194:warn:vkd3d-proton:d3d12_device_QueryInterface: {0742a90b-c387-483f-b946-30a7e4e61458} not implemented, returning E_NOINTERFACE.
4865.192:0138:01a0:warn:vkd3d-proton:d3d12_device_QueryInterface: {0742a90b-c387-483f-b946-30a7e4e61458} not implemented, returning E_NOINTERFACE.
4865.231:0138:0194:warn:vkd3d-proton:d3d12_device_QueryInterface: {0742a90b-c387-483f-b946-30a7e4e61458} not implemented, returning E_NOINTERFACE.
4865.266:0138:0198:warn:vkd3d-proton:d3d12_device_QueryInterface: {0742a90b-c387-483f-b946-30a7e4e61458} not implemented, returning E_NOINTERFACE.
4865.295:0138:01a0:warn:vkd3d-proton:d3d12_device_QueryInterface: {0742a90b-c387-483f-b946-30a7e4e61458} not implemented, returning E_NOINTERFACE.
4865.328:0138:0194:warn:vkd3d-proton:d3d12_device_QueryInterface: {0742a90b-c387-483f-b946-30a7e4e61458} not implemented, returning E_NOINTERFACE.
4865.354:0138:01a0:warn:vkd3d-proton:d3d12_device_QueryInterface: {0742a90b-c387-483f-b946-30a7e4e61458} not implemented, returning E_NOINTERFACE.
4865.394:0138:0194:warn:vkd3d-proton:d3d12_device_QueryInterface: {0742a90b-c387-483f-b946-30a7e4e61458} not implemented, returning E_NOINTERFACE.
4865.425:0138:0198:warn:vkd3d-proton:d3d12_device_QueryInterface: {0742a90b-c387-483f-b946-30a7e4e61458} not implemented, returning E_NOINTERFACE.
4865.466:0138:019c:warn:vkd3d-proton:d3d12_device_QueryInterface: {0742a90b-c387-483f-b946-30a7e4e61458} not implemented, returning E_NOINTERFACE.
4865.498:0138:0198:warn:vkd3d-proton:d3d12_device_QueryInterface: {0742a90b-c387-483f-b946-30a7e4e61458} not implemented, returning E_NOINTERFACE.
4865.525:0138:0194:warn:vkd3d-proton:d3d12_device_QueryInterface: {0742a90b-c387-483f-b946-30a7e4e61458} not implemented, returning E_NOINTERFACE.
4865.555:0138:019c:warn:vkd3d-proton:d3d12_device_QueryInterface: {0742a90b-c387-483f-b946-30a7e4e61458} not implemented, returning E_NOINTERFACE.
4865.589:0138:0194:warn:vkd3d-proton:d3d12_device_QueryInterface: {0742a90b-c387-483f-b946-30a7e4e61458} not implemented, returning E_NOINTERFACE.
4865.618:0138:019c:warn:vkd3d-proton:d3d12_device_QueryInterface: {0742a90b-c387-483f-b946-30a7e4e61458} not implemented, returning E_NOINTERFACE.
4865.654:0138:0194:warn:vkd3d-proton:d3d12_device_QueryInterface: {0742a90b-c387-483f-b946-30a7e4e61458} not implemented, returning E_NOINTERFACE.
4865.686:0138:0198:warn:vkd3d-proton:d3d12_device_QueryInterface: {0742a90b-c387-483f-b946-30a7e4e61458} not implemented, returning E_NOINTERFACE.
4865.716:0138:0194:warn:vkd3d-proton:d3d12_device_QueryInterface: {0742a90b-c387-483f-b946-30a7e4e61458} not implemented, returning E_NOINTERFACE.
4865.746:0138:019c:warn:vkd3d-proton:d3d12_device_QueryInterface: {0742a90b-c387-483f-b946-30a7e4e61458} not implemented, returning E_NOINTERFACE.
4865.779:0138:0198:warn:vkd3d-proton:d3d12_device_QueryInterface: {0742a90b-c387-483f-b946-30a7e4e61458} not implemented, returning E_NOINTERFACE.
4865.809:0138:0194:warn:vkd3d-proton:d3d12_device_QueryInterface: {0742a90b-c387-483f-b946-30a7e4e61458} not implemented, returning E_NOINTERFACE.
4865.842:0138:019c:warn:vkd3d-proton:d3d12_device_QueryInterface: {0742a90b-c387-483f-b946-30a7e4e61458} not implemented, returning E_NOINTERFACE.
4865.869:0138:0194:warn:vkd3d-proton:d3d12_device_QueryInterface: {0742a90b-c387-483f-b946-30a7e4e61458} not implemented, returning E_NOINTERFACE.
4865.902:0138:0198:warn:vkd3d-proton:d3d12_device_QueryInterface: {0742a90b-c387-483f-b946-30a7e4e61458} not implemented, returning E_NOINTERFACE.
4865.930:0138:019c:warn:vkd3d-proton:d3d12_device_QueryInterface: {0742a90b-c387-483f-b946-30a7e4e61458} not implemented, returning E_NOINTERFACE.
4865.934:0138:019c:warn:vkd3d-proton:d3d12_device_QueryInterface: {0742a90b-c387-483f-b946-30a7e4e61458} not implemented, returning E_NOINTERFACE.
4865.958:0138:0198:warn:vkd3d-proton:d3d12_device_QueryInterface: {0742a90b-c387-483f-b946-30a7e4e61458} not implemented, returning E_NOINTERFACE.
4865.963:0138:0198:warn:vkd3d-proton:d3d12_device_QueryInterface: {0742a90b-c387-483f-b946-30a7e4e61458} not implemented, returning E_NOINTERFACE.
4865.991:0138:019c:warn:vkd3d-proton:d3d12_device_QueryInterface: {0742a90b-c387-483f-b946-30a7e4e61458} not implemented, returning E_NOINTERFACE.
4865.996:0138:019c:warn:vkd3d-proton:d3d12_device_QueryInterface: {0742a90b-c387-483f-b946-30a7e4e61458} not implemented, returning E_NOINTERFACE.
4866.016:0138:019c:warn:vkd3d-proton:d3d12_device_QueryInterface: {0742a90b-c387-483f-b946-30a7e4e61458} not implemented, returning E_NOINTERFACE.
4866.054:0138:0194:warn:vkd3d-proton:d3d12_device_QueryInterface: {0742a90b-c387-483f-b946-30a7e4e61458} not implemented, returning E_NOINTERFACE.
4866.087:0138:0198:warn:vkd3d-proton:d3d12_device_QueryInterface: {0742a90b-c387-483f-b946-30a7e4e61458} not implemented, returning E_NOINTERFACE.
4866.119:0138:01a0:warn:vkd3d-proton:d3d12_device_QueryInterface: {0742a90b-c387-483f-b946-30a7e4e61458} not implemented, returning E_NOINTERFACE.
4866.146:0138:0198:warn:vkd3d-proton:d3d12_device_QueryInterface: {0742a90b-c387-483f-b946-30a7e4e61458} not implemented, returning E_NOINTERFACE.
4866.173:0138:01a0:warn:vkd3d-proton:d3d12_device_QueryInterface: {0742a90b-c387-483f-b946-30a7e4e61458} not implemented, returning E_NOINTERFACE.
4866.198:0138:019c:warn:vkd3d-proton:d3d12_device_QueryInterface: {0742a90b-c387-483f-b946-30a7e4e61458} not implemented, returning E_NOINTERFACE.
4866.202:0138:019c:warn:vkd3d-proton:d3d12_device_QueryInterface: {0742a90b-c387-483f-b946-30a7e4e61458} not implemented, returning E_NOINTERFACE.
4866.227:0138:0194:warn:vkd3d-proton:d3d12_device_QueryInterface: {0742a90b-c387-483f-b946-30a7e4e61458} not implemented, returning E_NOINTERFACE.
4866.232:0138:0194:warn:vkd3d-proton:d3d12_device_QueryInterface: {0742a90b-c387-483f-b946-30a7e4e61458} not implemented, returning E_NOINTERFACE.
4866.260:0138:01a0:warn:vkd3d-proton:d3d12_device_QueryInterface: {0742a90b-c387-483f-b946-30a7e4e61458} not implemented, returning E_NOINTERFACE.
4866.264:0138:01a0:warn:vkd3d-proton:d3d12_device_QueryInterface: {0742a90b-c387-483f-b946-30a7e4e61458} not implemented, returning E_NOINTERFACE.
4866.294:0138:0194:warn:vkd3d-proton:d3d12_device_QueryInterface: {0742a90b-c387-483f-b946-30a7e4e61458} not implemented, returning E_NOINTERFACE.
4866.297:0138:0194:warn:vkd3d-proton:d3d12_device_QueryInterface: {0742a90b-c387-483f-b946-30a7e4e61458} not implemented, returning E_NOINTERFACE.
4866.325:0138:0198:warn:vkd3d-proton:d3d12_device_QueryInterface: {0742a90b-c387-483f-b946-30a7e4e61458} not implemented, returning E_NOINTERFACE.
4866.330:0138:0198:warn:vkd3d-proton:d3d12_device_QueryInterface: {0742a90b-c387-483f-b946-30a7e4e61458} not implemented, returning E_NOINTERFACE.
4866.356:0138:0194:warn:vkd3d-proton:d3d12_device_QueryInterface: {0742a90b-c387-483f-b946-30a7e4e61458} not implemented, returning E_NOINTERFACE.
4866.363:0138:0194:warn:vkd3d-proton:d3d12_device_QueryInterface: {0742a90b-c387-483f-b946-30a7e4e61458} not implemented, returning E_NOINTERFACE.
4866.381:0138:0194:warn:vkd3d-proton:d3d12_device_QueryInterface: {0742a90b-c387-483f-b946-30a7e4e61458} not implemented, returning E_NOINTERFACE.
4866.411:0138:01a0:warn:vkd3d-proton:d3d12_device_QueryInterface: {0742a90b-c387-483f-b946-30a7e4e61458} not implemented, returning E_NOINTERFACE.
4866.445:0138:019c:warn:vkd3d-proton:d3d12_device_QueryInterface: {0742a90b-c387-483f-b946-30a7e4e61458} not implemented, returning E_NOINTERFACE.
4866.475:0138:0194:warn:vkd3d-proton:d3d12_device_QueryInterface: {0742a90b-c387-483f-b946-30a7e4e61458} not implemented, returning E_NOINTERFACE.
4866.506:0138:0194:warn:vkd3d-proton:d3d12_device_QueryInterface: {0742a90b-c387-483f-b946-30a7e4e61458} not implemented, returning E_NOINTERFACE.
4866.533:0138:01a0:warn:vkd3d-proton:d3d12_device_QueryInterface: {0742a90b-c387-483f-b946-30a7e4e61458} not implemented, returning E_NOINTERFACE.
4866.561:0138:0194:warn:vkd3d-proton:d3d12_device_QueryInterface: {0742a90b-c387-483f-b946-30a7e4e61458} not implemented, returning E_NOINTERFACE.
4866.568:0138:0194:warn:vkd3d-proton:d3d12_device_QueryInterface: {0742a90b-c387-483f-b946-30a7e4e61458} not implemented, returning E_NOINTERFACE.
4866.609:0138:01a0:warn:vkd3d-proton:d3d12_device_QueryInterface: {0742a90b-c387-483f-b946-30a7e4e61458} not implemented, returning E_NOINTERFACE.
4866.633:0138:0194:warn:vkd3d-proton:d3d12_device_QueryInterface: {0742a90b-c387-483f-b946-30a7e4e61458} not implemented, returning E_NOINTERFACE.
4866.670:0138:01a0:warn:vkd3d-proton:d3d12_device_QueryInterface: {0742a90b-c387-483f-b946-30a7e4e61458} not implemented, returning E_NOINTERFACE.
4866.707:0138:019c:warn:vkd3d-proton:d3d12_device_QueryInterface: {0742a90b-c387-483f-b946-30a7e4e61458} not implemented, returning E_NOINTERFACE.
4866.740:0138:01a0:warn:vkd3d-proton:d3d12_device_QueryInterface: {0742a90b-c387-483f-b946-30a7e4e61458} not implemented, returning E_NOINTERFACE.
4866.772:0138:0198:warn:vkd3d-proton:d3d12_device_QueryInterface: {0742a90b-c387-483f-b946-30a7e4e61458} not implemented, returning E_NOINTERFACE.
4866.804:0138:0194:warn:vkd3d-proton:d3d12_device_QueryInterface: {0742a90b-c387-483f-b946-30a7e4e61458} not implemented, returning E_NOINTERFACE.
4866.839:0138:0198:warn:vkd3d-proton:d3d12_device_QueryInterface: {0742a90b-c387-483f-b946-30a7e4e61458} not implemented, returning E_NOINTERFACE.
4866.861:0138:019c:warn:vkd3d-proton:d3d12_device_QueryInterface: {0742a90b-c387-483f-b946-30a7e4e61458} not implemented, returning E_NOINTERFACE.
4866.867:0138:0194:warn:vkd3d-proton:d3d12_device_QueryInterface: {0742a90b-c387-483f-b946-30a7e4e61458} not implemented, returning E_NOINTERFACE.
4866.904:0138:01a0:warn:vkd3d-proton:d3d12_device_QueryInterface: {0742a90b-c387-483f-b946-30a7e4e61458} not implemented, returning E_NOINTERFACE.
4866.936:0138:0198:warn:vkd3d-proton:d3d12_device_QueryInterface: {0742a90b-c387-483f-b946-30a7e4e61458} not implemented, returning E_NOINTERFACE.
4866.970:0138:01a0:warn:vkd3d-proton:d3d12_device_QueryInterface: {0742a90b-c387-483f-b946-30a7e4e61458} not implemented, returning E_NOINTERFACE.
4867.004:0138:0194:warn:vkd3d-proton:d3d12_device_QueryInterface: {0742a90b-c387-483f-b946-30a7e4e61458} not implemented, returning E_NOINTERFACE.
4867.031:0138:01a0:warn:vkd3d-proton:d3d12_device_QueryInterface: {0742a90b-c387-483f-b946-30a7e4e61458} not implemented, returning E_NOINTERFACE.
4867.036:0138:01a0:warn:vkd3d-proton:d3d12_device_QueryInterface: {0742a90b-c387-483f-b946-30a7e4e61458} not implemented, returning E_NOINTERFACE.
4867.068:0138:019c:warn:vkd3d-proton:d3d12_device_QueryInterface: {0742a90b-c387-483f-b946-30a7e4e61458} not implemented, returning E_NOINTERFACE.
4867.103:0138:0198:warn:vkd3d-proton:d3d12_device_QueryInterface: {0742a90b-c387-483f-b946-30a7e4e61458} not implemented, returning E_NOINTERFACE.
4867.139:0138:01a0:warn:vkd3d-proton:d3d12_device_QueryInterface: {0742a90b-c387-483f-b946-30a7e4e61458} not implemented, returning E_NOINTERFACE.
4867.176:0138:0198:warn:vkd3d-proton:d3d12_device_QueryInterface: {0742a90b-c387-483f-b946-30a7e4e61458} not implemented, returning E_NOINTERFACE.
4867.203:0138:019c:warn:vkd3d-proton:d3d12_device_QueryInterface: {0742a90b-c387-483f-b946-30a7e4e61458} not implemented, returning E_NOINTERFACE.
4867.240:0138:01a0:warn:vkd3d-proton:d3d12_device_QueryInterface: {0742a90b-c387-483f-b946-30a7e4e61458} not implemented, returning E_NOINTERFACE.
4867.269:0138:0194:warn:vkd3d-proton:d3d12_device_QueryInterface: {0742a90b-c387-483f-b946-30a7e4e61458} not implemented, returning E_NOINTERFACE.
4867.306:0138:0198:warn:vkd3d-proton:d3d12_device_QueryInterface: {0742a90b-c387-483f-b946-30a7e4e61458} not implemented, returning E_NOINTERFACE.
4867.340:0138:0194:warn:vkd3d-proton:d3d12_device_QueryInterface: {0742a90b-c387-483f-b946-30a7e4e61458} not implemented, returning E_NOINTERFACE.
4867.372:0138:0198:warn:vkd3d-proton:d3d12_device_QueryInterface: {0742a90b-c387-483f-b946-30a7e4e61458} not implemented, returning E_NOINTERFACE.
4867.406:0138:019c:warn:vkd3d-proton:d3d12_device_QueryInterface: {0742a90b-c387-483f-b946-30a7e4e61458} not implemented, returning E_NOINTERFACE.
4867.440:0138:0198:warn:vkd3d-proton:d3d12_device_QueryInterface: {0742a90b-c387-483f-b946-30a7e4e61458} not implemented, returning E_NOINTERFACE.
4867.473:0138:01a0:warn:vkd3d-proton:d3d12_device_QueryInterface: {0742a90b-c387-483f-b946-30a7e4e61458} not implemented, returning E_NOINTERFACE.
4867.508:0138:0198:warn:vkd3d-proton:d3d12_device_QueryInterface: {0742a90b-c387-483f-b946-30a7e4e61458} not implemented, returning E_NOINTERFACE.
4867.538:0138:019c:warn:vkd3d-proton:d3d12_device_QueryInterface: {0742a90b-c387-483f-b946-30a7e4e61458} not implemented, returning E_NOINTERFACE.
4867.585:0138:0194:warn:vkd3d-proton:d3d12_device_QueryInterface: {0742a90b-c387-483f-b946-30a7e4e61458} not implemented, returning E_NOINTERFACE.
4867.624:0138:01a0:warn:vkd3d-proton:d3d12_device_QueryInterface: {0742a90b-c387-483f-b946-30a7e4e61458} not implemented, returning E_NOINTERFACE.
4867.658:0138:0198:warn:vkd3d-proton:d3d12_device_QueryInterface: {0742a90b-c387-483f-b946-30a7e4e61458} not implemented, returning E_NOINTERFACE.
4867.692:0138:01a0:warn:vkd3d-proton:d3d12_device_QueryInterface: {0742a90b-c387-483f-b946-30a7e4e61458} not implemented, returning E_NOINTERFACE.
4867.727:0138:0194:warn:vkd3d-proton:d3d12_device_QueryInterface: {0742a90b-c387-483f-b946-30a7e4e61458} not implemented, returning E_NOINTERFACE.
4867.769:0138:0194:warn:vkd3d-proton:d3d12_device_QueryInterface: {0742a90b-c387-483f-b946-30a7e4e61458} not implemented, returning E_NOINTERFACE.
4867.808:0138:0198:warn:vkd3d-proton:d3d12_device_QueryInterface: {0742a90b-c387-483f-b946-30a7e4e61458} not implemented, returning E_NOINTERFACE.
4867.877:0138:01a0:warn:vkd3d-proton:d3d12_device_QueryInterface: {0742a90b-c387-483f-b946-30a7e4e61458} not implemented, returning E_NOINTERFACE.
4867.912:0138:0198:warn:vkd3d-proton:d3d12_device_QueryInterface: {0742a90b-c387-483f-b946-30a7e4e61458} not implemented, returning E_NOINTERFACE.
4867.960:0138:01a0:warn:vkd3d-proton:d3d12_device_QueryInterface: {0742a90b-c387-483f-b946-30a7e4e61458} not implemented, returning E_NOINTERFACE.
4867.992:0138:0194:warn:vkd3d-proton:d3d12_device_QueryInterface: {0742a90b-c387-483f-b946-30a7e4e61458} not implemented, returning E_NOINTERFACE.
4868.028:0138:01a0:warn:vkd3d-proton:d3d12_device_QueryInterface: {0742a90b-c387-483f-b946-30a7e4e61458} not implemented, returning E_NOINTERFACE.
4868.061:0138:019c:warn:vkd3d-proton:d3d12_device_QueryInterface: {0742a90b-c387-483f-b946-30a7e4e61458} not implemented, returning E_NOINTERFACE.
4868.096:0138:0198:warn:vkd3d-proton:d3d12_device_QueryInterface: {0742a90b-c387-483f-b946-30a7e4e61458} not implemented, returning E_NOINTERFACE.
4868.132:0138:019c:warn:vkd3d-proton:d3d12_device_QueryInterface: {0742a90b-c387-483f-b946-30a7e4e61458} not implemented, returning E_NOINTERFACE.
4868.165:0138:0198:warn:vkd3d-proton:d3d12_device_QueryInterface: {0742a90b-c387-483f-b946-30a7e4e61458} not implemented, returning E_NOINTERFACE.
4868.201:0138:019c:warn:vkd3d-proton:d3d12_device_QueryInterface: {0742a90b-c387-483f-b946-30a7e4e61458} not implemented, returning E_NOINTERFACE.
4868.232:0138:0194:warn:vkd3d-proton:d3d12_device_QueryInterface: {0742a90b-c387-483f-b946-30a7e4e61458} not implemented, returning E_NOINTERFACE.
4868.266:0138:0198:warn:vkd3d-proton:d3d12_device_QueryInterface: {0742a90b-c387-483f-b946-30a7e4e61458} not implemented, returning E_NOINTERFACE.
4868.302:0138:019c:warn:vkd3d-proton:d3d12_device_QueryInterface: {0742a90b-c387-483f-b946-30a7e4e61458} not implemented, returning E_NOINTERFACE.
4868.335:0138:01a0:warn:vkd3d-proton:d3d12_device_QueryInterface: {0742a90b-c387-483f-b946-30a7e4e61458} not implemented, returning E_NOINTERFACE.
4868.369:0138:019c:warn:vkd3d-proton:d3d12_device_QueryInterface: {0742a90b-c387-483f-b946-30a7e4e61458} not implemented, returning E_NOINTERFACE.
4868.403:0138:0198:warn:vkd3d-proton:d3d12_device_QueryInterface: {0742a90b-c387-483f-b946-30a7e4e61458} not implemented, returning E_NOINTERFACE.
4868.434:0138:0194:warn:vkd3d-proton:d3d12_device_QueryInterface: {0742a90b-c387-483f-b946-30a7e4e61458} not implemented, returning E_NOINTERFACE.
4868.467:0138:0198:warn:vkd3d-proton:d3d12_device_QueryInterface: {0742a90b-c387-483f-b946-30a7e4e61458} not implemented, returning E_NOINTERFACE.
4868.504:0138:01a0:warn:vkd3d-proton:d3d12_device_QueryInterface: {0742a90b-c387-483f-b946-30a7e4e61458} not implemented, returning E_NOINTERFACE.
4868.542:0138:0198:warn:vkd3d-proton:d3d12_device_QueryInterface: {0742a90b-c387-483f-b946-30a7e4e61458} not implemented, returning E_NOINTERFACE.
4868.578:0138:01a0:warn:vkd3d-proton:d3d12_device_QueryInterface: {0742a90b-c387-483f-b946-30a7e4e61458} not implemented, returning E_NOINTERFACE.
4868.619:0138:019c:warn:vkd3d-proton:d3d12_device_QueryInterface: {0742a90b-c387-483f-b946-30a7e4e61458} not implemented, returning E_NOINTERFACE.
4868.650:0138:01a0:warn:vkd3d-proton:d3d12_device_QueryInterface: {0742a90b-c387-483f-b946-30a7e4e61458} not implemented, returning E_NOINTERFACE.
4868.689:0138:0194:warn:vkd3d-proton:d3d12_device_QueryInterface: {0742a90b-c387-483f-b946-30a7e4e61458} not implemented, returning E_NOINTERFACE.
4868.721:0138:019c:warn:vkd3d-proton:d3d12_device_QueryInterface: {0742a90b-c387-483f-b946-30a7e4e61458} not implemented, returning E_NOINTERFACE.
4868.755:0138:0198:warn:vkd3d-proton:d3d12_device_QueryInterface: {0742a90b-c387-483f-b946-30a7e4e61458} not implemented, returning E_NOINTERFACE.
4868.788:0138:019c:warn:vkd3d-proton:d3d12_device_QueryInterface: {0742a90b-c387-483f-b946-30a7e4e61458} not implemented, returning E_NOINTERFACE.
4868.824:0138:0198:warn:vkd3d-proton:d3d12_device_QueryInterface: {0742a90b-c387-483f-b946-30a7e4e61458} not implemented, returning E_NOINTERFACE.
4868.855:0138:0194:warn:vkd3d-proton:d3d12_device_QueryInterface: {0742a90b-c387-483f-b946-30a7e4e61458} not implemented, returning E_NOINTERFACE.
4868.890:0138:01a0:warn:vkd3d-proton:d3d12_device_QueryInterface: {0742a90b-c387-483f-b946-30a7e4e61458} not implemented, returning E_NOINTERFACE.
4868.927:0138:019c:warn:vkd3d-proton:d3d12_device_QueryInterface: {0742a90b-c387-483f-b946-30a7e4e61458} not implemented, returning E_NOINTERFACE.
4868.965:0138:0198:warn:vkd3d-proton:d3d12_device_QueryInterface: {0742a90b-c387-483f-b946-30a7e4e61458} not implemented, returning E_NOINTERFACE.
4868.998:0138:019c:warn:vkd3d-proton:d3d12_device_QueryInterface: {0742a90b-c387-483f-b946-30a7e4e61458} not implemented, returning E_NOINTERFACE.
4869.037:0138:0194:warn:vkd3d-proton:d3d12_device_QueryInterface: {0742a90b-c387-483f-b946-30a7e4e61458} not implemented, returning E_NOINTERFACE.
4869.040:0138:0194:warn:vkd3d-proton:d3d12_device_QueryInterface: {0742a90b-c387-483f-b946-30a7e4e61458} not implemented, returning E_NOINTERFACE.
4869.051:0138:01a0:warn:vkd3d-proton:d3d12_device_QueryInterface: {0742a90b-c387-483f-b946-30a7e4e61458} not implemented, returning E_NOINTERFACE.
4869.067:0138:01a0:warn:vkd3d-proton:d3d12_device_QueryInterface: {0742a90b-c387-483f-b946-30a7e4e61458} not implemented, returning E_NOINTERFACE.
4869.103:0138:0194:warn:vkd3d-proton:d3d12_device_QueryInterface: {0742a90b-c387-483f-b946-30a7e4e61458} not implemented, returning E_NOINTERFACE.
4869.135:0138:0198:warn:vkd3d-proton:d3d12_device_QueryInterface: {0742a90b-c387-483f-b946-30a7e4e61458} not implemented, returning E_NOINTERFACE.
4869.170:0138:0194:warn:vkd3d-proton:d3d12_device_QueryInterface: {0742a90b-c387-483f-b946-30a7e4e61458} not implemented, returning E_NOINTERFACE.
4869.203:0138:01a0:warn:vkd3d-proton:d3d12_device_QueryInterface: {0742a90b-c387-483f-b946-30a7e4e61458} not implemented, returning E_NOINTERFACE.
4869.240:0138:01a0:warn:vkd3d-proton:d3d12_device_QueryInterface: {0742a90b-c387-483f-b946-30a7e4e61458} not implemented, returning E_NOINTERFACE.
4869.272:0138:0198:warn:vkd3d-proton:d3d12_device_QueryInterface: {0742a90b-c387-483f-b946-30a7e4e61458} not implemented, returning E_NOINTERFACE.
4869.306:0138:019c:warn:vkd3d-proton:d3d12_device_QueryInterface: {0742a90b-c387-483f-b946-30a7e4e61458} not implemented, returning E_NOINTERFACE.
4869.340:0138:0194:warn:vkd3d-proton:d3d12_device_QueryInterface: {0742a90b-c387-483f-b946-30a7e4e61458} not implemented, returning E_NOINTERFACE.
4869.370:0138:0198:warn:vkd3d-proton:d3d12_device_QueryInterface: {0742a90b-c387-483f-b946-30a7e4e61458} not implemented, returning E_NOINTERFACE.
4869.402:0138:0194:warn:vkd3d-proton:d3d12_device_QueryInterface: {0742a90b-c387-483f-b946-30a7e4e61458} not implemented, returning E_NOINTERFACE.
4869.433:0138:0198:warn:vkd3d-proton:d3d12_device_QueryInterface: {0742a90b-c387-483f-b946-30a7e4e61458} not implemented, returning E_NOINTERFACE.
4869.436:0138:0198:warn:vkd3d-proton:d3d12_device_QueryInterface: {0742a90b-c387-483f-b946-30a7e4e61458} not implemented, returning E_NOINTERFACE.
4869.471:0138:01a0:warn:vkd3d-proton:d3d12_device_QueryInterface: {0742a90b-c387-483f-b946-30a7e4e61458} not implemented, returning E_NOINTERFACE.
4869.503:0138:0194:warn:vkd3d-proton:d3d12_device_QueryInterface: {0742a90b-c387-483f-b946-30a7e4e61458} not implemented, returning E_NOINTERFACE.
4869.534:0138:019c:warn:vkd3d-proton:d3d12_device_QueryInterface: {0742a90b-c387-483f-b946-30a7e4e61458} not implemented, returning E_NOINTERFACE.
4869.570:0138:0194:warn:vkd3d-proton:d3d12_device_QueryInterface: {0742a90b-c387-483f-b946-30a7e4e61458} not implemented, returning E_NOINTERFACE.
4869.601:0138:0198:warn:vkd3d-proton:d3d12_device_QueryInterface: {0742a90b-c387-483f-b946-30a7e4e61458} not implemented, returning E_NOINTERFACE.
4869.634:0138:0194:warn:vkd3d-proton:d3d12_device_QueryInterface: {0742a90b-c387-483f-b946-30a7e4e61458} not implemented, returning E_NOINTERFACE.
4869.667:0138:019c:warn:vkd3d-proton:d3d12_device_QueryInterface: {0742a90b-c387-483f-b946-30a7e4e61458} not implemented, returning E_NOINTERFACE.
4869.698:0138:01a0:warn:vkd3d-proton:d3d12_device_QueryInterface: {0742a90b-c387-483f-b946-30a7e4e61458} not implemented, returning E_NOINTERFACE.
4869.701:0138:01a0:warn:vkd3d-proton:d3d12_device_QueryInterface: {0742a90b-c387-483f-b946-30a7e4e61458} not implemented, returning E_NOINTERFACE.
4869.736:0138:0194:warn:vkd3d-proton:d3d12_device_QueryInterface: {0742a90b-c387-483f-b946-30a7e4e61458} not implemented, returning E_NOINTERFACE.
4869.774:0138:0198:warn:vkd3d-proton:d3d12_device_QueryInterface: {0742a90b-c387-483f-b946-30a7e4e61458} not implemented, returning E_NOINTERFACE.
4869.806:0138:0194:warn:vkd3d-proton:d3d12_device_QueryInterface: {0742a90b-c387-483f-b946-30a7e4e61458} not implemented, returning E_NOINTERFACE.
4869.843:0138:0194:warn:vkd3d-proton:d3d12_device_QueryInterface: {0742a90b-c387-483f-b946-30a7e4e61458} not implemented, returning E_NOINTERFACE.
4869.879:0138:0198:warn:vkd3d-proton:d3d12_device_QueryInterface: {0742a90b-c387-483f-b946-30a7e4e61458} not implemented, returning E_NOINTERFACE.
4869.923:0138:019c:warn:vkd3d-proton:d3d12_device_QueryInterface: {0742a90b-c387-483f-b946-30a7e4e61458} not implemented, returning E_NOINTERFACE.
4869.953:0138:01a0:warn:vkd3d-proton:d3d12_device_QueryInterface: {0742a90b-c387-483f-b946-30a7e4e61458} not implemented, returning E_NOINTERFACE.
4870.003:0138:0194:warn:vkd3d-proton:d3d12_device_QueryInterface: {0742a90b-c387-483f-b946-30a7e4e61458} not implemented, returning E_NOINTERFACE.
4870.023:0138:01a0:warn:vkd3d-proton:d3d12_device_QueryInterface: {0742a90b-c387-483f-b946-30a7e4e61458} not implemented, returning E_NOINTERFACE.
4870.062:0138:0198:warn:vkd3d-proton:d3d12_device_QueryInterface: {0742a90b-c387-483f-b946-30a7e4e61458} not implemented, returning E_NOINTERFACE.
4870.091:0138:01a0:warn:vkd3d-proton:d3d12_device_QueryInterface: {0742a90b-c387-483f-b946-30a7e4e61458} not implemented, returning E_NOINTERFACE.
4870.126:0138:0194:warn:vkd3d-proton:d3d12_device_QueryInterface: {0742a90b-c387-483f-b946-30a7e4e61458} not implemented, returning E_NOINTERFACE.
4870.163:0138:0198:warn:vkd3d-proton:d3d12_device_QueryInterface: {0742a90b-c387-483f-b946-30a7e4e61458} not implemented, returning E_NOINTERFACE.
4870.198:0138:0194:warn:vkd3d-proton:d3d12_device_QueryInterface: {0742a90b-c387-483f-b946-30a7e4e61458} not implemented, returning E_NOINTERFACE.
4870.236:0138:0198:warn:vkd3d-proton:d3d12_device_QueryInterface: {0742a90b-c387-483f-b946-30a7e4e61458} not implemented, returning E_NOINTERFACE.
4870.276:0138:01a0:warn:vkd3d-proton:d3d12_device_QueryInterface: {0742a90b-c387-483f-b946-30a7e4e61458} not implemented, returning E_NOINTERFACE.
4870.306:0138:019c:warn:vkd3d-proton:d3d12_device_QueryInterface: {0742a90b-c387-483f-b946-30a7e4e61458} not implemented, returning E_NOINTERFACE.
4870.342:0138:0194:warn:vkd3d-proton:d3d12_device_QueryInterface: {0742a90b-c387-483f-b946-30a7e4e61458} not implemented, returning E_NOINTERFACE.
4870.376:0138:019c:warn:vkd3d-proton:d3d12_device_QueryInterface: {0742a90b-c387-483f-b946-30a7e4e61458} not implemented, returning E_NOINTERFACE.
4870.408:0138:01a0:warn:vkd3d-proton:d3d12_device_QueryInterface: {0742a90b-c387-483f-b946-30a7e4e61458} not implemented, returning E_NOINTERFACE.
4870.444:0138:0194:warn:vkd3d-proton:d3d12_device_QueryInterface: {0742a90b-c387-483f-b946-30a7e4e61458} not implemented, returning E_NOINTERFACE.
4870.480:0138:019c:warn:vkd3d-proton:d3d12_device_QueryInterface: {0742a90b-c387-483f-b946-30a7e4e61458} not implemented, returning E_NOINTERFACE.
4870.512:0138:01a0:warn:vkd3d-proton:d3d12_device_QueryInterface: {0742a90b-c387-483f-b946-30a7e4e61458} not implemented, returning E_NOINTERFACE.
4870.548:0138:019c:warn:vkd3d-proton:d3d12_device_QueryInterface: {0742a90b-c387-483f-b946-30a7e4e61458} not implemented, returning E_NOINTERFACE.
4870.579:0138:0194:warn:vkd3d-proton:d3d12_device_QueryInterface: {0742a90b-c387-483f-b946-30a7e4e61458} not implemented, returning E_NOINTERFACE.
4870.613:0138:0198:warn:vkd3d-proton:d3d12_device_QueryInterface: {0742a90b-c387-483f-b946-30a7e4e61458} not implemented, returning E_NOINTERFACE.
4870.645:0138:01a0:warn:vkd3d-proton:d3d12_device_QueryInterface: {0742a90b-c387-483f-b946-30a7e4e61458} not implemented, returning E_NOINTERFACE.
4870.681:0138:0198:warn:vkd3d-proton:d3d12_device_QueryInterface: {0742a90b-c387-483f-b946-30a7e4e61458} not implemented, returning E_NOINTERFACE.
4870.711:0138:019c:warn:vkd3d-proton:d3d12_device_QueryInterface: {0742a90b-c387-483f-b946-30a7e4e61458} not implemented, returning E_NOINTERFACE.
4870.742:0138:01a0:warn:vkd3d-proton:d3d12_device_QueryInterface: {0742a90b-c387-483f-b946-30a7e4e61458} not implemented, returning E_NOINTERFACE.
4870.779:0138:019c:warn:vkd3d-proton:d3d12_device_QueryInterface: {0742a90b-c387-483f-b946-30a7e4e61458} not implemented, returning E_NOINTERFACE.
4870.820:0138:0194:warn:vkd3d-proton:d3d12_device_QueryInterface: {0742a90b-c387-483f-b946-30a7e4e61458} not implemented, returning E_NOINTERFACE.
4870.858:0138:019c:warn:vkd3d-proton:d3d12_device_QueryInterface: {0742a90b-c387-483f-b946-30a7e4e61458} not implemented, returning E_NOINTERFACE.
4870.899:0138:01a0:warn:vkd3d-proton:d3d12_device_QueryInterface: {0742a90b-c387-483f-b946-30a7e4e61458} not implemented, returning E_NOINTERFACE.
4870.936:0138:0194:warn:vkd3d-proton:d3d12_device_QueryInterface: {0742a90b-c387-483f-b946-30a7e4e61458} not implemented, returning E_NOINTERFACE.
4870.970:0138:019c:warn:vkd3d-proton:d3d12_device_QueryInterface: {0742a90b-c387-483f-b946-30a7e4e61458} not implemented, returning E_NOINTERFACE.
4871.006:0138:0198:warn:vkd3d-proton:d3d12_device_QueryInterface: {0742a90b-c387-483f-b946-30a7e4e61458} not implemented, returning E_NOINTERFACE.
4871.039:0138:019c:warn:vkd3d-proton:d3d12_device_QueryInterface: {0742a90b-c387-483f-b946-30a7e4e61458} not implemented, returning E_NOINTERFACE.
4871.070:0138:01a0:warn:vkd3d-proton:d3d12_device_QueryInterface: {0742a90b-c387-483f-b946-30a7e4e61458} not implemented, returning E_NOINTERFACE.
4871.112:0138:019c:warn:vkd3d-proton:d3d12_device_QueryInterface: {0742a90b-c387-483f-b946-30a7e4e61458} not implemented, returning E_NOINTERFACE.
4871.147:0138:019c:warn:vkd3d-proton:d3d12_device_QueryInterface: {0742a90b-c387-483f-b946-30a7e4e61458} not implemented, returning E_NOINTERFACE.
4871.184:0138:0194:warn:vkd3d-proton:d3d12_device_QueryInterface: {0742a90b-c387-483f-b946-30a7e4e61458} not implemented, returning E_NOINTERFACE.
4871.214:0138:019c:warn:vkd3d-proton:d3d12_device_QueryInterface: {0742a90b-c387-483f-b946-30a7e4e61458} not implemented, returning E_NOINTERFACE.
4871.262:0138:01a0:warn:vkd3d-proton:d3d12_device_QueryInterface: {0742a90b-c387-483f-b946-30a7e4e61458} not implemented, returning E_NOINTERFACE.
4871.285:0138:019c:warn:vkd3d-proton:d3d12_device_QueryInterface: {0742a90b-c387-483f-b946-30a7e4e61458} not implemented, returning E_NOINTERFACE.
4871.323:0138:0194:warn:vkd3d-proton:d3d12_device_QueryInterface: {0742a90b-c387-483f-b946-30a7e4e61458} not implemented, returning E_NOINTERFACE.
4871.355:0138:01a0:warn:vkd3d-proton:d3d12_device_QueryInterface: {0742a90b-c387-483f-b946-30a7e4e61458} not implemented, returning E_NOINTERFACE.
4871.391:0138:019c:warn:vkd3d-proton:d3d12_device_QueryInterface: {0742a90b-c387-483f-b946-30a7e4e61458} not implemented, returning E_NOINTERFACE.
4871.429:0138:0194:warn:vkd3d-proton:d3d12_device_QueryInterface: {0742a90b-c387-483f-b946-30a7e4e61458} not implemented, returning E_NOINTERFACE.
4871.463:0138:019c:warn:vkd3d-proton:d3d12_device_QueryInterface: {0742a90b-c387-483f-b946-30a7e4e61458} not implemented, returning E_NOINTERFACE.
4871.494:0138:01a0:warn:vkd3d-proton:d3d12_device_QueryInterface: {0742a90b-c387-483f-b946-30a7e4e61458} not implemented, returning E_NOINTERFACE.
4871.531:0138:01a0:warn:vkd3d-proton:d3d12_device_QueryInterface: {0742a90b-c387-483f-b946-30a7e4e61458} not implemented, returning E_NOINTERFACE.
4871.569:0138:019c:warn:vkd3d-proton:d3d12_device_QueryInterface: {0742a90b-c387-483f-b946-30a7e4e61458} not implemented, returning E_NOINTERFACE.
4871.606:0138:01a0:warn:vkd3d-proton:d3d12_device_QueryInterface: {0742a90b-c387-483f-b946-30a7e4e61458} not implemented, returning E_NOINTERFACE.
4871.641:0138:019c:warn:vkd3d-proton:d3d12_device_QueryInterface: {0742a90b-c387-483f-b946-30a7e4e61458} not implemented, returning E_NOINTERFACE.
4871.677:0138:0198:warn:vkd3d-proton:d3d12_device_QueryInterface: {0742a90b-c387-483f-b946-30a7e4e61458} not implemented, returning E_NOINTERFACE.
4871.716:0138:0194:warn:vkd3d-proton:d3d12_device_QueryInterface: {0742a90b-c387-483f-b946-30a7e4e61458} not implemented, returning E_NOINTERFACE.
4871.752:0138:01a0:warn:vkd3d-proton:d3d12_device_QueryInterface: {0742a90b-c387-483f-b946-30a7e4e61458} not implemented, returning E_NOINTERFACE.
4871.790:0138:01a0:warn:vkd3d-proton:d3d12_device_QueryInterface: {0742a90b-c387-483f-b946-30a7e4e61458} not implemented, returning E_NOINTERFACE.
4871.823:0138:019c:warn:vkd3d-proton:d3d12_device_QueryInterface: {0742a90b-c387-483f-b946-30a7e4e61458} not implemented, returning E_NOINTERFACE.
4871.858:0138:0194:warn:vkd3d-proton:d3d12_device_QueryInterface: {0742a90b-c387-483f-b946-30a7e4e61458} not implemented, returning E_NOINTERFACE.
4871.889:0138:019c:warn:vkd3d-proton:d3d12_device_QueryInterface: {0742a90b-c387-483f-b946-30a7e4e61458} not implemented, returning E_NOINTERFACE.
4871.928:0138:0194:warn:vkd3d-proton:d3d12_device_QueryInterface: {0742a90b-c387-483f-b946-30a7e4e61458} not implemented, returning E_NOINTERFACE.
4871.971:0138:019c:warn:vkd3d-proton:d3d12_device_QueryInterface: {0742a90b-c387-483f-b946-30a7e4e61458} not implemented, returning E_NOINTERFACE.
4872.005:0138:0194:warn:vkd3d-proton:d3d12_device_QueryInterface: {0742a90b-c387-483f-b946-30a7e4e61458} not implemented, returning E_NOINTERFACE.
4872.009:0138:019c:warn:vkd3d-proton:d3d12_device_QueryInterface: {0742a90b-c387-483f-b946-30a7e4e61458} not implemented, returning E_NOINTERFACE.
4872.019:0138:0194:warn:vkd3d-proton:d3d12_device_QueryInterface: {0742a90b-c387-483f-b946-30a7e4e61458} not implemented, returning E_NOINTERFACE.
4872.037:0138:0194:warn:vkd3d-proton:d3d12_device_QueryInterface: {0742a90b-c387-483f-b946-30a7e4e61458} not implemented, returning E_NOINTERFACE.
4872.074:0138:01a0:warn:vkd3d-proton:d3d12_device_QueryInterface: {0742a90b-c387-483f-b946-30a7e4e61458} not implemented, returning E_NOINTERFACE.
4872.107:0138:0198:warn:vkd3d-proton:d3d12_device_QueryInterface: {0742a90b-c387-483f-b946-30a7e4e61458} not implemented, returning E_NOINTERFACE.
4872.141:0138:01a0:warn:vkd3d-proton:d3d12_device_QueryInterface: {0742a90b-c387-483f-b946-30a7e4e61458} not implemented, returning E_NOINTERFACE.
4872.176:0138:0198:warn:vkd3d-proton:d3d12_device_QueryInterface: {0742a90b-c387-483f-b946-30a7e4e61458} not implemented, returning E_NOINTERFACE.
4872.209:0138:0194:warn:vkd3d-proton:d3d12_device_QueryInterface: {0742a90b-c387-483f-b946-30a7e4e61458} not implemented, returning E_NOINTERFACE.
4872.239:0138:01a0:warn:vkd3d-proton:d3d12_device_QueryInterface: {0742a90b-c387-483f-b946-30a7e4e61458} not implemented, returning E_NOINTERFACE.
4872.272:0138:019c:warn:vkd3d-proton:d3d12_device_QueryInterface: {0742a90b-c387-483f-b946-30a7e4e61458} not implemented, returning E_NOINTERFACE.
4872.298:0138:0198:warn:vkd3d-proton:d3d12_device_QueryInterface: {0742a90b-c387-483f-b946-30a7e4e61458} not implemented, returning E_NOINTERFACE.
4872.300:0138:0198:warn:vkd3d-proton:d3d12_device_QueryInterface: {0742a90b-c387-483f-b946-30a7e4e61458} not implemented, returning E_NOINTERFACE.
4872.332:0138:0194:warn:vkd3d-proton:d3d12_device_QueryInterface: {0742a90b-c387-483f-b946-30a7e4e61458} not implemented, returning E_NOINTERFACE.
4872.336:0138:0194:warn:vkd3d-proton:d3d12_device_QueryInterface: {0742a90b-c387-483f-b946-30a7e4e61458} not implemented, returning E_NOINTERFACE.
4872.363:0138:019c:warn:vkd3d-proton:d3d12_device_QueryInterface: {0742a90b-c387-483f-b946-30a7e4e61458} not implemented, returning E_NOINTERFACE.
4872.370:0138:0194:warn:vkd3d-proton:d3d12_device_QueryInterface: {0742a90b-c387-483f-b946-30a7e4e61458} not implemented, returning E_NOINTERFACE.
4872.396:0138:01a0:warn:vkd3d-proton:d3d12_device_QueryInterface: {0742a90b-c387-483f-b946-30a7e4e61458} not implemented, returning E_NOINTERFACE.
4872.403:0138:01a0:warn:vkd3d-proton:d3d12_device_QueryInterface: {0742a90b-c387-483f-b946-30a7e4e61458} not implemented, returning E_NOINTERFACE.
4872.431:0138:0194:warn:vkd3d-proton:d3d12_device_QueryInterface: {0742a90b-c387-483f-b946-30a7e4e61458} not implemented, returning E_NOINTERFACE.
4872.437:0138:0194:warn:vkd3d-proton:d3d12_device_QueryInterface: {0742a90b-c387-483f-b946-30a7e4e61458} not implemented, returning E_NOINTERFACE.
4872.462:0138:019c:warn:vkd3d-proton:d3d12_device_QueryInterface: {0742a90b-c387-483f-b946-30a7e4e61458} not implemented, returning E_NOINTERFACE.
4872.471:0138:019c:warn:vkd3d-proton:d3d12_device_QueryInterface: {0742a90b-c387-483f-b946-30a7e4e61458} not implemented, returning E_NOINTERFACE.
4872.496:0138:0194:warn:vkd3d-proton:d3d12_device_QueryInterface: {0742a90b-c387-483f-b946-30a7e4e61458} not implemented, returning E_NOINTERFACE.
4872.504:0138:0194:warn:vkd3d-proton:d3d12_device_QueryInterface: {0742a90b-c387-483f-b946-30a7e4e61458} not implemented, returning E_NOINTERFACE.
4872.531:0138:019c:warn:vkd3d-proton:d3d12_device_QueryInterface: {0742a90b-c387-483f-b946-30a7e4e61458} not implemented, returning E_NOINTERFACE.
4872.537:0138:019c:warn:vkd3d-proton:d3d12_device_QueryInterface: {0742a90b-c387-483f-b946-30a7e4e61458} not implemented, returning E_NOINTERFACE.
4872.562:0138:0194:warn:vkd3d-proton:d3d12_device_QueryInterface: {0742a90b-c387-483f-b946-30a7e4e61458} not implemented, returning E_NOINTERFACE.
4872.573:0138:0194:warn:vkd3d-proton:d3d12_device_QueryInterface: {0742a90b-c387-483f-b946-30a7e4e61458} not implemented, returning E_NOINTERFACE.
4872.599:0138:019c:warn:vkd3d-proton:d3d12_device_QueryInterface: {0742a90b-c387-483f-b946-30a7e4e61458} not implemented, returning E_NOINTERFACE.
4872.604:0138:019c:warn:vkd3d-proton:d3d12_device_QueryInterface: {0742a90b-c387-483f-b946-30a7e4e61458} not implemented, returning E_NOINTERFACE.
4872.630:0138:0198:warn:vkd3d-proton:d3d12_device_QueryInterface: {0742a90b-c387-483f-b946-30a7e4e61458} not implemented, returning E_NOINTERFACE.
4872.637:0138:0198:warn:vkd3d-proton:d3d12_device_QueryInterface: {0742a90b-c387-483f-b946-30a7e4e61458} not implemented, returning E_NOINTERFACE.
4872.662:0138:019c:warn:vkd3d-proton:d3d12_device_QueryInterface: {0742a90b-c387-483f-b946-30a7e4e61458} not implemented, returning E_NOINTERFACE.
4872.672:0138:019c:warn:vkd3d-proton:d3d12_device_QueryInterface: {0742a90b-c387-483f-b946-30a7e4e61458} not implemented, returning E_NOINTERFACE.
4872.695:0138:0194:warn:vkd3d-proton:d3d12_device_QueryInterface: {0742a90b-c387-483f-b946-30a7e4e61458} not implemented, returning E_NOINTERFACE.
4872.705:0138:0194:warn:vkd3d-proton:d3d12_device_QueryInterface: {0742a90b-c387-483f-b946-30a7e4e61458} not implemented, returning E_NOINTERFACE.
4872.730:0138:01a0:warn:vkd3d-proton:d3d12_device_QueryInterface: {0742a90b-c387-483f-b946-30a7e4e61458} not implemented, returning E_NOINTERFACE.
4872.738:0138:01a0:warn:vkd3d-proton:d3d12_device_QueryInterface: {0742a90b-c387-483f-b946-30a7e4e61458} not implemented, returning E_NOINTERFACE.
4872.763:0138:019c:warn:vkd3d-proton:d3d12_device_QueryInterface: {0742a90b-c387-483f-b946-30a7e4e61458} not implemented, returning E_NOINTERFACE.
4872.770:0138:019c:warn:vkd3d-proton:d3d12_device_QueryInterface: {0742a90b-c387-483f-b946-30a7e4e61458} not implemented, returning E_NOINTERFACE.
4872.796:0138:0194:warn:vkd3d-proton:d3d12_device_QueryInterface: {0742a90b-c387-483f-b946-30a7e4e61458} not implemented, returning E_NOINTERFACE.
4872.803:0138:0194:warn:vkd3d-proton:d3d12_device_QueryInterface: {0742a90b-c387-483f-b946-30a7e4e61458} not implemented, returning E_NOINTERFACE.
4872.828:0138:019c:warn:vkd3d-proton:d3d12_device_QueryInterface: {0742a90b-c387-483f-b946-30a7e4e61458} not implemented, returning E_NOINTERFACE.
4872.839:0138:01a0:warn:vkd3d-proton:d3d12_device_QueryInterface: {0742a90b-c387-483f-b946-30a7e4e61458} not implemented, returning E_NOINTERFACE.
4872.865:0138:0194:warn:vkd3d-proton:d3d12_device_QueryInterface: {0742a90b-c387-483f-b946-30a7e4e61458} not implemented, returning E_NOINTERFACE.
4872.872:0138:0194:warn:vkd3d-proton:d3d12_device_QueryInterface: {0742a90b-c387-483f-b946-30a7e4e61458} not implemented, returning E_NOINTERFACE.
4872.896:0138:0198:warn:vkd3d-proton:d3d12_device_QueryInterface: {0742a90b-c387-483f-b946-30a7e4e61458} not implemented, returning E_NOINTERFACE.
4872.904:0138:0198:warn:vkd3d-proton:d3d12_device_QueryInterface: {0742a90b-c387-483f-b946-30a7e4e61458} not implemented, returning E_NOINTERFACE.
4872.931:0138:0194:warn:vkd3d-proton:d3d12_device_QueryInterface: {0742a90b-c387-483f-b946-30a7e4e61458} not implemented, returning E_NOINTERFACE.
4872.937:0138:0194:warn:vkd3d-proton:d3d12_device_QueryInterface: {0742a90b-c387-483f-b946-30a7e4e61458} not implemented, returning E_NOINTERFACE.
4872.964:0138:0198:warn:vkd3d-proton:d3d12_device_QueryInterface: {0742a90b-c387-483f-b946-30a7e4e61458} not implemented, returning E_NOINTERFACE.
4872.971:0138:0198:warn:vkd3d-proton:d3d12_device_QueryInterface: {0742a90b-c387-483f-b946-30a7e4e61458} not implemented, returning E_NOINTERFACE.
4872.995:0138:01a0:warn:vkd3d-proton:d3d12_device_QueryInterface: {0742a90b-c387-483f-b946-30a7e4e61458} not implemented, returning E_NOINTERFACE.
4873.006:0138:01a0:warn:vkd3d-proton:d3d12_device_QueryInterface: {0742a90b-c387-483f-b946-30a7e4e61458} not implemented, returning E_NOINTERFACE.
4873.031:0138:0198:warn:vkd3d-proton:d3d12_device_QueryInterface: {0742a90b-c387-483f-b946-30a7e4e61458} not implemented, returning E_NOINTERFACE.
4873.038:0138:0198:warn:vkd3d-proton:d3d12_device_QueryInterface: {0742a90b-c387-483f-b946-30a7e4e61458} not implemented, returning E_NOINTERFACE.
4873.062:0138:01a0:warn:vkd3d-proton:d3d12_device_QueryInterface: {0742a90b-c387-483f-b946-30a7e4e61458} not implemented, returning E_NOINTERFACE.
4873.071:0138:01a0:warn:vkd3d-proton:d3d12_device_QueryInterface: {0742a90b-c387-483f-b946-30a7e4e61458} not implemented, returning E_NOINTERFACE.
4873.097:0138:0198:warn:vkd3d-proton:d3d12_device_QueryInterface: {0742a90b-c387-483f-b946-30a7e4e61458} not implemented, returning E_NOINTERFACE.
4873.103:0138:0198:warn:vkd3d-proton:d3d12_device_QueryInterface: {0742a90b-c387-483f-b946-30a7e4e61458} not implemented, returning E_NOINTERFACE.
4873.128:0138:019c:warn:vkd3d-proton:d3d12_device_QueryInterface: {0742a90b-c387-483f-b946-30a7e4e61458} not implemented, returning E_NOINTERFACE.
4873.137:0138:019c:warn:vkd3d-proton:d3d12_device_QueryInterface: {0742a90b-c387-483f-b946-30a7e4e61458} not implemented, returning E_NOINTERFACE.
4873.163:0138:0194:warn:vkd3d-proton:d3d12_device_QueryInterface: {0742a90b-c387-483f-b946-30a7e4e61458} not implemented, returning E_NOINTERFACE.
4873.172:0138:0194:warn:vkd3d-proton:d3d12_device_QueryInterface: {0742a90b-c387-483f-b946-30a7e4e61458} not implemented, returning E_NOINTERFACE.
4873.210:0138:019c:warn:vkd3d-proton:d3d12_device_QueryInterface: {0742a90b-c387-483f-b946-30a7e4e61458} not implemented, returning E_NOINTERFACE.
4873.240:0138:01a0:warn:vkd3d-proton:d3d12_device_QueryInterface: {0742a90b-c387-483f-b946-30a7e4e61458} not implemented, returning E_NOINTERFACE.
4873.276:0138:0194:warn:vkd3d-proton:d3d12_device_QueryInterface: {0742a90b-c387-483f-b946-30a7e4e61458} not implemented, returning E_NOINTERFACE.
4873.305:0138:019c:warn:vkd3d-proton:d3d12_device_QueryInterface: {0742a90b-c387-483f-b946-30a7e4e61458} not implemented, returning E_NOINTERFACE.
4873.343:0138:01a0:warn:vkd3d-proton:d3d12_device_QueryInterface: {0742a90b-c387-483f-b946-30a7e4e61458} not implemented, returning E_NOINTERFACE.
4873.375:0138:0194:warn:vkd3d-proton:d3d12_device_QueryInterface: {0742a90b-c387-483f-b946-30a7e4e61458} not implemented, returning E_NOINTERFACE.
4873.408:0138:01a0:warn:vkd3d-proton:d3d12_device_QueryInterface: {0742a90b-c387-483f-b946-30a7e4e61458} not implemented, returning E_NOINTERFACE.
4873.446:0138:019c:warn:vkd3d-proton:d3d12_device_QueryInterface: {0742a90b-c387-483f-b946-30a7e4e61458} not implemented, returning E_NOINTERFACE.
4873.479:0138:0198:warn:vkd3d-proton:d3d12_device_QueryInterface: {0742a90b-c387-483f-b946-30a7e4e61458} not implemented, returning E_NOINTERFACE.
4873.514:0138:0194:warn:vkd3d-proton:d3d12_device_QueryInterface: {0742a90b-c387-483f-b946-30a7e4e61458} not implemented, returning E_NOINTERFACE.
4873.551:0138:0198:warn:vkd3d-proton:d3d12_device_QueryInterface: {0742a90b-c387-483f-b946-30a7e4e61458} not implemented, returning E_NOINTERFACE.
4873.585:0138:01a0:warn:vkd3d-proton:d3d12_device_QueryInterface: {0742a90b-c387-483f-b946-30a7e4e61458} not implemented, returning E_NOINTERFACE.
4873.624:0138:0198:warn:vkd3d-proton:d3d12_device_QueryInterface: {0742a90b-c387-483f-b946-30a7e4e61458} not implemented, returning E_NOINTERFACE.
4873.657:0138:0194:warn:vkd3d-proton:d3d12_device_QueryInterface: {0742a90b-c387-483f-b946-30a7e4e61458} not implemented, returning E_NOINTERFACE.
4873.688:0138:019c:warn:vkd3d-proton:d3d12_device_QueryInterface: {0742a90b-c387-483f-b946-30a7e4e61458} not implemented, returning E_NOINTERFACE.
4873.730:0138:0198:warn:vkd3d-proton:d3d12_device_QueryInterface: {0742a90b-c387-483f-b946-30a7e4e61458} not implemented, returning E_NOINTERFACE.
4873.829:0138:0194:warn:vkd3d-proton:d3d12_device_QueryInterface: {0742a90b-c387-483f-b946-30a7e4e61458} not implemented, returning E_NOINTERFACE.
4873.928:0138:0198:warn:vkd3d-proton:d3d12_device_QueryInterface: {0742a90b-c387-483f-b946-30a7e4e61458} not implemented, returning E_NOINTERFACE.
4874.023:0138:0194:warn:vkd3d-proton:d3d12_device_QueryInterface: {0742a90b-c387-483f-b946-30a7e4e61458} not implemented, returning E_NOINTERFACE.
4874.126:0138:0198:warn:vkd3d-proton:d3d12_device_QueryInterface: {0742a90b-c387-483f-b946-30a7e4e61458} not implemented, returning E_NOINTERFACE.
4874.229:0138:019c:warn:vkd3d-proton:d3d12_device_QueryInterface: {0742a90b-c387-483f-b946-30a7e4e61458} not implemented, returning E_NOINTERFACE.
4874.359:0138:0198:warn:vkd3d-proton:d3d12_device_QueryInterface: {0742a90b-c387-483f-b946-30a7e4e61458} not implemented, returning E_NOINTERFACE.
4874.469:0138:019c:warn:vkd3d-proton:d3d12_device_QueryInterface: {0742a90b-c387-483f-b946-30a7e4e61458} not implemented, returning E_NOINTERFACE.
4874.583:0138:0194:warn:vkd3d-proton:d3d12_device_QueryInterface: {0742a90b-c387-483f-b946-30a7e4e61458} not implemented, returning E_NOINTERFACE.
4874.691:0138:019c:warn:vkd3d-proton:d3d12_device_QueryInterface: {0742a90b-c387-483f-b946-30a7e4e61458} not implemented, returning E_NOINTERFACE.
4874.835:0138:0198:warn:vkd3d-proton:d3d12_device_QueryInterface: {0742a90b-c387-483f-b946-30a7e4e61458} not implemented, returning E_NOINTERFACE.
4874.950:0138:019c:warn:vkd3d-proton:d3d12_device_QueryInterface: {0742a90b-c387-483f-b946-30a7e4e61458} not implemented, returning E_NOINTERFACE.
4875.085:0138:0198:warn:vkd3d-proton:d3d12_device_QueryInterface: {0742a90b-c387-483f-b946-30a7e4e61458} not implemented, returning E_NOINTERFACE.
4875.196:0138:019c:warn:vkd3d-proton:d3d12_device_QueryInterface: {0742a90b-c387-483f-b946-30a7e4e61458} not implemented, returning E_NOINTERFACE.
4875.320:0138:01a0:warn:vkd3d-proton:d3d12_device_QueryInterface: {0742a90b-c387-483f-b946-30a7e4e61458} not implemented, returning E_NOINTERFACE.
4875.446:0138:0198:warn:vkd3d-proton:d3d12_device_QueryInterface: {0742a90b-c387-483f-b946-30a7e4e61458} not implemented, returning E_NOINTERFACE.
4875.558:0138:0194:warn:vkd3d-proton:d3d12_device_QueryInterface: {0742a90b-c387-483f-b946-30a7e4e61458} not implemented, returning E_NOINTERFACE.
4875.599:0138:01a0:warn:vkd3d-proton:d3d12_device_QueryInterface: {0742a90b-c387-483f-b946-30a7e4e61458} not implemented, returning E_NOINTERFACE.
4875.631:0138:0198:warn:vkd3d-proton:d3d12_device_QueryInterface: {0742a90b-c387-483f-b946-30a7e4e61458} not implemented, returning E_NOINTERFACE.
4875.657:0138:01a0:warn:vkd3d-proton:d3d12_device_QueryInterface: {0742a90b-c387-483f-b946-30a7e4e61458} not implemented, returning E_NOINTERFACE.
4875.680:0138:0198:warn:vkd3d-proton:d3d12_device_QueryInterface: {0742a90b-c387-483f-b946-30a7e4e61458} not implemented, returning E_NOINTERFACE.
4875.706:0138:019c:warn:vkd3d-proton:d3d12_device_QueryInterface: {0742a90b-c387-483f-b946-30a7e4e61458} not implemented, returning E_NOINTERFACE.
4875.736:0138:01a0:warn:vkd3d-proton:d3d12_device_QueryInterface: {0742a90b-c387-483f-b946-30a7e4e61458} not implemented, returning E_NOINTERFACE.
4875.761:0138:0194:warn:vkd3d-proton:d3d12_device_QueryInterface: {0742a90b-c387-483f-b946-30a7e4e61458} not implemented, returning E_NOINTERFACE.
4875.792:0138:019c:warn:vkd3d-proton:d3d12_device_QueryInterface: {0742a90b-c387-483f-b946-30a7e4e61458} not implemented, returning E_NOINTERFACE.
4875.827:0138:01a0:warn:vkd3d-proton:d3d12_device_QueryInterface: {0742a90b-c387-483f-b946-30a7e4e61458} not implemented, returning E_NOINTERFACE.
4875.856:0138:0198:warn:vkd3d-proton:d3d12_device_QueryInterface: {0742a90b-c387-483f-b946-30a7e4e61458} not implemented, returning E_NOINTERFACE.
4875.897:0138:019c:warn:vkd3d-proton:d3d12_device_QueryInterface: {0742a90b-c387-483f-b946-30a7e4e61458} not implemented, returning E_NOINTERFACE.
4875.960:0138:0198:warn:vkd3d-proton:d3d12_device_QueryInterface: {0742a90b-c387-483f-b946-30a7e4e61458} not implemented, returning E_NOINTERFACE.
4875.984:0138:0198:warn:vkd3d-proton:d3d12_device_QueryInterface: {0742a90b-c387-483f-b946-30a7e4e61458} not implemented, returning E_NOINTERFACE.
4876.018:0138:019c:warn:vkd3d-proton:d3d12_device_QueryInterface: {0742a90b-c387-483f-b946-30a7e4e61458} not implemented, returning E_NOINTERFACE.
4876.042:0138:0194:warn:vkd3d-proton:d3d12_device_QueryInterface: {0742a90b-c387-483f-b946-30a7e4e61458} not implemented, returning E_NOINTERFACE.
4876.073:0138:0194:warn:vkd3d-proton:d3d12_device_QueryInterface: {0742a90b-c387-483f-b946-30a7e4e61458} not implemented, returning E_NOINTERFACE.
4876.096:0138:0198:warn:vkd3d-proton:d3d12_device_QueryInterface: {0742a90b-c387-483f-b946-30a7e4e61458} not implemented, returning E_NOINTERFACE.
4876.126:0138:0198:warn:vkd3d-proton:d3d12_device_QueryInterface: {0742a90b-c387-483f-b946-30a7e4e61458} not implemented, returning E_NOINTERFACE.
4876.243:0138:0194:warn:vkd3d-proton:d3d12_device_QueryInterface: {0742a90b-c387-483f-b946-30a7e4e61458} not implemented, returning E_NOINTERFACE.
4876.329:0138:019c:warn:vkd3d-proton:d3d12_device_QueryInterface: {0742a90b-c387-483f-b946-30a7e4e61458} not implemented, returning E_NOINTERFACE.
4876.339:0138:0194:warn:vkd3d-proton:d3d12_device_QueryInterface: {0742a90b-c387-483f-b946-30a7e4e61458} not implemented, returning E_NOINTERFACE.
4876.382:0138:01a0:warn:vkd3d-proton:d3d12_device_QueryInterface: {0742a90b-c387-483f-b946-30a7e4e61458} not implemented, returning E_NOINTERFACE.
4876.422:0138:01a0:warn:vkd3d-proton:d3d12_device_QueryInterface: {0742a90b-c387-483f-b946-30a7e4e61458} not implemented, returning E_NOINTERFACE.
4876.429:0138:01a0:warn:vkd3d-proton:d3d12_device_QueryInterface: {0742a90b-c387-483f-b946-30a7e4e61458} not implemented, returning E_NOINTERFACE.
4876.444:0138:01a0:warn:vkd3d-proton:d3d12_device_QueryInterface: {0742a90b-c387-483f-b946-30a7e4e61458} not implemented, returning E_NOINTERFACE.
4876.465:0138:01a0:warn:vkd3d-proton:d3d12_device_QueryInterface: {0742a90b-c387-483f-b946-30a7e4e61458} not implemented, returning E_NOINTERFACE.
4876.518:0138:0198:warn:vkd3d-proton:d3d12_device_QueryInterface: {0742a90b-c387-483f-b946-30a7e4e61458} not implemented, returning E_NOINTERFACE.
4876.547:0138:0194:warn:vkd3d-proton:d3d12_device_QueryInterface: {0742a90b-c387-483f-b946-30a7e4e61458} not implemented, returning E_NOINTERFACE.
4876.588:0138:0198:warn:vkd3d-proton:d3d12_device_QueryInterface: {0742a90b-c387-483f-b946-30a7e4e61458} not implemented, returning E_NOINTERFACE.
4876.621:0138:0194:warn:vkd3d-proton:d3d12_device_QueryInterface: {0742a90b-c387-483f-b946-30a7e4e61458} not implemented, returning E_NOINTERFACE.
4876.651:0138:0198:warn:vkd3d-proton:d3d12_device_QueryInterface: {0742a90b-c387-483f-b946-30a7e4e61458} not implemented, returning E_NOINTERFACE.
4876.680:0138:01a0:warn:vkd3d-proton:d3d12_device_QueryInterface: {0742a90b-c387-483f-b946-30a7e4e61458} not implemented, returning E_NOINTERFACE.
4876.720:0138:019c:warn:vkd3d-proton:d3d12_device_QueryInterface: {0742a90b-c387-483f-b946-30a7e4e61458} not implemented, returning E_NOINTERFACE.
4876.752:0138:01a0:warn:vkd3d-proton:d3d12_device_QueryInterface: {0742a90b-c387-483f-b946-30a7e4e61458} not implemented, returning E_NOINTERFACE.
4876.770:0138:0194:warn:vkd3d-proton:d3d12_device_QueryInterface: {0742a90b-c387-483f-b946-30a7e4e61458} not implemented, returning E_NOINTERFACE.
4876.808:0138:0194:warn:vkd3d-proton:d3d12_device_QueryInterface: {0742a90b-c387-483f-b946-30a7e4e61458} not implemented, returning E_NOINTERFACE.
4876.848:0138:0194:warn:vkd3d-proton:d3d12_device_QueryInterface: {0742a90b-c387-483f-b946-30a7e4e61458} not implemented, returning E_NOINTERFACE.
4876.887:0138:019c:warn:vkd3d-proton:d3d12_device_QueryInterface: {0742a90b-c387-483f-b946-30a7e4e61458} not implemented, returning E_NOINTERFACE.
4876.934:0138:01a0:warn:vkd3d-proton:d3d12_device_QueryInterface: {0742a90b-c387-483f-b946-30a7e4e61458} not implemented, returning E_NOINTERFACE.
4876.962:0138:0198:warn:vkd3d-proton:d3d12_device_QueryInterface: {0742a90b-c387-483f-b946-30a7e4e61458} not implemented, returning E_NOINTERFACE.
4877.005:0138:0194:warn:vkd3d-proton:d3d12_device_QueryInterface: {0742a90b-c387-483f-b946-30a7e4e61458} not implemented, returning E_NOINTERFACE.
4877.050:0138:0198:warn:vkd3d-proton:d3d12_device_QueryInterface: {0742a90b-c387-483f-b946-30a7e4e61458} not implemented, returning E_NOINTERFACE.
4877.136:0138:01a0:warn:vkd3d-proton:d3d12_device_QueryInterface: {0742a90b-c387-483f-b946-30a7e4e61458} not implemented, returning E_NOINTERFACE.
4877.143:0138:01a0:warn:vkd3d-proton:d3d12_device_QueryInterface: {0742a90b-c387-483f-b946-30a7e4e61458} not implemented, returning E_NOINTERFACE.
4877.186:0138:01a0:warn:vkd3d-proton:d3d12_device_QueryInterface: {0742a90b-c387-483f-b946-30a7e4e61458} not implemented, returning E_NOINTERFACE.
4877.222:0138:019c:warn:vkd3d-proton:d3d12_device_QueryInterface: {0742a90b-c387-483f-b946-30a7e4e61458} not implemented, returning E_NOINTERFACE.
4877.266:0138:01a0:warn:vkd3d-proton:d3d12_device_QueryInterface: {0742a90b-c387-483f-b946-30a7e4e61458} not implemented, returning E_NOINTERFACE.
4877.308:0138:019c:warn:vkd3d-proton:d3d12_device_QueryInterface: {0742a90b-c387-483f-b946-30a7e4e61458} not implemented, returning E_NOINTERFACE.
4877.348:0138:01a0:warn:vkd3d-proton:d3d12_device_QueryInterface: {0742a90b-c387-483f-b946-30a7e4e61458} not implemented, returning E_NOINTERFACE.
4877.386:0138:019c:warn:vkd3d-proton:d3d12_device_QueryInterface: {0742a90b-c387-483f-b946-30a7e4e61458} not implemented, returning E_NOINTERFACE.
4877.427:0138:019c:warn:vkd3d-proton:d3d12_device_QueryInterface: {0742a90b-c387-483f-b946-30a7e4e61458} not implemented, returning E_NOINTERFACE.
4877.433:0138:019c:warn:vkd3d-proton:d3d12_device_QueryInterface: {0742a90b-c387-483f-b946-30a7e4e61458} not implemented, returning E_NOINTERFACE.
4877.442:0138:0198:warn:vkd3d-proton:d3d12_device_QueryInterface: {0742a90b-c387-483f-b946-30a7e4e61458} not implemented, returning E_NOINTERFACE.
4877.462:0138:0198:warn:vkd3d-proton:d3d12_device_QueryInterface: {0742a90b-c387-483f-b946-30a7e4e61458} not implemented, returning E_NOINTERFACE.
4877.501:0138:0198:warn:vkd3d-proton:d3d12_device_QueryInterface: {0742a90b-c387-483f-b946-30a7e4e61458} not implemented, returning E_NOINTERFACE.
4877.538:0138:01a0:warn:vkd3d-proton:d3d12_device_QueryInterface: {0742a90b-c387-483f-b946-30a7e4e61458} not implemented, returning E_NOINTERFACE.
4877.583:0138:0198:warn:vkd3d-proton:d3d12_device_QueryInterface: {0742a90b-c387-483f-b946-30a7e4e61458} not implemented, returning E_NOINTERFACE.
4877.620:0138:019c:warn:vkd3d-proton:d3d12_device_QueryInterface: {0742a90b-c387-483f-b946-30a7e4e61458} not implemented, returning E_NOINTERFACE.
4877.654:0138:0194:warn:vkd3d-proton:d3d12_device_QueryInterface: {0742a90b-c387-483f-b946-30a7e4e61458} not implemented, returning E_NOINTERFACE.
4877.705:0138:0194:warn:vkd3d-proton:d3d12_device_QueryInterface: {0742a90b-c387-483f-b946-30a7e4e61458} not implemented, returning E_NOINTERFACE.
4877.732:0138:0198:warn:vkd3d-proton:d3d12_device_QueryInterface: {0742a90b-c387-483f-b946-30a7e4e61458} not implemented, returning E_NOINTERFACE.
4877.767:0138:019c:warn:vkd3d-proton:d3d12_device_QueryInterface: {0742a90b-c387-483f-b946-30a7e4e61458} not implemented, returning E_NOINTERFACE.
4877.810:0138:01a0:warn:vkd3d-proton:d3d12_device_QueryInterface: {0742a90b-c387-483f-b946-30a7e4e61458} not implemented, returning E_NOINTERFACE.
4877.851:0138:01a0:warn:vkd3d-proton:d3d12_device_QueryInterface: {0742a90b-c387-483f-b946-30a7e4e61458} not implemented, returning E_NOINTERFACE.
4877.889:0138:019c:warn:vkd3d-proton:d3d12_device_QueryInterface: {0742a90b-c387-483f-b946-30a7e4e61458} not implemented, returning E_NOINTERFACE.
4877.926:0138:0198:warn:vkd3d-proton:d3d12_device_QueryInterface: {0742a90b-c387-483f-b946-30a7e4e61458} not implemented, returning E_NOINTERFACE.
4877.966:0138:0198:warn:vkd3d-proton:d3d12_device_QueryInterface: {0742a90b-c387-483f-b946-30a7e4e61458} not implemented, returning E_NOINTERFACE.
4878.019:0138:019c:warn:vkd3d-proton:d3d12_device_QueryInterface: {0742a90b-c387-483f-b946-30a7e4e61458} not implemented, returning E_NOINTERFACE.
4878.068:0138:0194:warn:vkd3d-proton:d3d12_device_QueryInterface: {0742a90b-c387-483f-b946-30a7e4e61458} not implemented, returning E_NOINTERFACE.
4878.097:0138:019c:warn:vkd3d-proton:d3d12_device_QueryInterface: {0742a90b-c387-483f-b946-30a7e4e61458} not implemented, returning E_NOINTERFACE.
4878.136:0138:0194:warn:vkd3d-proton:d3d12_device_QueryInterface: {0742a90b-c387-483f-b946-30a7e4e61458} not implemented, returning E_NOINTERFACE.
4878.172:0138:019c:warn:vkd3d-proton:d3d12_device_QueryInterface: {0742a90b-c387-483f-b946-30a7e4e61458} not implemented, returning E_NOINTERFACE.
4878.201:0138:0194:warn:vkd3d-proton:d3d12_device_QueryInterface: {0742a90b-c387-483f-b946-30a7e4e61458} not implemented, returning E_NOINTERFACE.
4878.240:0138:0194:warn:vkd3d-proton:d3d12_device_QueryInterface: {0742a90b-c387-483f-b946-30a7e4e61458} not implemented, returning E_NOINTERFACE.
4878.283:0138:0194:warn:vkd3d-proton:d3d12_device_QueryInterface: {0742a90b-c387-483f-b946-30a7e4e61458} not implemented, returning E_NOINTERFACE.
4878.318:0138:0194:warn:vkd3d-proton:d3d12_device_QueryInterface: {0742a90b-c387-483f-b946-30a7e4e61458} not implemented, returning E_NOINTERFACE.
4878.357:0138:01a0:warn:vkd3d-proton:d3d12_device_QueryInterface: {0742a90b-c387-483f-b946-30a7e4e61458} not implemented, returning E_NOINTERFACE.
4878.400:0138:0194:warn:vkd3d-proton:d3d12_device_QueryInterface: {0742a90b-c387-483f-b946-30a7e4e61458} not implemented, returning E_NOINTERFACE.
4878.433:0138:01a0:warn:vkd3d-proton:d3d12_device_QueryInterface: {0742a90b-c387-483f-b946-30a7e4e61458} not implemented, returning E_NOINTERFACE.
4878.469:0138:0194:warn:vkd3d-proton:d3d12_device_QueryInterface: {0742a90b-c387-483f-b946-30a7e4e61458} not implemented, returning E_NOINTERFACE.
4878.475:0138:0194:warn:vkd3d-proton:d3d12_device_QueryInterface: {0742a90b-c387-483f-b946-30a7e4e61458} not implemented, returning E_NOINTERFACE.
4878.509:0138:019c:warn:vkd3d-proton:d3d12_device_QueryInterface: {0742a90b-c387-483f-b946-30a7e4e61458} not implemented, returning E_NOINTERFACE.
4878.557:0138:019c:warn:vkd3d-proton:d3d12_device_QueryInterface: {0742a90b-c387-483f-b946-30a7e4e61458} not implemented, returning E_NOINTERFACE.
4878.581:0138:019c:warn:vkd3d-proton:d3d12_device_QueryInterface: {0742a90b-c387-483f-b946-30a7e4e61458} not implemented, returning E_NOINTERFACE.
4878.617:0138:0194:warn:vkd3d-proton:d3d12_device_QueryInterface: {0742a90b-c387-483f-b946-30a7e4e61458} not implemented, returning E_NOINTERFACE.
4878.649:0138:0198:warn:vkd3d-proton:d3d12_device_QueryInterface: {0742a90b-c387-483f-b946-30a7e4e61458} not implemented, returning E_NOINTERFACE.
4878.673:0138:0194:warn:vkd3d-proton:d3d12_device_QueryInterface: {0742a90b-c387-483f-b946-30a7e4e61458} not implemented, returning E_NOINTERFACE.
4878.695:0138:0194:warn:vkd3d-proton:d3d12_device_QueryInterface: {0742a90b-c387-483f-b946-30a7e4e61458} not implemented, returning E_NOINTERFACE.
4878.704:0138:0194:warn:vkd3d-proton:d3d12_device_QueryInterface: {0742a90b-c387-483f-b946-30a7e4e61458} not implemented, returning E_NOINTERFACE.
4878.754:0138:019c:warn:vkd3d-proton:d3d12_device_QueryInterface: {0742a90b-c387-483f-b946-30a7e4e61458} not implemented, returning E_NOINTERFACE.
4878.780:0138:019c:warn:vkd3d-proton:d3d12_device_QueryInterface: {0742a90b-c387-483f-b946-30a7e4e61458} not implemented, returning E_NOINTERFACE.
4878.809:0138:0194:warn:vkd3d-proton:d3d12_device_QueryInterface: {0742a90b-c387-483f-b946-30a7e4e61458} not implemented, returning E_NOINTERFACE.
4878.846:0138:01a0:warn:vkd3d-proton:d3d12_device_QueryInterface: {0742a90b-c387-483f-b946-30a7e4e61458} not implemented, returning E_NOINTERFACE.
4878.881:0138:0194:warn:vkd3d-proton:d3d12_device_QueryInterface: {0742a90b-c387-483f-b946-30a7e4e61458} not implemented, returning E_NOINTERFACE.
4878.913:0138:0198:warn:vkd3d-proton:d3d12_device_QueryInterface: {0742a90b-c387-483f-b946-30a7e4e61458} not implemented, returning E_NOINTERFACE.
4878.952:0138:019c:warn:vkd3d-proton:d3d12_device_QueryInterface: {0742a90b-c387-483f-b946-30a7e4e61458} not implemented, returning E_NOINTERFACE.
4878.992:0138:01a0:warn:vkd3d-proton:d3d12_device_QueryInterface: {0742a90b-c387-483f-b946-30a7e4e61458} not implemented, returning E_NOINTERFACE.
4879.030:0138:0198:warn:vkd3d-proton:d3d12_device_QueryInterface: {0742a90b-c387-483f-b946-30a7e4e61458} not implemented, returning E_NOINTERFACE.
4879.065:0138:0194:warn:vkd3d-proton:d3d12_device_QueryInterface: {0742a90b-c387-483f-b946-30a7e4e61458} not implemented, returning E_NOINTERFACE.
4879.107:0138:019c:warn:vkd3d-proton:d3d12_device_QueryInterface: {0742a90b-c387-483f-b946-30a7e4e61458} not implemented, returning E_NOINTERFACE.
4879.144:0138:01a0:warn:vkd3d-proton:d3d12_device_QueryInterface: {0742a90b-c387-483f-b946-30a7e4e61458} not implemented, returning E_NOINTERFACE.
4879.182:0138:019c:warn:vkd3d-proton:d3d12_device_QueryInterface: {0742a90b-c387-483f-b946-30a7e4e61458} not implemented, returning E_NOINTERFACE.
4879.216:0138:0198:warn:vkd3d-proton:d3d12_device_QueryInterface: {0742a90b-c387-483f-b946-30a7e4e61458} not implemented, returning E_NOINTERFACE.
4879.251:0138:0194:warn:vkd3d-proton:d3d12_device_QueryInterface: {0742a90b-c387-483f-b946-30a7e4e61458} not implemented, returning E_NOINTERFACE.
4879.283:0138:019c:warn:vkd3d-proton:d3d12_device_QueryInterface: {0742a90b-c387-483f-b946-30a7e4e61458} not implemented, returning E_NOINTERFACE.
4879.317:0138:0194:warn:vkd3d-proton:d3d12_device_QueryInterface: {0742a90b-c387-483f-b946-30a7e4e61458} not implemented, returning E_NOINTERFACE.
4879.351:0138:0198:warn:vkd3d-proton:d3d12_device_QueryInterface: {0742a90b-c387-483f-b946-30a7e4e61458} not implemented, returning E_NOINTERFACE.
4879.382:0138:019c:warn:vkd3d-proton:d3d12_device_QueryInterface: {0742a90b-c387-483f-b946-30a7e4e61458} not implemented, returning E_NOINTERFACE.
4879.415:0138:0198:warn:vkd3d-proton:d3d12_device_QueryInterface: {0742a90b-c387-483f-b946-30a7e4e61458} not implemented, returning E_NOINTERFACE.
4879.448:0138:01a0:warn:vkd3d-proton:d3d12_device_QueryInterface: {0742a90b-c387-483f-b946-30a7e4e61458} not implemented, returning E_NOINTERFACE.
4879.479:0138:0194:warn:vkd3d-proton:d3d12_device_QueryInterface: {0742a90b-c387-483f-b946-30a7e4e61458} not implemented, returning E_NOINTERFACE.
4879.511:0138:019c:warn:vkd3d-proton:d3d12_device_QueryInterface: {0742a90b-c387-483f-b946-30a7e4e61458} not implemented, returning E_NOINTERFACE.
4879.544:0138:0194:warn:vkd3d-proton:d3d12_device_QueryInterface: {0742a90b-c387-483f-b946-30a7e4e61458} not implemented, returning E_NOINTERFACE.
4879.576:0138:019c:warn:vkd3d-proton:d3d12_device_QueryInterface: {0742a90b-c387-483f-b946-30a7e4e61458} not implemented, returning E_NOINTERFACE.
4879.608:0138:0194:warn:vkd3d-proton:d3d12_device_QueryInterface: {0742a90b-c387-483f-b946-30a7e4e61458} not implemented, returning E_NOINTERFACE.
4879.641:0138:0198:warn:vkd3d-proton:d3d12_device_QueryInterface: {0742a90b-c387-483f-b946-30a7e4e61458} not implemented, returning E_NOINTERFACE.
4879.673:0138:01a0:warn:vkd3d-proton:d3d12_device_QueryInterface: {0742a90b-c387-483f-b946-30a7e4e61458} not implemented, returning E_NOINTERFACE.
4879.703:0138:0198:warn:vkd3d-proton:d3d12_device_QueryInterface: {0742a90b-c387-483f-b946-30a7e4e61458} not implemented, returning E_NOINTERFACE.
4879.742:0138:019c:warn:vkd3d-proton:d3d12_device_QueryInterface: {0742a90b-c387-483f-b946-30a7e4e61458} not implemented, returning E_NOINTERFACE.
4879.774:0138:0198:warn:vkd3d-proton:d3d12_device_QueryInterface: {0742a90b-c387-483f-b946-30a7e4e61458} not implemented, returning E_NOINTERFACE.
4879.805:0138:019c:warn:vkd3d-proton:d3d12_device_QueryInterface: {0742a90b-c387-483f-b946-30a7e4e61458} not implemented, returning E_NOINTERFACE.
4879.846:0138:0194:warn:vkd3d-proton:d3d12_device_QueryInterface: {0742a90b-c387-483f-b946-30a7e4e61458} not implemented, returning E_NOINTERFACE.
4879.882:0138:01a0:warn:vkd3d-proton:d3d12_device_QueryInterface: {0742a90b-c387-483f-b946-30a7e4e61458} not implemented, returning E_NOINTERFACE.
4879.919:0138:019c:warn:vkd3d-proton:d3d12_device_QueryInterface: {0742a90b-c387-483f-b946-30a7e4e61458} not implemented, returning E_NOINTERFACE.
4879.953:0138:01a0:warn:vkd3d-proton:d3d12_device_QueryInterface: {0742a90b-c387-483f-b946-30a7e4e61458} not implemented, returning E_NOINTERFACE.
4879.986:0138:019c:warn:vkd3d-proton:d3d12_device_QueryInterface: {0742a90b-c387-483f-b946-30a7e4e61458} not implemented, returning E_NOINTERFACE.
4880.021:0138:0194:warn:vkd3d-proton:d3d12_device_QueryInterface: {0742a90b-c387-483f-b946-30a7e4e61458} not implemented, returning E_NOINTERFACE.
4880.047:0138:019c:warn:vkd3d-proton:d3d12_device_QueryInterface: {0742a90b-c387-483f-b946-30a7e4e61458} not implemented, returning E_NOINTERFACE.
4880.081:0138:0194:warn:vkd3d-proton:d3d12_device_QueryInterface: {0742a90b-c387-483f-b946-30a7e4e61458} not implemented, returning E_NOINTERFACE.
4880.114:0138:0198:warn:vkd3d-proton:d3d12_device_QueryInterface: {0742a90b-c387-483f-b946-30a7e4e61458} not implemented, returning E_NOINTERFACE.
4880.147:0138:0194:warn:vkd3d-proton:d3d12_device_QueryInterface: {0742a90b-c387-483f-b946-30a7e4e61458} not implemented, returning E_NOINTERFACE.
4880.193:0138:01a0:warn:vkd3d-proton:d3d12_device_QueryInterface: {0742a90b-c387-483f-b946-30a7e4e61458} not implemented, returning E_NOINTERFACE.
4880.220:0138:0198:warn:vkd3d-proton:d3d12_device_QueryInterface: {0742a90b-c387-483f-b946-30a7e4e61458} not implemented, returning E_NOINTERFACE.
4880.235:0138:019c:warn:vkd3d-proton:d3d12_device_QueryInterface: {0742a90b-c387-483f-b946-30a7e4e61458} not implemented, returning E_NOINTERFACE.
4880.267:0138:0198:warn:vkd3d-proton:d3d12_device_QueryInterface: {0742a90b-c387-483f-b946-30a7e4e61458} not implemented, returning E_NOINTERFACE.
4880.307:0138:019c:warn:vkd3d-proton:d3d12_device_QueryInterface: {0742a90b-c387-483f-b946-30a7e4e61458} not implemented, returning E_NOINTERFACE.
4880.354:0138:019c:warn:vkd3d-proton:d3d12_device_QueryInterface: {0742a90b-c387-483f-b946-30a7e4e61458} not implemented, returning E_NOINTERFACE.
4880.394:0138:0194:warn:vkd3d-proton:d3d12_device_QueryInterface: {0742a90b-c387-483f-b946-30a7e4e61458} not implemented, returning E_NOINTERFACE.
4880.427:0138:019c:warn:vkd3d-proton:d3d12_device_QueryInterface: {0742a90b-c387-483f-b946-30a7e4e61458} not implemented, returning E_NOINTERFACE.
4880.470:0138:019c:warn:vkd3d-proton:d3d12_device_QueryInterface: {0742a90b-c387-483f-b946-30a7e4e61458} not implemented, returning E_NOINTERFACE.
4880.513:0138:0198:warn:vkd3d-proton:d3d12_device_QueryInterface: {0742a90b-c387-483f-b946-30a7e4e61458} not implemented, returning E_NOINTERFACE.
4880.560:0138:019c:warn:vkd3d-proton:d3d12_device_QueryInterface: {0742a90b-c387-483f-b946-30a7e4e61458} not implemented, returning E_NOINTERFACE.
4880.603:0138:019c:warn:vkd3d-proton:d3d12_device_QueryInterface: {0742a90b-c387-483f-b946-30a7e4e61458} not implemented, returning E_NOINTERFACE.
4880.662:0138:0198:warn:vkd3d-proton:d3d12_device_QueryInterface: {0742a90b-c387-483f-b946-30a7e4e61458} not implemented, returning E_NOINTERFACE.
4880.709:0138:019c:warn:vkd3d-proton:d3d12_device_QueryInterface: {0742a90b-c387-483f-b946-30a7e4e61458} not implemented, returning E_NOINTERFACE.
4880.762:0138:019c:warn:vkd3d-proton:d3d12_device_QueryInterface: {0742a90b-c387-483f-b946-30a7e4e61458} not implemented, returning E_NOINTERFACE.
4880.767:0138:019c:warn:vkd3d-proton:d3d12_device_QueryInterface: {0742a90b-c387-483f-b946-30a7e4e61458} not implemented, returning E_NOINTERFACE.
4880.779:0138:019c:warn:vkd3d-proton:d3d12_device_QueryInterface: {0742a90b-c387-483f-b946-30a7e4e61458} not implemented, returning E_NOINTERFACE.
4880.794:0138:019c:warn:vkd3d-proton:d3d12_device_QueryInterface: {0742a90b-c387-483f-b946-30a7e4e61458} not implemented, returning E_NOINTERFACE.
4880.843:0138:019c:warn:vkd3d-proton:d3d12_device_QueryInterface: {0742a90b-c387-483f-b946-30a7e4e61458} not implemented, returning E_NOINTERFACE.
4880.964:0138:0194:warn:vkd3d-proton:d3d12_device_QueryInterface: {0742a90b-c387-483f-b946-30a7e4e61458} not implemented, returning E_NOINTERFACE.
4881.034:0138:0194:warn:vkd3d-proton:d3d12_device_QueryInterface: {0742a90b-c387-483f-b946-30a7e4e61458} not implemented, returning E_NOINTERFACE.
4881.146:0138:0194:warn:vkd3d-proton:d3d12_device_QueryInterface: {0742a90b-c387-483f-b946-30a7e4e61458} not implemented, returning E_NOINTERFACE.
4881.150:0138:0194:warn:vkd3d-proton:d3d12_device_QueryInterface: {0742a90b-c387-483f-b946-30a7e4e61458} not implemented, returning E_NOINTERFACE.
4881.166:0138:0194:warn:vkd3d-proton:d3d12_device_QueryInterface: {0742a90b-c387-483f-b946-30a7e4e61458} not implemented, returning E_NOINTERFACE.
4881.218:0138:0194:warn:vkd3d-proton:d3d12_device_QueryInterface: {0742a90b-c387-483f-b946-30a7e4e61458} not implemented, returning E_NOINTERFACE.
4881.302:0138:0194:warn:vkd3d-proton:d3d12_device_QueryInterface: {0742a90b-c387-483f-b946-30a7e4e61458} not implemented, returning E_NOINTERFACE.
4881.340:0138:0194:warn:vkd3d-proton:d3d12_device_QueryInterface: {0742a90b-c387-483f-b946-30a7e4e61458} not implemented, returning E_NOINTERFACE.
4881.376:0138:019c:warn:vkd3d-proton:d3d12_device_QueryInterface: {0742a90b-c387-483f-b946-30a7e4e61458} not implemented, returning E_NOINTERFACE.
4881.503:0138:01a0:warn:vkd3d-proton:d3d12_device_QueryInterface: {0742a90b-c387-483f-b946-30a7e4e61458} not implemented, returning E_NOINTERFACE.
4881.606:0138:0198:warn:vkd3d-proton:d3d12_device_QueryInterface: {0742a90b-c387-483f-b946-30a7e4e61458} not implemented, returning E_NOINTERFACE.
4881.613:0138:0198:warn:vkd3d-proton:d3d12_device_QueryInterface: {0742a90b-c387-483f-b946-30a7e4e61458} not implemented, returning E_NOINTERFACE.
4881.631:0138:0198:warn:vkd3d-proton:d3d12_device_QueryInterface: {0742a90b-c387-483f-b946-30a7e4e61458} not implemented, returning E_NOINTERFACE.
4881.674:0138:0194:warn:vkd3d-proton:d3d12_device_QueryInterface: {0742a90b-c387-483f-b946-30a7e4e61458} not implemented, returning E_NOINTERFACE.
4881.715:0138:0194:warn:vkd3d-proton:d3d12_device_QueryInterface: {0742a90b-c387-483f-b946-30a7e4e61458} not implemented, returning E_NOINTERFACE.
4881.762:0138:0194:warn:vkd3d-proton:d3d12_device_QueryInterface: {0742a90b-c387-483f-b946-30a7e4e61458} not implemented, returning E_NOINTERFACE.
4881.789:0138:01a0:warn:vkd3d-proton:d3d12_device_QueryInterface: {0742a90b-c387-483f-b946-30a7e4e61458} not implemented, returning E_NOINTERFACE.
4881.815:0138:01a0:warn:vkd3d-proton:d3d12_device_QueryInterface: {0742a90b-c387-483f-b946-30a7e4e61458} not implemented, returning E_NOINTERFACE.
4881.864:0138:0198:warn:vkd3d-proton:d3d12_device_QueryInterface: {0742a90b-c387-483f-b946-30a7e4e61458} not implemented, returning E_NOINTERFACE.
4881.894:0138:0194:warn:vkd3d-proton:d3d12_device_QueryInterface: {0742a90b-c387-483f-b946-30a7e4e61458} not implemented, returning E_NOINTERFACE.
4881.926:0138:0194:warn:vkd3d-proton:d3d12_device_QueryInterface: {0742a90b-c387-483f-b946-30a7e4e61458} not implemented, returning E_NOINTERFACE.
4881.975:0138:01a0:warn:vkd3d-proton:d3d12_device_QueryInterface: {0742a90b-c387-483f-b946-30a7e4e61458} not implemented, returning E_NOINTERFACE.
4882.020:0138:01a0:warn:vkd3d-proton:d3d12_device_QueryInterface: {0742a90b-c387-483f-b946-30a7e4e61458} not implemented, returning E_NOINTERFACE.
4882.036:0138:0194:warn:vkd3d-proton:d3d12_device_QueryInterface: {0742a90b-c387-483f-b946-30a7e4e61458} not implemented, returning E_NOINTERFACE.
4882.066:0138:019c:warn:vkd3d-proton:d3d12_device_QueryInterface: {0742a90b-c387-483f-b946-30a7e4e61458} not implemented, returning E_NOINTERFACE.
4882.110:0138:019c:warn:vkd3d-proton:d3d12_device_QueryInterface: {0742a90b-c387-483f-b946-30a7e4e61458} not implemented, returning E_NOINTERFACE.
4882.176:0138:019c:warn:vkd3d-proton:d3d12_device_QueryInterface: {0742a90b-c387-483f-b946-30a7e4e61458} not implemented, returning E_NOINTERFACE.
4882.206:0138:0198:warn:vkd3d-proton:d3d12_device_QueryInterface: {0742a90b-c387-483f-b946-30a7e4e61458} not implemented, returning E_NOINTERFACE.
4882.240:0138:019c:warn:vkd3d-proton:d3d12_device_QueryInterface: {0742a90b-c387-483f-b946-30a7e4e61458} not implemented, returning E_NOINTERFACE.
4882.261:0138:01a0:warn:vkd3d-proton:d3d12_device_QueryInterface: {0742a90b-c387-483f-b946-30a7e4e61458} not implemented, returning E_NOINTERFACE.
4882.302:0138:0194:warn:vkd3d-proton:d3d12_device_QueryInterface: {0742a90b-c387-483f-b946-30a7e4e61458} not implemented, returning E_NOINTERFACE.
4882.342:0138:019c:warn:vkd3d-proton:d3d12_device_QueryInterface: {0742a90b-c387-483f-b946-30a7e4e61458} not implemented, returning E_NOINTERFACE.
4882.389:0138:0194:warn:vkd3d-proton:d3d12_device_QueryInterface: {0742a90b-c387-483f-b946-30a7e4e61458} not implemented, returning E_NOINTERFACE.
4882.422:0138:019c:warn:vkd3d-proton:d3d12_device_QueryInterface: {0742a90b-c387-483f-b946-30a7e4e61458} not implemented, returning E_NOINTERFACE.
4882.463:0138:019c:warn:vkd3d-proton:d3d12_device_QueryInterface: {0742a90b-c387-483f-b946-30a7e4e61458} not implemented, returning E_NOINTERFACE.
4882.493:0138:0194:warn:vkd3d-proton:d3d12_device_QueryInterface: {0742a90b-c387-483f-b946-30a7e4e61458} not implemented, returning E_NOINTERFACE.
4882.520:0138:01a0:warn:vkd3d-proton:d3d12_device_QueryInterface: {0742a90b-c387-483f-b946-30a7e4e61458} not implemented, returning E_NOINTERFACE.
4882.555:0138:0194:warn:vkd3d-proton:d3d12_device_QueryInterface: {0742a90b-c387-483f-b946-30a7e4e61458} not implemented, returning E_NOINTERFACE.
4882.593:0138:0194:warn:vkd3d-proton:d3d12_device_QueryInterface: {0742a90b-c387-483f-b946-30a7e4e61458} not implemented, returning E_NOINTERFACE.
4882.616:0138:019c:warn:vkd3d-proton:d3d12_device_QueryInterface: {0742a90b-c387-483f-b946-30a7e4e61458} not implemented, returning E_NOINTERFACE.
4882.648:0138:019c:warn:vkd3d-proton:d3d12_device_QueryInterface: {0742a90b-c387-483f-b946-30a7e4e61458} not implemented, returning E_NOINTERFACE.
4882.680:0138:0194:warn:vkd3d-proton:d3d12_device_QueryInterface: {0742a90b-c387-483f-b946-30a7e4e61458} not implemented, returning E_NOINTERFACE.
4882.703:0138:01a0:warn:vkd3d-proton:d3d12_device_QueryInterface: {0742a90b-c387-483f-b946-30a7e4e61458} not implemented, returning E_NOINTERFACE.
4882.739:0138:01a0:warn:vkd3d-proton:d3d12_device_QueryInterface: {0742a90b-c387-483f-b946-30a7e4e61458} not implemented, returning E_NOINTERFACE.
4882.760:0138:01a0:warn:vkd3d-proton:d3d12_device_QueryInterface: {0742a90b-c387-483f-b946-30a7e4e61458} not implemented, returning E_NOINTERFACE.
4882.789:0138:01a0:warn:vkd3d-proton:d3d12_device_QueryInterface: {0742a90b-c387-483f-b946-30a7e4e61458} not implemented, returning E_NOINTERFACE.
4882.819:0138:0194:warn:vkd3d-proton:d3d12_device_QueryInterface: {0742a90b-c387-483f-b946-30a7e4e61458} not implemented, returning E_NOINTERFACE.
4882.854:0138:0194:warn:vkd3d-proton:d3d12_device_QueryInterface: {0742a90b-c387-483f-b946-30a7e4e61458} not implemented, returning E_NOINTERFACE.
4882.887:0138:01a0:warn:vkd3d-proton:d3d12_device_QueryInterface: {0742a90b-c387-483f-b946-30a7e4e61458} not implemented, returning E_NOINTERFACE.
4882.908:0138:01a0:warn:vkd3d-proton:d3d12_device_QueryInterface: {0742a90b-c387-483f-b946-30a7e4e61458} not implemented, returning E_NOINTERFACE.
4882.941:0138:01a0:warn:vkd3d-proton:d3d12_device_QueryInterface: {0742a90b-c387-483f-b946-30a7e4e61458} not implemented, returning E_NOINTERFACE.
4882.965:0138:019c:warn:vkd3d-proton:d3d12_device_QueryInterface: {0742a90b-c387-483f-b946-30a7e4e61458} not implemented, returning E_NOINTERFACE.
4883.020:0138:0194:warn:vkd3d-proton:d3d12_device_QueryInterface: {0742a90b-c387-483f-b946-30a7e4e61458} not implemented, returning E_NOINTERFACE.
4883.050:0138:01a0:warn:vkd3d-proton:d3d12_device_QueryInterface: {0742a90b-c387-483f-b946-30a7e4e61458} not implemented, returning E_NOINTERFACE.
4883.088:0138:0198:warn:vkd3d-proton:d3d12_device_QueryInterface: {0742a90b-c387-483f-b946-30a7e4e61458} not implemented, returning E_NOINTERFACE.
4883.126:0138:019c:warn:vkd3d-proton:d3d12_device_QueryInterface: {0742a90b-c387-483f-b946-30a7e4e61458} not implemented, returning E_NOINTERFACE.
4883.170:0138:01a0:warn:vkd3d-proton:d3d12_device_QueryInterface: {0742a90b-c387-483f-b946-30a7e4e61458} not implemented, returning E_NOINTERFACE.
4883.190:0138:0194:warn:vkd3d-proton:d3d12_device_QueryInterface: {0742a90b-c387-483f-b946-30a7e4e61458} not implemented, returning E_NOINTERFACE.
4883.228:0138:01a0:warn:vkd3d-proton:d3d12_device_QueryInterface: {0742a90b-c387-483f-b946-30a7e4e61458} not implemented, returning E_NOINTERFACE.
4883.261:0138:01a0:warn:vkd3d-proton:d3d12_device_QueryInterface: {0742a90b-c387-483f-b946-30a7e4e61458} not implemented, returning E_NOINTERFACE.
4883.301:0138:01a0:warn:vkd3d-proton:d3d12_device_QueryInterface: {0742a90b-c387-483f-b946-30a7e4e61458} not implemented, returning E_NOINTERFACE.
4883.338:0138:01a0:warn:vkd3d-proton:d3d12_device_QueryInterface: {0742a90b-c387-483f-b946-30a7e4e61458} not implemented, returning E_NOINTERFACE.
4883.383:0138:0198:warn:vkd3d-proton:d3d12_device_QueryInterface: {0742a90b-c387-483f-b946-30a7e4e61458} not implemented, returning E_NOINTERFACE.
4883.390:0138:0194:warn:vkd3d-proton:d3d12_device_QueryInterface: {0742a90b-c387-483f-b946-30a7e4e61458} not implemented, returning E_NOINTERFACE.
4883.421:0138:01a0:warn:vkd3d-proton:d3d12_device_QueryInterface: {0742a90b-c387-483f-b946-30a7e4e61458} not implemented, returning E_NOINTERFACE.
4883.467:0138:0194:warn:vkd3d-proton:d3d12_device_QueryInterface: {0742a90b-c387-483f-b946-30a7e4e61458} not implemented, returning E_NOINTERFACE.
4883.497:0138:01a0:warn:vkd3d-proton:d3d12_device_QueryInterface: {0742a90b-c387-483f-b946-30a7e4e61458} not implemented, returning E_NOINTERFACE.
4883.552:0138:0194:warn:vkd3d-proton:d3d12_device_QueryInterface: {0742a90b-c387-483f-b946-30a7e4e61458} not implemented, returning E_NOINTERFACE.
4883.581:0138:0198:warn:vkd3d-proton:d3d12_device_QueryInterface: {0742a90b-c387-483f-b946-30a7e4e61458} not implemented, returning E_NOINTERFACE.
4883.625:0138:0194:warn:vkd3d-proton:d3d12_device_QueryInterface: {0742a90b-c387-483f-b946-30a7e4e61458} not implemented, returning E_NOINTERFACE.
4883.660:0138:01a0:warn:vkd3d-proton:d3d12_device_QueryInterface: {0742a90b-c387-483f-b946-30a7e4e61458} not implemented, returning E_NOINTERFACE.
4883.686:0138:019c:warn:vkd3d-proton:d3d12_device_QueryInterface: {0742a90b-c387-483f-b946-30a7e4e61458} not implemented, returning E_NOINTERFACE.
4883.745:0138:019c:warn:vkd3d-proton:d3d12_device_QueryInterface: {0742a90b-c387-483f-b946-30a7e4e61458} not implemented, returning E_NOINTERFACE.
4883.767:0138:019c:warn:vkd3d-proton:d3d12_device_QueryInterface: {0742a90b-c387-483f-b946-30a7e4e61458} not implemented, returning E_NOINTERFACE.
4883.840:0138:0198:warn:vkd3d-proton:d3d12_device_QueryInterface: {0742a90b-c387-483f-b946-30a7e4e61458} not implemented, returning E_NOINTERFACE.
4883.938:0138:0198:warn:vkd3d-proton:d3d12_device_QueryInterface: {0742a90b-c387-483f-b946-30a7e4e61458} not implemented, returning E_NOINTERFACE.
4883.941:0138:0198:warn:vkd3d-proton:d3d12_device_QueryInterface: {0742a90b-c387-483f-b946-30a7e4e61458} not implemented, returning E_NOINTERFACE.
4883.973:0138:0198:warn:vkd3d-proton:d3d12_device_QueryInterface: {0742a90b-c387-483f-b946-30a7e4e61458} not implemented, returning E_NOINTERFACE.
4884.041:0138:01a0:warn:vkd3d-proton:d3d12_device_QueryInterface: {0742a90b-c387-483f-b946-30a7e4e61458} not implemented, returning E_NOINTERFACE.
4884.071:0138:0198:warn:vkd3d-proton:d3d12_device_QueryInterface: {0742a90b-c387-483f-b946-30a7e4e61458} not implemented, returning E_NOINTERFACE.
4884.096:0138:0198:warn:vkd3d-proton:d3d12_device_QueryInterface: {0742a90b-c387-483f-b946-30a7e4e61458} not implemented, returning E_NOINTERFACE.
4884.130:0138:0198:warn:vkd3d-proton:d3d12_device_QueryInterface: {0742a90b-c387-483f-b946-30a7e4e61458} not implemented, returning E_NOINTERFACE.
4884.154:0138:01a0:warn:vkd3d-proton:d3d12_device_QueryInterface: {0742a90b-c387-483f-b946-30a7e4e61458} not implemented, returning E_NOINTERFACE.
4884.180:0138:019c:warn:vkd3d-proton:d3d12_device_QueryInterface: {0742a90b-c387-483f-b946-30a7e4e61458} not implemented, returning E_NOINTERFACE.
4884.225:0138:01a0:warn:vkd3d-proton:d3d12_device_QueryInterface: {0742a90b-c387-483f-b946-30a7e4e61458} not implemented, returning E_NOINTERFACE.
4884.247:0138:019c:warn:vkd3d-proton:d3d12_device_QueryInterface: {0742a90b-c387-483f-b946-30a7e4e61458} not implemented, returning E_NOINTERFACE.
4884.283:0138:0198:warn:vkd3d-proton:d3d12_device_QueryInterface: {0742a90b-c387-483f-b946-30a7e4e61458} not implemented, returning E_NOINTERFACE.
4884.308:0138:0194:warn:vkd3d-proton:d3d12_device_QueryInterface: {0742a90b-c387-483f-b946-30a7e4e61458} not implemented, returning E_NOINTERFACE.
4884.332:0138:0194:warn:vkd3d-proton:d3d12_device_QueryInterface: {0742a90b-c387-483f-b946-30a7e4e61458} not implemented, returning E_NOINTERFACE.
4884.380:0138:01a0:warn:vkd3d-proton:d3d12_device_QueryInterface: {0742a90b-c387-483f-b946-30a7e4e61458} not implemented, returning E_NOINTERFACE.
4884.417:0138:0194:warn:vkd3d-proton:d3d12_device_QueryInterface: {0742a90b-c387-483f-b946-30a7e4e61458} not implemented, returning E_NOINTERFACE.
4884.452:0138:0194:warn:vkd3d-proton:d3d12_device_QueryInterface: {0742a90b-c387-483f-b946-30a7e4e61458} not implemented, returning E_NOINTERFACE.
4884.474:0138:0198:warn:vkd3d-proton:d3d12_device_QueryInterface: {0742a90b-c387-483f-b946-30a7e4e61458} not implemented, returning E_NOINTERFACE.
4884.513:0138:019c:warn:vkd3d-proton:d3d12_device_QueryInterface: {0742a90b-c387-483f-b946-30a7e4e61458} not implemented, returning E_NOINTERFACE.
4884.581:0138:0194:warn:vkd3d-proton:d3d12_device_QueryInterface: {0742a90b-c387-483f-b946-30a7e4e61458} not implemented, returning E_NOINTERFACE.
4884.627:0138:01a0:warn:vkd3d-proton:d3d12_device_QueryInterface: {0742a90b-c387-483f-b946-30a7e4e61458} not implemented, returning E_NOINTERFACE.
4884.677:0138:0198:warn:vkd3d-proton:d3d12_device_QueryInterface: {0742a90b-c387-483f-b946-30a7e4e61458} not implemented, returning E_NOINTERFACE.
4884.705:0138:01a0:warn:vkd3d-proton:d3d12_device_QueryInterface: {0742a90b-c387-483f-b946-30a7e4e61458} not implemented, returning E_NOINTERFACE.
4884.740:0138:019c:warn:vkd3d-proton:d3d12_device_QueryInterface: {0742a90b-c387-483f-b946-30a7e4e61458} not implemented, returning E_NOINTERFACE.
4884.772:0138:0198:warn:vkd3d-proton:d3d12_device_QueryInterface: {0742a90b-c387-483f-b946-30a7e4e61458} not implemented, returning E_NOINTERFACE.
4884.806:0138:01a0:warn:vkd3d-proton:d3d12_device_QueryInterface: {0742a90b-c387-483f-b946-30a7e4e61458} not implemented, returning E_NOINTERFACE.
4884.841:0138:0194:warn:vkd3d-proton:d3d12_device_QueryInterface: {0742a90b-c387-483f-b946-30a7e4e61458} not implemented, returning E_NOINTERFACE.
4884.870:0138:019c:warn:vkd3d-proton:d3d12_device_QueryInterface: {0742a90b-c387-483f-b946-30a7e4e61458} not implemented, returning E_NOINTERFACE.
4884.915:0138:019c:warn:vkd3d-proton:d3d12_device_QueryInterface: {0742a90b-c387-483f-b946-30a7e4e61458} not implemented, returning E_NOINTERFACE.
4884.937:0138:0194:warn:vkd3d-proton:d3d12_device_QueryInterface: {0742a90b-c387-483f-b946-30a7e4e61458} not implemented, returning E_NOINTERFACE.
4884.967:0138:019c:warn:vkd3d-proton:d3d12_device_QueryInterface: {0742a90b-c387-483f-b946-30a7e4e61458} not implemented, returning E_NOINTERFACE.
4885.003:0138:0198:warn:vkd3d-proton:d3d12_device_QueryInterface: {0742a90b-c387-483f-b946-30a7e4e61458} not implemented, returning E_NOINTERFACE.
4885.043:0138:01a0:warn:vkd3d-proton:d3d12_device_QueryInterface: {0742a90b-c387-483f-b946-30a7e4e61458} not implemented, returning E_NOINTERFACE.
4885.069:0138:0198:warn:vkd3d-proton:d3d12_device_QueryInterface: {0742a90b-c387-483f-b946-30a7e4e61458} not implemented, returning E_NOINTERFACE.
4885.096:0138:0194:warn:vkd3d-proton:d3d12_device_QueryInterface: {0742a90b-c387-483f-b946-30a7e4e61458} not implemented, returning E_NOINTERFACE.
4885.122:0138:019c:warn:vkd3d-proton:d3d12_device_QueryInterface: {0742a90b-c387-483f-b946-30a7e4e61458} not implemented, returning E_NOINTERFACE.
4885.148:0138:01a0:warn:vkd3d-proton:d3d12_device_QueryInterface: {0742a90b-c387-483f-b946-30a7e4e61458} not implemented, returning E_NOINTERFACE.
4885.172:0138:0198:warn:vkd3d-proton:d3d12_device_QueryInterface: {0742a90b-c387-483f-b946-30a7e4e61458} not implemented, returning E_NOINTERFACE.
4885.197:0138:019c:warn:vkd3d-proton:d3d12_device_QueryInterface: {0742a90b-c387-483f-b946-30a7e4e61458} not implemented, returning E_NOINTERFACE.
4885.253:0138:0198:warn:vkd3d-proton:d3d12_device_QueryInterface: {0742a90b-c387-483f-b946-30a7e4e61458} not implemented, returning E_NOINTERFACE.
4885.275:0138:019c:warn:vkd3d-proton:d3d12_device_QueryInterface: {0742a90b-c387-483f-b946-30a7e4e61458} not implemented, returning E_NOINTERFACE.
4885.303:0138:01a0:warn:vkd3d-proton:d3d12_device_QueryInterface: {0742a90b-c387-483f-b946-30a7e4e61458} not implemented, returning E_NOINTERFACE.
4885.329:0138:0194:warn:vkd3d-proton:d3d12_device_QueryInterface: {0742a90b-c387-483f-b946-30a7e4e61458} not implemented, returning E_NOINTERFACE.
4885.362:0138:019c:warn:vkd3d-proton:d3d12_device_QueryInterface: {0742a90b-c387-483f-b946-30a7e4e61458} not implemented, returning E_NOINTERFACE.
4885.405:0138:01a0:warn:vkd3d-proton:d3d12_device_QueryInterface: {0742a90b-c387-483f-b946-30a7e4e61458} not implemented, returning E_NOINTERFACE.
4885.442:0138:01a0:warn:vkd3d-proton:d3d12_device_QueryInterface: {0742a90b-c387-483f-b946-30a7e4e61458} not implemented, returning E_NOINTERFACE.
4885.478:0138:01a0:warn:vkd3d-proton:d3d12_device_QueryInterface: {0742a90b-c387-483f-b946-30a7e4e61458} not implemented, returning E_NOINTERFACE.
4885.519:0138:01a0:warn:vkd3d-proton:d3d12_device_QueryInterface: {0742a90b-c387-483f-b946-30a7e4e61458} not implemented, returning E_NOINTERFACE.
4885.551:0138:019c:warn:vkd3d-proton:d3d12_device_QueryInterface: {0742a90b-c387-483f-b946-30a7e4e61458} not implemented, returning E_NOINTERFACE.
4885.574:0138:01a0:warn:vkd3d-proton:d3d12_device_QueryInterface: {0742a90b-c387-483f-b946-30a7e4e61458} not implemented, returning E_NOINTERFACE.
4885.601:0138:019c:warn:vkd3d-proton:d3d12_device_QueryInterface: {0742a90b-c387-483f-b946-30a7e4e61458} not implemented, returning E_NOINTERFACE.
4885.627:0138:0194:warn:vkd3d-proton:d3d12_device_QueryInterface: {0742a90b-c387-483f-b946-30a7e4e61458} not implemented, returning E_NOINTERFACE.
4885.664:0138:0198:warn:vkd3d-proton:d3d12_device_QueryInterface: {0742a90b-c387-483f-b946-30a7e4e61458} not implemented, returning E_NOINTERFACE.
4885.685:0138:01a0:warn:vkd3d-proton:d3d12_device_QueryInterface: {0742a90b-c387-483f-b946-30a7e4e61458} not implemented, returning E_NOINTERFACE.
4885.713:0138:0198:warn:vkd3d-proton:d3d12_device_QueryInterface: {0742a90b-c387-483f-b946-30a7e4e61458} not implemented, returning E_NOINTERFACE.
4885.738:0138:01a0:warn:vkd3d-proton:d3d12_device_QueryInterface: {0742a90b-c387-483f-b946-30a7e4e61458} not implemented, returning E_NOINTERFACE.
4885.763:0138:0194:warn:vkd3d-proton:d3d12_device_QueryInterface: {0742a90b-c387-483f-b946-30a7e4e61458} not implemented, returning E_NOINTERFACE.
4885.770:0138:0194:warn:vkd3d-proton:d3d12_device_QueryInterface: {0742a90b-c387-483f-b946-30a7e4e61458} not implemented, returning E_NOINTERFACE.
4885.804:0138:01a0:warn:vkd3d-proton:d3d12_device_QueryInterface: {0742a90b-c387-483f-b946-30a7e4e61458} not implemented, returning E_NOINTERFACE.
4885.834:0138:019c:warn:vkd3d-proton:d3d12_device_QueryInterface: {0742a90b-c387-483f-b946-30a7e4e61458} not implemented, returning E_NOINTERFACE.
4885.868:0138:0198:warn:vkd3d-proton:d3d12_device_QueryInterface: {0742a90b-c387-483f-b946-30a7e4e61458} not implemented, returning E_NOINTERFACE.
4885.886:0138:0198:warn:vkd3d-proton:d3d12_device_QueryInterface: {0742a90b-c387-483f-b946-30a7e4e61458} not implemented, returning E_NOINTERFACE.
4885.957:0138:01a0:warn:vkd3d-proton:d3d12_device_QueryInterface: {0742a90b-c387-483f-b946-30a7e4e61458} not implemented, returning E_NOINTERFACE.
4885.992:0138:0198:warn:vkd3d-proton:d3d12_device_QueryInterface: {0742a90b-c387-483f-b946-30a7e4e61458} not implemented, returning E_NOINTERFACE.
4886.028:0138:0194:warn:vkd3d-proton:d3d12_device_QueryInterface: {0742a90b-c387-483f-b946-30a7e4e61458} not implemented, returning E_NOINTERFACE.
4886.071:0138:0198:warn:vkd3d-proton:d3d12_device_QueryInterface: {0742a90b-c387-483f-b946-30a7e4e61458} not implemented, returning E_NOINTERFACE.
4886.119:0138:0198:warn:vkd3d-proton:d3d12_device_QueryInterface: {0742a90b-c387-483f-b946-30a7e4e61458} not implemented, returning E_NOINTERFACE.
4886.155:0138:0198:warn:vkd3d-proton:d3d12_device_QueryInterface: {0742a90b-c387-483f-b946-30a7e4e61458} not implemented, returning E_NOINTERFACE.
4886.197:0138:019c:warn:vkd3d-proton:d3d12_device_QueryInterface: {0742a90b-c387-483f-b946-30a7e4e61458} not implemented, returning E_NOINTERFACE.
4886.237:0138:0194:warn:vkd3d-proton:d3d12_device_QueryInterface: {0742a90b-c387-483f-b946-30a7e4e61458} not implemented, returning E_NOINTERFACE.
4886.284:0138:0194:warn:vkd3d-proton:d3d12_device_QueryInterface: {0742a90b-c387-483f-b946-30a7e4e61458} not implemented, returning E_NOINTERFACE.
4886.329:0138:019c:warn:vkd3d-proton:d3d12_device_QueryInterface: {0742a90b-c387-483f-b946-30a7e4e61458} not implemented, returning E_NOINTERFACE.
4886.370:0138:0198:warn:vkd3d-proton:d3d12_device_QueryInterface: {0742a90b-c387-483f-b946-30a7e4e61458} not implemented, returning E_NOINTERFACE.
4886.406:0138:0198:warn:vkd3d-proton:d3d12_device_QueryInterface: {0742a90b-c387-483f-b946-30a7e4e61458} not implemented, returning E_NOINTERFACE.
4886.410:0138:0198:warn:vkd3d-proton:d3d12_device_QueryInterface: {0742a90b-c387-483f-b946-30a7e4e61458} not implemented, returning E_NOINTERFACE.
4886.434:0138:0198:warn:vkd3d-proton:d3d12_device_QueryInterface: {0742a90b-c387-483f-b946-30a7e4e61458} not implemented, returning E_NOINTERFACE.
4886.459:0138:0198:warn:vkd3d-proton:d3d12_device_QueryInterface: {0742a90b-c387-483f-b946-30a7e4e61458} not implemented, returning E_NOINTERFACE.
4886.577:0138:019c:warn:vkd3d-proton:d3d12_device_QueryInterface: {0742a90b-c387-483f-b946-30a7e4e61458} not implemented, returning E_NOINTERFACE.
4886.677:0138:01a0:warn:vkd3d-proton:d3d12_device_QueryInterface: {0742a90b-c387-483f-b946-30a7e4e61458} not implemented, returning E_NOINTERFACE.
4886.708:0138:01a0:warn:vkd3d-proton:d3d12_device_QueryInterface: {0742a90b-c387-483f-b946-30a7e4e61458} not implemented, returning E_NOINTERFACE.
4886.716:0138:01a0:warn:vkd3d-proton:d3d12_device_QueryInterface: {0742a90b-c387-483f-b946-30a7e4e61458} not implemented, returning E_NOINTERFACE.
4886.739:0138:0194:warn:vkd3d-proton:d3d12_device_QueryInterface: {0742a90b-c387-483f-b946-30a7e4e61458} not implemented, returning E_NOINTERFACE.
4886.877:0138:0194:warn:vkd3d-proton:d3d12_device_QueryInterface: {0742a90b-c387-483f-b946-30a7e4e61458} not implemented, returning E_NOINTERFACE.
4887.004:0138:019c:warn:vkd3d-proton:d3d12_device_QueryInterface: {0742a90b-c387-483f-b946-30a7e4e61458} not implemented, returning E_NOINTERFACE.
4887.126:0138:019c:warn:vkd3d-proton:d3d12_device_QueryInterface: {0742a90b-c387-483f-b946-30a7e4e61458} not implemented, returning E_NOINTERFACE.
4887.138:0138:019c:warn:vkd3d-proton:d3d12_device_QueryInterface: {0742a90b-c387-483f-b946-30a7e4e61458} not implemented, returning E_NOINTERFACE.
4887.155:0138:019c:warn:vkd3d-proton:d3d12_device_QueryInterface: {0742a90b-c387-483f-b946-30a7e4e61458} not implemented, returning E_NOINTERFACE.
4887.280:0138:019c:warn:vkd3d-proton:d3d12_device_QueryInterface: {0742a90b-c387-483f-b946-30a7e4e61458} not implemented, returning E_NOINTERFACE.
4887.319:0138:0198:warn:vkd3d-proton:d3d12_device_QueryInterface: {0742a90b-c387-483f-b946-30a7e4e61458} not implemented, returning E_NOINTERFACE.
4887.357:0138:019c:warn:vkd3d-proton:d3d12_device_QueryInterface: {0742a90b-c387-483f-b946-30a7e4e61458} not implemented, returning E_NOINTERFACE.
4887.395:0138:0198:warn:vkd3d-proton:d3d12_device_QueryInterface: {0742a90b-c387-483f-b946-30a7e4e61458} not implemented, returning E_NOINTERFACE.
4887.430:0138:0194:warn:vkd3d-proton:d3d12_device_QueryInterface: {0742a90b-c387-483f-b946-30a7e4e61458} not implemented, returning E_NOINTERFACE.
4887.463:0138:019c:warn:vkd3d-proton:d3d12_device_QueryInterface: {0742a90b-c387-483f-b946-30a7e4e61458} not implemented, returning E_NOINTERFACE.
4887.501:0138:01a0:warn:vkd3d-proton:d3d12_device_QueryInterface: {0742a90b-c387-483f-b946-30a7e4e61458} not implemented, returning E_NOINTERFACE.
4887.540:0138:01a0:warn:vkd3d-proton:d3d12_device_QueryInterface: {0742a90b-c387-483f-b946-30a7e4e61458} not implemented, returning E_NOINTERFACE.
4887.574:0138:0198:warn:vkd3d-proton:d3d12_device_QueryInterface: {0742a90b-c387-483f-b946-30a7e4e61458} not implemented, returning E_NOINTERFACE.
4887.611:0138:0198:warn:vkd3d-proton:d3d12_device_QueryInterface: {0742a90b-c387-483f-b946-30a7e4e61458} not implemented, returning E_NOINTERFACE.
4887.648:0138:01a0:warn:vkd3d-proton:d3d12_device_QueryInterface: {0742a90b-c387-483f-b946-30a7e4e61458} not implemented, returning E_NOINTERFACE.
4887.688:0138:0194:warn:vkd3d-proton:d3d12_device_QueryInterface: {0742a90b-c387-483f-b946-30a7e4e61458} not implemented, returning E_NOINTERFACE.
4887.691:0138:0194:warn:vkd3d-proton:d3d12_device_QueryInterface: {0742a90b-c387-483f-b946-30a7e4e61458} not implemented, returning E_NOINTERFACE.
4887.702:0138:01a0:warn:vkd3d-proton:d3d12_device_QueryInterface: {0742a90b-c387-483f-b946-30a7e4e61458} not implemented, returning E_NOINTERFACE.
4887.718:0138:01a0:warn:vkd3d-proton:d3d12_device_QueryInterface: {0742a90b-c387-483f-b946-30a7e4e61458} not implemented, returning E_NOINTERFACE.
4887.753:0138:0198:warn:vkd3d-proton:d3d12_device_QueryInterface: {0742a90b-c387-483f-b946-30a7e4e61458} not implemented, returning E_NOINTERFACE.
4887.795:0138:0194:warn:vkd3d-proton:d3d12_device_QueryInterface: {0742a90b-c387-483f-b946-30a7e4e61458} not implemented, returning E_NOINTERFACE.
4887.826:0138:019c:warn:vkd3d-proton:d3d12_device_QueryInterface: {0742a90b-c387-483f-b946-30a7e4e61458} not implemented, returning E_NOINTERFACE.
4887.862:0138:0194:warn:vkd3d-proton:d3d12_device_QueryInterface: {0742a90b-c387-483f-b946-30a7e4e61458} not implemented, returning E_NOINTERFACE.
4887.896:0138:019c:warn:vkd3d-proton:d3d12_device_QueryInterface: {0742a90b-c387-483f-b946-30a7e4e61458} not implemented, returning E_NOINTERFACE.
4887.932:0138:0198:warn:vkd3d-proton:d3d12_device_QueryInterface: {0742a90b-c387-483f-b946-30a7e4e61458} not implemented, returning E_NOINTERFACE.
4887.963:0138:0194:warn:vkd3d-proton:d3d12_device_QueryInterface: {0742a90b-c387-483f-b946-30a7e4e61458} not implemented, returning E_NOINTERFACE.
4887.995:0138:019c:warn:vkd3d-proton:d3d12_device_QueryInterface: {0742a90b-c387-483f-b946-30a7e4e61458} not implemented, returning E_NOINTERFACE.
4888.027:0138:0198:warn:vkd3d-proton:d3d12_device_QueryInterface: {0742a90b-c387-483f-b946-30a7e4e61458} not implemented, returning E_NOINTERFACE.
4888.058:0138:019c:warn:vkd3d-proton:d3d12_device_QueryInterface: {0742a90b-c387-483f-b946-30a7e4e61458} not implemented, returning E_NOINTERFACE.
4888.097:0138:0198:warn:vkd3d-proton:d3d12_device_QueryInterface: {0742a90b-c387-483f-b946-30a7e4e61458} not implemented, returning E_NOINTERFACE.
4888.131:0138:01a0:warn:vkd3d-proton:d3d12_device_QueryInterface: {0742a90b-c387-483f-b946-30a7e4e61458} not implemented, returning E_NOINTERFACE.
4888.168:0138:0198:warn:vkd3d-proton:d3d12_device_QueryInterface: {0742a90b-c387-483f-b946-30a7e4e61458} not implemented, returning E_NOINTERFACE.
4888.205:0138:01a0:warn:vkd3d-proton:d3d12_device_QueryInterface: {0742a90b-c387-483f-b946-30a7e4e61458} not implemented, returning E_NOINTERFACE.
4888.235:0138:0198:warn:vkd3d-proton:d3d12_device_QueryInterface: {0742a90b-c387-483f-b946-30a7e4e61458} not implemented, returning E_NOINTERFACE.
4888.271:0138:0194:warn:vkd3d-proton:d3d12_device_QueryInterface: {0742a90b-c387-483f-b946-30a7e4e61458} not implemented, returning E_NOINTERFACE.
4888.307:0138:019c:warn:vkd3d-proton:d3d12_device_QueryInterface: {0742a90b-c387-483f-b946-30a7e4e61458} not implemented, returning E_NOINTERFACE.
4888.344:0138:01a0:warn:vkd3d-proton:d3d12_device_QueryInterface: {0742a90b-c387-483f-b946-30a7e4e61458} not implemented, returning E_NOINTERFACE.
4888.379:0138:019c:warn:vkd3d-proton:d3d12_device_QueryInterface: {0742a90b-c387-483f-b946-30a7e4e61458} not implemented, returning E_NOINTERFACE.
4888.418:0138:0198:warn:vkd3d-proton:d3d12_device_QueryInterface: {0742a90b-c387-483f-b946-30a7e4e61458} not implemented, returning E_NOINTERFACE.
4888.452:0138:0194:warn:vkd3d-proton:d3d12_device_QueryInterface: {0742a90b-c387-483f-b946-30a7e4e61458} not implemented, returning E_NOINTERFACE.
4888.490:0138:0198:warn:vkd3d-proton:d3d12_device_QueryInterface: {0742a90b-c387-483f-b946-30a7e4e61458} not implemented, returning E_NOINTERFACE.
4888.527:0138:01a0:warn:vkd3d-proton:d3d12_device_QueryInterface: {0742a90b-c387-483f-b946-30a7e4e61458} not implemented, returning E_NOINTERFACE.
4888.565:0138:0198:warn:vkd3d-proton:d3d12_device_QueryInterface: {0742a90b-c387-483f-b946-30a7e4e61458} not implemented, returning E_NOINTERFACE.
4888.602:0138:0198:warn:vkd3d-proton:d3d12_device_QueryInterface: {0742a90b-c387-483f-b946-30a7e4e61458} not implemented, returning E_NOINTERFACE.
4888.637:0138:01a0:warn:vkd3d-proton:d3d12_device_QueryInterface: {0742a90b-c387-483f-b946-30a7e4e61458} not implemented, returning E_NOINTERFACE.
4888.672:0138:019c:warn:vkd3d-proton:d3d12_device_QueryInterface: {0742a90b-c387-483f-b946-30a7e4e61458} not implemented, returning E_NOINTERFACE.
4888.703:0138:01a0:warn:vkd3d-proton:d3d12_device_QueryInterface: {0742a90b-c387-483f-b946-30a7e4e61458} not implemented, returning E_NOINTERFACE.
4888.739:0138:019c:warn:vkd3d-proton:d3d12_device_QueryInterface: {0742a90b-c387-483f-b946-30a7e4e61458} not implemented, returning E_NOINTERFACE.
4888.778:0138:0198:warn:vkd3d-proton:d3d12_device_QueryInterface: {0742a90b-c387-483f-b946-30a7e4e61458} not implemented, returning E_NOINTERFACE.
4888.816:0138:0194:warn:vkd3d-proton:d3d12_device_QueryInterface: {0742a90b-c387-483f-b946-30a7e4e61458} not implemented, returning E_NOINTERFACE.
4888.856:0138:019c:warn:vkd3d-proton:d3d12_device_QueryInterface: {0742a90b-c387-483f-b946-30a7e4e61458} not implemented, returning E_NOINTERFACE.
4888.895:0138:0194:warn:vkd3d-proton:d3d12_device_QueryInterface: {0742a90b-c387-483f-b946-30a7e4e61458} not implemented, returning E_NOINTERFACE.
4888.933:0138:01a0:warn:vkd3d-proton:d3d12_device_QueryInterface: {0742a90b-c387-483f-b946-30a7e4e61458} not implemented, returning E_NOINTERFACE.
4888.968:0138:0198:warn:vkd3d-proton:d3d12_device_QueryInterface: {0742a90b-c387-483f-b946-30a7e4e61458} not implemented, returning E_NOINTERFACE.
4889.004:0138:0194:warn:vkd3d-proton:d3d12_device_QueryInterface: {0742a90b-c387-483f-b946-30a7e4e61458} not implemented, returning E_NOINTERFACE.
4889.034:0138:019c:warn:vkd3d-proton:d3d12_device_QueryInterface: {0742a90b-c387-483f-b946-30a7e4e61458} not implemented, returning E_NOINTERFACE.
4889.066:0138:0194:warn:vkd3d-proton:d3d12_device_QueryInterface: {0742a90b-c387-483f-b946-30a7e4e61458} not implemented, returning E_NOINTERFACE.
4889.098:0138:0198:warn:vkd3d-proton:d3d12_device_QueryInterface: {0742a90b-c387-483f-b946-30a7e4e61458} not implemented, returning E_NOINTERFACE.
4889.130:0138:01a0:warn:vkd3d-proton:d3d12_device_QueryInterface: {0742a90b-c387-483f-b946-30a7e4e61458} not implemented, returning E_NOINTERFACE.
4889.168:0138:0194:warn:vkd3d-proton:d3d12_device_QueryInterface: {0742a90b-c387-483f-b946-30a7e4e61458} not implemented, returning E_NOINTERFACE.
4889.200:0138:019c:warn:vkd3d-proton:d3d12_device_QueryInterface: {0742a90b-c387-483f-b946-30a7e4e61458} not implemented, returning E_NOINTERFACE.
4889.232:0138:019c:warn:vkd3d-proton:d3d12_device_QueryInterface: {0742a90b-c387-483f-b946-30a7e4e61458} not implemented, returning E_NOINTERFACE.
4889.272:0138:0198:warn:vkd3d-proton:d3d12_device_QueryInterface: {0742a90b-c387-483f-b946-30a7e4e61458} not implemented, returning E_NOINTERFACE.
4889.303:0138:0194:warn:vkd3d-proton:d3d12_device_QueryInterface: {0742a90b-c387-483f-b946-30a7e4e61458} not implemented, returning E_NOINTERFACE.
4889.336:0138:01a0:warn:vkd3d-proton:d3d12_device_QueryInterface: {0742a90b-c387-483f-b946-30a7e4e61458} not implemented, returning E_NOINTERFACE.
4889.366:0138:0198:warn:vkd3d-proton:d3d12_device_QueryInterface: {0742a90b-c387-483f-b946-30a7e4e61458} not implemented, returning E_NOINTERFACE.
4889.404:0138:0194:warn:vkd3d-proton:d3d12_device_QueryInterface: {0742a90b-c387-483f-b946-30a7e4e61458} not implemented, returning E_NOINTERFACE.
4889.444:0138:01a0:warn:vkd3d-proton:d3d12_device_QueryInterface: {0742a90b-c387-483f-b946-30a7e4e61458} not implemented, returning E_NOINTERFACE.
4889.477:0138:0198:warn:vkd3d-proton:d3d12_device_QueryInterface: {0742a90b-c387-483f-b946-30a7e4e61458} not implemented, returning E_NOINTERFACE.
4889.515:0138:01a0:warn:vkd3d-proton:d3d12_device_QueryInterface: {0742a90b-c387-483f-b946-30a7e4e61458} not implemented, returning E_NOINTERFACE.
4889.552:0138:0198:warn:vkd3d-proton:d3d12_device_QueryInterface: {0742a90b-c387-483f-b946-30a7e4e61458} not implemented, returning E_NOINTERFACE.
4889.587:0138:0194:warn:vkd3d-proton:d3d12_device_QueryInterface: {0742a90b-c387-483f-b946-30a7e4e61458} not implemented, returning E_NOINTERFACE.
4889.626:0138:019c:warn:vkd3d-proton:d3d12_device_QueryInterface: {0742a90b-c387-483f-b946-30a7e4e61458} not implemented, returning E_NOINTERFACE.
4889.662:0138:0198:warn:vkd3d-proton:d3d12_device_QueryInterface: {0742a90b-c387-483f-b946-30a7e4e61458} not implemented, returning E_NOINTERFACE.
4889.698:0138:019c:warn:vkd3d-proton:d3d12_device_QueryInterface: {0742a90b-c387-483f-b946-30a7e4e61458} not implemented, returning E_NOINTERFACE.
4889.735:0138:0198:warn:vkd3d-proton:d3d12_device_QueryInterface: {0742a90b-c387-483f-b946-30a7e4e61458} not implemented, returning E_NOINTERFACE.
4889.772:0138:01a0:warn:vkd3d-proton:d3d12_device_QueryInterface: {0742a90b-c387-483f-b946-30a7e4e61458} not implemented, returning E_NOINTERFACE.
4889.809:0138:0194:warn:vkd3d-proton:d3d12_device_QueryInterface: {0742a90b-c387-483f-b946-30a7e4e61458} not implemented, returning E_NOINTERFACE.
4889.845:0138:019c:warn:vkd3d-proton:d3d12_device_QueryInterface: {0742a90b-c387-483f-b946-30a7e4e61458} not implemented, returning E_NOINTERFACE.
4889.881:0138:0198:warn:vkd3d-proton:d3d12_device_QueryInterface: {0742a90b-c387-483f-b946-30a7e4e61458} not implemented, returning E_NOINTERFACE.
4889.918:0138:019c:warn:vkd3d-proton:d3d12_device_QueryInterface: {0742a90b-c387-483f-b946-30a7e4e61458} not implemented, returning E_NOINTERFACE.
4889.957:0138:0194:warn:vkd3d-proton:d3d12_device_QueryInterface: {0742a90b-c387-483f-b946-30a7e4e61458} not implemented, returning E_NOINTERFACE.
4889.960:0138:0194:warn:vkd3d-proton:d3d12_device_QueryInterface: {0742a90b-c387-483f-b946-30a7e4e61458} not implemented, returning E_NOINTERFACE.
4889.969:0138:019c:warn:vkd3d-proton:d3d12_device_QueryInterface: {0742a90b-c387-483f-b946-30a7e4e61458} not implemented, returning E_NOINTERFACE.
4889.988:0138:019c:warn:vkd3d-proton:d3d12_device_QueryInterface: {0742a90b-c387-483f-b946-30a7e4e61458} not implemented, returning E_NOINTERFACE.
4890.025:0138:01a0:warn:vkd3d-proton:d3d12_device_QueryInterface: {0742a90b-c387-483f-b946-30a7e4e61458} not implemented, returning E_NOINTERFACE.
4890.057:0138:0194:warn:vkd3d-proton:d3d12_device_QueryInterface: {0742a90b-c387-483f-b946-30a7e4e61458} not implemented, returning E_NOINTERFACE.
4890.089:0138:019c:warn:vkd3d-proton:d3d12_device_QueryInterface: {0742a90b-c387-483f-b946-30a7e4e61458} not implemented, returning E_NOINTERFACE.
4890.121:0138:0198:warn:vkd3d-proton:d3d12_device_QueryInterface: {0742a90b-c387-483f-b946-30a7e4e61458} not implemented, returning E_NOINTERFACE.
4890.157:0138:01a0:warn:vkd3d-proton:d3d12_device_QueryInterface: {0742a90b-c387-483f-b946-30a7e4e61458} not implemented, returning E_NOINTERFACE.
4890.196:0138:0198:warn:vkd3d-proton:d3d12_device_QueryInterface: {0742a90b-c387-483f-b946-30a7e4e61458} not implemented, returning E_NOINTERFACE.
4890.230:0138:0194:warn:vkd3d-proton:d3d12_device_QueryInterface: {0742a90b-c387-483f-b946-30a7e4e61458} not implemented, returning E_NOINTERFACE.
4890.264:0138:0198:warn:vkd3d-proton:d3d12_device_QueryInterface: {0742a90b-c387-483f-b946-30a7e4e61458} not implemented, returning E_NOINTERFACE.
4890.304:0138:019c:warn:vkd3d-proton:d3d12_device_QueryInterface: {0742a90b-c387-483f-b946-30a7e4e61458} not implemented, returning E_NOINTERFACE.
4890.336:0138:0198:warn:vkd3d-proton:d3d12_device_QueryInterface: {0742a90b-c387-483f-b946-30a7e4e61458} not implemented, returning E_NOINTERFACE.
4890.369:0138:01a0:warn:vkd3d-proton:d3d12_device_QueryInterface: {0742a90b-c387-483f-b946-30a7e4e61458} not implemented, returning E_NOINTERFACE.
4890.400:0138:019c:warn:vkd3d-proton:d3d12_device_QueryInterface: {0742a90b-c387-483f-b946-30a7e4e61458} not implemented, returning E_NOINTERFACE.
4890.436:0138:0198:warn:vkd3d-proton:d3d12_device_QueryInterface: {0742a90b-c387-483f-b946-30a7e4e61458} not implemented, returning E_NOINTERFACE.
4890.472:0138:0194:warn:vkd3d-proton:d3d12_device_QueryInterface: {0742a90b-c387-483f-b946-30a7e4e61458} not implemented, returning E_NOINTERFACE.
4890.510:0138:0198:warn:vkd3d-proton:d3d12_device_QueryInterface: {0742a90b-c387-483f-b946-30a7e4e61458} not implemented, returning E_NOINTERFACE.
4890.546:0138:019c:warn:vkd3d-proton:d3d12_device_QueryInterface: {0742a90b-c387-483f-b946-30a7e4e61458} not implemented, returning E_NOINTERFACE.
4890.581:0138:0198:warn:vkd3d-proton:d3d12_device_QueryInterface: {0742a90b-c387-483f-b946-30a7e4e61458} not implemented, returning E_NOINTERFACE.
4890.614:0138:019c:warn:vkd3d-proton:d3d12_device_QueryInterface: {0742a90b-c387-483f-b946-30a7e4e61458} not implemented, returning E_NOINTERFACE.
4890.648:0138:0198:warn:vkd3d-proton:d3d12_device_QueryInterface: {0742a90b-c387-483f-b946-30a7e4e61458} not implemented, returning E_NOINTERFACE.
4890.683:0138:019c:warn:vkd3d-proton:d3d12_device_QueryInterface: {0742a90b-c387-483f-b946-30a7e4e61458} not implemented, returning E_NOINTERFACE.
4890.719:0138:01a0:warn:vkd3d-proton:d3d12_device_QueryInterface: {0742a90b-c387-483f-b946-30a7e4e61458} not implemented, returning E_NOINTERFACE.
4890.757:0138:0198:warn:vkd3d-proton:d3d12_device_QueryInterface: {0742a90b-c387-483f-b946-30a7e4e61458} not implemented, returning E_NOINTERFACE.
4890.787:0138:01a0:warn:vkd3d-proton:d3d12_device_QueryInterface: {0742a90b-c387-483f-b946-30a7e4e61458} not implemented, returning E_NOINTERFACE.
4890.826:0138:0198:warn:vkd3d-proton:d3d12_device_QueryInterface: {0742a90b-c387-483f-b946-30a7e4e61458} not implemented, returning E_NOINTERFACE.
4890.863:0138:01a0:warn:vkd3d-proton:d3d12_device_QueryInterface: {0742a90b-c387-483f-b946-30a7e4e61458} not implemented, returning E_NOINTERFACE.
4890.902:0138:0198:warn:vkd3d-proton:d3d12_device_QueryInterface: {0742a90b-c387-483f-b946-30a7e4e61458} not implemented, returning E_NOINTERFACE.
4890.939:0138:01a0:warn:vkd3d-proton:d3d12_device_QueryInterface: {0742a90b-c387-483f-b946-30a7e4e61458} not implemented, returning E_NOINTERFACE.
4890.979:0138:0194:warn:vkd3d-proton:d3d12_device_QueryInterface: {0742a90b-c387-483f-b946-30a7e4e61458} not implemented, returning E_NOINTERFACE.
4891.014:0138:019c:warn:vkd3d-proton:d3d12_device_QueryInterface: {0742a90b-c387-483f-b946-30a7e4e61458} not implemented, returning E_NOINTERFACE.
4891.052:0138:01a0:warn:vkd3d-proton:d3d12_device_QueryInterface: {0742a90b-c387-483f-b946-30a7e4e61458} not implemented, returning E_NOINTERFACE.
4891.088:0138:0198:warn:vkd3d-proton:d3d12_device_QueryInterface: {0742a90b-c387-483f-b946-30a7e4e61458} not implemented, returning E_NOINTERFACE.
4891.125:0138:019c:warn:vkd3d-proton:d3d12_device_QueryInterface: {0742a90b-c387-483f-b946-30a7e4e61458} not implemented, returning E_NOINTERFACE.
4891.163:0138:0198:warn:vkd3d-proton:d3d12_device_QueryInterface: {0742a90b-c387-483f-b946-30a7e4e61458} not implemented, returning E_NOINTERFACE.
4891.200:0138:0194:warn:vkd3d-proton:d3d12_device_QueryInterface: {0742a90b-c387-483f-b946-30a7e4e61458} not implemented, returning E_NOINTERFACE.
4891.231:0138:019c:warn:vkd3d-proton:d3d12_device_QueryInterface: {0742a90b-c387-483f-b946-30a7e4e61458} not implemented, returning E_NOINTERFACE.
4891.266:0138:0198:warn:vkd3d-proton:d3d12_device_QueryInterface: {0742a90b-c387-483f-b946-30a7e4e61458} not implemented, returning E_NOINTERFACE.
4891.304:0138:019c:warn:vkd3d-proton:d3d12_device_QueryInterface: {0742a90b-c387-483f-b946-30a7e4e61458} not implemented, returning E_NOINTERFACE.
4891.340:0138:0194:warn:vkd3d-proton:d3d12_device_QueryInterface: {0742a90b-c387-483f-b946-30a7e4e61458} not implemented, returning E_NOINTERFACE.
4891.377:0138:0198:warn:vkd3d-proton:d3d12_device_QueryInterface: {0742a90b-c387-483f-b946-30a7e4e61458} not implemented, returning E_NOINTERFACE.
4891.414:0138:01a0:warn:vkd3d-proton:d3d12_device_QueryInterface: {0742a90b-c387-483f-b946-30a7e4e61458} not implemented, returning E_NOINTERFACE.
4891.450:0138:0198:warn:vkd3d-proton:d3d12_device_QueryInterface: {0742a90b-c387-483f-b946-30a7e4e61458} not implemented, returning E_NOINTERFACE.
4891.484:0138:019c:warn:vkd3d-proton:d3d12_device_QueryInterface: {0742a90b-c387-483f-b946-30a7e4e61458} not implemented, returning E_NOINTERFACE.
4891.516:0138:0198:warn:vkd3d-proton:d3d12_device_QueryInterface: {0742a90b-c387-483f-b946-30a7e4e61458} not implemented, returning E_NOINTERFACE.
4891.557:0138:0194:warn:vkd3d-proton:d3d12_device_QueryInterface: {0742a90b-c387-483f-b946-30a7e4e61458} not implemented, returning E_NOINTERFACE.
4891.590:0138:01a0:warn:vkd3d-proton:d3d12_device_QueryInterface: {0742a90b-c387-483f-b946-30a7e4e61458} not implemented, returning E_NOINTERFACE.
4891.627:0138:0198:warn:vkd3d-proton:d3d12_device_QueryInterface: {0742a90b-c387-483f-b946-30a7e4e61458} not implemented, returning E_NOINTERFACE.
4891.663:0138:0194:warn:vkd3d-proton:d3d12_device_QueryInterface: {0742a90b-c387-483f-b946-30a7e4e61458} not implemented, returning E_NOINTERFACE.
4891.703:0138:0198:warn:vkd3d-proton:d3d12_device_QueryInterface: {0742a90b-c387-483f-b946-30a7e4e61458} not implemented, returning E_NOINTERFACE.
4891.739:0138:019c:warn:vkd3d-proton:d3d12_device_QueryInterface: {0742a90b-c387-483f-b946-30a7e4e61458} not implemented, returning E_NOINTERFACE.
4891.776:0138:0198:warn:vkd3d-proton:d3d12_device_QueryInterface: {0742a90b-c387-483f-b946-30a7e4e61458} not implemented, returning E_NOINTERFACE.
4891.813:0138:01a0:warn:vkd3d-proton:d3d12_device_QueryInterface: {0742a90b-c387-483f-b946-30a7e4e61458} not implemented, returning E_NOINTERFACE.
4891.854:0138:0194:warn:vkd3d-proton:d3d12_device_QueryInterface: {0742a90b-c387-483f-b946-30a7e4e61458} not implemented, returning E_NOINTERFACE.
4891.893:0138:0198:warn:vkd3d-proton:d3d12_device_QueryInterface: {0742a90b-c387-483f-b946-30a7e4e61458} not implemented, returning E_NOINTERFACE.
4891.933:0138:01a0:warn:vkd3d-proton:d3d12_device_QueryInterface: {0742a90b-c387-483f-b946-30a7e4e61458} not implemented, returning E_NOINTERFACE.
4891.938:0138:01a0:warn:vkd3d-proton:d3d12_device_QueryInterface: {0742a90b-c387-483f-b946-30a7e4e61458} not implemented, returning E_NOINTERFACE.
4891.955:0138:019c:warn:vkd3d-proton:d3d12_device_QueryInterface: {0742a90b-c387-483f-b946-30a7e4e61458} not implemented, returning E_NOINTERFACE.
4891.972:0138:019c:warn:vkd3d-proton:d3d12_device_QueryInterface: {0742a90b-c387-483f-b946-30a7e4e61458} not implemented, returning E_NOINTERFACE.
4892.010:0138:01a0:warn:vkd3d-proton:d3d12_device_QueryInterface: {0742a90b-c387-483f-b946-30a7e4e61458} not implemented, returning E_NOINTERFACE.
4892.047:0138:019c:warn:vkd3d-proton:d3d12_device_QueryInterface: {0742a90b-c387-483f-b946-30a7e4e61458} not implemented, returning E_NOINTERFACE.
4892.083:0138:0198:warn:vkd3d-proton:d3d12_device_QueryInterface: {0742a90b-c387-483f-b946-30a7e4e61458} not implemented, returning E_NOINTERFACE.
4892.119:0138:0194:warn:vkd3d-proton:d3d12_device_QueryInterface: {0742a90b-c387-483f-b946-30a7e4e61458} not implemented, returning E_NOINTERFACE.
4892.156:0138:019c:warn:vkd3d-proton:d3d12_device_QueryInterface: {0742a90b-c387-483f-b946-30a7e4e61458} not implemented, returning E_NOINTERFACE.
4892.194:0138:0198:warn:vkd3d-proton:d3d12_device_QueryInterface: {0742a90b-c387-483f-b946-30a7e4e61458} not implemented, returning E_NOINTERFACE.
4892.230:0138:0194:warn:vkd3d-proton:d3d12_device_QueryInterface: {0742a90b-c387-483f-b946-30a7e4e61458} not implemented, returning E_NOINTERFACE.
4892.268:0138:01a0:warn:vkd3d-proton:d3d12_device_QueryInterface: {0742a90b-c387-483f-b946-30a7e4e61458} not implemented, returning E_NOINTERFACE.
4892.303:0138:0198:warn:vkd3d-proton:d3d12_device_QueryInterface: {0742a90b-c387-483f-b946-30a7e4e61458} not implemented, returning E_NOINTERFACE.
4892.343:0138:0194:warn:vkd3d-proton:d3d12_device_QueryInterface: {0742a90b-c387-483f-b946-30a7e4e61458} not implemented, returning E_NOINTERFACE.
4892.377:0138:01a0:warn:vkd3d-proton:d3d12_device_QueryInterface: {0742a90b-c387-483f-b946-30a7e4e61458} not implemented, returning E_NOINTERFACE.
4892.410:0138:0198:warn:vkd3d-proton:d3d12_device_QueryInterface: {0742a90b-c387-483f-b946-30a7e4e61458} not implemented, returning E_NOINTERFACE.
4892.444:0138:019c:warn:vkd3d-proton:d3d12_device_QueryInterface: {0742a90b-c387-483f-b946-30a7e4e61458} not implemented, returning E_NOINTERFACE.
4892.476:0138:0194:warn:vkd3d-proton:d3d12_device_QueryInterface: {0742a90b-c387-483f-b946-30a7e4e61458} not implemented, returning E_NOINTERFACE.
4892.509:0138:0198:warn:vkd3d-proton:d3d12_device_QueryInterface: {0742a90b-c387-483f-b946-30a7e4e61458} not implemented, returning E_NOINTERFACE.
4892.540:0138:01a0:warn:vkd3d-proton:d3d12_device_QueryInterface: {0742a90b-c387-483f-b946-30a7e4e61458} not implemented, returning E_NOINTERFACE.
4892.580:0138:0194:warn:vkd3d-proton:d3d12_device_QueryInterface: {0742a90b-c387-483f-b946-30a7e4e61458} not implemented, returning E_NOINTERFACE.
4892.610:0138:019c:warn:vkd3d-proton:d3d12_device_QueryInterface: {0742a90b-c387-483f-b946-30a7e4e61458} not implemented, returning E_NOINTERFACE.
4892.642:0138:0194:warn:vkd3d-proton:d3d12_device_QueryInterface: {0742a90b-c387-483f-b946-30a7e4e61458} not implemented, returning E_NOINTERFACE.
4892.674:0138:01a0:warn:vkd3d-proton:d3d12_device_QueryInterface: {0742a90b-c387-483f-b946-30a7e4e61458} not implemented, returning E_NOINTERFACE.
4892.709:0138:019c:warn:vkd3d-proton:d3d12_device_QueryInterface: {0742a90b-c387-483f-b946-30a7e4e61458} not implemented, returning E_NOINTERFACE.
4892.741:0138:0194:warn:vkd3d-proton:d3d12_device_QueryInterface: {0742a90b-c387-483f-b946-30a7e4e61458} not implemented, returning E_NOINTERFACE.
4892.773:0138:0198:warn:vkd3d-proton:d3d12_device_QueryInterface: {0742a90b-c387-483f-b946-30a7e4e61458} not implemented, returning E_NOINTERFACE.
4892.811:0138:01a0:warn:vkd3d-proton:d3d12_device_QueryInterface: {0742a90b-c387-483f-b946-30a7e4e61458} not implemented, returning E_NOINTERFACE.
4892.846:0138:0198:warn:vkd3d-proton:d3d12_device_QueryInterface: {0742a90b-c387-483f-b946-30a7e4e61458} not implemented, returning E_NOINTERFACE.
4892.876:0138:019c:warn:vkd3d-proton:d3d12_device_QueryInterface: {0742a90b-c387-483f-b946-30a7e4e61458} not implemented, returning E_NOINTERFACE.
4892.910:0138:01a0:warn:vkd3d-proton:d3d12_device_QueryInterface: {0742a90b-c387-483f-b946-30a7e4e61458} not implemented, returning E_NOINTERFACE.
4892.947:0138:019c:warn:vkd3d-proton:d3d12_device_QueryInterface: {0742a90b-c387-483f-b946-30a7e4e61458} not implemented, returning E_NOINTERFACE.
4892.985:0138:01a0:warn:vkd3d-proton:d3d12_device_QueryInterface: {0742a90b-c387-483f-b946-30a7e4e61458} not implemented, returning E_NOINTERFACE.
4893.019:0138:019c:warn:vkd3d-proton:d3d12_device_QueryInterface: {0742a90b-c387-483f-b946-30a7e4e61458} not implemented, returning E_NOINTERFACE.
4893.057:0138:01a0:warn:vkd3d-proton:d3d12_device_QueryInterface: {0742a90b-c387-483f-b946-30a7e4e61458} not implemented, returning E_NOINTERFACE.
4893.095:0138:0198:warn:vkd3d-proton:d3d12_device_QueryInterface: {0742a90b-c387-483f-b946-30a7e4e61458} not implemented, returning E_NOINTERFACE.
4893.133:0138:0194:warn:vkd3d-proton:d3d12_device_QueryInterface: {0742a90b-c387-483f-b946-30a7e4e61458} not implemented, returning E_NOINTERFACE.
4893.171:0138:0198:warn:vkd3d-proton:d3d12_device_QueryInterface: {0742a90b-c387-483f-b946-30a7e4e61458} not implemented, returning E_NOINTERFACE.
4893.206:0138:019c:warn:vkd3d-proton:d3d12_device_QueryInterface: {0742a90b-c387-483f-b946-30a7e4e61458} not implemented, returning E_NOINTERFACE.
4893.235:0138:0194:warn:vkd3d-proton:d3d12_device_QueryInterface: {0742a90b-c387-483f-b946-30a7e4e61458} not implemented, returning E_NOINTERFACE.
4893.269:0138:01a0:warn:vkd3d-proton:d3d12_device_QueryInterface: {0742a90b-c387-483f-b946-30a7e4e61458} not implemented, returning E_NOINTERFACE.
4893.308:0138:019c:warn:vkd3d-proton:d3d12_device_QueryInterface: {0742a90b-c387-483f-b946-30a7e4e61458} not implemented, returning E_NOINTERFACE.
4893.344:0138:0194:warn:vkd3d-proton:d3d12_device_QueryInterface: {0742a90b-c387-483f-b946-30a7e4e61458} not implemented, returning E_NOINTERFACE.
4893.383:0138:0198:warn:vkd3d-proton:d3d12_device_QueryInterface: {0742a90b-c387-483f-b946-30a7e4e61458} not implemented, returning E_NOINTERFACE.
4893.420:0138:0194:warn:vkd3d-proton:d3d12_device_QueryInterface: {0742a90b-c387-483f-b946-30a7e4e61458} not implemented, returning E_NOINTERFACE.
4893.456:0138:01a0:warn:vkd3d-proton:d3d12_device_QueryInterface: {0742a90b-c387-483f-b946-30a7e4e61458} not implemented, returning E_NOINTERFACE.
4893.493:0138:019c:warn:vkd3d-proton:d3d12_device_QueryInterface: {0742a90b-c387-483f-b946-30a7e4e61458} not implemented, returning E_NOINTERFACE.
4893.531:0138:01a0:warn:vkd3d-proton:d3d12_device_QueryInterface: {0742a90b-c387-483f-b946-30a7e4e61458} not implemented, returning E_NOINTERFACE.
4893.569:0138:0194:warn:vkd3d-proton:d3d12_device_QueryInterface: {0742a90b-c387-483f-b946-30a7e4e61458} not implemented, returning E_NOINTERFACE.
4893.605:0138:01a0:warn:vkd3d-proton:d3d12_device_QueryInterface: {0742a90b-c387-483f-b946-30a7e4e61458} not implemented, returning E_NOINTERFACE.
4893.643:0138:0198:warn:vkd3d-proton:d3d12_device_QueryInterface: {0742a90b-c387-483f-b946-30a7e4e61458} not implemented, returning E_NOINTERFACE.
4893.678:0138:0194:warn:vkd3d-proton:d3d12_device_QueryInterface: {0742a90b-c387-483f-b946-30a7e4e61458} not implemented, returning E_NOINTERFACE.
4893.710:0138:0198:warn:vkd3d-proton:d3d12_device_QueryInterface: {0742a90b-c387-483f-b946-30a7e4e61458} not implemented, returning E_NOINTERFACE.
4893.742:0138:0194:warn:vkd3d-proton:d3d12_device_QueryInterface: {0742a90b-c387-483f-b946-30a7e4e61458} not implemented, returning E_NOINTERFACE.
4893.774:0138:01a0:warn:vkd3d-proton:d3d12_device_QueryInterface: {0742a90b-c387-483f-b946-30a7e4e61458} not implemented, returning E_NOINTERFACE.
4893.811:0138:019c:warn:vkd3d-proton:d3d12_device_QueryInterface: {0742a90b-c387-483f-b946-30a7e4e61458} not implemented, returning E_NOINTERFACE.
4893.842:0138:0198:warn:vkd3d-proton:d3d12_device_QueryInterface: {0742a90b-c387-483f-b946-30a7e4e61458} not implemented, returning E_NOINTERFACE.
4893.876:0138:0194:warn:vkd3d-proton:d3d12_device_QueryInterface: {0742a90b-c387-483f-b946-30a7e4e61458} not implemented, returning E_NOINTERFACE.
4893.909:0138:0198:warn:vkd3d-proton:d3d12_device_QueryInterface: {0742a90b-c387-483f-b946-30a7e4e61458} not implemented, returning E_NOINTERFACE.
4893.941:0138:01a0:warn:vkd3d-proton:d3d12_device_QueryInterface: {0742a90b-c387-483f-b946-30a7e4e61458} not implemented, returning E_NOINTERFACE.
4893.980:0138:0194:warn:vkd3d-proton:d3d12_device_QueryInterface: {0742a90b-c387-483f-b946-30a7e4e61458} not implemented, returning E_NOINTERFACE.
4894.015:0138:0198:warn:vkd3d-proton:d3d12_device_QueryInterface: {0742a90b-c387-483f-b946-30a7e4e61458} not implemented, returning E_NOINTERFACE.
4894.057:0138:019c:warn:vkd3d-proton:d3d12_device_QueryInterface: {0742a90b-c387-483f-b946-30a7e4e61458} not implemented, returning E_NOINTERFACE.
4894.097:0138:01a0:warn:vkd3d-proton:d3d12_device_QueryInterface: {0742a90b-c387-483f-b946-30a7e4e61458} not implemented, returning E_NOINTERFACE.
4894.129:0138:019c:warn:vkd3d-proton:d3d12_device_QueryInterface: {0742a90b-c387-483f-b946-30a7e4e61458} not implemented, returning E_NOINTERFACE.
4894.166:0138:0198:warn:vkd3d-proton:d3d12_device_QueryInterface: {0742a90b-c387-483f-b946-30a7e4e61458} not implemented, returning E_NOINTERFACE.
4894.171:0138:019c:warn:vkd3d-proton:d3d12_device_QueryInterface: {0742a90b-c387-483f-b946-30a7e4e61458} not implemented, returning E_NOINTERFACE.
4894.190:0138:0198:warn:vkd3d-proton:d3d12_device_QueryInterface: {0742a90b-c387-483f-b946-30a7e4e61458} not implemented, returning E_NOINTERFACE.
4894.208:0138:0198:warn:vkd3d-proton:d3d12_device_QueryInterface: {0742a90b-c387-483f-b946-30a7e4e61458} not implemented, returning E_NOINTERFACE.
4894.239:0138:0194:warn:vkd3d-proton:d3d12_device_QueryInterface: {0742a90b-c387-483f-b946-30a7e4e61458} not implemented, returning E_NOINTERFACE.
4894.270:0138:019c:warn:vkd3d-proton:d3d12_device_QueryInterface: {0742a90b-c387-483f-b946-30a7e4e61458} not implemented, returning E_NOINTERFACE.
4894.303:0138:0194:warn:vkd3d-proton:d3d12_device_QueryInterface: {0742a90b-c387-483f-b946-30a7e4e61458} not implemented, returning E_NOINTERFACE.
4894.338:0138:01a0:warn:vkd3d-proton:d3d12_device_QueryInterface: {0742a90b-c387-483f-b946-30a7e4e61458} not implemented, returning E_NOINTERFACE.
4894.374:0138:0194:warn:vkd3d-proton:d3d12_device_QueryInterface: {0742a90b-c387-483f-b946-30a7e4e61458} not implemented, returning E_NOINTERFACE.
4894.408:0138:019c:warn:vkd3d-proton:d3d12_device_QueryInterface: {0742a90b-c387-483f-b946-30a7e4e61458} not implemented, returning E_NOINTERFACE.
4894.449:0138:0194:warn:vkd3d-proton:d3d12_device_QueryInterface: {0742a90b-c387-483f-b946-30a7e4e61458} not implemented, returning E_NOINTERFACE.
4894.483:0138:0198:warn:vkd3d-proton:d3d12_device_QueryInterface: {0742a90b-c387-483f-b946-30a7e4e61458} not implemented, returning E_NOINTERFACE.
4894.523:0138:0194:warn:vkd3d-proton:d3d12_device_QueryInterface: {0742a90b-c387-483f-b946-30a7e4e61458} not implemented, returning E_NOINTERFACE.
4894.560:0138:0198:warn:vkd3d-proton:d3d12_device_QueryInterface: {0742a90b-c387-483f-b946-30a7e4e61458} not implemented, returning E_NOINTERFACE.
4894.599:0138:0194:warn:vkd3d-proton:d3d12_device_QueryInterface: {0742a90b-c387-483f-b946-30a7e4e61458} not implemented, returning E_NOINTERFACE.
4894.634:0138:01a0:warn:vkd3d-proton:d3d12_device_QueryInterface: {0742a90b-c387-483f-b946-30a7e4e61458} not implemented, returning E_NOINTERFACE.
4894.671:0138:0194:warn:vkd3d-proton:d3d12_device_QueryInterface: {0742a90b-c387-483f-b946-30a7e4e61458} not implemented, returning E_NOINTERFACE.
4894.709:0138:019c:warn:vkd3d-proton:d3d12_device_QueryInterface: {0742a90b-c387-483f-b946-30a7e4e61458} not implemented, returning E_NOINTERFACE.
4894.745:0138:01a0:warn:vkd3d-proton:d3d12_device_QueryInterface: {0742a90b-c387-483f-b946-30a7e4e61458} not implemented, returning E_NOINTERFACE.
4894.780:0138:019c:warn:vkd3d-proton:d3d12_device_QueryInterface: {0742a90b-c387-483f-b946-30a7e4e61458} not implemented, returning E_NOINTERFACE.
4894.818:0138:0198:warn:vkd3d-proton:d3d12_device_QueryInterface: {0742a90b-c387-483f-b946-30a7e4e61458} not implemented, returning E_NOINTERFACE.
4894.854:0138:019c:warn:vkd3d-proton:d3d12_device_QueryInterface: {0742a90b-c387-483f-b946-30a7e4e61458} not implemented, returning E_NOINTERFACE.
4894.891:0138:0198:warn:vkd3d-proton:d3d12_device_QueryInterface: {0742a90b-c387-483f-b946-30a7e4e61458} not implemented, returning E_NOINTERFACE.
4894.929:0138:0198:warn:vkd3d-proton:d3d12_device_QueryInterface: {0742a90b-c387-483f-b946-30a7e4e61458} not implemented, returning E_NOINTERFACE.
4894.967:0138:0194:warn:vkd3d-proton:d3d12_device_QueryInterface: {0742a90b-c387-483f-b946-30a7e4e61458} not implemented, returning E_NOINTERFACE.
4895.001:0138:0198:warn:vkd3d-proton:d3d12_device_QueryInterface: {0742a90b-c387-483f-b946-30a7e4e61458} not implemented, returning E_NOINTERFACE.
4895.034:0138:0194:warn:vkd3d-proton:d3d12_device_QueryInterface: {0742a90b-c387-483f-b946-30a7e4e61458} not implemented, returning E_NOINTERFACE.
4895.067:0138:01a0:warn:vkd3d-proton:d3d12_device_QueryInterface: {0742a90b-c387-483f-b946-30a7e4e61458} not implemented, returning E_NOINTERFACE.
4895.102:0138:0194:warn:vkd3d-proton:d3d12_device_QueryInterface: {0742a90b-c387-483f-b946-30a7e4e61458} not implemented, returning E_NOINTERFACE.
4895.142:0138:0198:warn:vkd3d-proton:d3d12_device_QueryInterface: {0742a90b-c387-483f-b946-30a7e4e61458} not implemented, returning E_NOINTERFACE.
4895.180:0138:0194:warn:vkd3d-proton:d3d12_device_QueryInterface: {0742a90b-c387-483f-b946-30a7e4e61458} not implemented, returning E_NOINTERFACE.
4895.216:0138:019c:warn:vkd3d-proton:d3d12_device_QueryInterface: {0742a90b-c387-483f-b946-30a7e4e61458} not implemented, returning E_NOINTERFACE.
4895.249:0138:0198:warn:vkd3d-proton:d3d12_device_QueryInterface: {0742a90b-c387-483f-b946-30a7e4e61458} not implemented, returning E_NOINTERFACE.
4895.282:0138:0194:warn:vkd3d-proton:d3d12_device_QueryInterface: {0742a90b-c387-483f-b946-30a7e4e61458} not implemented, returning E_NOINTERFACE.
4895.320:0138:019c:warn:vkd3d-proton:d3d12_device_QueryInterface: {0742a90b-c387-483f-b946-30a7e4e61458} not implemented, returning E_NOINTERFACE.
4895.360:0138:01a0:warn:vkd3d-proton:d3d12_device_QueryInterface: {0742a90b-c387-483f-b946-30a7e4e61458} not implemented, returning E_NOINTERFACE.
4895.393:0138:0194:warn:vkd3d-proton:d3d12_device_QueryInterface: {0742a90b-c387-483f-b946-30a7e4e61458} not implemented, returning E_NOINTERFACE.
4895.425:0138:019c:warn:vkd3d-proton:d3d12_device_QueryInterface: {0742a90b-c387-483f-b946-30a7e4e61458} not implemented, returning E_NOINTERFACE.
4895.467:0138:0198:warn:vkd3d-proton:d3d12_device_QueryInterface: {0742a90b-c387-483f-b946-30a7e4e61458} not implemented, returning E_NOINTERFACE.
4895.505:0138:019c:warn:vkd3d-proton:d3d12_device_QueryInterface: {0742a90b-c387-483f-b946-30a7e4e61458} not implemented, returning E_NOINTERFACE.
4895.536:0138:0194:warn:vkd3d-proton:d3d12_device_QueryInterface: {0742a90b-c387-483f-b946-30a7e4e61458} not implemented, returning E_NOINTERFACE.
4895.572:0138:0194:warn:vkd3d-proton:d3d12_device_QueryInterface: {0742a90b-c387-483f-b946-30a7e4e61458} not implemented, returning E_NOINTERFACE.
4895.610:0138:019c:warn:vkd3d-proton:d3d12_device_QueryInterface: {0742a90b-c387-483f-b946-30a7e4e61458} not implemented, returning E_NOINTERFACE.
4895.647:0138:01a0:warn:vkd3d-proton:d3d12_device_QueryInterface: {0742a90b-c387-483f-b946-30a7e4e61458} not implemented, returning E_NOINTERFACE.
4895.685:0138:0198:warn:vkd3d-proton:d3d12_device_QueryInterface: {0742a90b-c387-483f-b946-30a7e4e61458} not implemented, returning E_NOINTERFACE.
4895.720:0138:019c:warn:vkd3d-proton:d3d12_device_QueryInterface: {0742a90b-c387-483f-b946-30a7e4e61458} not implemented, returning E_NOINTERFACE.
4895.754:0138:01a0:warn:vkd3d-proton:d3d12_device_QueryInterface: {0742a90b-c387-483f-b946-30a7e4e61458} not implemented, returning E_NOINTERFACE.
4895.786:0138:0198:warn:vkd3d-proton:d3d12_device_QueryInterface: {0742a90b-c387-483f-b946-30a7e4e61458} not implemented, returning E_NOINTERFACE.
4895.826:0138:0194:warn:vkd3d-proton:d3d12_device_QueryInterface: {0742a90b-c387-483f-b946-30a7e4e61458} not implemented, returning E_NOINTERFACE.
4895.861:0138:01a0:warn:vkd3d-proton:d3d12_device_QueryInterface: {0742a90b-c387-483f-b946-30a7e4e61458} not implemented, returning E_NOINTERFACE.
4895.901:0138:019c:warn:vkd3d-proton:d3d12_device_QueryInterface: {0742a90b-c387-483f-b946-30a7e4e61458} not implemented, returning E_NOINTERFACE.
4895.938:0138:0198:warn:vkd3d-proton:d3d12_device_QueryInterface: {0742a90b-c387-483f-b946-30a7e4e61458} not implemented, returning E_NOINTERFACE.
4895.941:0138:0198:warn:vkd3d-proton:d3d12_device_QueryInterface: {0742a90b-c387-483f-b946-30a7e4e61458} not implemented, returning E_NOINTERFACE.
4895.958:0138:0194:warn:vkd3d-proton:d3d12_device_QueryInterface: {0742a90b-c387-483f-b946-30a7e4e61458} not implemented, returning E_NOINTERFACE.
4895.975:0138:0194:warn:vkd3d-proton:d3d12_device_QueryInterface: {0742a90b-c387-483f-b946-30a7e4e61458} not implemented, returning E_NOINTERFACE.
4896.008:0138:0198:warn:vkd3d-proton:d3d12_device_QueryInterface: {0742a90b-c387-483f-b946-30a7e4e61458} not implemented, returning E_NOINTERFACE.
4896.048:0138:01a0:warn:vkd3d-proton:d3d12_device_QueryInterface: {0742a90b-c387-483f-b946-30a7e4e61458} not implemented, returning E_NOINTERFACE.
4896.084:0138:0194:warn:vkd3d-proton:d3d12_device_QueryInterface: {0742a90b-c387-483f-b946-30a7e4e61458} not implemented, returning E_NOINTERFACE.
4896.122:0138:019c:warn:vkd3d-proton:d3d12_device_QueryInterface: {0742a90b-c387-483f-b946-30a7e4e61458} not implemented, returning E_NOINTERFACE.
4896.155:0138:01a0:warn:vkd3d-proton:d3d12_device_QueryInterface: {0742a90b-c387-483f-b946-30a7e4e61458} not implemented, returning E_NOINTERFACE.
4896.191:0138:0194:warn:vkd3d-proton:d3d12_device_QueryInterface: {0742a90b-c387-483f-b946-30a7e4e61458} not implemented, returning E_NOINTERFACE.
4896.227:0138:01a0:warn:vkd3d-proton:d3d12_device_QueryInterface: {0742a90b-c387-483f-b946-30a7e4e61458} not implemented, returning E_NOINTERFACE.
4896.263:0138:0194:warn:vkd3d-proton:d3d12_device_QueryInterface: {0742a90b-c387-483f-b946-30a7e4e61458} not implemented, returning E_NOINTERFACE.
4896.304:0138:01a0:warn:vkd3d-proton:d3d12_device_QueryInterface: {0742a90b-c387-483f-b946-30a7e4e61458} not implemented, returning E_NOINTERFACE.
4896.337:0138:0198:warn:vkd3d-proton:d3d12_device_QueryInterface: {0742a90b-c387-483f-b946-30a7e4e61458} not implemented, returning E_NOINTERFACE.
4896.368:0138:01a0:warn:vkd3d-proton:d3d12_device_QueryInterface: {0742a90b-c387-483f-b946-30a7e4e61458} not implemented, returning E_NOINTERFACE.
4896.408:0138:0198:warn:vkd3d-proton:d3d12_device_QueryInterface: {0742a90b-c387-483f-b946-30a7e4e61458} not implemented, returning E_NOINTERFACE.
4896.442:0138:019c:warn:vkd3d-proton:d3d12_device_QueryInterface: {0742a90b-c387-483f-b946-30a7e4e61458} not implemented, returning E_NOINTERFACE.
4896.476:0138:01a0:warn:vkd3d-proton:d3d12_device_QueryInterface: {0742a90b-c387-483f-b946-30a7e4e61458} not implemented, returning E_NOINTERFACE.
4896.508:0138:019c:warn:vkd3d-proton:d3d12_device_QueryInterface: {0742a90b-c387-483f-b946-30a7e4e61458} not implemented, returning E_NOINTERFACE.
4896.548:0138:01a0:warn:vkd3d-proton:d3d12_device_QueryInterface: {0742a90b-c387-483f-b946-30a7e4e61458} not implemented, returning E_NOINTERFACE.
4896.584:0138:0194:warn:vkd3d-proton:d3d12_device_QueryInterface: {0742a90b-c387-483f-b946-30a7e4e61458} not implemented, returning E_NOINTERFACE.
4896.618:0138:01a0:warn:vkd3d-proton:d3d12_device_QueryInterface: {0742a90b-c387-483f-b946-30a7e4e61458} not implemented, returning E_NOINTERFACE.
4896.650:0138:0194:warn:vkd3d-proton:d3d12_device_QueryInterface: {0742a90b-c387-483f-b946-30a7e4e61458} not implemented, returning E_NOINTERFACE.
4896.685:0138:019c:warn:vkd3d-proton:d3d12_device_QueryInterface: {0742a90b-c387-483f-b946-30a7e4e61458} not implemented, returning E_NOINTERFACE.
4896.724:0138:019c:warn:vkd3d-proton:d3d12_device_QueryInterface: {0742a90b-c387-483f-b946-30a7e4e61458} not implemented, returning E_NOINTERFACE.
4896.759:0138:01a0:warn:vkd3d-proton:d3d12_device_QueryInterface: {0742a90b-c387-483f-b946-30a7e4e61458} not implemented, returning E_NOINTERFACE.
4896.793:0138:019c:warn:vkd3d-proton:d3d12_device_QueryInterface: {0742a90b-c387-483f-b946-30a7e4e61458} not implemented, returning E_NOINTERFACE.
4896.827:0138:0198:warn:vkd3d-proton:d3d12_device_QueryInterface: {0742a90b-c387-483f-b946-30a7e4e61458} not implemented, returning E_NOINTERFACE.
4896.861:0138:0194:warn:vkd3d-proton:d3d12_device_QueryInterface: {0742a90b-c387-483f-b946-30a7e4e61458} not implemented, returning E_NOINTERFACE.
4896.896:0138:019c:warn:vkd3d-proton:d3d12_device_QueryInterface: {0742a90b-c387-483f-b946-30a7e4e61458} not implemented, returning E_NOINTERFACE.
4896.931:0138:0198:warn:vkd3d-proton:d3d12_device_QueryInterface: {0742a90b-c387-483f-b946-30a7e4e61458} not implemented, returning E_NOINTERFACE.
4896.970:0138:01a0:warn:vkd3d-proton:d3d12_device_QueryInterface: {0742a90b-c387-483f-b946-30a7e4e61458} not implemented, returning E_NOINTERFACE.
4897.004:0138:0198:warn:vkd3d-proton:d3d12_device_QueryInterface: {0742a90b-c387-483f-b946-30a7e4e61458} not implemented, returning E_NOINTERFACE.
4897.042:0138:0194:warn:vkd3d-proton:d3d12_device_QueryInterface: {0742a90b-c387-483f-b946-30a7e4e61458} not implemented, returning E_NOINTERFACE.
4897.075:0138:01a0:warn:vkd3d-proton:d3d12_device_QueryInterface: {0742a90b-c387-483f-b946-30a7e4e61458} not implemented, returning E_NOINTERFACE.
4897.115:0138:0198:warn:vkd3d-proton:d3d12_device_QueryInterface: {0742a90b-c387-483f-b946-30a7e4e61458} not implemented, returning E_NOINTERFACE.
4897.148:0138:0194:warn:vkd3d-proton:d3d12_device_QueryInterface: {0742a90b-c387-483f-b946-30a7e4e61458} not implemented, returning E_NOINTERFACE.
4897.186:0138:0198:warn:vkd3d-proton:d3d12_device_QueryInterface: {0742a90b-c387-483f-b946-30a7e4e61458} not implemented, returning E_NOINTERFACE.
4897.219:0138:01a0:warn:vkd3d-proton:d3d12_device_QueryInterface: {0742a90b-c387-483f-b946-30a7e4e61458} not implemented, returning E_NOINTERFACE.
4897.253:0138:019c:warn:vkd3d-proton:d3d12_device_QueryInterface: {0742a90b-c387-483f-b946-30a7e4e61458} not implemented, returning E_NOINTERFACE.
4897.287:0138:0194:warn:vkd3d-proton:d3d12_device_QueryInterface: {0742a90b-c387-483f-b946-30a7e4e61458} not implemented, returning E_NOINTERFACE.
4897.319:0138:019c:warn:vkd3d-proton:d3d12_device_QueryInterface: {0742a90b-c387-483f-b946-30a7e4e61458} not implemented, returning E_NOINTERFACE.
4897.360:0138:0198:warn:vkd3d-proton:d3d12_device_QueryInterface: {0742a90b-c387-483f-b946-30a7e4e61458} not implemented, returning E_NOINTERFACE.
4897.418:0138:0198:warn:vkd3d-proton:d3d12_device_QueryInterface: {0742a90b-c387-483f-b946-30a7e4e61458} not implemented, returning E_NOINTERFACE.
4897.458:0138:01a0:warn:vkd3d-proton:d3d12_device_QueryInterface: {0742a90b-c387-483f-b946-30a7e4e61458} not implemented, returning E_NOINTERFACE.
4897.477:0138:0194:warn:vkd3d-proton:d3d12_device_QueryInterface: {0742a90b-c387-483f-b946-30a7e4e61458} not implemented, returning E_NOINTERFACE.
4897.548:0138:01a0:warn:vkd3d-proton:d3d12_device_QueryInterface: {0742a90b-c387-483f-b946-30a7e4e61458} not implemented, returning E_NOINTERFACE.
4897.580:0138:0194:warn:vkd3d-proton:d3d12_device_QueryInterface: {0742a90b-c387-483f-b946-30a7e4e61458} not implemented, returning E_NOINTERFACE.
4897.608:0138:0198:warn:vkd3d-proton:d3d12_device_QueryInterface: {0742a90b-c387-483f-b946-30a7e4e61458} not implemented, returning E_NOINTERFACE.
4897.617:0138:0198:warn:vkd3d-proton:d3d12_device_QueryInterface: {0742a90b-c387-483f-b946-30a7e4e61458} not implemented, returning E_NOINTERFACE.
4897.625:0138:0198:warn:vkd3d-proton:d3d12_device_QueryInterface: {0742a90b-c387-483f-b946-30a7e4e61458} not implemented, returning E_NOINTERFACE.
4897.643:0138:0198:warn:vkd3d-proton:d3d12_device_QueryInterface: {0742a90b-c387-483f-b946-30a7e4e61458} not implemented, returning E_NOINTERFACE.
4897.716:0138:0194:warn:vkd3d-proton:d3d12_device_QueryInterface: {0742a90b-c387-483f-b946-30a7e4e61458} not implemented, returning E_NOINTERFACE.
4897.757:0138:0198:warn:vkd3d-proton:d3d12_device_QueryInterface: {0742a90b-c387-483f-b946-30a7e4e61458} not implemented, returning E_NOINTERFACE.
4897.804:0138:01a0:warn:vkd3d-proton:d3d12_device_QueryInterface: {0742a90b-c387-483f-b946-30a7e4e61458} not implemented, returning E_NOINTERFACE.
4897.845:0138:0198:warn:vkd3d-proton:d3d12_device_QueryInterface: {0742a90b-c387-483f-b946-30a7e4e61458} not implemented, returning E_NOINTERFACE.
4897.887:0138:0194:warn:vkd3d-proton:d3d12_device_QueryInterface: {0742a90b-c387-483f-b946-30a7e4e61458} not implemented, returning E_NOINTERFACE.
4897.929:0138:0194:warn:vkd3d-proton:d3d12_device_QueryInterface: {0742a90b-c387-483f-b946-30a7e4e61458} not implemented, returning E_NOINTERFACE.
4898.062:0138:019c:warn:vkd3d-proton:d3d12_device_QueryInterface: {0742a90b-c387-483f-b946-30a7e4e61458} not implemented, returning E_NOINTERFACE.
4898.118:0138:019c:warn:vkd3d-proton:d3d12_device_QueryInterface: {0742a90b-c387-483f-b946-30a7e4e61458} not implemented, returning E_NOINTERFACE.
4898.123:0138:019c:warn:vkd3d-proton:d3d12_device_QueryInterface: {0742a90b-c387-483f-b946-30a7e4e61458} not implemented, returning E_NOINTERFACE.
4898.149:0138:019c:warn:vkd3d-proton:d3d12_device_QueryInterface: {0742a90b-c387-483f-b946-30a7e4e61458} not implemented, returning E_NOINTERFACE.
4898.290:0138:019c:warn:vkd3d-proton:d3d12_device_QueryInterface: {0742a90b-c387-483f-b946-30a7e4e61458} not implemented, returning E_NOINTERFACE.
4898.425:0138:019c:warn:vkd3d-proton:d3d12_device_QueryInterface: {0742a90b-c387-483f-b946-30a7e4e61458} not implemented, returning E_NOINTERFACE.
4898.558:0138:01a0:warn:vkd3d-proton:d3d12_device_QueryInterface: {0742a90b-c387-483f-b946-30a7e4e61458} not implemented, returning E_NOINTERFACE.
4898.569:0138:01a0:warn:vkd3d-proton:d3d12_device_QueryInterface: {0742a90b-c387-483f-b946-30a7e4e61458} not implemented, returning E_NOINTERFACE.
4898.579:0138:01a0:warn:vkd3d-proton:d3d12_device_QueryInterface: {0742a90b-c387-483f-b946-30a7e4e61458} not implemented, returning E_NOINTERFACE.
4898.711:0138:0194:warn:vkd3d-proton:d3d12_device_QueryInterface: {0742a90b-c387-483f-b946-30a7e4e61458} not implemented, returning E_NOINTERFACE.
4898.753:0138:019c:warn:vkd3d-proton:d3d12_device_QueryInterface: {0742a90b-c387-483f-b946-30a7e4e61458} not implemented, returning E_NOINTERFACE.
4898.786:0138:0194:warn:vkd3d-proton:d3d12_device_QueryInterface: {0742a90b-c387-483f-b946-30a7e4e61458} not implemented, returning E_NOINTERFACE.
4898.903:0138:0194:warn:vkd3d-proton:d3d12_device_QueryInterface: {0742a90b-c387-483f-b946-30a7e4e61458} not implemented, returning E_NOINTERFACE.
4899.026:0138:01a0:warn:vkd3d-proton:d3d12_device_QueryInterface: {0742a90b-c387-483f-b946-30a7e4e61458} not implemented, returning E_NOINTERFACE.
4899.035:0138:01a0:warn:vkd3d-proton:d3d12_device_QueryInterface: {0742a90b-c387-483f-b946-30a7e4e61458} not implemented, returning E_NOINTERFACE.
4899.047:0138:01a0:warn:vkd3d-proton:d3d12_device_QueryInterface: {0742a90b-c387-483f-b946-30a7e4e61458} not implemented, returning E_NOINTERFACE.
4899.064:0138:01a0:warn:vkd3d-proton:d3d12_device_QueryInterface: {0742a90b-c387-483f-b946-30a7e4e61458} not implemented, returning E_NOINTERFACE.
4899.199:0138:0198:warn:vkd3d-proton:d3d12_device_QueryInterface: {0742a90b-c387-483f-b946-30a7e4e61458} not implemented, returning E_NOINTERFACE.
4899.326:0138:0194:warn:vkd3d-proton:d3d12_device_QueryInterface: {0742a90b-c387-483f-b946-30a7e4e61458} not implemented, returning E_NOINTERFACE.
4899.477:0138:0194:warn:vkd3d-proton:d3d12_device_QueryInterface: {0742a90b-c387-483f-b946-30a7e4e61458} not implemented, returning E_NOINTERFACE.
4899.488:0138:0194:warn:vkd3d-proton:d3d12_device_QueryInterface: {0742a90b-c387-483f-b946-30a7e4e61458} not implemented, returning E_NOINTERFACE.
4899.503:0138:0194:warn:vkd3d-proton:d3d12_device_QueryInterface: {0742a90b-c387-483f-b946-30a7e4e61458} not implemented, returning E_NOINTERFACE.
4899.533:0138:0194:warn:vkd3d-proton:d3d12_device_QueryInterface: {0742a90b-c387-483f-b946-30a7e4e61458} not implemented, returning E_NOINTERFACE.
4899.605:0138:0198:warn:vkd3d-proton:d3d12_device_QueryInterface: {0742a90b-c387-483f-b946-30a7e4e61458} not implemented, returning E_NOINTERFACE.
4899.674:0138:01a0:warn:vkd3d-proton:d3d12_device_QueryInterface: {0742a90b-c387-483f-b946-30a7e4e61458} not implemented, returning E_NOINTERFACE.
4899.705:0138:0194:warn:vkd3d-proton:d3d12_device_QueryInterface: {0742a90b-c387-483f-b946-30a7e4e61458} not implemented, returning E_NOINTERFACE.
4899.716:0138:0194:warn:vkd3d-proton:d3d12_device_QueryInterface: {0742a90b-c387-483f-b946-30a7e4e61458} not implemented, returning E_NOINTERFACE.
4899.746:0138:0194:warn:vkd3d-proton:d3d12_device_QueryInterface: {0742a90b-c387-483f-b946-30a7e4e61458} not implemented, returning E_NOINTERFACE.
4899.782:0138:0194:warn:vkd3d-proton:d3d12_device_QueryInterface: {0742a90b-c387-483f-b946-30a7e4e61458} not implemented, returning E_NOINTERFACE.
4899.799:0138:0198:warn:vkd3d-proton:d3d12_device_QueryInterface: {0742a90b-c387-483f-b946-30a7e4e61458} not implemented, returning E_NOINTERFACE.
4899.828:0138:019c:warn:vkd3d-proton:d3d12_device_QueryInterface: {0742a90b-c387-483f-b946-30a7e4e61458} not implemented, returning E_NOINTERFACE.
4899.869:0138:01a0:warn:vkd3d-proton:d3d12_device_QueryInterface: {0742a90b-c387-483f-b946-30a7e4e61458} not implemented, returning E_NOINTERFACE.
4899.894:0138:0198:warn:vkd3d-proton:d3d12_device_QueryInterface: {0742a90b-c387-483f-b946-30a7e4e61458} not implemented, returning E_NOINTERFACE.
4899.927:0138:019c:warn:vkd3d-proton:d3d12_device_QueryInterface: {0742a90b-c387-483f-b946-30a7e4e61458} not implemented, returning E_NOINTERFACE.
4899.967:0138:0198:warn:vkd3d-proton:d3d12_device_QueryInterface: {0742a90b-c387-483f-b946-30a7e4e61458} not implemented, returning E_NOINTERFACE.
4900.029:0138:01a0:warn:vkd3d-proton:d3d12_device_QueryInterface: {0742a90b-c387-483f-b946-30a7e4e61458} not implemented, returning E_NOINTERFACE.
4900.073:0138:01a0:warn:vkd3d-proton:d3d12_device_QueryInterface: {0742a90b-c387-483f-b946-30a7e4e61458} not implemented, returning E_NOINTERFACE.
4900.177:0138:019c:warn:vkd3d-proton:d3d12_device_QueryInterface: {0742a90b-c387-483f-b946-30a7e4e61458} not implemented, returning E_NOINTERFACE.
4900.210:0138:0198:warn:vkd3d-proton:d3d12_device_QueryInterface: {0742a90b-c387-483f-b946-30a7e4e61458} not implemented, returning E_NOINTERFACE.
4900.308:0138:0198:warn:vkd3d-proton:d3d12_device_QueryInterface: {0742a90b-c387-483f-b946-30a7e4e61458} not implemented, returning E_NOINTERFACE.
4900.317:0138:0198:warn:vkd3d-proton:d3d12_device_QueryInterface: {0742a90b-c387-483f-b946-30a7e4e61458} not implemented, returning E_NOINTERFACE.
4900.365:0138:019c:warn:vkd3d-proton:d3d12_device_QueryInterface: {0742a90b-c387-483f-b946-30a7e4e61458} not implemented, returning E_NOINTERFACE.
4900.397:0138:019c:warn:vkd3d-proton:d3d12_device_QueryInterface: {0742a90b-c387-483f-b946-30a7e4e61458} not implemented, returning E_NOINTERFACE.
4900.423:0138:019c:warn:vkd3d-proton:d3d12_device_QueryInterface: {0742a90b-c387-483f-b946-30a7e4e61458} not implemented, returning E_NOINTERFACE.
4900.462:0138:0194:warn:vkd3d-proton:d3d12_device_QueryInterface: {0742a90b-c387-483f-b946-30a7e4e61458} not implemented, returning E_NOINTERFACE.
4900.506:0138:019c:warn:vkd3d-proton:d3d12_device_QueryInterface: {0742a90b-c387-483f-b946-30a7e4e61458} not implemented, returning E_NOINTERFACE.
4900.522:0138:0194:warn:vkd3d-proton:d3d12_device_QueryInterface: {0742a90b-c387-483f-b946-30a7e4e61458} not implemented, returning E_NOINTERFACE.
4900.568:0138:019c:warn:vkd3d-proton:d3d12_device_QueryInterface: {0742a90b-c387-483f-b946-30a7e4e61458} not implemented, returning E_NOINTERFACE.
4900.597:0138:0198:warn:vkd3d-proton:d3d12_device_QueryInterface: {0742a90b-c387-483f-b946-30a7e4e61458} not implemented, returning E_NOINTERFACE.
4900.623:0138:0198:warn:vkd3d-proton:d3d12_device_QueryInterface: {0742a90b-c387-483f-b946-30a7e4e61458} not implemented, returning E_NOINTERFACE.
4900.650:0138:019c:warn:vkd3d-proton:d3d12_device_QueryInterface: {0742a90b-c387-483f-b946-30a7e4e61458} not implemented, returning E_NOINTERFACE.
4900.697:0138:0194:warn:vkd3d-proton:d3d12_device_QueryInterface: {0742a90b-c387-483f-b946-30a7e4e61458} not implemented, returning E_NOINTERFACE.
4900.721:0138:019c:warn:vkd3d-proton:d3d12_device_QueryInterface: {0742a90b-c387-483f-b946-30a7e4e61458} not implemented, returning E_NOINTERFACE.
4900.796:0138:01a0:warn:vkd3d-proton:d3d12_device_QueryInterface: {0742a90b-c387-483f-b946-30a7e4e61458} not implemented, returning E_NOINTERFACE.
4900.814:0138:0194:warn:vkd3d-proton:d3d12_device_QueryInterface: {0742a90b-c387-483f-b946-30a7e4e61458} not implemented, returning E_NOINTERFACE.
4900.841:0138:0198:warn:vkd3d-proton:d3d12_device_QueryInterface: {0742a90b-c387-483f-b946-30a7e4e61458} not implemented, returning E_NOINTERFACE.
4900.871:0138:01a0:warn:vkd3d-proton:d3d12_device_QueryInterface: {0742a90b-c387-483f-b946-30a7e4e61458} not implemented, returning E_NOINTERFACE.
4900.900:0138:0194:warn:vkd3d-proton:d3d12_device_QueryInterface: {0742a90b-c387-483f-b946-30a7e4e61458} not implemented, returning E_NOINTERFACE.
4900.926:0138:019c:warn:vkd3d-proton:d3d12_device_QueryInterface: {0742a90b-c387-483f-b946-30a7e4e61458} not implemented, returning E_NOINTERFACE.
4900.950:0138:0194:warn:vkd3d-proton:d3d12_device_QueryInterface: {0742a90b-c387-483f-b946-30a7e4e61458} not implemented, returning E_NOINTERFACE.
4900.978:0138:01a0:warn:vkd3d-proton:d3d12_device_QueryInterface: {0742a90b-c387-483f-b946-30a7e4e61458} not implemented, returning E_NOINTERFACE.
4901.002:0138:0194:warn:vkd3d-proton:d3d12_device_QueryInterface: {0742a90b-c387-483f-b946-30a7e4e61458} not implemented, returning E_NOINTERFACE.
4901.028:0138:019c:warn:vkd3d-proton:d3d12_device_QueryInterface: {0742a90b-c387-483f-b946-30a7e4e61458} not implemented, returning E_NOINTERFACE.
4901.055:0138:0194:warn:vkd3d-proton:d3d12_device_QueryInterface: {0742a90b-c387-483f-b946-30a7e4e61458} not implemented, returning E_NOINTERFACE.
4901.082:0138:019c:warn:vkd3d-proton:d3d12_device_QueryInterface: {0742a90b-c387-483f-b946-30a7e4e61458} not implemented, returning E_NOINTERFACE.
4901.109:0138:01a0:warn:vkd3d-proton:d3d12_device_QueryInterface: {0742a90b-c387-483f-b946-30a7e4e61458} not implemented, returning E_NOINTERFACE.
4901.137:0138:019c:warn:vkd3d-proton:d3d12_device_QueryInterface: {0742a90b-c387-483f-b946-30a7e4e61458} not implemented, returning E_NOINTERFACE.
4901.164:0138:0198:warn:vkd3d-proton:d3d12_device_QueryInterface: {0742a90b-c387-483f-b946-30a7e4e61458} not implemented, returning E_NOINTERFACE.
4901.194:0138:0194:warn:vkd3d-proton:d3d12_device_QueryInterface: {0742a90b-c387-483f-b946-30a7e4e61458} not implemented, returning E_NOINTERFACE.
4901.224:0138:0198:warn:vkd3d-proton:d3d12_device_QueryInterface: {0742a90b-c387-483f-b946-30a7e4e61458} not implemented, returning E_NOINTERFACE.
4901.253:0138:019c:warn:vkd3d-proton:d3d12_device_QueryInterface: {0742a90b-c387-483f-b946-30a7e4e61458} not implemented, returning E_NOINTERFACE.
4901.283:0138:0198:warn:vkd3d-proton:d3d12_device_QueryInterface: {0742a90b-c387-483f-b946-30a7e4e61458} not implemented, returning E_NOINTERFACE.
4901.308:0138:01a0:warn:vkd3d-proton:d3d12_device_QueryInterface: {0742a90b-c387-483f-b946-30a7e4e61458} not implemented, returning E_NOINTERFACE.
4901.335:0138:0194:warn:vkd3d-proton:d3d12_device_QueryInterface: {0742a90b-c387-483f-b946-30a7e4e61458} not implemented, returning E_NOINTERFACE.
4901.360:0138:01a0:warn:vkd3d-proton:d3d12_device_QueryInterface: {0742a90b-c387-483f-b946-30a7e4e61458} not implemented, returning E_NOINTERFACE.
4901.362:0138:01a0:warn:vkd3d-proton:d3d12_device_QueryInterface: {0742a90b-c387-483f-b946-30a7e4e61458} not implemented, returning E_NOINTERFACE.
4901.393:0138:0194:warn:vkd3d-proton:d3d12_device_QueryInterface: {0742a90b-c387-483f-b946-30a7e4e61458} not implemented, returning E_NOINTERFACE.
4901.397:0138:0194:warn:vkd3d-proton:d3d12_device_QueryInterface: {0742a90b-c387-483f-b946-30a7e4e61458} not implemented, returning E_NOINTERFACE.
4901.413:0138:019c:warn:vkd3d-proton:d3d12_device_QueryInterface: {0742a90b-c387-483f-b946-30a7e4e61458} not implemented, returning E_NOINTERFACE.
4901.449:0138:0198:warn:vkd3d-proton:d3d12_device_QueryInterface: {0742a90b-c387-483f-b946-30a7e4e61458} not implemented, returning E_NOINTERFACE.
4901.487:0138:01a0:warn:vkd3d-proton:d3d12_device_QueryInterface: {0742a90b-c387-483f-b946-30a7e4e61458} not implemented, returning E_NOINTERFACE.
4901.517:0138:0194:warn:vkd3d-proton:d3d12_device_QueryInterface: {0742a90b-c387-483f-b946-30a7e4e61458} not implemented, returning E_NOINTERFACE.
4901.544:0138:0198:warn:vkd3d-proton:d3d12_device_QueryInterface: {0742a90b-c387-483f-b946-30a7e4e61458} not implemented, returning E_NOINTERFACE.
4901.572:0138:01a0:warn:vkd3d-proton:d3d12_device_QueryInterface: {0742a90b-c387-483f-b946-30a7e4e61458} not implemented, returning E_NOINTERFACE.
4901.603:0138:0194:warn:vkd3d-proton:d3d12_device_QueryInterface: {0742a90b-c387-483f-b946-30a7e4e61458} not implemented, returning E_NOINTERFACE.
4901.638:0138:01a0:warn:vkd3d-proton:d3d12_device_QueryInterface: {0742a90b-c387-483f-b946-30a7e4e61458} not implemented, returning E_NOINTERFACE.
4901.671:0138:0198:warn:vkd3d-proton:d3d12_device_QueryInterface: {0742a90b-c387-483f-b946-30a7e4e61458} not implemented, returning E_NOINTERFACE.
4901.709:0138:0194:warn:vkd3d-proton:d3d12_device_QueryInterface: {0742a90b-c387-483f-b946-30a7e4e61458} not implemented, returning E_NOINTERFACE.
4901.742:0138:01a0:warn:vkd3d-proton:d3d12_device_QueryInterface: {0742a90b-c387-483f-b946-30a7e4e61458} not implemented, returning E_NOINTERFACE.
4901.773:0138:0198:warn:vkd3d-proton:d3d12_device_QueryInterface: {0742a90b-c387-483f-b946-30a7e4e61458} not implemented, returning E_NOINTERFACE.
4901.813:0138:01a0:warn:vkd3d-proton:d3d12_device_QueryInterface: {0742a90b-c387-483f-b946-30a7e4e61458} not implemented, returning E_NOINTERFACE.
4901.853:0138:0194:warn:vkd3d-proton:d3d12_device_QueryInterface: {0742a90b-c387-483f-b946-30a7e4e61458} not implemented, returning E_NOINTERFACE.
4901.893:0138:01a0:warn:vkd3d-proton:d3d12_device_QueryInterface: {0742a90b-c387-483f-b946-30a7e4e61458} not implemented, returning E_NOINTERFACE.
4901.927:0138:019c:warn:vkd3d-proton:d3d12_device_QueryInterface: {0742a90b-c387-483f-b946-30a7e4e61458} not implemented, returning E_NOINTERFACE.
4901.962:0138:0194:warn:vkd3d-proton:d3d12_device_QueryInterface: {0742a90b-c387-483f-b946-30a7e4e61458} not implemented, returning E_NOINTERFACE.
4901.997:0138:0198:warn:vkd3d-proton:d3d12_device_QueryInterface: {0742a90b-c387-483f-b946-30a7e4e61458} not implemented, returning E_NOINTERFACE.
4902.030:0138:01a0:warn:vkd3d-proton:d3d12_device_QueryInterface: {0742a90b-c387-483f-b946-30a7e4e61458} not implemented, returning E_NOINTERFACE.
4902.065:0138:0194:warn:vkd3d-proton:d3d12_device_QueryInterface: {0742a90b-c387-483f-b946-30a7e4e61458} not implemented, returning E_NOINTERFACE.
4902.097:0138:019c:warn:vkd3d-proton:d3d12_device_QueryInterface: {0742a90b-c387-483f-b946-30a7e4e61458} not implemented, returning E_NOINTERFACE.
4902.132:0138:0194:warn:vkd3d-proton:d3d12_device_QueryInterface: {0742a90b-c387-483f-b946-30a7e4e61458} not implemented, returning E_NOINTERFACE.
4902.161:0138:0198:warn:vkd3d-proton:d3d12_device_QueryInterface: {0742a90b-c387-483f-b946-30a7e4e61458} not implemented, returning E_NOINTERFACE.
4902.203:0138:01a0:warn:vkd3d-proton:d3d12_device_QueryInterface: {0742a90b-c387-483f-b946-30a7e4e61458} not implemented, returning E_NOINTERFACE.
4902.235:0138:0198:warn:vkd3d-proton:d3d12_device_QueryInterface: {0742a90b-c387-483f-b946-30a7e4e61458} not implemented, returning E_NOINTERFACE.
4902.272:0138:019c:warn:vkd3d-proton:d3d12_device_QueryInterface: {0742a90b-c387-483f-b946-30a7e4e61458} not implemented, returning E_NOINTERFACE.
4902.307:0138:01a0:warn:vkd3d-proton:d3d12_device_QueryInterface: {0742a90b-c387-483f-b946-30a7e4e61458} not implemented, returning E_NOINTERFACE.
4902.342:0138:0194:warn:vkd3d-proton:d3d12_device_QueryInterface: {0742a90b-c387-483f-b946-30a7e4e61458} not implemented, returning E_NOINTERFACE.
4902.368:0138:01a0:warn:vkd3d-proton:d3d12_device_QueryInterface: {0742a90b-c387-483f-b946-30a7e4e61458} not implemented, returning E_NOINTERFACE.
4902.406:0138:0198:warn:vkd3d-proton:d3d12_device_QueryInterface: {0742a90b-c387-483f-b946-30a7e4e61458} not implemented, returning E_NOINTERFACE.
4902.440:0138:019c:warn:vkd3d-proton:d3d12_device_QueryInterface: {0742a90b-c387-483f-b946-30a7e4e61458} not implemented, returning E_NOINTERFACE.
4902.476:0138:01a0:warn:vkd3d-proton:d3d12_device_QueryInterface: {0742a90b-c387-483f-b946-30a7e4e61458} not implemented, returning E_NOINTERFACE.
4902.512:0138:0198:warn:vkd3d-proton:d3d12_device_QueryInterface: {0742a90b-c387-483f-b946-30a7e4e61458} not implemented, returning E_NOINTERFACE.
4902.549:0138:01a0:warn:vkd3d-proton:d3d12_device_QueryInterface: {0742a90b-c387-483f-b946-30a7e4e61458} not implemented, returning E_NOINTERFACE.
4902.586:0138:0198:warn:vkd3d-proton:d3d12_device_QueryInterface: {0742a90b-c387-483f-b946-30a7e4e61458} not implemented, returning E_NOINTERFACE.
4902.614:0138:019c:warn:vkd3d-proton:d3d12_device_QueryInterface: {0742a90b-c387-483f-b946-30a7e4e61458} not implemented, returning E_NOINTERFACE.
4902.650:0138:0194:warn:vkd3d-proton:d3d12_device_QueryInterface: {0742a90b-c387-483f-b946-30a7e4e61458} not implemented, returning E_NOINTERFACE.
4902.687:0138:019c:warn:vkd3d-proton:d3d12_device_QueryInterface: {0742a90b-c387-483f-b946-30a7e4e61458} not implemented, returning E_NOINTERFACE.
4902.711:0138:0194:warn:vkd3d-proton:d3d12_device_QueryInterface: {0742a90b-c387-483f-b946-30a7e4e61458} not implemented, returning E_NOINTERFACE.
4902.748:0138:0198:warn:vkd3d-proton:d3d12_device_QueryInterface: {0742a90b-c387-483f-b946-30a7e4e61458} not implemented, returning E_NOINTERFACE.
4902.781:0138:0194:warn:vkd3d-proton:d3d12_device_QueryInterface: {0742a90b-c387-483f-b946-30a7e4e61458} not implemented, returning E_NOINTERFACE.
4902.815:0138:019c:warn:vkd3d-proton:d3d12_device_QueryInterface: {0742a90b-c387-483f-b946-30a7e4e61458} not implemented, returning E_NOINTERFACE.
4902.851:0138:0194:warn:vkd3d-proton:d3d12_device_QueryInterface: {0742a90b-c387-483f-b946-30a7e4e61458} not implemented, returning E_NOINTERFACE.
4902.883:0138:0198:warn:vkd3d-proton:d3d12_device_QueryInterface: {0742a90b-c387-483f-b946-30a7e4e61458} not implemented, returning E_NOINTERFACE.
4902.919:0138:019c:warn:vkd3d-proton:d3d12_device_QueryInterface: {0742a90b-c387-483f-b946-30a7e4e61458} not implemented, returning E_NOINTERFACE.
4902.952:0138:01a0:warn:vkd3d-proton:d3d12_device_QueryInterface: {0742a90b-c387-483f-b946-30a7e4e61458} not implemented, returning E_NOINTERFACE.
4902.988:0138:0194:warn:vkd3d-proton:d3d12_device_QueryInterface: {0742a90b-c387-483f-b946-30a7e4e61458} not implemented, returning E_NOINTERFACE.
4903.021:0138:019c:warn:vkd3d-proton:d3d12_device_QueryInterface: {0742a90b-c387-483f-b946-30a7e4e61458} not implemented, returning E_NOINTERFACE.
4903.060:0138:0198:warn:vkd3d-proton:d3d12_device_QueryInterface: {0742a90b-c387-483f-b946-30a7e4e61458} not implemented, returning E_NOINTERFACE.
4903.101:0138:0194:warn:vkd3d-proton:d3d12_device_QueryInterface: {0742a90b-c387-483f-b946-30a7e4e61458} not implemented, returning E_NOINTERFACE.
4903.133:0138:019c:warn:vkd3d-proton:d3d12_device_QueryInterface: {0742a90b-c387-483f-b946-30a7e4e61458} not implemented, returning E_NOINTERFACE.
4903.174:0138:0194:warn:vkd3d-proton:d3d12_device_QueryInterface: {0742a90b-c387-483f-b946-30a7e4e61458} not implemented, returning E_NOINTERFACE.
4903.217:0138:0198:warn:vkd3d-proton:d3d12_device_QueryInterface: {0742a90b-c387-483f-b946-30a7e4e61458} not implemented, returning E_NOINTERFACE.
4903.249:0138:019c:warn:vkd3d-proton:d3d12_device_QueryInterface: {0742a90b-c387-483f-b946-30a7e4e61458} not implemented, returning E_NOINTERFACE.
4903.284:0138:0194:warn:vkd3d-proton:d3d12_device_QueryInterface: {0742a90b-c387-483f-b946-30a7e4e61458} not implemented, returning E_NOINTERFACE.
4903.321:0138:0198:warn:vkd3d-proton:d3d12_device_QueryInterface: {0742a90b-c387-483f-b946-30a7e4e61458} not implemented, returning E_NOINTERFACE.
4903.355:0138:0194:warn:vkd3d-proton:d3d12_device_QueryInterface: {0742a90b-c387-483f-b946-30a7e4e61458} not implemented, returning E_NOINTERFACE.
4903.390:0138:019c:warn:vkd3d-proton:d3d12_device_QueryInterface: {0742a90b-c387-483f-b946-30a7e4e61458} not implemented, returning E_NOINTERFACE.
4903.424:0138:0194:warn:vkd3d-proton:d3d12_device_QueryInterface: {0742a90b-c387-483f-b946-30a7e4e61458} not implemented, returning E_NOINTERFACE.
4903.458:0138:01a0:warn:vkd3d-proton:d3d12_device_QueryInterface: {0742a90b-c387-483f-b946-30a7e4e61458} not implemented, returning E_NOINTERFACE.
4903.493:0138:0198:warn:vkd3d-proton:d3d12_device_QueryInterface: {0742a90b-c387-483f-b946-30a7e4e61458} not implemented, returning E_NOINTERFACE.
4903.528:0138:01a0:warn:vkd3d-proton:d3d12_device_QueryInterface: {0742a90b-c387-483f-b946-30a7e4e61458} not implemented, returning E_NOINTERFACE.
4903.564:0138:0198:warn:vkd3d-proton:d3d12_device_QueryInterface: {0742a90b-c387-483f-b946-30a7e4e61458} not implemented, returning E_NOINTERFACE.
4903.599:0138:01a0:warn:vkd3d-proton:d3d12_device_QueryInterface: {0742a90b-c387-483f-b946-30a7e4e61458} not implemented, returning E_NOINTERFACE.
4903.635:0138:0194:warn:vkd3d-proton:d3d12_device_QueryInterface: {0742a90b-c387-483f-b946-30a7e4e61458} not implemented, returning E_NOINTERFACE.
4903.667:0138:019c:warn:vkd3d-proton:d3d12_device_QueryInterface: {0742a90b-c387-483f-b946-30a7e4e61458} not implemented, returning E_NOINTERFACE.
4903.708:0138:0198:warn:vkd3d-proton:d3d12_device_QueryInterface: {0742a90b-c387-483f-b946-30a7e4e61458} not implemented, returning E_NOINTERFACE.
4903.744:0138:01a0:warn:vkd3d-proton:d3d12_device_QueryInterface: {0742a90b-c387-483f-b946-30a7e4e61458} not implemented, returning E_NOINTERFACE.
4903.779:0138:0198:warn:vkd3d-proton:d3d12_device_QueryInterface: {0742a90b-c387-483f-b946-30a7e4e61458} not implemented, returning E_NOINTERFACE.
4903.814:0138:0194:warn:vkd3d-proton:d3d12_device_QueryInterface: {0742a90b-c387-483f-b946-30a7e4e61458} not implemented, returning E_NOINTERFACE.
4903.853:0138:01a0:warn:vkd3d-proton:d3d12_device_QueryInterface: {0742a90b-c387-483f-b946-30a7e4e61458} not implemented, returning E_NOINTERFACE.
4903.887:0138:019c:warn:vkd3d-proton:d3d12_device_QueryInterface: {0742a90b-c387-483f-b946-30a7e4e61458} not implemented, returning E_NOINTERFACE.
4903.927:0138:01a0:warn:vkd3d-proton:d3d12_device_QueryInterface: {0742a90b-c387-483f-b946-30a7e4e61458} not implemented, returning E_NOINTERFACE.
4903.960:0138:0194:warn:vkd3d-proton:d3d12_device_QueryInterface: {0742a90b-c387-483f-b946-30a7e4e61458} not implemented, returning E_NOINTERFACE.
4903.994:0138:01a0:warn:vkd3d-proton:d3d12_device_QueryInterface: {0742a90b-c387-483f-b946-30a7e4e61458} not implemented, returning E_NOINTERFACE.
4904.030:0138:0198:warn:vkd3d-proton:d3d12_device_QueryInterface: {0742a90b-c387-483f-b946-30a7e4e61458} not implemented, returning E_NOINTERFACE.
4904.069:0138:01a0:warn:vkd3d-proton:d3d12_device_QueryInterface: {0742a90b-c387-483f-b946-30a7e4e61458} not implemented, returning E_NOINTERFACE.
4904.108:0138:0194:warn:vkd3d-proton:d3d12_device_QueryInterface: {0742a90b-c387-483f-b946-30a7e4e61458} not implemented, returning E_NOINTERFACE.
4904.147:0138:01a0:warn:vkd3d-proton:d3d12_device_QueryInterface: {0742a90b-c387-483f-b946-30a7e4e61458} not implemented, returning E_NOINTERFACE.
4904.151:0138:01a0:warn:vkd3d-proton:d3d12_device_QueryInterface: {0742a90b-c387-483f-b946-30a7e4e61458} not implemented, returning E_NOINTERFACE.
4904.164:0138:01a0:warn:vkd3d-proton:d3d12_device_QueryInterface: {0742a90b-c387-483f-b946-30a7e4e61458} not implemented, returning E_NOINTERFACE.
4904.181:0138:01a0:warn:vkd3d-proton:d3d12_device_QueryInterface: {0742a90b-c387-483f-b946-30a7e4e61458} not implemented, returning E_NOINTERFACE.
4904.216:0138:019c:warn:vkd3d-proton:d3d12_device_QueryInterface: {0742a90b-c387-483f-b946-30a7e4e61458} not implemented, returning E_NOINTERFACE.
4904.251:0138:0198:warn:vkd3d-proton:d3d12_device_QueryInterface: {0742a90b-c387-483f-b946-30a7e4e61458} not implemented, returning E_NOINTERFACE.
4904.284:0138:0194:warn:vkd3d-proton:d3d12_device_QueryInterface: {0742a90b-c387-483f-b946-30a7e4e61458} not implemented, returning E_NOINTERFACE.
4904.322:0138:0198:warn:vkd3d-proton:d3d12_device_QueryInterface: {0742a90b-c387-483f-b946-30a7e4e61458} not implemented, returning E_NOINTERFACE.
4904.353:0138:019c:warn:vkd3d-proton:d3d12_device_QueryInterface: {0742a90b-c387-483f-b946-30a7e4e61458} not implemented, returning E_NOINTERFACE.
4904.391:0138:01a0:warn:vkd3d-proton:d3d12_device_QueryInterface: {0742a90b-c387-483f-b946-30a7e4e61458} not implemented, returning E_NOINTERFACE.
4904.426:0138:0194:warn:vkd3d-proton:d3d12_device_QueryInterface: {0742a90b-c387-483f-b946-30a7e4e61458} not implemented, returning E_NOINTERFACE.
4904.454:0138:019c:warn:vkd3d-proton:d3d12_device_QueryInterface: {0742a90b-c387-483f-b946-30a7e4e61458} not implemented, returning E_NOINTERFACE.
4904.488:0138:0198:warn:vkd3d-proton:d3d12_device_QueryInterface: {0742a90b-c387-483f-b946-30a7e4e61458} not implemented, returning E_NOINTERFACE.
4904.529:0138:01a0:warn:vkd3d-proton:d3d12_device_QueryInterface: {0742a90b-c387-483f-b946-30a7e4e61458} not implemented, returning E_NOINTERFACE.
4904.569:0138:019c:warn:vkd3d-proton:d3d12_device_QueryInterface: {0742a90b-c387-483f-b946-30a7e4e61458} not implemented, returning E_NOINTERFACE.
4904.602:0138:0194:warn:vkd3d-proton:d3d12_device_QueryInterface: {0742a90b-c387-483f-b946-30a7e4e61458} not implemented, returning E_NOINTERFACE.
4904.643:0138:019c:warn:vkd3d-proton:d3d12_device_QueryInterface: {0742a90b-c387-483f-b946-30a7e4e61458} not implemented, returning E_NOINTERFACE.
4904.675:0138:0194:warn:vkd3d-proton:d3d12_device_QueryInterface: {0742a90b-c387-483f-b946-30a7e4e61458} not implemented, returning E_NOINTERFACE.
4904.711:0138:01a0:warn:vkd3d-proton:d3d12_device_QueryInterface: {0742a90b-c387-483f-b946-30a7e4e61458} not implemented, returning E_NOINTERFACE.
4904.750:0138:0198:warn:vkd3d-proton:d3d12_device_QueryInterface: {0742a90b-c387-483f-b946-30a7e4e61458} not implemented, returning E_NOINTERFACE.
4904.782:0138:019c:warn:vkd3d-proton:d3d12_device_QueryInterface: {0742a90b-c387-483f-b946-30a7e4e61458} not implemented, returning E_NOINTERFACE.
4904.816:0138:0198:warn:vkd3d-proton:d3d12_device_QueryInterface: {0742a90b-c387-483f-b946-30a7e4e61458} not implemented, returning E_NOINTERFACE.
4904.857:0138:0194:warn:vkd3d-proton:d3d12_device_QueryInterface: {0742a90b-c387-483f-b946-30a7e4e61458} not implemented, returning E_NOINTERFACE.
4904.898:0138:019c:warn:vkd3d-proton:d3d12_device_QueryInterface: {0742a90b-c387-483f-b946-30a7e4e61458} not implemented, returning E_NOINTERFACE.
4904.933:0138:01a0:warn:vkd3d-proton:d3d12_device_QueryInterface: {0742a90b-c387-483f-b946-30a7e4e61458} not implemented, returning E_NOINTERFACE.
4904.969:0138:0194:warn:vkd3d-proton:d3d12_device_QueryInterface: {0742a90b-c387-483f-b946-30a7e4e61458} not implemented, returning E_NOINTERFACE.
4905.004:0138:019c:warn:vkd3d-proton:d3d12_device_QueryInterface: {0742a90b-c387-483f-b946-30a7e4e61458} not implemented, returning E_NOINTERFACE.
4905.037:0138:0194:warn:vkd3d-proton:d3d12_device_QueryInterface: {0742a90b-c387-483f-b946-30a7e4e61458} not implemented, returning E_NOINTERFACE.
4905.071:0138:0198:warn:vkd3d-proton:d3d12_device_QueryInterface: {0742a90b-c387-483f-b946-30a7e4e61458} not implemented, returning E_NOINTERFACE.
4905.106:0138:019c:warn:vkd3d-proton:d3d12_device_QueryInterface: {0742a90b-c387-483f-b946-30a7e4e61458} not implemented, returning E_NOINTERFACE.
4905.140:0138:0198:warn:vkd3d-proton:d3d12_device_QueryInterface: {0742a90b-c387-483f-b946-30a7e4e61458} not implemented, returning E_NOINTERFACE.
4905.179:0138:01a0:warn:vkd3d-proton:d3d12_device_QueryInterface: {0742a90b-c387-483f-b946-30a7e4e61458} not implemented, returning E_NOINTERFACE.
4905.214:0138:0194:warn:vkd3d-proton:d3d12_device_QueryInterface: {0742a90b-c387-483f-b946-30a7e4e61458} not implemented, returning E_NOINTERFACE.
4905.251:0138:0198:warn:vkd3d-proton:d3d12_device_QueryInterface: {0742a90b-c387-483f-b946-30a7e4e61458} not implemented, returning E_NOINTERFACE.
4905.283:0138:019c:warn:vkd3d-proton:d3d12_device_QueryInterface: {0742a90b-c387-483f-b946-30a7e4e61458} not implemented, returning E_NOINTERFACE.
4905.320:0138:0198:warn:vkd3d-proton:d3d12_device_QueryInterface: {0742a90b-c387-483f-b946-30a7e4e61458} not implemented, returning E_NOINTERFACE.
4905.356:0138:0194:warn:vkd3d-proton:d3d12_device_QueryInterface: {0742a90b-c387-483f-b946-30a7e4e61458} not implemented, returning E_NOINTERFACE.
4905.387:0138:019c:warn:vkd3d-proton:d3d12_device_QueryInterface: {0742a90b-c387-483f-b946-30a7e4e61458} not implemented, returning E_NOINTERFACE.
4905.421:0138:0198:warn:vkd3d-proton:d3d12_device_QueryInterface: {0742a90b-c387-483f-b946-30a7e4e61458} not implemented, returning E_NOINTERFACE.
4905.454:0138:0194:warn:vkd3d-proton:d3d12_device_QueryInterface: {0742a90b-c387-483f-b946-30a7e4e61458} not implemented, returning E_NOINTERFACE.
4905.488:0138:0198:warn:vkd3d-proton:d3d12_device_QueryInterface: {0742a90b-c387-483f-b946-30a7e4e61458} not implemented, returning E_NOINTERFACE.
4905.517:0138:01a0:warn:vkd3d-proton:d3d12_device_QueryInterface: {0742a90b-c387-483f-b946-30a7e4e61458} not implemented, returning E_NOINTERFACE.
4905.551:0138:019c:warn:vkd3d-proton:d3d12_device_QueryInterface: {0742a90b-c387-483f-b946-30a7e4e61458} not implemented, returning E_NOINTERFACE.
4905.586:0138:0194:warn:vkd3d-proton:d3d12_device_QueryInterface: {0742a90b-c387-483f-b946-30a7e4e61458} not implemented, returning E_NOINTERFACE.
4905.619:0138:0198:warn:vkd3d-proton:d3d12_device_QueryInterface: {0742a90b-c387-483f-b946-30a7e4e61458} not implemented, returning E_NOINTERFACE.
4905.651:0138:019c:warn:vkd3d-proton:d3d12_device_QueryInterface: {0742a90b-c387-483f-b946-30a7e4e61458} not implemented, returning E_NOINTERFACE.
4905.687:0138:0194:warn:vkd3d-proton:d3d12_device_QueryInterface: {0742a90b-c387-483f-b946-30a7e4e61458} not implemented, returning E_NOINTERFACE.
4905.721:0138:01a0:warn:vkd3d-proton:d3d12_device_QueryInterface: {0742a90b-c387-483f-b946-30a7e4e61458} not implemented, returning E_NOINTERFACE.
4905.758:0138:0198:warn:vkd3d-proton:d3d12_device_QueryInterface: {0742a90b-c387-483f-b946-30a7e4e61458} not implemented, returning E_NOINTERFACE.
4905.794:0138:019c:warn:vkd3d-proton:d3d12_device_QueryInterface: {0742a90b-c387-483f-b946-30a7e4e61458} not implemented, returning E_NOINTERFACE.
4905.829:0138:0198:warn:vkd3d-proton:d3d12_device_QueryInterface: {0742a90b-c387-483f-b946-30a7e4e61458} not implemented, returning E_NOINTERFACE.
4905.860:0138:019c:warn:vkd3d-proton:d3d12_device_QueryInterface: {0742a90b-c387-483f-b946-30a7e4e61458} not implemented, returning E_NOINTERFACE.
4905.894:0138:0198:warn:vkd3d-proton:d3d12_device_QueryInterface: {0742a90b-c387-483f-b946-30a7e4e61458} not implemented, returning E_NOINTERFACE.
4905.926:0138:019c:warn:vkd3d-proton:d3d12_device_QueryInterface: {0742a90b-c387-483f-b946-30a7e4e61458} not implemented, returning E_NOINTERFACE.
4905.958:0138:0194:warn:vkd3d-proton:d3d12_device_QueryInterface: {0742a90b-c387-483f-b946-30a7e4e61458} not implemented, returning E_NOINTERFACE.
4905.991:0138:019c:warn:vkd3d-proton:d3d12_device_QueryInterface: {0742a90b-c387-483f-b946-30a7e4e61458} not implemented, returning E_NOINTERFACE.
4906.025:0138:0194:warn:vkd3d-proton:d3d12_device_QueryInterface: {0742a90b-c387-483f-b946-30a7e4e61458} not implemented, returning E_NOINTERFACE.
4906.057:0138:019c:warn:vkd3d-proton:d3d12_device_QueryInterface: {0742a90b-c387-483f-b946-30a7e4e61458} not implemented, returning E_NOINTERFACE.
4906.091:0138:01a0:warn:vkd3d-proton:d3d12_device_QueryInterface: {0742a90b-c387-483f-b946-30a7e4e61458} not implemented, returning E_NOINTERFACE.
4906.124:0138:0194:warn:vkd3d-proton:d3d12_device_QueryInterface: {0742a90b-c387-483f-b946-30a7e4e61458} not implemented, returning E_NOINTERFACE.
4906.158:0138:01a0:warn:vkd3d-proton:d3d12_device_QueryInterface: {0742a90b-c387-483f-b946-30a7e4e61458} not implemented, returning E_NOINTERFACE.
4906.199:0138:0194:warn:vkd3d-proton:d3d12_device_QueryInterface: {0742a90b-c387-483f-b946-30a7e4e61458} not implemented, returning E_NOINTERFACE.
4906.236:0138:019c:warn:vkd3d-proton:d3d12_device_QueryInterface: {0742a90b-c387-483f-b946-30a7e4e61458} not implemented, returning E_NOINTERFACE.
4906.274:0138:01a0:warn:vkd3d-proton:d3d12_device_QueryInterface: {0742a90b-c387-483f-b946-30a7e4e61458} not implemented, returning E_NOINTERFACE.
4906.314:0138:019c:warn:vkd3d-proton:d3d12_device_QueryInterface: {0742a90b-c387-483f-b946-30a7e4e61458} not implemented, returning E_NOINTERFACE.
4906.351:0138:01a0:warn:vkd3d-proton:d3d12_device_QueryInterface: {0742a90b-c387-483f-b946-30a7e4e61458} not implemented, returning E_NOINTERFACE.
4906.392:0138:0198:warn:vkd3d-proton:d3d12_device_QueryInterface: {0742a90b-c387-483f-b946-30a7e4e61458} not implemented, returning E_NOINTERFACE.
4906.432:0138:0194:warn:vkd3d-proton:d3d12_device_QueryInterface: {0742a90b-c387-483f-b946-30a7e4e61458} not implemented, returning E_NOINTERFACE.
4906.470:0138:01a0:warn:vkd3d-proton:d3d12_device_QueryInterface: {0742a90b-c387-483f-b946-30a7e4e61458} not implemented, returning E_NOINTERFACE.
4906.508:0138:019c:warn:vkd3d-proton:d3d12_device_QueryInterface: {0742a90b-c387-483f-b946-30a7e4e61458} not implemented, returning E_NOINTERFACE.
4906.548:0138:0194:warn:vkd3d-proton:d3d12_device_QueryInterface: {0742a90b-c387-483f-b946-30a7e4e61458} not implemented, returning E_NOINTERFACE.
4906.587:0138:019c:warn:vkd3d-proton:d3d12_device_QueryInterface: {0742a90b-c387-483f-b946-30a7e4e61458} not implemented, returning E_NOINTERFACE.
4906.590:0138:019c:warn:vkd3d-proton:d3d12_device_QueryInterface: {0742a90b-c387-483f-b946-30a7e4e61458} not implemented, returning E_NOINTERFACE.
4906.599:0138:0194:warn:vkd3d-proton:d3d12_device_QueryInterface: {0742a90b-c387-483f-b946-30a7e4e61458} not implemented, returning E_NOINTERFACE.
4906.617:0138:0198:warn:vkd3d-proton:d3d12_device_QueryInterface: {0742a90b-c387-483f-b946-30a7e4e61458} not implemented, returning E_NOINTERFACE.
4906.633:0138:0198:warn:vkd3d-proton:d3d12_device_QueryInterface: {0742a90b-c387-483f-b946-30a7e4e61458} not implemented, returning E_NOINTERFACE.
4906.672:0138:01a0:warn:vkd3d-proton:d3d12_device_QueryInterface: {0742a90b-c387-483f-b946-30a7e4e61458} not implemented, returning E_NOINTERFACE.
4906.708:0138:019c:warn:vkd3d-proton:d3d12_device_QueryInterface: {0742a90b-c387-483f-b946-30a7e4e61458} not implemented, returning E_NOINTERFACE.
4906.743:0138:01a0:warn:vkd3d-proton:d3d12_device_QueryInterface: {0742a90b-c387-483f-b946-30a7e4e61458} not implemented, returning E_NOINTERFACE.
4906.777:0138:0198:warn:vkd3d-proton:d3d12_device_QueryInterface: {0742a90b-c387-483f-b946-30a7e4e61458} not implemented, returning E_NOINTERFACE.
4906.813:0138:01a0:warn:vkd3d-proton:d3d12_device_QueryInterface: {0742a90b-c387-483f-b946-30a7e4e61458} not implemented, returning E_NOINTERFACE.
4906.844:0138:0194:warn:vkd3d-proton:d3d12_device_QueryInterface: {0742a90b-c387-483f-b946-30a7e4e61458} not implemented, returning E_NOINTERFACE.
4906.874:0138:0198:warn:vkd3d-proton:d3d12_device_QueryInterface: {0742a90b-c387-483f-b946-30a7e4e61458} not implemented, returning E_NOINTERFACE.
4906.907:0138:019c:warn:vkd3d-proton:d3d12_device_QueryInterface: {0742a90b-c387-483f-b946-30a7e4e61458} not implemented, returning E_NOINTERFACE.
4906.912:0138:019c:warn:vkd3d-proton:d3d12_device_QueryInterface: {0742a90b-c387-483f-b946-30a7e4e61458} not implemented, returning E_NOINTERFACE.
4906.932:0138:0194:warn:vkd3d-proton:d3d12_device_QueryInterface: {0742a90b-c387-483f-b946-30a7e4e61458} not implemented, returning E_NOINTERFACE.
4906.977:0138:0198:warn:vkd3d-proton:d3d12_device_QueryInterface: {0742a90b-c387-483f-b946-30a7e4e61458} not implemented, returning E_NOINTERFACE.
4907.001:0138:01a0:warn:vkd3d-proton:d3d12_device_QueryInterface: {0742a90b-c387-483f-b946-30a7e4e61458} not implemented, returning E_NOINTERFACE.
4907.028:0138:0194:warn:vkd3d-proton:d3d12_device_QueryInterface: {0742a90b-c387-483f-b946-30a7e4e61458} not implemented, returning E_NOINTERFACE.
4907.060:0138:0198:warn:vkd3d-proton:d3d12_device_QueryInterface: {0742a90b-c387-483f-b946-30a7e4e61458} not implemented, returning E_NOINTERFACE.
4907.093:0138:0194:warn:vkd3d-proton:d3d12_device_QueryInterface: {0742a90b-c387-483f-b946-30a7e4e61458} not implemented, returning E_NOINTERFACE.
4907.124:0138:019c:warn:vkd3d-proton:d3d12_device_QueryInterface: {0742a90b-c387-483f-b946-30a7e4e61458} not implemented, returning E_NOINTERFACE.
4907.164:0138:01a0:warn:vkd3d-proton:d3d12_device_QueryInterface: {0742a90b-c387-483f-b946-30a7e4e61458} not implemented, returning E_NOINTERFACE.
4907.199:0138:0194:warn:vkd3d-proton:d3d12_device_QueryInterface: {0742a90b-c387-483f-b946-30a7e4e61458} not implemented, returning E_NOINTERFACE.
4907.236:0138:01a0:warn:vkd3d-proton:d3d12_device_QueryInterface: {0742a90b-c387-483f-b946-30a7e4e61458} not implemented, returning E_NOINTERFACE.
4907.267:0138:019c:warn:vkd3d-proton:d3d12_device_QueryInterface: {0742a90b-c387-483f-b946-30a7e4e61458} not implemented, returning E_NOINTERFACE.
4907.301:0138:01a0:warn:vkd3d-proton:d3d12_device_QueryInterface: {0742a90b-c387-483f-b946-30a7e4e61458} not implemented, returning E_NOINTERFACE.
4907.335:0138:019c:warn:vkd3d-proton:d3d12_device_QueryInterface: {0742a90b-c387-483f-b946-30a7e4e61458} not implemented, returning E_NOINTERFACE.
4907.370:0138:01a0:warn:vkd3d-proton:d3d12_device_QueryInterface: {0742a90b-c387-483f-b946-30a7e4e61458} not implemented, returning E_NOINTERFACE.
4907.404:0138:019c:warn:vkd3d-proton:d3d12_device_QueryInterface: {0742a90b-c387-483f-b946-30a7e4e61458} not implemented, returning E_NOINTERFACE.
4907.435:0138:0198:warn:vkd3d-proton:d3d12_device_QueryInterface: {0742a90b-c387-483f-b946-30a7e4e61458} not implemented, returning E_NOINTERFACE.
4907.474:0138:019c:warn:vkd3d-proton:d3d12_device_QueryInterface: {0742a90b-c387-483f-b946-30a7e4e61458} not implemented, returning E_NOINTERFACE.
4907.514:0138:0198:warn:vkd3d-proton:d3d12_device_QueryInterface: {0742a90b-c387-483f-b946-30a7e4e61458} not implemented, returning E_NOINTERFACE.
4907.548:0138:019c:warn:vkd3d-proton:d3d12_device_QueryInterface: {0742a90b-c387-483f-b946-30a7e4e61458} not implemented, returning E_NOINTERFACE.
4907.583:0138:0194:warn:vkd3d-proton:d3d12_device_QueryInterface: {0742a90b-c387-483f-b946-30a7e4e61458} not implemented, returning E_NOINTERFACE.
4907.618:0138:01a0:warn:vkd3d-proton:d3d12_device_QueryInterface: {0742a90b-c387-483f-b946-30a7e4e61458} not implemented, returning E_NOINTERFACE.
4907.651:0138:0198:warn:vkd3d-proton:d3d12_device_QueryInterface: {0742a90b-c387-483f-b946-30a7e4e61458} not implemented, returning E_NOINTERFACE.
4907.688:0138:0194:warn:vkd3d-proton:d3d12_device_QueryInterface: {0742a90b-c387-483f-b946-30a7e4e61458} not implemented, returning E_NOINTERFACE.
4907.721:0138:0198:warn:vkd3d-proton:d3d12_device_QueryInterface: {0742a90b-c387-483f-b946-30a7e4e61458} not implemented, returning E_NOINTERFACE.
4907.753:0138:01a0:warn:vkd3d-proton:d3d12_device_QueryInterface: {0742a90b-c387-483f-b946-30a7e4e61458} not implemented, returning E_NOINTERFACE.
4907.790:0138:019c:warn:vkd3d-proton:d3d12_device_QueryInterface: {0742a90b-c387-483f-b946-30a7e4e61458} not implemented, returning E_NOINTERFACE.
4907.824:0138:01a0:warn:vkd3d-proton:d3d12_device_QueryInterface: {0742a90b-c387-483f-b946-30a7e4e61458} not implemented, returning E_NOINTERFACE.
4907.857:0138:019c:warn:vkd3d-proton:d3d12_device_QueryInterface: {0742a90b-c387-483f-b946-30a7e4e61458} not implemented, returning E_NOINTERFACE.
4907.891:0138:0198:warn:vkd3d-proton:d3d12_device_QueryInterface: {0742a90b-c387-483f-b946-30a7e4e61458} not implemented, returning E_NOINTERFACE.
4907.925:0138:019c:warn:vkd3d-proton:d3d12_device_QueryInterface: {0742a90b-c387-483f-b946-30a7e4e61458} not implemented, returning E_NOINTERFACE.
4907.960:0138:0198:warn:vkd3d-proton:d3d12_device_QueryInterface: {0742a90b-c387-483f-b946-30a7e4e61458} not implemented, returning E_NOINTERFACE.
4908.001:0138:01a0:warn:vkd3d-proton:d3d12_device_QueryInterface: {0742a90b-c387-483f-b946-30a7e4e61458} not implemented, returning E_NOINTERFACE.
4908.039:0138:0198:warn:vkd3d-proton:d3d12_device_QueryInterface: {0742a90b-c387-483f-b946-30a7e4e61458} not implemented, returning E_NOINTERFACE.
4908.074:0138:01a0:warn:vkd3d-proton:d3d12_device_QueryInterface: {0742a90b-c387-483f-b946-30a7e4e61458} not implemented, returning E_NOINTERFACE.
4908.115:0138:019c:warn:vkd3d-proton:d3d12_device_QueryInterface: {0742a90b-c387-483f-b946-30a7e4e61458} not implemented, returning E_NOINTERFACE.
4908.153:0138:0198:warn:vkd3d-proton:d3d12_device_QueryInterface: {0742a90b-c387-483f-b946-30a7e4e61458} not implemented, returning E_NOINTERFACE.
4908.191:0138:0194:warn:vkd3d-proton:d3d12_device_QueryInterface: {0742a90b-c387-483f-b946-30a7e4e61458} not implemented, returning E_NOINTERFACE.
4908.230:0138:0198:warn:vkd3d-proton:d3d12_device_QueryInterface: {0742a90b-c387-483f-b946-30a7e4e61458} not implemented, returning E_NOINTERFACE.
4908.256:0138:0194:warn:vkd3d-proton:d3d12_device_QueryInterface: {0742a90b-c387-483f-b946-30a7e4e61458} not implemented, returning E_NOINTERFACE.
4908.291:0138:019c:warn:vkd3d-proton:d3d12_device_QueryInterface: {0742a90b-c387-483f-b946-30a7e4e61458} not implemented, returning E_NOINTERFACE.
4908.322:0138:0194:warn:vkd3d-proton:d3d12_device_QueryInterface: {0742a90b-c387-483f-b946-30a7e4e61458} not implemented, returning E_NOINTERFACE.
4908.354:0138:019c:warn:vkd3d-proton:d3d12_device_QueryInterface: {0742a90b-c387-483f-b946-30a7e4e61458} not implemented, returning E_NOINTERFACE.
4908.386:0138:0194:warn:vkd3d-proton:d3d12_device_QueryInterface: {0742a90b-c387-483f-b946-30a7e4e61458} not implemented, returning E_NOINTERFACE.
4908.423:0138:01a0:warn:vkd3d-proton:d3d12_device_QueryInterface: {0742a90b-c387-483f-b946-30a7e4e61458} not implemented, returning E_NOINTERFACE.
4908.456:0138:0198:warn:vkd3d-proton:d3d12_device_QueryInterface: {0742a90b-c387-483f-b946-30a7e4e61458} not implemented, returning E_NOINTERFACE.
4908.491:0138:01a0:warn:vkd3d-proton:d3d12_device_QueryInterface: {0742a90b-c387-483f-b946-30a7e4e61458} not implemented, returning E_NOINTERFACE.
4908.527:0138:019c:warn:vkd3d-proton:d3d12_device_QueryInterface: {0742a90b-c387-483f-b946-30a7e4e61458} not implemented, returning E_NOINTERFACE.
4908.559:0138:0198:warn:vkd3d-proton:d3d12_device_QueryInterface: {0742a90b-c387-483f-b946-30a7e4e61458} not implemented, returning E_NOINTERFACE.
4908.596:0138:01a0:warn:vkd3d-proton:d3d12_device_QueryInterface: {0742a90b-c387-483f-b946-30a7e4e61458} not implemented, returning E_NOINTERFACE.
4908.633:0138:0198:warn:vkd3d-proton:d3d12_device_QueryInterface: {0742a90b-c387-483f-b946-30a7e4e61458} not implemented, returning E_NOINTERFACE.
4908.673:0138:0194:warn:vkd3d-proton:d3d12_device_QueryInterface: {0742a90b-c387-483f-b946-30a7e4e61458} not implemented, returning E_NOINTERFACE.
4908.712:0138:01a0:warn:vkd3d-proton:d3d12_device_QueryInterface: {0742a90b-c387-483f-b946-30a7e4e61458} not implemented, returning E_NOINTERFACE.
4908.750:0138:019c:warn:vkd3d-proton:d3d12_device_QueryInterface: {0742a90b-c387-483f-b946-30a7e4e61458} not implemented, returning E_NOINTERFACE.
4908.785:0138:01a0:warn:vkd3d-proton:d3d12_device_QueryInterface: {0742a90b-c387-483f-b946-30a7e4e61458} not implemented, returning E_NOINTERFACE.
4908.820:0138:0194:warn:vkd3d-proton:d3d12_device_QueryInterface: {0742a90b-c387-483f-b946-30a7e4e61458} not implemented, returning E_NOINTERFACE.
4908.823:0138:0194:warn:vkd3d-proton:d3d12_device_QueryInterface: {0742a90b-c387-483f-b946-30a7e4e61458} not implemented, returning E_NOINTERFACE.
4908.834:0138:019c:warn:vkd3d-proton:d3d12_device_QueryInterface: {0742a90b-c387-483f-b946-30a7e4e61458} not implemented, returning E_NOINTERFACE.
4908.850:0138:0198:warn:vkd3d-proton:d3d12_device_QueryInterface: {0742a90b-c387-483f-b946-30a7e4e61458} not implemented, returning E_NOINTERFACE.
4908.893:0138:01a0:warn:vkd3d-proton:d3d12_device_QueryInterface: {0742a90b-c387-483f-b946-30a7e4e61458} not implemented, returning E_NOINTERFACE.
4908.931:0138:0198:warn:vkd3d-proton:d3d12_device_QueryInterface: {0742a90b-c387-483f-b946-30a7e4e61458} not implemented, returning E_NOINTERFACE.
4908.969:0138:0194:warn:vkd3d-proton:d3d12_device_QueryInterface: {0742a90b-c387-483f-b946-30a7e4e61458} not implemented, returning E_NOINTERFACE.
4909.008:0138:01a0:warn:vkd3d-proton:d3d12_device_QueryInterface: {0742a90b-c387-483f-b946-30a7e4e61458} not implemented, returning E_NOINTERFACE.
4909.044:0138:0198:warn:vkd3d-proton:d3d12_device_QueryInterface: {0742a90b-c387-483f-b946-30a7e4e61458} not implemented, returning E_NOINTERFACE.
4909.082:0138:01a0:warn:vkd3d-proton:d3d12_device_QueryInterface: {0742a90b-c387-483f-b946-30a7e4e61458} not implemented, returning E_NOINTERFACE.
4909.119:0138:0194:warn:vkd3d-proton:d3d12_device_QueryInterface: {0742a90b-c387-483f-b946-30a7e4e61458} not implemented, returning E_NOINTERFACE.
4909.153:0138:0198:warn:vkd3d-proton:d3d12_device_QueryInterface: {0742a90b-c387-483f-b946-30a7e4e61458} not implemented, returning E_NOINTERFACE.
4909.191:0138:019c:warn:vkd3d-proton:d3d12_device_QueryInterface: {0742a90b-c387-483f-b946-30a7e4e61458} not implemented, returning E_NOINTERFACE.
4909.225:0138:01a0:warn:vkd3d-proton:d3d12_device_QueryInterface: {0742a90b-c387-483f-b946-30a7e4e61458} not implemented, returning E_NOINTERFACE.
4909.259:0138:019c:warn:vkd3d-proton:d3d12_device_QueryInterface: {0742a90b-c387-483f-b946-30a7e4e61458} not implemented, returning E_NOINTERFACE.
4909.301:0138:01a0:warn:vkd3d-proton:d3d12_device_QueryInterface: {0742a90b-c387-483f-b946-30a7e4e61458} not implemented, returning E_NOINTERFACE.
4909.332:0138:0198:warn:vkd3d-proton:d3d12_device_QueryInterface: {0742a90b-c387-483f-b946-30a7e4e61458} not implemented, returning E_NOINTERFACE.
4909.368:0138:0194:warn:vkd3d-proton:d3d12_device_QueryInterface: {0742a90b-c387-483f-b946-30a7e4e61458} not implemented, returning E_NOINTERFACE.
4909.402:0138:01a0:warn:vkd3d-proton:d3d12_device_QueryInterface: {0742a90b-c387-483f-b946-30a7e4e61458} not implemented, returning E_NOINTERFACE.
4909.437:0138:0198:warn:vkd3d-proton:d3d12_device_QueryInterface: {0742a90b-c387-483f-b946-30a7e4e61458} not implemented, returning E_NOINTERFACE.
4909.470:0138:01a0:warn:vkd3d-proton:d3d12_device_QueryInterface: {0742a90b-c387-483f-b946-30a7e4e61458} not implemented, returning E_NOINTERFACE.
4909.502:0138:0198:warn:vkd3d-proton:d3d12_device_QueryInterface: {0742a90b-c387-483f-b946-30a7e4e61458} not implemented, returning E_NOINTERFACE.
4909.544:0138:01a0:warn:vkd3d-proton:d3d12_device_QueryInterface: {0742a90b-c387-483f-b946-30a7e4e61458} not implemented, returning E_NOINTERFACE.
4909.580:0138:0194:warn:vkd3d-proton:d3d12_device_QueryInterface: {0742a90b-c387-483f-b946-30a7e4e61458} not implemented, returning E_NOINTERFACE.
4909.617:0138:01a0:warn:vkd3d-proton:d3d12_device_QueryInterface: {0742a90b-c387-483f-b946-30a7e4e61458} not implemented, returning E_NOINTERFACE.
4909.649:0138:0194:warn:vkd3d-proton:d3d12_device_QueryInterface: {0742a90b-c387-483f-b946-30a7e4e61458} not implemented, returning E_NOINTERFACE.
4909.686:0138:0198:warn:vkd3d-proton:d3d12_device_QueryInterface: {0742a90b-c387-483f-b946-30a7e4e61458} not implemented, returning E_NOINTERFACE.
4909.721:0138:019c:warn:vkd3d-proton:d3d12_device_QueryInterface: {0742a90b-c387-483f-b946-30a7e4e61458} not implemented, returning E_NOINTERFACE.
4909.752:0138:0198:warn:vkd3d-proton:d3d12_device_QueryInterface: {0742a90b-c387-483f-b946-30a7e4e61458} not implemented, returning E_NOINTERFACE.
4909.785:0138:0194:warn:vkd3d-proton:d3d12_device_QueryInterface: {0742a90b-c387-483f-b946-30a7e4e61458} not implemented, returning E_NOINTERFACE.
4909.818:0138:01a0:warn:vkd3d-proton:d3d12_device_QueryInterface: {0742a90b-c387-483f-b946-30a7e4e61458} not implemented, returning E_NOINTERFACE.
4909.852:0138:0194:warn:vkd3d-proton:d3d12_device_QueryInterface: {0742a90b-c387-483f-b946-30a7e4e61458} not implemented, returning E_NOINTERFACE.
4909.886:0138:01a0:warn:vkd3d-proton:d3d12_device_QueryInterface: {0742a90b-c387-483f-b946-30a7e4e61458} not implemented, returning E_NOINTERFACE.
4909.924:0138:0198:warn:vkd3d-proton:d3d12_device_QueryInterface: {0742a90b-c387-483f-b946-30a7e4e61458} not implemented, returning E_NOINTERFACE.
4909.957:0138:019c:warn:vkd3d-proton:d3d12_device_QueryInterface: {0742a90b-c387-483f-b946-30a7e4e61458} not implemented, returning E_NOINTERFACE.
4909.994:0138:01a0:warn:vkd3d-proton:d3d12_device_QueryInterface: {0742a90b-c387-483f-b946-30a7e4e61458} not implemented, returning E_NOINTERFACE.
4910.029:0138:0194:warn:vkd3d-proton:d3d12_device_QueryInterface: {0742a90b-c387-483f-b946-30a7e4e61458} not implemented, returning E_NOINTERFACE.
4910.065:0138:0198:warn:vkd3d-proton:d3d12_device_QueryInterface: {0742a90b-c387-483f-b946-30a7e4e61458} not implemented, returning E_NOINTERFACE.
4910.099:0138:01a0:warn:vkd3d-proton:d3d12_device_QueryInterface: {0742a90b-c387-483f-b946-30a7e4e61458} not implemented, returning E_NOINTERFACE.
4910.147:0138:0198:warn:vkd3d-proton:d3d12_device_QueryInterface: {0742a90b-c387-483f-b946-30a7e4e61458} not implemented, returning E_NOINTERFACE.
4910.197:0138:0198:warn:vkd3d-proton:d3d12_device_QueryInterface: {0742a90b-c387-483f-b946-30a7e4e61458} not implemented, returning E_NOINTERFACE.
4910.235:0138:0194:warn:vkd3d-proton:d3d12_device_QueryInterface: {0742a90b-c387-483f-b946-30a7e4e61458} not implemented, returning E_NOINTERFACE.
4910.291:0138:019c:warn:vkd3d-proton:d3d12_device_QueryInterface: {0742a90b-c387-483f-b946-30a7e4e61458} not implemented, returning E_NOINTERFACE.
4910.308:0138:0194:warn:vkd3d-proton:d3d12_device_QueryInterface: {0742a90b-c387-483f-b946-30a7e4e61458} not implemented, returning E_NOINTERFACE.
4910.341:0138:019c:warn:vkd3d-proton:d3d12_device_QueryInterface: {0742a90b-c387-483f-b946-30a7e4e61458} not implemented, returning E_NOINTERFACE.
4910.375:0138:0198:warn:vkd3d-proton:d3d12_device_QueryInterface: {0742a90b-c387-483f-b946-30a7e4e61458} not implemented, returning E_NOINTERFACE.
4910.408:0138:01a0:warn:vkd3d-proton:d3d12_device_QueryInterface: {0742a90b-c387-483f-b946-30a7e4e61458} not implemented, returning E_NOINTERFACE.
4910.441:0138:0198:warn:vkd3d-proton:d3d12_device_QueryInterface: {0742a90b-c387-483f-b946-30a7e4e61458} not implemented, returning E_NOINTERFACE.
4910.473:0138:019c:warn:vkd3d-proton:d3d12_device_QueryInterface: {0742a90b-c387-483f-b946-30a7e4e61458} not implemented, returning E_NOINTERFACE.
4910.506:0138:019c:warn:vkd3d-proton:d3d12_device_QueryInterface: {0742a90b-c387-483f-b946-30a7e4e61458} not implemented, returning E_NOINTERFACE.
4910.539:0138:0194:warn:vkd3d-proton:d3d12_device_QueryInterface: {0742a90b-c387-483f-b946-30a7e4e61458} not implemented, returning E_NOINTERFACE.
4910.572:0138:019c:warn:vkd3d-proton:d3d12_device_QueryInterface: {0742a90b-c387-483f-b946-30a7e4e61458} not implemented, returning E_NOINTERFACE.
4910.608:0138:01a0:warn:vkd3d-proton:d3d12_device_QueryInterface: {0742a90b-c387-483f-b946-30a7e4e61458} not implemented, returning E_NOINTERFACE.
4910.643:0138:0198:warn:vkd3d-proton:d3d12_device_QueryInterface: {0742a90b-c387-483f-b946-30a7e4e61458} not implemented, returning E_NOINTERFACE.
4910.676:0138:019c:warn:vkd3d-proton:d3d12_device_QueryInterface: {0742a90b-c387-483f-b946-30a7e4e61458} not implemented, returning E_NOINTERFACE.
4910.706:0138:0198:warn:vkd3d-proton:d3d12_device_QueryInterface: {0742a90b-c387-483f-b946-30a7e4e61458} not implemented, returning E_NOINTERFACE.
4910.748:0138:0194:warn:vkd3d-proton:d3d12_device_QueryInterface: {0742a90b-c387-483f-b946-30a7e4e61458} not implemented, returning E_NOINTERFACE.
4910.784:0138:01a0:warn:vkd3d-proton:d3d12_device_QueryInterface: {0742a90b-c387-483f-b946-30a7e4e61458} not implemented, returning E_NOINTERFACE.
4910.819:0138:0198:warn:vkd3d-proton:d3d12_device_QueryInterface: {0742a90b-c387-483f-b946-30a7e4e61458} not implemented, returning E_NOINTERFACE.
4910.854:0138:019c:warn:vkd3d-proton:d3d12_device_QueryInterface: {0742a90b-c387-483f-b946-30a7e4e61458} not implemented, returning E_NOINTERFACE.
4910.856:0138:019c:warn:vkd3d-proton:d3d12_device_QueryInterface: {0742a90b-c387-483f-b946-30a7e4e61458} not implemented, returning E_NOINTERFACE.
4910.869:0138:01a0:warn:vkd3d-proton:d3d12_device_QueryInterface: {0742a90b-c387-483f-b946-30a7e4e61458} not implemented, returning E_NOINTERFACE.
4910.887:0138:01a0:warn:vkd3d-proton:d3d12_device_QueryInterface: {0742a90b-c387-483f-b946-30a7e4e61458} not implemented, returning E_NOINTERFACE.
4910.918:0138:0198:warn:vkd3d-proton:d3d12_device_QueryInterface: {0742a90b-c387-483f-b946-30a7e4e61458} not implemented, returning E_NOINTERFACE.
4910.949:0138:019c:warn:vkd3d-proton:d3d12_device_QueryInterface: {0742a90b-c387-483f-b946-30a7e4e61458} not implemented, returning E_NOINTERFACE.
4910.985:0138:0198:warn:vkd3d-proton:d3d12_device_QueryInterface: {0742a90b-c387-483f-b946-30a7e4e61458} not implemented, returning E_NOINTERFACE.
4911.014:0138:019c:warn:vkd3d-proton:d3d12_device_QueryInterface: {0742a90b-c387-483f-b946-30a7e4e61458} not implemented, returning E_NOINTERFACE.
4911.049:0138:0198:warn:vkd3d-proton:d3d12_device_QueryInterface: {0742a90b-c387-483f-b946-30a7e4e61458} not implemented, returning E_NOINTERFACE.
4911.087:0138:019c:warn:vkd3d-proton:d3d12_device_QueryInterface: {0742a90b-c387-483f-b946-30a7e4e61458} not implemented, returning E_NOINTERFACE.
4911.122:0138:0198:warn:vkd3d-proton:d3d12_device_QueryInterface: {0742a90b-c387-483f-b946-30a7e4e61458} not implemented, returning E_NOINTERFACE.
4911.154:0138:01a0:warn:vkd3d-proton:d3d12_device_QueryInterface: {0742a90b-c387-483f-b946-30a7e4e61458} not implemented, returning E_NOINTERFACE.
4911.185:0138:0194:warn:vkd3d-proton:d3d12_device_QueryInterface: {0742a90b-c387-483f-b946-30a7e4e61458} not implemented, returning E_NOINTERFACE.
4911.220:0138:0198:warn:vkd3d-proton:d3d12_device_QueryInterface: {0742a90b-c387-483f-b946-30a7e4e61458} not implemented, returning E_NOINTERFACE.
4911.252:0138:01a0:warn:vkd3d-proton:d3d12_device_QueryInterface: {0742a90b-c387-483f-b946-30a7e4e61458} not implemented, returning E_NOINTERFACE.
4911.282:0138:019c:warn:vkd3d-proton:d3d12_device_QueryInterface: {0742a90b-c387-483f-b946-30a7e4e61458} not implemented, returning E_NOINTERFACE.
4911.315:0138:0194:warn:vkd3d-proton:d3d12_device_QueryInterface: {0742a90b-c387-483f-b946-30a7e4e61458} not implemented, returning E_NOINTERFACE.
4911.348:0138:0198:warn:vkd3d-proton:d3d12_device_QueryInterface: {0742a90b-c387-483f-b946-30a7e4e61458} not implemented, returning E_NOINTERFACE.
4911.381:0138:019c:warn:vkd3d-proton:d3d12_device_QueryInterface: {0742a90b-c387-483f-b946-30a7e4e61458} not implemented, returning E_NOINTERFACE.
4911.415:0138:01a0:warn:vkd3d-proton:d3d12_device_QueryInterface: {0742a90b-c387-483f-b946-30a7e4e61458} not implemented, returning E_NOINTERFACE.
4911.419:0138:01a0:warn:vkd3d-proton:d3d12_device_QueryInterface: {0742a90b-c387-483f-b946-30a7e4e61458} not implemented, returning E_NOINTERFACE.
4911.454:0138:0194:warn:vkd3d-proton:d3d12_device_QueryInterface: {0742a90b-c387-483f-b946-30a7e4e61458} not implemented, returning E_NOINTERFACE.
4911.485:0138:0198:warn:vkd3d-proton:d3d12_device_QueryInterface: {0742a90b-c387-483f-b946-30a7e4e61458} not implemented, returning E_NOINTERFACE.
4911.517:0138:01a0:warn:vkd3d-proton:d3d12_device_QueryInterface: {0742a90b-c387-483f-b946-30a7e4e61458} not implemented, returning E_NOINTERFACE.
4911.550:0138:0194:warn:vkd3d-proton:d3d12_device_QueryInterface: {0742a90b-c387-483f-b946-30a7e4e61458} not implemented, returning E_NOINTERFACE.
4911.584:0138:01a0:warn:vkd3d-proton:d3d12_device_QueryInterface: {0742a90b-c387-483f-b946-30a7e4e61458} not implemented, returning E_NOINTERFACE.
4911.616:0138:019c:warn:vkd3d-proton:d3d12_device_QueryInterface: {0742a90b-c387-483f-b946-30a7e4e61458} not implemented, returning E_NOINTERFACE.
4911.655:0138:0198:warn:vkd3d-proton:d3d12_device_QueryInterface: {0742a90b-c387-483f-b946-30a7e4e61458} not implemented, returning E_NOINTERFACE.
4911.694:0138:01a0:warn:vkd3d-proton:d3d12_device_QueryInterface: {0742a90b-c387-483f-b946-30a7e4e61458} not implemented, returning E_NOINTERFACE.
4911.722:0138:0198:warn:vkd3d-proton:d3d12_device_QueryInterface: {0742a90b-c387-483f-b946-30a7e4e61458} not implemented, returning E_NOINTERFACE.
4911.757:0138:01a0:warn:vkd3d-proton:d3d12_device_QueryInterface: {0742a90b-c387-483f-b946-30a7e4e61458} not implemented, returning E_NOINTERFACE.
4911.788:0138:0194:warn:vkd3d-proton:d3d12_device_QueryInterface: {0742a90b-c387-483f-b946-30a7e4e61458} not implemented, returning E_NOINTERFACE.
4911.821:0138:0198:warn:vkd3d-proton:d3d12_device_QueryInterface: {0742a90b-c387-483f-b946-30a7e4e61458} not implemented, returning E_NOINTERFACE.
4911.854:0138:01a0:warn:vkd3d-proton:d3d12_device_QueryInterface: {0742a90b-c387-483f-b946-30a7e4e61458} not implemented, returning E_NOINTERFACE.
4911.887:0138:019c:warn:vkd3d-proton:d3d12_device_QueryInterface: {0742a90b-c387-483f-b946-30a7e4e61458} not implemented, returning E_NOINTERFACE.
4911.923:0138:0198:warn:vkd3d-proton:d3d12_device_QueryInterface: {0742a90b-c387-483f-b946-30a7e4e61458} not implemented, returning E_NOINTERFACE.
4911.960:0138:019c:warn:vkd3d-proton:d3d12_device_QueryInterface: {0742a90b-c387-483f-b946-30a7e4e61458} not implemented, returning E_NOINTERFACE.
4912.000:0138:01a0:warn:vkd3d-proton:d3d12_device_QueryInterface: {0742a90b-c387-483f-b946-30a7e4e61458} not implemented, returning E_NOINTERFACE.
4912.034:0138:019c:warn:vkd3d-proton:d3d12_device_QueryInterface: {0742a90b-c387-483f-b946-30a7e4e61458} not implemented, returning E_NOINTERFACE.
4912.067:0138:0198:warn:vkd3d-proton:d3d12_device_QueryInterface: {0742a90b-c387-483f-b946-30a7e4e61458} not implemented, returning E_NOINTERFACE.
4912.103:0138:01a0:warn:vkd3d-proton:d3d12_device_QueryInterface: {0742a90b-c387-483f-b946-30a7e4e61458} not implemented, returning E_NOINTERFACE.
4912.134:0138:0194:warn:vkd3d-proton:d3d12_device_QueryInterface: {0742a90b-c387-483f-b946-30a7e4e61458} not implemented, returning E_NOINTERFACE.
4912.170:0138:0198:warn:vkd3d-proton:d3d12_device_QueryInterface: {0742a90b-c387-483f-b946-30a7e4e61458} not implemented, returning E_NOINTERFACE.
4912.203:0138:019c:warn:vkd3d-proton:d3d12_device_QueryInterface: {0742a90b-c387-483f-b946-30a7e4e61458} not implemented, returning E_NOINTERFACE.
4912.239:0138:0198:warn:vkd3d-proton:d3d12_device_QueryInterface: {0742a90b-c387-483f-b946-30a7e4e61458} not implemented, returning E_NOINTERFACE.
4912.275:0138:01a0:warn:vkd3d-proton:d3d12_device_QueryInterface: {0742a90b-c387-483f-b946-30a7e4e61458} not implemented, returning E_NOINTERFACE.
4912.311:0138:0198:warn:vkd3d-proton:d3d12_device_QueryInterface: {0742a90b-c387-483f-b946-30a7e4e61458} not implemented, returning E_NOINTERFACE.
4912.349:0138:0194:warn:vkd3d-proton:d3d12_device_QueryInterface: {0742a90b-c387-483f-b946-30a7e4e61458} not implemented, returning E_NOINTERFACE.
4912.388:0138:019c:warn:vkd3d-proton:d3d12_device_QueryInterface: {0742a90b-c387-483f-b946-30a7e4e61458} not implemented, returning E_NOINTERFACE.
4912.420:0138:0198:warn:vkd3d-proton:d3d12_device_QueryInterface: {0742a90b-c387-483f-b946-30a7e4e61458} not implemented, returning E_NOINTERFACE.
4912.457:0138:0194:warn:vkd3d-proton:d3d12_device_QueryInterface: {0742a90b-c387-483f-b946-30a7e4e61458} not implemented, returning E_NOINTERFACE.
4912.494:0138:0198:warn:vkd3d-proton:d3d12_device_QueryInterface: {0742a90b-c387-483f-b946-30a7e4e61458} not implemented, returning E_NOINTERFACE.
4912.523:0138:01a0:warn:vkd3d-proton:d3d12_device_QueryInterface: {0742a90b-c387-483f-b946-30a7e4e61458} not implemented, returning E_NOINTERFACE.
4912.558:0138:0194:warn:vkd3d-proton:d3d12_device_QueryInterface: {0742a90b-c387-483f-b946-30a7e4e61458} not implemented, returning E_NOINTERFACE.
4912.590:0138:019c:warn:vkd3d-proton:d3d12_device_QueryInterface: {0742a90b-c387-483f-b946-30a7e4e61458} not implemented, returning E_NOINTERFACE.
4912.621:0138:01a0:warn:vkd3d-proton:d3d12_device_QueryInterface: {0742a90b-c387-483f-b946-30a7e4e61458} not implemented, returning E_NOINTERFACE.
4912.660:0138:0194:warn:vkd3d-proton:d3d12_device_QueryInterface: {0742a90b-c387-483f-b946-30a7e4e61458} not implemented, returning E_NOINTERFACE.
4912.698:0138:019c:warn:vkd3d-proton:d3d12_device_QueryInterface: {0742a90b-c387-483f-b946-30a7e4e61458} not implemented, returning E_NOINTERFACE.
4912.739:0138:0198:warn:vkd3d-proton:d3d12_device_QueryInterface: {0742a90b-c387-483f-b946-30a7e4e61458} not implemented, returning E_NOINTERFACE.
4912.770:0138:0194:warn:vkd3d-proton:d3d12_device_QueryInterface: {0742a90b-c387-483f-b946-30a7e4e61458} not implemented, returning E_NOINTERFACE.
4912.804:0138:01a0:warn:vkd3d-proton:d3d12_device_QueryInterface: {0742a90b-c387-483f-b946-30a7e4e61458} not implemented, returning E_NOINTERFACE.
4912.836:0138:0198:warn:vkd3d-proton:d3d12_device_QueryInterface: {0742a90b-c387-483f-b946-30a7e4e61458} not implemented, returning E_NOINTERFACE.
4912.877:0138:019c:warn:vkd3d-proton:d3d12_device_QueryInterface: {0742a90b-c387-483f-b946-30a7e4e61458} not implemented, returning E_NOINTERFACE.
4912.914:0138:0194:warn:vkd3d-proton:d3d12_device_QueryInterface: {0742a90b-c387-483f-b946-30a7e4e61458} not implemented, returning E_NOINTERFACE.
4912.947:0138:0198:warn:vkd3d-proton:d3d12_device_QueryInterface: {0742a90b-c387-483f-b946-30a7e4e61458} not implemented, returning E_NOINTERFACE.
4912.980:0138:01a0:warn:vkd3d-proton:d3d12_device_QueryInterface: {0742a90b-c387-483f-b946-30a7e4e61458} not implemented, returning E_NOINTERFACE.
4913.017:0138:019c:warn:vkd3d-proton:d3d12_device_QueryInterface: {0742a90b-c387-483f-b946-30a7e4e61458} not implemented, returning E_NOINTERFACE.
4913.052:0138:0194:warn:vkd3d-proton:d3d12_device_QueryInterface: {0742a90b-c387-483f-b946-30a7e4e61458} not implemented, returning E_NOINTERFACE.
4913.088:0138:0198:warn:vkd3d-proton:d3d12_device_QueryInterface: {0742a90b-c387-483f-b946-30a7e4e61458} not implemented, returning E_NOINTERFACE.
4913.123:0138:0194:warn:vkd3d-proton:d3d12_device_QueryInterface: {0742a90b-c387-483f-b946-30a7e4e61458} not implemented, returning E_NOINTERFACE.
4913.161:0138:01a0:warn:vkd3d-proton:d3d12_device_QueryInterface: {0742a90b-c387-483f-b946-30a7e4e61458} not implemented, returning E_NOINTERFACE.
4913.196:0138:0198:warn:vkd3d-proton:d3d12_device_QueryInterface: {0742a90b-c387-483f-b946-30a7e4e61458} not implemented, returning E_NOINTERFACE.
4913.232:0138:01a0:warn:vkd3d-proton:d3d12_device_QueryInterface: {0742a90b-c387-483f-b946-30a7e4e61458} not implemented, returning E_NOINTERFACE.
4913.265:0138:019c:warn:vkd3d-proton:d3d12_device_QueryInterface: {0742a90b-c387-483f-b946-30a7e4e61458} not implemented, returning E_NOINTERFACE.
4913.300:0138:0194:warn:vkd3d-proton:d3d12_device_QueryInterface: {0742a90b-c387-483f-b946-30a7e4e61458} not implemented, returning E_NOINTERFACE.
4913.335:0138:01a0:warn:vkd3d-proton:d3d12_device_QueryInterface: {0742a90b-c387-483f-b946-30a7e4e61458} not implemented, returning E_NOINTERFACE.
4913.372:0138:0194:warn:vkd3d-proton:d3d12_device_QueryInterface: {0742a90b-c387-483f-b946-30a7e4e61458} not implemented, returning E_NOINTERFACE.
4913.408:0138:0198:warn:vkd3d-proton:d3d12_device_QueryInterface: {0742a90b-c387-483f-b946-30a7e4e61458} not implemented, returning E_NOINTERFACE.
4913.446:0138:019c:warn:vkd3d-proton:d3d12_device_QueryInterface: {0742a90b-c387-483f-b946-30a7e4e61458} not implemented, returning E_NOINTERFACE.
4913.476:0138:01a0:warn:vkd3d-proton:d3d12_device_QueryInterface: {0742a90b-c387-483f-b946-30a7e4e61458} not implemented, returning E_NOINTERFACE.
4913.518:0138:0198:warn:vkd3d-proton:d3d12_device_QueryInterface: {0742a90b-c387-483f-b946-30a7e4e61458} not implemented, returning E_NOINTERFACE.
4913.550:0138:0194:warn:vkd3d-proton:d3d12_device_QueryInterface: {0742a90b-c387-483f-b946-30a7e4e61458} not implemented, returning E_NOINTERFACE.
4913.588:0138:01a0:warn:vkd3d-proton:d3d12_device_QueryInterface: {0742a90b-c387-483f-b946-30a7e4e61458} not implemented, returning E_NOINTERFACE.
4913.622:0138:0194:warn:vkd3d-proton:d3d12_device_QueryInterface: {0742a90b-c387-483f-b946-30a7e4e61458} not implemented, returning E_NOINTERFACE.
4913.661:0138:019c:warn:vkd3d-proton:d3d12_device_QueryInterface: {0742a90b-c387-483f-b946-30a7e4e61458} not implemented, returning E_NOINTERFACE.
4913.695:0138:01a0:warn:vkd3d-proton:d3d12_device_QueryInterface: {0742a90b-c387-483f-b946-30a7e4e61458} not implemented, returning E_NOINTERFACE.
4913.729:0138:019c:warn:vkd3d-proton:d3d12_device_QueryInterface: {0742a90b-c387-483f-b946-30a7e4e61458} not implemented, returning E_NOINTERFACE.
4913.751:0138:0194:warn:vkd3d-proton:d3d12_device_QueryInterface: {0742a90b-c387-483f-b946-30a7e4e61458} not implemented, returning E_NOINTERFACE.
4913.777:0138:01a0:warn:vkd3d-proton:d3d12_device_QueryInterface: {0742a90b-c387-483f-b946-30a7e4e61458} not implemented, returning E_NOINTERFACE.
4913.801:0138:0198:warn:vkd3d-proton:d3d12_device_QueryInterface: {0742a90b-c387-483f-b946-30a7e4e61458} not implemented, returning E_NOINTERFACE.
4913.828:0138:019c:warn:vkd3d-proton:d3d12_device_QueryInterface: {0742a90b-c387-483f-b946-30a7e4e61458} not implemented, returning E_NOINTERFACE.
4913.862:0138:0194:warn:vkd3d-proton:d3d12_device_QueryInterface: {0742a90b-c387-483f-b946-30a7e4e61458} not implemented, returning E_NOINTERFACE.
4913.893:0138:0198:warn:vkd3d-proton:d3d12_device_QueryInterface: {0742a90b-c387-483f-b946-30a7e4e61458} not implemented, returning E_NOINTERFACE.
4913.923:0138:01a0:warn:vkd3d-proton:d3d12_device_QueryInterface: {0742a90b-c387-483f-b946-30a7e4e61458} not implemented, returning E_NOINTERFACE.
4913.953:0138:0194:warn:vkd3d-proton:d3d12_device_QueryInterface: {0742a90b-c387-483f-b946-30a7e4e61458} not implemented, returning E_NOINTERFACE.
4913.980:0138:01a0:warn:vkd3d-proton:d3d12_device_QueryInterface: {0742a90b-c387-483f-b946-30a7e4e61458} not implemented, returning E_NOINTERFACE.
4914.012:0138:0194:warn:vkd3d-proton:d3d12_device_QueryInterface: {0742a90b-c387-483f-b946-30a7e4e61458} not implemented, returning E_NOINTERFACE.
4914.045:0138:0198:warn:vkd3d-proton:d3d12_device_QueryInterface: {0742a90b-c387-483f-b946-30a7e4e61458} not implemented, returning E_NOINTERFACE.
4914.081:0138:019c:warn:vkd3d-proton:d3d12_device_QueryInterface: {0742a90b-c387-483f-b946-30a7e4e61458} not implemented, returning E_NOINTERFACE.
4914.113:0138:0194:warn:vkd3d-proton:d3d12_device_QueryInterface: {0742a90b-c387-483f-b946-30a7e4e61458} not implemented, returning E_NOINTERFACE.
4914.146:0138:01a0:warn:vkd3d-proton:d3d12_device_QueryInterface: {0742a90b-c387-483f-b946-30a7e4e61458} not implemented, returning E_NOINTERFACE.
4914.178:0138:0194:warn:vkd3d-proton:d3d12_device_QueryInterface: {0742a90b-c387-483f-b946-30a7e4e61458} not implemented, returning E_NOINTERFACE.
4914.212:0138:01a0:warn:vkd3d-proton:d3d12_device_QueryInterface: {0742a90b-c387-483f-b946-30a7e4e61458} not implemented, returning E_NOINTERFACE.
4914.244:0138:0194:warn:vkd3d-proton:d3d12_device_QueryInterface: {0742a90b-c387-483f-b946-30a7e4e61458} not implemented, returning E_NOINTERFACE.
4914.277:0138:0198:warn:vkd3d-proton:d3d12_device_QueryInterface: {0742a90b-c387-483f-b946-30a7e4e61458} not implemented, returning E_NOINTERFACE.
4914.309:0138:019c:warn:vkd3d-proton:d3d12_device_QueryInterface: {0742a90b-c387-483f-b946-30a7e4e61458} not implemented, returning E_NOINTERFACE.
4914.341:0138:0194:warn:vkd3d-proton:d3d12_device_QueryInterface: {0742a90b-c387-483f-b946-30a7e4e61458} not implemented, returning E_NOINTERFACE.
4914.373:0138:01a0:warn:vkd3d-proton:d3d12_device_QueryInterface: {0742a90b-c387-483f-b946-30a7e4e61458} not implemented, returning E_NOINTERFACE.
4914.405:0138:019c:warn:vkd3d-proton:d3d12_device_QueryInterface: {0742a90b-c387-483f-b946-30a7e4e61458} not implemented, returning E_NOINTERFACE.
4914.438:0138:01a0:warn:vkd3d-proton:d3d12_device_QueryInterface: {0742a90b-c387-483f-b946-30a7e4e61458} not implemented, returning E_NOINTERFACE.
4914.473:0138:0198:warn:vkd3d-proton:d3d12_device_QueryInterface: {0742a90b-c387-483f-b946-30a7e4e61458} not implemented, returning E_NOINTERFACE.
4914.505:0138:0194:warn:vkd3d-proton:d3d12_device_QueryInterface: {0742a90b-c387-483f-b946-30a7e4e61458} not implemented, returning E_NOINTERFACE.
4915.570:0138:01a0:warn:vkd3d-proton:d3d12_device_QueryInterface: {0742a90b-c387-483f-b946-30a7e4e61458} not implemented, returning E_NOINTERFACE.
4915.646:0138:0194:warn:vkd3d-proton:d3d12_device_QueryInterface: {0742a90b-c387-483f-b946-30a7e4e61458} not implemented, returning E_NOINTERFACE.
4915.682:0138:0198:warn:vkd3d-proton:d3d12_device_QueryInterface: {0742a90b-c387-483f-b946-30a7e4e61458} not implemented, returning E_NOINTERFACE.
4915.708:0138:019c:warn:vkd3d-proton:d3d12_device_QueryInterface: {0742a90b-c387-483f-b946-30a7e4e61458} not implemented, returning E_NOINTERFACE.
4915.742:0138:0198:warn:vkd3d-proton:d3d12_device_QueryInterface: {0742a90b-c387-483f-b946-30a7e4e61458} not implemented, returning E_NOINTERFACE.
4915.771:0138:0194:warn:vkd3d-proton:d3d12_device_QueryInterface: {0742a90b-c387-483f-b946-30a7e4e61458} not implemented, returning E_NOINTERFACE.
4915.796:0138:019c:warn:vkd3d-proton:d3d12_device_QueryInterface: {0742a90b-c387-483f-b946-30a7e4e61458} not implemented, returning E_NOINTERFACE.
4915.822:0138:0194:warn:vkd3d-proton:d3d12_device_QueryInterface: {0742a90b-c387-483f-b946-30a7e4e61458} not implemented, returning E_NOINTERFACE.
4915.849:0138:0198:warn:vkd3d-proton:d3d12_device_QueryInterface: {0742a90b-c387-483f-b946-30a7e4e61458} not implemented, returning E_NOINTERFACE.
4915.854:0138:0194:warn:vkd3d-proton:d3d12_device_QueryInterface: {0742a90b-c387-483f-b946-30a7e4e61458} not implemented, returning E_NOINTERFACE.
4915.882:0138:019c:warn:vkd3d-proton:d3d12_device_QueryInterface: {0742a90b-c387-483f-b946-30a7e4e61458} not implemented, returning E_NOINTERFACE.
4915.891:0138:019c:warn:vkd3d-proton:d3d12_device_QueryInterface: {0742a90b-c387-483f-b946-30a7e4e61458} not implemented, returning E_NOINTERFACE.
4915.915:0138:01a0:warn:vkd3d-proton:d3d12_device_QueryInterface: {0742a90b-c387-483f-b946-30a7e4e61458} not implemented, returning E_NOINTERFACE.
4915.923:0138:0194:warn:vkd3d-proton:d3d12_device_QueryInterface: {0742a90b-c387-483f-b946-30a7e4e61458} not implemented, returning E_NOINTERFACE.
4915.950:0138:0198:warn:vkd3d-proton:d3d12_device_QueryInterface: {0742a90b-c387-483f-b946-30a7e4e61458} not implemented, returning E_NOINTERFACE.
4915.958:0138:0198:warn:vkd3d-proton:d3d12_device_QueryInterface: {0742a90b-c387-483f-b946-30a7e4e61458} not implemented, returning E_NOINTERFACE.
4915.984:0138:019c:warn:vkd3d-proton:d3d12_device_QueryInterface: {0742a90b-c387-483f-b946-30a7e4e61458} not implemented, returning E_NOINTERFACE.
4915.992:0138:019c:warn:vkd3d-proton:d3d12_device_QueryInterface: {0742a90b-c387-483f-b946-30a7e4e61458} not implemented, returning E_NOINTERFACE.
4916.017:0138:01a0:warn:vkd3d-proton:d3d12_device_QueryInterface: {0742a90b-c387-483f-b946-30a7e4e61458} not implemented, returning E_NOINTERFACE.
4916.044:0138:019c:warn:vkd3d-proton:d3d12_device_QueryInterface: {0742a90b-c387-483f-b946-30a7e4e61458} not implemented, returning E_NOINTERFACE.
4916.048:0138:01a0:warn:vkd3d-proton:d3d12_device_QueryInterface: {0742a90b-c387-483f-b946-30a7e4e61458} not implemented, returning E_NOINTERFACE.
4916.076:0138:0194:warn:vkd3d-proton:d3d12_device_QueryInterface: {0742a90b-c387-483f-b946-30a7e4e61458} not implemented, returning E_NOINTERFACE.
4916.082:0138:0198:warn:vkd3d-proton:d3d12_device_QueryInterface: {0742a90b-c387-483f-b946-30a7e4e61458} not implemented, returning E_NOINTERFACE.
4916.110:0138:0194:warn:vkd3d-proton:d3d12_device_QueryInterface: {0742a90b-c387-483f-b946-30a7e4e61458} not implemented, returning E_NOINTERFACE.
4916.114:0138:019c:warn:vkd3d-proton:d3d12_device_QueryInterface: {0742a90b-c387-483f-b946-30a7e4e61458} not implemented, returning E_NOINTERFACE.
4916.124:0138:0194:warn:vkd3d-proton:d3d12_device_QueryInterface: {0742a90b-c387-483f-b946-30a7e4e61458} not implemented, returning E_NOINTERFACE.
4916.149:0138:01a0:warn:vkd3d-proton:d3d12_device_QueryInterface: {0742a90b-c387-483f-b946-30a7e4e61458} not implemented, returning E_NOINTERFACE.
4916.159:0138:01a0:warn:vkd3d-proton:d3d12_device_QueryInterface: {0742a90b-c387-483f-b946-30a7e4e61458} not implemented, returning E_NOINTERFACE.
4916.186:0138:019c:warn:vkd3d-proton:d3d12_device_QueryInterface: {0742a90b-c387-483f-b946-30a7e4e61458} not implemented, returning E_NOINTERFACE.
4916.210:0138:0194:warn:vkd3d-proton:d3d12_device_QueryInterface: {0742a90b-c387-483f-b946-30a7e4e61458} not implemented, returning E_NOINTERFACE.
4916.214:0138:0194:warn:vkd3d-proton:d3d12_device_QueryInterface: {0742a90b-c387-483f-b946-30a7e4e61458} not implemented, returning E_NOINTERFACE.
4916.223:0138:0198:warn:vkd3d-proton:d3d12_device_QueryInterface: {0742a90b-c387-483f-b946-30a7e4e61458} not implemented, returning E_NOINTERFACE.
4916.264:0138:019c:warn:vkd3d-proton:d3d12_device_QueryInterface: {0742a90b-c387-483f-b946-30a7e4e61458} not implemented, returning E_NOINTERFACE.
4916.352:0138:0198:warn:vkd3d-proton:d3d12_device_QueryInterface: {0742a90b-c387-483f-b946-30a7e4e61458} not implemented, returning E_NOINTERFACE.
4916.423:0138:019c:warn:vkd3d-proton:d3d12_device_QueryInterface: {0742a90b-c387-483f-b946-30a7e4e61458} not implemented, returning E_NOINTERFACE.
4916.452:0138:0194:warn:vkd3d-proton:d3d12_device_QueryInterface: {0742a90b-c387-483f-b946-30a7e4e61458} not implemented, returning E_NOINTERFACE.
4916.484:0138:019c:warn:vkd3d-proton:d3d12_device_QueryInterface: {0742a90b-c387-483f-b946-30a7e4e61458} not implemented, returning E_NOINTERFACE.
4916.511:0138:0198:warn:vkd3d-proton:d3d12_device_QueryInterface: {0742a90b-c387-483f-b946-30a7e4e61458} not implemented, returning E_NOINTERFACE.
4916.541:0138:019c:warn:vkd3d-proton:d3d12_device_QueryInterface: {0742a90b-c387-483f-b946-30a7e4e61458} not implemented, returning E_NOINTERFACE.
4916.574:0138:0198:warn:vkd3d-proton:d3d12_device_QueryInterface: {0742a90b-c387-483f-b946-30a7e4e61458} not implemented, returning E_NOINTERFACE.
4916.602:0138:01a0:warn:vkd3d-proton:d3d12_device_QueryInterface: {0742a90b-c387-483f-b946-30a7e4e61458} not implemented, returning E_NOINTERFACE.
4916.628:0138:0198:warn:vkd3d-proton:d3d12_device_QueryInterface: {0742a90b-c387-483f-b946-30a7e4e61458} not implemented, returning E_NOINTERFACE.
4916.659:0138:0194:warn:vkd3d-proton:d3d12_device_QueryInterface: {0742a90b-c387-483f-b946-30a7e4e61458} not implemented, returning E_NOINTERFACE.
4916.686:0138:01a0:warn:vkd3d-proton:d3d12_device_QueryInterface: {0742a90b-c387-483f-b946-30a7e4e61458} not implemented, returning E_NOINTERFACE.
4916.720:0138:019c:warn:vkd3d-proton:d3d12_device_QueryInterface: {0742a90b-c387-483f-b946-30a7e4e61458} not implemented, returning E_NOINTERFACE.
D 194 Reconstructing context
D 194 pc: 7FFE78144ED0 rip: 6FFFF50BFF11
D 194 Rethrowing onto guest stack: 7CACDF60
D 1A0 Reconstructing context
D 198 Reconstructing context
D 1A0 pc: 7FFE78144ED0 rip: 6FFFF50BFF11
D 198 pc: 7FFE78144ED0 rip: 6FFFF50BFF11
D 1A0 Rethrowing onto guest stack: 7CDCF5A0
D 198 Rethrowing onto guest stack: 7CBCF5A0
D 19C Reconstructing context
D 19C pc: 7FFE78144ED0 rip: 6FFFF50BFF11
D 19C Rethrowing onto guest stack: 7CCCF5A0
D 174 Suspending: RIP: 142F4FBF0 SP: 6FE6EF38
D 160 Suspending: RIP: 140FB629F SP: 2B94F3D0
