# date: 2026-10-04T22:46:10+08:00
# mode: patched
# VK_DRIVER_FILES=/var/home/armada/opencode/turnip-a7xx-dx12/../build/out/freedreno_icd.json
# vkd3d-proton: master-сборка 535b1d247b3fe395 (native-override)
# devices (name | sparseResidencyImage2D):
#   Turnip Adreno (TM) 740  | true
# ---
ProtonFixes[22944] INFO: Running protonfixes on "cachyos-11.0-20260703-slr", build at 2026-07-21 23:36:49+00:00.
ProtonFixes[22944] INFO: Running checks
ProtonFixes[22944] INFO: All checks successful
ProtonFixes[22944] INFO: Using early stage global defaults for UNKNOWN (1716740)
ProtonFixes[22944] INFO: Using early stage global protonfix for UNKNOWN (1716740)
ProtonFixes[22944] INFO: Setting up FSR4 version default.
ProtonFixes[22944] INFO: Automatic FSR4 upgrade enabled.
ProtonFixes[22944] INFO: Running protonfixes on "cachyos-11.0-20260703-slr", build at 2026-07-21 23:36:49+00:00.
ProtonFixes[22944] INFO: Running checks
ProtonFixes[22944] INFO: All checks successful
ProtonFixes[22944] INFO: Using main stage global defaults for UNKNOWN (1716740)
ProtonFixes[22944] INFO: Using main stage global protonfix for UNKNOWN (1716740)
ntsync: up and running.
ATTENTION: default value of option tu_override_uncached_as_cache_coherent overridden by environment.
warn:  CreateDXGIFactory2: Ignoring flags
info:  Game: Starfield.exe
info:  DXVK: v3.0.2-2-g0ff9cd328ca23b4
info:  Build: aarch64 clang 22.1.8
info:  Vulkan: Found vkGetInstanceProcAddr in winevulkan.dll @ 0x6ffff57e0cc0
info:  Extension providers:
info:    Platform WSI
info:    OpenVR
info:  OpenVR: could not open registry key, status 2
warn:  OpenVR: Failed to initialize OpenVR
info:    OpenXR
warn:  OpenXR: Unable to get required Vulkan instance extensions size
info:  Enabled instance extensions:
info:    VK_KHR_get_surface_capabilities2
info:    VK_KHR_surface
info:    VK_KHR_surface_maintenance1
info:    VK_KHR_win32_surface
ATTENTION: default value of option tu_override_uncached_as_cache_coherent overridden by environment.
ATTENTION: default value of option tu_override_uncached_as_cache_coherent overridden by environment.
info:  Found device: Turnip Adreno (TM) 740 (turnip Mesa driver 26.2.3)
warn:  OpenXR: Unable to get required Vulkan Device extensions size
info:  XeSS: hiding Intel GPU Vendor ID
warn:  DxgiAdapter::QueryInterface: Unknown interface query
warn:  f0db4c7f-fe5a-42a2-bd62-f2a6cf6fc83e
5448.731:0138:013c:warn:vkd3d-proton:openvr_instance_extensions: Failed to open VR registry key, status 2.
5448.733:0138:013c:warn:vkd3d-proton:openxr_vulkan_extensions: Failed to get OpenXR extensions size from wineopenxr.
5448.751:0138:013c:info:vkd3d-proton:vkd3d_instance_apply_application_workarounds: Detected game Starfield.exe, adding 4 configs, removing 0 configs.
5448.751:0138:013c:info:vkd3d-proton:vkd3d_instance_apply_application_workarounds: Detected game Starfield.exe, adding shader quirks for specific shaders.
5448.751:0138:013c:info:vkd3d-proton:vkd3d_instance_deduce_config_flags_from_environment: shader_cache is used, global_pipeline_cache is enforced.
5448.752:0138:013c:info:vkd3d-proton:vkd3d_config_flags_init_once: VKD3D_CONFIG=''.
5448.754:0138:013c:info:vkd3d-proton:vkd3d_get_vk_version: vkd3d-proton - applicationVersion: 3.1.0.
5448.754:0138:013c:info:vkd3d-proton:vkd3d_instance_init: vkd3d-proton - build: 31d1f89ca5b3f2f+.
ATTENTION: default value of option tu_override_uncached_as_cache_coherent overridden by environment.
5448.760:0138:013c:warn:vkd3d-proton:openvr_device_extensions: Failed to open VR registry key, status 2.
5448.760:0138:013c:warn:vkd3d-proton:openxr_vulkan_extensions: Failed to get OpenXR extensions size from wineopenxr.
5448.858:0138:013c:info:vkd3d-proton:vkd3d_physical_device_info_init_maint9: Implementation supports eliding QFOT for non-compressed optimal images.
5448.859:0138:013c:info:vkd3d-proton:vkd3d_init_device_caps: Not all relevant pipeline stages are supported by EXT_dgc. Skipping.
5448.872:0138:013c:info:vkd3d-proton:vkd3d_memory_info_decide_hvv_usage: Topology: UMA-like topology.
5448.872:0138:013c:info:vkd3d-proton:vkd3d_memory_info_upload_hvv_memory_properties: Topology: HVV usage is allowed, using DEVICE_LOCAL | HOST_COHERENT for UPLOAD.
5448.876:0138:013c:info:vkd3d-proton:vkd3d_bindless_state_get_bindless_flags: Device supports VK_EXT_mutable_descriptor_type.
5448.876:0138:013c:info:vkd3d-proton:vkd3d_bindless_state_add_binding: Device supports VK_EXT_descriptor_buffer!
5448.877:0138:013c:info:vkd3d-proton:vkd3d_bindless_state_add_binding: Device supports VK_EXT_descriptor_buffer!
5448.877:0138:013c:info:vkd3d-proton:vkd3d_bindless_state_add_binding: Device supports VK_EXT_descriptor_buffer!
5448.936:0138:013c:info:vkd3d-proton:d3d12_device_caps_init_shader_model: Enabling support for SM 6.6.
5448.937:0138:013c:warn:vkd3d-proton:d3d12_device_caps_init_feature_options1: No device info available for TotalLaneCount = 4096.
5448.937:0138:013c:fixme:vkd3d-proton:d3d12_device_caps_init_feature_options1: TotalLaneCount = 4096, may be inaccurate.
5448.946:0138:013c:info:vkd3d-proton:vkd3d_pipeline_library_init_disk_cache: Remapping VKD3D_SHADER_CACHE to: vkd3d-proton.cache.
5448.946:0138:013c:info:vkd3d-proton:vkd3d_pipeline_library_init_disk_cache: Attempting to load disk cache from: vkd3d-proton.cache.
5448.947:0138:013c:warn:vkd3d-proton:d3d12_device_create: Feature level 0xc200 is not supported.
5448.956:0138:0148:info:vkd3d-proton:vkd3d_pipeline_library_disk_thread_main: Performing async setup of stream archive ...
5448.965:0138:0148:info:vkd3d-proton:vkd3d_pipeline_library_disk_cache_merge: No write cache exists. No need to merge any disk caches.
5448.967:0138:0148:info:vkd3d-proton:vkd3d_pipeline_library_disk_cache_initial_setup: Merging pipeline libraries took 7.009 ms.
5448.976:0138:0148:info:vkd3d-proton:vkd3d_pipeline_library_disk_cache_initial_setup: Mapping read-only cache took 0.761 ms.
5448.978:0138:0148:info:vkd3d-proton:d3d12_pipeline_library_read_blob_stream_format: Device teardown request received, stopping parse early.
5448.978:0138:0148:info:vkd3d-proton:vkd3d_pipeline_library_disk_cache_initial_setup: Parsing stream archive took 0.201 ms.
5448.978:0138:0148:info:vkd3d-proton:vkd3d_pipeline_library_disk_thread_main: Done performing async setup of stream archive.
5448.989:0138:013c:warn:vkd3d-proton:openvr_instance_extensions: Failed to open VR registry key, status 2.
5448.989:0138:013c:warn:vkd3d-proton:openxr_vulkan_extensions: Failed to get OpenXR extensions size from wineopenxr.
5448.992:0138:013c:info:vkd3d-proton:vkd3d_get_vk_version: vkd3d-proton - applicationVersion: 3.1.0.
5448.992:0138:013c:info:vkd3d-proton:vkd3d_instance_init: vkd3d-proton - build: 31d1f89ca5b3f2f+.
ATTENTION: default value of option tu_override_uncached_as_cache_coherent overridden by environment.
5448.996:0138:013c:warn:vkd3d-proton:openvr_device_extensions: Failed to open VR registry key, status 2.
5448.996:0138:013c:warn:vkd3d-proton:openxr_vulkan_extensions: Failed to get OpenXR extensions size from wineopenxr.
5449.085:0138:013c:info:vkd3d-proton:vkd3d_physical_device_info_init_maint9: Implementation supports eliding QFOT for non-compressed optimal images.
5449.085:0138:013c:info:vkd3d-proton:vkd3d_init_device_caps: Not all relevant pipeline stages are supported by EXT_dgc. Skipping.
5449.092:0138:013c:info:vkd3d-proton:vkd3d_memory_info_decide_hvv_usage: Topology: UMA-like topology.
5449.092:0138:013c:info:vkd3d-proton:vkd3d_memory_info_upload_hvv_memory_properties: Topology: HVV usage is allowed, using DEVICE_LOCAL | HOST_COHERENT for UPLOAD.
5449.093:0138:013c:info:vkd3d-proton:vkd3d_bindless_state_get_bindless_flags: Device supports VK_EXT_mutable_descriptor_type.
5449.093:0138:013c:info:vkd3d-proton:vkd3d_bindless_state_add_binding: Device supports VK_EXT_descriptor_buffer!
5449.093:0138:013c:info:vkd3d-proton:vkd3d_bindless_state_add_binding: Device supports VK_EXT_descriptor_buffer!
5449.093:0138:013c:info:vkd3d-proton:vkd3d_bindless_state_add_binding: Device supports VK_EXT_descriptor_buffer!
5449.096:0138:013c:info:vkd3d-proton:d3d12_device_caps_init_shader_model: Enabling support for SM 6.6.
5449.096:0138:013c:warn:vkd3d-proton:d3d12_device_caps_init_feature_options1: No device info available for TotalLaneCount = 4096.
5449.096:0138:013c:fixme:vkd3d-proton:d3d12_device_caps_init_feature_options1: TotalLaneCount = 4096, may be inaccurate.
5449.096:0138:013c:info:vkd3d-proton:vkd3d_pipeline_library_init_disk_cache: Remapping VKD3D_SHADER_CACHE to: vkd3d-proton.cache.
5449.096:0138:013c:info:vkd3d-proton:vkd3d_pipeline_library_init_disk_cache: Attempting to load disk cache from: vkd3d-proton.cache.
5449.097:0138:013c:warn:vkd3d-proton:d3d12_device_create: Feature level 0xc100 is not supported.
5449.101:0138:0150:info:vkd3d-proton:vkd3d_pipeline_library_disk_thread_main: Performing async setup of stream archive ...
5449.102:0138:0150:info:vkd3d-proton:vkd3d_pipeline_library_disk_cache_merge: No write cache exists. No need to merge any disk caches.
5449.102:0138:0150:info:vkd3d-proton:vkd3d_pipeline_library_disk_cache_initial_setup: Merging pipeline libraries took 1.080 ms.
5449.104:0138:0150:info:vkd3d-proton:vkd3d_pipeline_library_disk_cache_initial_setup: Mapping read-only cache took 1.011 ms.
5449.104:0138:0150:info:vkd3d-proton:d3d12_pipeline_library_read_blob_stream_format: Device teardown request received, stopping parse early.
5449.104:0138:0150:info:vkd3d-proton:vkd3d_pipeline_library_disk_cache_initial_setup: Parsing stream archive took 0.063 ms.
5449.104:0138:0150:info:vkd3d-proton:vkd3d_pipeline_library_disk_thread_main: Done performing async setup of stream archive.
5449.111:0138:013c:warn:vkd3d-proton:openvr_instance_extensions: Failed to open VR registry key, status 2.
5449.111:0138:013c:warn:vkd3d-proton:openxr_vulkan_extensions: Failed to get OpenXR extensions size from wineopenxr.
5449.113:0138:013c:info:vkd3d-proton:vkd3d_get_vk_version: vkd3d-proton - applicationVersion: 3.1.0.
5449.113:0138:013c:info:vkd3d-proton:vkd3d_instance_init: vkd3d-proton - build: 31d1f89ca5b3f2f+.
ATTENTION: default value of option tu_override_uncached_as_cache_coherent overridden by environment.
5449.116:0138:013c:warn:vkd3d-proton:openvr_device_extensions: Failed to open VR registry key, status 2.
5449.116:0138:013c:warn:vkd3d-proton:openxr_vulkan_extensions: Failed to get OpenXR extensions size from wineopenxr.
5449.204:0138:013c:info:vkd3d-proton:vkd3d_physical_device_info_init_maint9: Implementation supports eliding QFOT for non-compressed optimal images.
5449.204:0138:013c:info:vkd3d-proton:vkd3d_init_device_caps: Not all relevant pipeline stages are supported by EXT_dgc. Skipping.
5449.215:0138:013c:info:vkd3d-proton:vkd3d_memory_info_decide_hvv_usage: Topology: UMA-like topology.
5449.215:0138:013c:info:vkd3d-proton:vkd3d_memory_info_upload_hvv_memory_properties: Topology: HVV usage is allowed, using DEVICE_LOCAL | HOST_COHERENT for UPLOAD.
5449.215:0138:013c:info:vkd3d-proton:vkd3d_bindless_state_get_bindless_flags: Device supports VK_EXT_mutable_descriptor_type.
5449.215:0138:013c:info:vkd3d-proton:vkd3d_bindless_state_add_binding: Device supports VK_EXT_descriptor_buffer!
5449.215:0138:013c:info:vkd3d-proton:vkd3d_bindless_state_add_binding: Device supports VK_EXT_descriptor_buffer!
5449.215:0138:013c:info:vkd3d-proton:vkd3d_bindless_state_add_binding: Device supports VK_EXT_descriptor_buffer!
5449.217:0138:013c:info:vkd3d-proton:d3d12_device_caps_init_shader_model: Enabling support for SM 6.6.
5449.217:0138:013c:warn:vkd3d-proton:d3d12_device_caps_init_feature_options1: No device info available for TotalLaneCount = 4096.
5449.217:0138:013c:fixme:vkd3d-proton:d3d12_device_caps_init_feature_options1: TotalLaneCount = 4096, may be inaccurate.
5449.217:0138:013c:info:vkd3d-proton:vkd3d_pipeline_library_init_disk_cache: Remapping VKD3D_SHADER_CACHE to: vkd3d-proton.cache.
5449.217:0138:013c:info:vkd3d-proton:vkd3d_pipeline_library_init_disk_cache: Attempting to load disk cache from: vkd3d-proton.cache.
5449.221:0138:0158:info:vkd3d-proton:vkd3d_pipeline_library_disk_thread_main: Performing async setup of stream archive ...
5449.222:0138:0158:info:vkd3d-proton:vkd3d_pipeline_library_disk_cache_merge: No write cache exists. No need to merge any disk caches.
5449.222:0138:0158:info:vkd3d-proton:vkd3d_pipeline_library_disk_cache_initial_setup: Merging pipeline libraries took 0.887 ms.
5449.223:0138:0158:info:vkd3d-proton:vkd3d_pipeline_library_disk_cache_initial_setup: Mapping read-only cache took 0.718 ms.
5449.223:0138:0158:info:vkd3d-proton:d3d12_pipeline_library_read_blob_stream_format: Device teardown request received, stopping parse early.
5449.223:0138:0158:info:vkd3d-proton:vkd3d_pipeline_library_disk_cache_initial_setup: Parsing stream archive took 0.046 ms.
5449.223:0138:0158:info:vkd3d-proton:vkd3d_pipeline_library_disk_thread_main: Done performing async setup of stream archive.
warn:  CreateDXGIFactory2: Ignoring flags
5453.631:0138:013c:warn:vkd3d-proton:openvr_instance_extensions: Failed to open VR registry key, status 2.
5453.631:0138:013c:warn:vkd3d-proton:openxr_vulkan_extensions: Failed to get OpenXR extensions size from wineopenxr.
5453.634:0138:013c:info:vkd3d-proton:vkd3d_get_vk_version: vkd3d-proton - applicationVersion: 3.1.0.
5453.634:0138:013c:info:vkd3d-proton:vkd3d_instance_init: vkd3d-proton - build: 31d1f89ca5b3f2f+.
ATTENTION: default value of option tu_override_uncached_as_cache_coherent overridden by environment.
5453.637:0138:013c:warn:vkd3d-proton:openvr_device_extensions: Failed to open VR registry key, status 2.
5453.637:0138:013c:warn:vkd3d-proton:openxr_vulkan_extensions: Failed to get OpenXR extensions size from wineopenxr.
5453.734:0138:013c:info:vkd3d-proton:vkd3d_physical_device_info_init_maint9: Implementation supports eliding QFOT for non-compressed optimal images.
5453.734:0138:013c:info:vkd3d-proton:vkd3d_init_device_caps: Not all relevant pipeline stages are supported by EXT_dgc. Skipping.
5453.743:0138:013c:info:vkd3d-proton:vkd3d_memory_info_decide_hvv_usage: Topology: UMA-like topology.
5453.743:0138:013c:info:vkd3d-proton:vkd3d_memory_info_upload_hvv_memory_properties: Topology: HVV usage is allowed, using DEVICE_LOCAL | HOST_COHERENT for UPLOAD.
5453.743:0138:013c:info:vkd3d-proton:vkd3d_bindless_state_get_bindless_flags: Device supports VK_EXT_mutable_descriptor_type.
5453.743:0138:013c:info:vkd3d-proton:vkd3d_bindless_state_add_binding: Device supports VK_EXT_descriptor_buffer!
5453.743:0138:013c:info:vkd3d-proton:vkd3d_bindless_state_add_binding: Device supports VK_EXT_descriptor_buffer!
5453.743:0138:013c:info:vkd3d-proton:vkd3d_bindless_state_add_binding: Device supports VK_EXT_descriptor_buffer!
5453.745:0138:013c:info:vkd3d-proton:d3d12_device_caps_init_shader_model: Enabling support for SM 6.6.
5453.745:0138:013c:warn:vkd3d-proton:d3d12_device_caps_init_feature_options1: No device info available for TotalLaneCount = 4096.
5453.745:0138:013c:fixme:vkd3d-proton:d3d12_device_caps_init_feature_options1: TotalLaneCount = 4096, may be inaccurate.
5453.745:0138:013c:info:vkd3d-proton:vkd3d_pipeline_library_init_disk_cache: Remapping VKD3D_SHADER_CACHE to: vkd3d-proton.cache.
5453.745:0138:013c:info:vkd3d-proton:vkd3d_pipeline_library_init_disk_cache: Attempting to load disk cache from: vkd3d-proton.cache.
5453.768:0138:013c:warn:vkd3d-proton:d3d12_device_create: Feature level 0xc200 is not supported.
5453.772:0138:01a8:info:vkd3d-proton:vkd3d_pipeline_library_disk_thread_main: Performing async setup of stream archive ...
5453.772:0138:01a8:info:vkd3d-proton:vkd3d_pipeline_library_disk_cache_merge: No write cache exists. No need to merge any disk caches.
5453.772:0138:01a8:info:vkd3d-proton:vkd3d_pipeline_library_disk_cache_initial_setup: Merging pipeline libraries took 0.279 ms.
5453.773:0138:01a8:info:vkd3d-proton:vkd3d_pipeline_library_disk_cache_initial_setup: Mapping read-only cache took 0.478 ms.
5453.773:0138:01a8:info:vkd3d-proton:d3d12_pipeline_library_read_blob_stream_format: Device teardown request received, stopping parse early.
5453.773:0138:01a8:info:vkd3d-proton:vkd3d_pipeline_library_disk_cache_initial_setup: Parsing stream archive took 0.046 ms.
5453.773:0138:01a8:info:vkd3d-proton:vkd3d_pipeline_library_disk_thread_main: Done performing async setup of stream archive.
5453.779:0138:013c:warn:vkd3d-proton:openvr_instance_extensions: Failed to open VR registry key, status 2.
5453.779:0138:013c:warn:vkd3d-proton:openxr_vulkan_extensions: Failed to get OpenXR extensions size from wineopenxr.
5453.782:0138:013c:info:vkd3d-proton:vkd3d_get_vk_version: vkd3d-proton - applicationVersion: 3.1.0.
5453.782:0138:013c:info:vkd3d-proton:vkd3d_instance_init: vkd3d-proton - build: 31d1f89ca5b3f2f+.
ATTENTION: default value of option tu_override_uncached_as_cache_coherent overridden by environment.
5453.785:0138:013c:warn:vkd3d-proton:openvr_device_extensions: Failed to open VR registry key, status 2.
5453.785:0138:013c:warn:vkd3d-proton:openxr_vulkan_extensions: Failed to get OpenXR extensions size from wineopenxr.
5453.874:0138:013c:info:vkd3d-proton:vkd3d_physical_device_info_init_maint9: Implementation supports eliding QFOT for non-compressed optimal images.
5453.874:0138:013c:info:vkd3d-proton:vkd3d_init_device_caps: Not all relevant pipeline stages are supported by EXT_dgc. Skipping.
5453.882:0138:013c:info:vkd3d-proton:vkd3d_memory_info_decide_hvv_usage: Topology: UMA-like topology.
5453.882:0138:013c:info:vkd3d-proton:vkd3d_memory_info_upload_hvv_memory_properties: Topology: HVV usage is allowed, using DEVICE_LOCAL | HOST_COHERENT for UPLOAD.
5453.882:0138:013c:info:vkd3d-proton:vkd3d_bindless_state_get_bindless_flags: Device supports VK_EXT_mutable_descriptor_type.
5453.882:0138:013c:info:vkd3d-proton:vkd3d_bindless_state_add_binding: Device supports VK_EXT_descriptor_buffer!
5453.882:0138:013c:info:vkd3d-proton:vkd3d_bindless_state_add_binding: Device supports VK_EXT_descriptor_buffer!
5453.882:0138:013c:info:vkd3d-proton:vkd3d_bindless_state_add_binding: Device supports VK_EXT_descriptor_buffer!
5453.883:0138:013c:info:vkd3d-proton:d3d12_device_caps_init_shader_model: Enabling support for SM 6.6.
5453.883:0138:013c:warn:vkd3d-proton:d3d12_device_caps_init_feature_options1: No device info available for TotalLaneCount = 4096.
5453.883:0138:013c:fixme:vkd3d-proton:d3d12_device_caps_init_feature_options1: TotalLaneCount = 4096, may be inaccurate.
5453.884:0138:013c:info:vkd3d-proton:vkd3d_pipeline_library_init_disk_cache: Remapping VKD3D_SHADER_CACHE to: vkd3d-proton.cache.
5453.884:0138:013c:info:vkd3d-proton:vkd3d_pipeline_library_init_disk_cache: Attempting to load disk cache from: vkd3d-proton.cache.
5453.884:0138:013c:warn:vkd3d-proton:d3d12_device_create: Feature level 0xc100 is not supported.
5453.887:0138:01b0:info:vkd3d-proton:vkd3d_pipeline_library_disk_thread_main: Performing async setup of stream archive ...
5453.888:0138:01b0:info:vkd3d-proton:vkd3d_pipeline_library_disk_cache_merge: No write cache exists. No need to merge any disk caches.
5453.888:0138:01b0:info:vkd3d-proton:vkd3d_pipeline_library_disk_cache_initial_setup: Merging pipeline libraries took 0.825 ms.
5453.889:0138:01b0:info:vkd3d-proton:vkd3d_pipeline_library_disk_cache_initial_setup: Mapping read-only cache took 0.656 ms.
5453.889:0138:01b0:info:vkd3d-proton:d3d12_pipeline_library_read_blob_stream_format: Device teardown request received, stopping parse early.
5453.889:0138:01b0:info:vkd3d-proton:vkd3d_pipeline_library_disk_cache_initial_setup: Parsing stream archive took 0.074 ms.
5453.889:0138:01b0:info:vkd3d-proton:vkd3d_pipeline_library_disk_thread_main: Done performing async setup of stream archive.
5453.894:0138:013c:warn:vkd3d-proton:openvr_instance_extensions: Failed to open VR registry key, status 2.
5453.894:0138:013c:warn:vkd3d-proton:openxr_vulkan_extensions: Failed to get OpenXR extensions size from wineopenxr.
5453.896:0138:013c:info:vkd3d-proton:vkd3d_get_vk_version: vkd3d-proton - applicationVersion: 3.1.0.
5453.896:0138:013c:info:vkd3d-proton:vkd3d_instance_init: vkd3d-proton - build: 31d1f89ca5b3f2f+.
ATTENTION: default value of option tu_override_uncached_as_cache_coherent overridden by environment.
5453.899:0138:013c:warn:vkd3d-proton:openvr_device_extensions: Failed to open VR registry key, status 2.
5453.899:0138:013c:warn:vkd3d-proton:openxr_vulkan_extensions: Failed to get OpenXR extensions size from wineopenxr.
5453.986:0138:013c:info:vkd3d-proton:vkd3d_physical_device_info_init_maint9: Implementation supports eliding QFOT for non-compressed optimal images.
5453.986:0138:013c:info:vkd3d-proton:vkd3d_init_device_caps: Not all relevant pipeline stages are supported by EXT_dgc. Skipping.
5453.994:0138:013c:info:vkd3d-proton:vkd3d_memory_info_decide_hvv_usage: Topology: UMA-like topology.
5453.994:0138:013c:info:vkd3d-proton:vkd3d_memory_info_upload_hvv_memory_properties: Topology: HVV usage is allowed, using DEVICE_LOCAL | HOST_COHERENT for UPLOAD.
5453.994:0138:013c:info:vkd3d-proton:vkd3d_bindless_state_get_bindless_flags: Device supports VK_EXT_mutable_descriptor_type.
5453.994:0138:013c:info:vkd3d-proton:vkd3d_bindless_state_add_binding: Device supports VK_EXT_descriptor_buffer!
5453.994:0138:013c:info:vkd3d-proton:vkd3d_bindless_state_add_binding: Device supports VK_EXT_descriptor_buffer!
5453.994:0138:013c:info:vkd3d-proton:vkd3d_bindless_state_add_binding: Device supports VK_EXT_descriptor_buffer!
5453.996:0138:013c:info:vkd3d-proton:d3d12_device_caps_init_shader_model: Enabling support for SM 6.6.
5453.996:0138:013c:warn:vkd3d-proton:d3d12_device_caps_init_feature_options1: No device info available for TotalLaneCount = 4096.
5453.996:0138:013c:fixme:vkd3d-proton:d3d12_device_caps_init_feature_options1: TotalLaneCount = 4096, may be inaccurate.
5453.996:0138:013c:info:vkd3d-proton:vkd3d_pipeline_library_init_disk_cache: Remapping VKD3D_SHADER_CACHE to: vkd3d-proton.cache.
5453.996:0138:013c:info:vkd3d-proton:vkd3d_pipeline_library_init_disk_cache: Attempting to load disk cache from: vkd3d-proton.cache.
5454.001:0138:01b8:info:vkd3d-proton:vkd3d_pipeline_library_disk_thread_main: Performing async setup of stream archive ...
5454.002:0138:01b8:info:vkd3d-proton:vkd3d_pipeline_library_disk_cache_merge: No write cache exists. No need to merge any disk caches.
5454.002:0138:01b8:info:vkd3d-proton:vkd3d_pipeline_library_disk_cache_initial_setup: Merging pipeline libraries took 1.151 ms.
5454.003:0138:01b8:info:vkd3d-proton:vkd3d_pipeline_library_disk_cache_initial_setup: Mapping read-only cache took 0.851 ms.
5454.003:0138:01b8:info:vkd3d-proton:d3d12_pipeline_library_read_blob_stream_format: Device teardown request received, stopping parse early.
5454.003:0138:01b8:info:vkd3d-proton:vkd3d_pipeline_library_disk_cache_initial_setup: Parsing stream archive took 0.062 ms.
5454.004:0138:01b8:info:vkd3d-proton:vkd3d_pipeline_library_disk_thread_main: Done performing async setup of stream archive.
5454.011:0138:013c:warn:vkd3d-proton:openvr_instance_extensions: Failed to open VR registry key, status 2.
5454.011:0138:013c:warn:vkd3d-proton:openxr_vulkan_extensions: Failed to get OpenXR extensions size from wineopenxr.
5454.013:0138:013c:info:vkd3d-proton:vkd3d_get_vk_version: vkd3d-proton - applicationVersion: 3.1.0.
5454.013:0138:013c:info:vkd3d-proton:vkd3d_instance_init: vkd3d-proton - build: 31d1f89ca5b3f2f+.
ATTENTION: default value of option tu_override_uncached_as_cache_coherent overridden by environment.
5454.015:0138:013c:warn:vkd3d-proton:openvr_device_extensions: Failed to open VR registry key, status 2.
5454.015:0138:013c:warn:vkd3d-proton:openxr_vulkan_extensions: Failed to get OpenXR extensions size from wineopenxr.
5454.100:0138:013c:info:vkd3d-proton:vkd3d_physical_device_info_init_maint9: Implementation supports eliding QFOT for non-compressed optimal images.
5454.100:0138:013c:info:vkd3d-proton:vkd3d_init_device_caps: Not all relevant pipeline stages are supported by EXT_dgc. Skipping.
5454.108:0138:013c:info:vkd3d-proton:vkd3d_memory_info_decide_hvv_usage: Topology: UMA-like topology.
5454.108:0138:013c:info:vkd3d-proton:vkd3d_memory_info_upload_hvv_memory_properties: Topology: HVV usage is allowed, using DEVICE_LOCAL | HOST_COHERENT for UPLOAD.
5454.108:0138:013c:info:vkd3d-proton:vkd3d_bindless_state_get_bindless_flags: Device supports VK_EXT_mutable_descriptor_type.
5454.108:0138:013c:info:vkd3d-proton:vkd3d_bindless_state_add_binding: Device supports VK_EXT_descriptor_buffer!
5454.109:0138:013c:info:vkd3d-proton:vkd3d_bindless_state_add_binding: Device supports VK_EXT_descriptor_buffer!
5454.109:0138:013c:info:vkd3d-proton:vkd3d_bindless_state_add_binding: Device supports VK_EXT_descriptor_buffer!
5454.110:0138:013c:info:vkd3d-proton:d3d12_device_caps_init_shader_model: Enabling support for SM 6.6.
5454.110:0138:013c:warn:vkd3d-proton:d3d12_device_caps_init_feature_options1: No device info available for TotalLaneCount = 4096.
5454.110:0138:013c:fixme:vkd3d-proton:d3d12_device_caps_init_feature_options1: TotalLaneCount = 4096, may be inaccurate.
5454.110:0138:013c:info:vkd3d-proton:vkd3d_pipeline_library_init_disk_cache: Remapping VKD3D_SHADER_CACHE to: vkd3d-proton.cache.
5454.110:0138:013c:info:vkd3d-proton:vkd3d_pipeline_library_init_disk_cache: Attempting to load disk cache from: vkd3d-proton.cache.
warn:  CreateDXGIFactory2: Ignoring flags
5454.115:0138:01c0:info:vkd3d-proton:vkd3d_pipeline_library_disk_thread_main: Performing async setup of stream archive ...
5454.116:0138:01c0:info:vkd3d-proton:vkd3d_pipeline_library_disk_cache_merge: No write cache exists. No need to merge any disk caches.
5454.116:0138:01c0:info:vkd3d-proton:vkd3d_pipeline_library_disk_cache_initial_setup: Merging pipeline libraries took 1.064 ms.
5454.117:0138:01c0:info:vkd3d-proton:vkd3d_pipeline_library_disk_cache_initial_setup: Mapping read-only cache took 0.874 ms.
5454.119:0138:013c:warn:vkd3d-proton:d3d12_device_QueryInterface: {9727a022-cf1d-4dda-9eba-effa653fc506} not implemented, returning E_NOINTERFACE.
5454.119:0138:013c:warn:vkd3d-proton:d3d12_device_QueryInterface: {98931d33-5ae8-4791-aa3c-1a73a2934e71} not implemented, returning E_NOINTERFACE.
5454.121:0138:013c:warn:vkd3d-proton:d3d12_device_CheckFeatureSupport: Assuming device does not support tile based rendering.
5454.156:0138:01c0:info:vkd3d-proton:vkd3d_pipeline_library_disk_cache_initial_setup: Parsing stream archive took 38.030 ms.
5454.156:0138:01c0:info:vkd3d-proton:vkd3d_pipeline_library_disk_thread_main: Done performing async setup of stream archive.
5454.181:0138:013c:fixme:vkd3d-proton:vkd3d_memory_allocation_init: Requested alignment of 10000, but got GPU VA of 1013b3000 for intended start of heap, which is not aligned as expected. If application relies on this alignment, weird things might happen.
5456.025:0138:01e8:fixme:vkd3d-proton:d3d12_command_signature_create: Device generated commands is not supported by implementation.
5456.026:0138:01f0:fixme:vkd3d-proton:d3d12_command_signature_create: Device generated commands is not supported by implementation.
5456.179:0138:01f4:fixme:vkd3d-proton:d3d12_command_signature_create: Device generated commands is not supported by implementation.
5456.185:0138:0220:fixme:vkd3d-proton:d3d12_command_signature_create: Device generated commands is not supported by implementation.
5456.190:0138:0214:fixme:vkd3d-proton:d3d12_command_signature_create: Device generated commands is not supported by implementation.
5456.193:0138:0218:fixme:vkd3d-proton:d3d12_command_signature_create: Device generated commands is not supported by implementation.
5456.198:0138:0220:fixme:vkd3d-proton:d3d12_command_signature_create: Device generated commands is not supported by implementation.
5456.201:0138:0208:fixme:vkd3d-proton:d3d12_command_signature_create: Device generated commands is not supported by implementation.
5458.480:0138:0194:info:vkd3d-proton:dxgi_vk_swap_chain_init: Creating swapchain (2560 x 1440), BufferCount = 2.
5458.488:0138:0194:info:vkd3d-proton:dxgi_vk_swap_chain_init_sync_objects: Enabling frame latency handles.
5458.489:0138:0194:info:vkd3d-proton:dxgi_vk_swap_chain_init_sync_objects: Ensure maximum latency of 3 frames with KHR_present_wait.
5458.489:0138:0194:info:vkd3d-proton:dxgi_vk_swap_chain_init_sleep_state: Timer interval is 1.0 ms.
warn:  DXGI: MakeWindowAssociation: Ignoring flags
5458.696:0138:0194:warn:vkd3d-proton:d3d12_device_QueryInterface: {0742a90b-c387-483f-b946-30a7e4e61458} not implemented, returning E_NOINTERFACE.
5458.713:0138:0194:warn:vkd3d-proton:d3d12_device_QueryInterface: {0742a90b-c387-483f-b946-30a7e4e61458} not implemented, returning E_NOINTERFACE.
5458.794:0138:01cc:info:vkd3d-proton:dxgi_vk_swap_chain_recreate_swapchain_in_present_task: Got 3 swapchain images.
5458.843:0138:01a0:warn:vkd3d-proton:d3d12_device_QueryInterface: {0742a90b-c387-483f-b946-30a7e4e61458} not implemented, returning E_NOINTERFACE.
5458.848:0138:01a0:warn:vkd3d-proton:d3d12_device_QueryInterface: {0742a90b-c387-483f-b946-30a7e4e61458} not implemented, returning E_NOINTERFACE.
5458.877:0138:01cc:info:vkd3d-proton:dxgi_vk_swap_chain_recreate_swapchain_in_present_task: Got 3 swapchain images.
5458.902:0138:01a0:warn:vkd3d-proton:d3d12_device_QueryInterface: {0742a90b-c387-483f-b946-30a7e4e61458} not implemented, returning E_NOINTERFACE.
5458.909:0138:01a0:warn:vkd3d-proton:d3d12_device_QueryInterface: {0742a90b-c387-483f-b946-30a7e4e61458} not implemented, returning E_NOINTERFACE.
5458.928:0138:01a0:warn:vkd3d-proton:d3d12_device_QueryInterface: {0742a90b-c387-483f-b946-30a7e4e61458} not implemented, returning E_NOINTERFACE.
5458.945:0138:01a0:warn:vkd3d-proton:d3d12_device_QueryInterface: {0742a90b-c387-483f-b946-30a7e4e61458} not implemented, returning E_NOINTERFACE.
5458.963:0138:01a0:warn:vkd3d-proton:d3d12_device_QueryInterface: {0742a90b-c387-483f-b946-30a7e4e61458} not implemented, returning E_NOINTERFACE.
5458.976:0138:01a0:warn:vkd3d-proton:d3d12_device_QueryInterface: {0742a90b-c387-483f-b946-30a7e4e61458} not implemented, returning E_NOINTERFACE.
5458.992:0138:01a0:warn:vkd3d-proton:d3d12_device_QueryInterface: {0742a90b-c387-483f-b946-30a7e4e61458} not implemented, returning E_NOINTERFACE.
5459.008:0138:01a0:warn:vkd3d-proton:d3d12_device_QueryInterface: {0742a90b-c387-483f-b946-30a7e4e61458} not implemented, returning E_NOINTERFACE.
5459.024:0138:01a0:warn:vkd3d-proton:d3d12_device_QueryInterface: {0742a90b-c387-483f-b946-30a7e4e61458} not implemented, returning E_NOINTERFACE.
5459.041:0138:01a0:warn:vkd3d-proton:d3d12_device_QueryInterface: {0742a90b-c387-483f-b946-30a7e4e61458} not implemented, returning E_NOINTERFACE.
5459.059:0138:01a0:warn:vkd3d-proton:d3d12_device_QueryInterface: {0742a90b-c387-483f-b946-30a7e4e61458} not implemented, returning E_NOINTERFACE.
5459.074:0138:01a0:warn:vkd3d-proton:d3d12_device_QueryInterface: {0742a90b-c387-483f-b946-30a7e4e61458} not implemented, returning E_NOINTERFACE.
5459.091:0138:01a0:warn:vkd3d-proton:d3d12_device_QueryInterface: {0742a90b-c387-483f-b946-30a7e4e61458} not implemented, returning E_NOINTERFACE.
5459.110:0138:01a0:warn:vkd3d-proton:d3d12_device_QueryInterface: {0742a90b-c387-483f-b946-30a7e4e61458} not implemented, returning E_NOINTERFACE.
5459.134:0138:01a0:warn:vkd3d-proton:d3d12_device_QueryInterface: {0742a90b-c387-483f-b946-30a7e4e61458} not implemented, returning E_NOINTERFACE.
5459.142:0138:01a0:warn:vkd3d-proton:d3d12_device_QueryInterface: {0742a90b-c387-483f-b946-30a7e4e61458} not implemented, returning E_NOINTERFACE.
5459.159:0138:01a0:warn:vkd3d-proton:d3d12_device_QueryInterface: {0742a90b-c387-483f-b946-30a7e4e61458} not implemented, returning E_NOINTERFACE.
5459.175:0138:01a0:warn:vkd3d-proton:d3d12_device_QueryInterface: {0742a90b-c387-483f-b946-30a7e4e61458} not implemented, returning E_NOINTERFACE.
5459.191:0138:01a0:warn:vkd3d-proton:d3d12_device_QueryInterface: {0742a90b-c387-483f-b946-30a7e4e61458} not implemented, returning E_NOINTERFACE.
5459.209:0138:01a0:warn:vkd3d-proton:d3d12_device_QueryInterface: {0742a90b-c387-483f-b946-30a7e4e61458} not implemented, returning E_NOINTERFACE.
5459.225:0138:01a0:warn:vkd3d-proton:d3d12_device_QueryInterface: {0742a90b-c387-483f-b946-30a7e4e61458} not implemented, returning E_NOINTERFACE.
5459.242:0138:01a0:warn:vkd3d-proton:d3d12_device_QueryInterface: {0742a90b-c387-483f-b946-30a7e4e61458} not implemented, returning E_NOINTERFACE.
5459.259:0138:01a0:warn:vkd3d-proton:d3d12_device_QueryInterface: {0742a90b-c387-483f-b946-30a7e4e61458} not implemented, returning E_NOINTERFACE.
5459.274:0138:01a0:warn:vkd3d-proton:d3d12_device_QueryInterface: {0742a90b-c387-483f-b946-30a7e4e61458} not implemented, returning E_NOINTERFACE.
5459.291:0138:01a0:warn:vkd3d-proton:d3d12_device_QueryInterface: {0742a90b-c387-483f-b946-30a7e4e61458} not implemented, returning E_NOINTERFACE.
5459.310:0138:01a0:warn:vkd3d-proton:d3d12_device_QueryInterface: {0742a90b-c387-483f-b946-30a7e4e61458} not implemented, returning E_NOINTERFACE.
5459.325:0138:01a0:warn:vkd3d-proton:d3d12_device_QueryInterface: {0742a90b-c387-483f-b946-30a7e4e61458} not implemented, returning E_NOINTERFACE.
5459.342:0138:01a0:warn:vkd3d-proton:d3d12_device_QueryInterface: {0742a90b-c387-483f-b946-30a7e4e61458} not implemented, returning E_NOINTERFACE.
5459.358:0138:01a0:warn:vkd3d-proton:d3d12_device_QueryInterface: {0742a90b-c387-483f-b946-30a7e4e61458} not implemented, returning E_NOINTERFACE.
5459.377:0138:01a0:warn:vkd3d-proton:d3d12_device_QueryInterface: {0742a90b-c387-483f-b946-30a7e4e61458} not implemented, returning E_NOINTERFACE.
5459.393:0138:01a0:warn:vkd3d-proton:d3d12_device_QueryInterface: {0742a90b-c387-483f-b946-30a7e4e61458} not implemented, returning E_NOINTERFACE.
5459.410:0138:01a0:warn:vkd3d-proton:d3d12_device_QueryInterface: {0742a90b-c387-483f-b946-30a7e4e61458} not implemented, returning E_NOINTERFACE.
5459.427:0138:01a0:warn:vkd3d-proton:d3d12_device_QueryInterface: {0742a90b-c387-483f-b946-30a7e4e61458} not implemented, returning E_NOINTERFACE.
5459.449:0138:01a0:warn:vkd3d-proton:d3d12_device_QueryInterface: {0742a90b-c387-483f-b946-30a7e4e61458} not implemented, returning E_NOINTERFACE.
5459.460:0138:01a0:warn:vkd3d-proton:d3d12_device_QueryInterface: {0742a90b-c387-483f-b946-30a7e4e61458} not implemented, returning E_NOINTERFACE.
5459.474:0138:01a0:warn:vkd3d-proton:d3d12_device_QueryInterface: {0742a90b-c387-483f-b946-30a7e4e61458} not implemented, returning E_NOINTERFACE.
5459.493:0138:01a0:warn:vkd3d-proton:d3d12_device_QueryInterface: {0742a90b-c387-483f-b946-30a7e4e61458} not implemented, returning E_NOINTERFACE.
5459.508:0138:01a0:warn:vkd3d-proton:d3d12_device_QueryInterface: {0742a90b-c387-483f-b946-30a7e4e61458} not implemented, returning E_NOINTERFACE.
5459.527:0138:01a0:warn:vkd3d-proton:d3d12_device_QueryInterface: {0742a90b-c387-483f-b946-30a7e4e61458} not implemented, returning E_NOINTERFACE.
5459.542:0138:01a0:warn:vkd3d-proton:d3d12_device_QueryInterface: {0742a90b-c387-483f-b946-30a7e4e61458} not implemented, returning E_NOINTERFACE.
5459.558:0138:01a0:warn:vkd3d-proton:d3d12_device_QueryInterface: {0742a90b-c387-483f-b946-30a7e4e61458} not implemented, returning E_NOINTERFACE.
5459.575:0138:01a0:warn:vkd3d-proton:d3d12_device_QueryInterface: {0742a90b-c387-483f-b946-30a7e4e61458} not implemented, returning E_NOINTERFACE.
5459.593:0138:01a0:warn:vkd3d-proton:d3d12_device_QueryInterface: {0742a90b-c387-483f-b946-30a7e4e61458} not implemented, returning E_NOINTERFACE.
5459.610:0138:01a0:warn:vkd3d-proton:d3d12_device_QueryInterface: {0742a90b-c387-483f-b946-30a7e4e61458} not implemented, returning E_NOINTERFACE.
5459.626:0138:01a0:warn:vkd3d-proton:d3d12_device_QueryInterface: {0742a90b-c387-483f-b946-30a7e4e61458} not implemented, returning E_NOINTERFACE.
5459.642:0138:01a0:warn:vkd3d-proton:d3d12_device_QueryInterface: {0742a90b-c387-483f-b946-30a7e4e61458} not implemented, returning E_NOINTERFACE.
5459.659:0138:01a0:warn:vkd3d-proton:d3d12_device_QueryInterface: {0742a90b-c387-483f-b946-30a7e4e61458} not implemented, returning E_NOINTERFACE.
5459.676:0138:01a0:warn:vkd3d-proton:d3d12_device_QueryInterface: {0742a90b-c387-483f-b946-30a7e4e61458} not implemented, returning E_NOINTERFACE.
5459.694:0138:01a0:warn:vkd3d-proton:d3d12_device_QueryInterface: {0742a90b-c387-483f-b946-30a7e4e61458} not implemented, returning E_NOINTERFACE.
5459.710:0138:01a0:warn:vkd3d-proton:d3d12_device_QueryInterface: {0742a90b-c387-483f-b946-30a7e4e61458} not implemented, returning E_NOINTERFACE.
5459.728:0138:01a0:warn:vkd3d-proton:d3d12_device_QueryInterface: {0742a90b-c387-483f-b946-30a7e4e61458} not implemented, returning E_NOINTERFACE.
5459.744:0138:01a0:warn:vkd3d-proton:d3d12_device_QueryInterface: {0742a90b-c387-483f-b946-30a7e4e61458} not implemented, returning E_NOINTERFACE.
5459.758:0138:01a0:warn:vkd3d-proton:d3d12_device_QueryInterface: {0742a90b-c387-483f-b946-30a7e4e61458} not implemented, returning E_NOINTERFACE.
5459.774:0138:01a0:warn:vkd3d-proton:d3d12_device_QueryInterface: {0742a90b-c387-483f-b946-30a7e4e61458} not implemented, returning E_NOINTERFACE.
5459.793:0138:01a0:warn:vkd3d-proton:d3d12_device_QueryInterface: {0742a90b-c387-483f-b946-30a7e4e61458} not implemented, returning E_NOINTERFACE.
5459.811:0138:01a0:warn:vkd3d-proton:d3d12_device_QueryInterface: {0742a90b-c387-483f-b946-30a7e4e61458} not implemented, returning E_NOINTERFACE.
5459.825:0138:01a0:warn:vkd3d-proton:d3d12_device_QueryInterface: {0742a90b-c387-483f-b946-30a7e4e61458} not implemented, returning E_NOINTERFACE.
5459.843:0138:01a0:warn:vkd3d-proton:d3d12_device_QueryInterface: {0742a90b-c387-483f-b946-30a7e4e61458} not implemented, returning E_NOINTERFACE.
5459.859:0138:01a0:warn:vkd3d-proton:d3d12_device_QueryInterface: {0742a90b-c387-483f-b946-30a7e4e61458} not implemented, returning E_NOINTERFACE.
5459.875:0138:01a0:warn:vkd3d-proton:d3d12_device_QueryInterface: {0742a90b-c387-483f-b946-30a7e4e61458} not implemented, returning E_NOINTERFACE.
5459.892:0138:01a0:warn:vkd3d-proton:d3d12_device_QueryInterface: {0742a90b-c387-483f-b946-30a7e4e61458} not implemented, returning E_NOINTERFACE.
5459.911:0138:01a0:warn:vkd3d-proton:d3d12_device_QueryInterface: {0742a90b-c387-483f-b946-30a7e4e61458} not implemented, returning E_NOINTERFACE.
5459.924:0138:01a0:warn:vkd3d-proton:d3d12_device_QueryInterface: {0742a90b-c387-483f-b946-30a7e4e61458} not implemented, returning E_NOINTERFACE.
5459.944:0138:01a0:warn:vkd3d-proton:d3d12_device_QueryInterface: {0742a90b-c387-483f-b946-30a7e4e61458} not implemented, returning E_NOINTERFACE.
5459.960:0138:01a0:warn:vkd3d-proton:d3d12_device_QueryInterface: {0742a90b-c387-483f-b946-30a7e4e61458} not implemented, returning E_NOINTERFACE.
5459.977:0138:01a0:warn:vkd3d-proton:d3d12_device_QueryInterface: {0742a90b-c387-483f-b946-30a7e4e61458} not implemented, returning E_NOINTERFACE.
5459.994:0138:01a0:warn:vkd3d-proton:d3d12_device_QueryInterface: {0742a90b-c387-483f-b946-30a7e4e61458} not implemented, returning E_NOINTERFACE.
5460.008:0138:01a0:warn:vkd3d-proton:d3d12_device_QueryInterface: {0742a90b-c387-483f-b946-30a7e4e61458} not implemented, returning E_NOINTERFACE.
5460.026:0138:01a0:warn:vkd3d-proton:d3d12_device_QueryInterface: {0742a90b-c387-483f-b946-30a7e4e61458} not implemented, returning E_NOINTERFACE.
5460.041:0138:01a0:warn:vkd3d-proton:d3d12_device_QueryInterface: {0742a90b-c387-483f-b946-30a7e4e61458} not implemented, returning E_NOINTERFACE.
5460.060:0138:01a0:warn:vkd3d-proton:d3d12_device_QueryInterface: {0742a90b-c387-483f-b946-30a7e4e61458} not implemented, returning E_NOINTERFACE.
5460.075:0138:01a0:warn:vkd3d-proton:d3d12_device_QueryInterface: {0742a90b-c387-483f-b946-30a7e4e61458} not implemented, returning E_NOINTERFACE.
5460.093:0138:01a0:warn:vkd3d-proton:d3d12_device_QueryInterface: {0742a90b-c387-483f-b946-30a7e4e61458} not implemented, returning E_NOINTERFACE.
5460.109:0138:01a0:warn:vkd3d-proton:d3d12_device_QueryInterface: {0742a90b-c387-483f-b946-30a7e4e61458} not implemented, returning E_NOINTERFACE.
5460.126:0138:01a0:warn:vkd3d-proton:d3d12_device_QueryInterface: {0742a90b-c387-483f-b946-30a7e4e61458} not implemented, returning E_NOINTERFACE.
5460.143:0138:01a0:warn:vkd3d-proton:d3d12_device_QueryInterface: {0742a90b-c387-483f-b946-30a7e4e61458} not implemented, returning E_NOINTERFACE.
5460.159:0138:01a0:warn:vkd3d-proton:d3d12_device_QueryInterface: {0742a90b-c387-483f-b946-30a7e4e61458} not implemented, returning E_NOINTERFACE.
5460.175:0138:01a0:warn:vkd3d-proton:d3d12_device_QueryInterface: {0742a90b-c387-483f-b946-30a7e4e61458} not implemented, returning E_NOINTERFACE.
5460.195:0138:01a0:warn:vkd3d-proton:d3d12_device_QueryInterface: {0742a90b-c387-483f-b946-30a7e4e61458} not implemented, returning E_NOINTERFACE.
5460.213:0138:01a0:warn:vkd3d-proton:d3d12_device_QueryInterface: {0742a90b-c387-483f-b946-30a7e4e61458} not implemented, returning E_NOINTERFACE.
5460.226:0138:01a0:warn:vkd3d-proton:d3d12_device_QueryInterface: {0742a90b-c387-483f-b946-30a7e4e61458} not implemented, returning E_NOINTERFACE.
5460.244:0138:01a0:warn:vkd3d-proton:d3d12_device_QueryInterface: {0742a90b-c387-483f-b946-30a7e4e61458} not implemented, returning E_NOINTERFACE.
5464.301:0138:01a0:warn:vkd3d-proton:d3d12_device_QueryInterface: {0742a90b-c387-483f-b946-30a7e4e61458} not implemented, returning E_NOINTERFACE.
5464.305:0138:01a0:warn:vkd3d-proton:d3d12_device_QueryInterface: {0742a90b-c387-483f-b946-30a7e4e61458} not implemented, returning E_NOINTERFACE.
5464.315:0138:01a0:warn:vkd3d-proton:d3d12_device_QueryInterface: {0742a90b-c387-483f-b946-30a7e4e61458} not implemented, returning E_NOINTERFACE.
5464.334:0138:01a0:warn:vkd3d-proton:d3d12_device_QueryInterface: {0742a90b-c387-483f-b946-30a7e4e61458} not implemented, returning E_NOINTERFACE.
5464.348:0138:01a0:warn:vkd3d-proton:d3d12_device_QueryInterface: {0742a90b-c387-483f-b946-30a7e4e61458} not implemented, returning E_NOINTERFACE.
5464.362:0138:01a0:warn:vkd3d-proton:d3d12_device_QueryInterface: {0742a90b-c387-483f-b946-30a7e4e61458} not implemented, returning E_NOINTERFACE.
5464.380:0138:01a0:warn:vkd3d-proton:d3d12_device_QueryInterface: {0742a90b-c387-483f-b946-30a7e4e61458} not implemented, returning E_NOINTERFACE.
5464.396:0138:01a0:warn:vkd3d-proton:d3d12_device_QueryInterface: {0742a90b-c387-483f-b946-30a7e4e61458} not implemented, returning E_NOINTERFACE.
5464.412:0138:01a0:warn:vkd3d-proton:d3d12_device_QueryInterface: {0742a90b-c387-483f-b946-30a7e4e61458} not implemented, returning E_NOINTERFACE.
5464.429:0138:01a0:warn:vkd3d-proton:d3d12_device_QueryInterface: {0742a90b-c387-483f-b946-30a7e4e61458} not implemented, returning E_NOINTERFACE.
5464.445:0138:01a0:warn:vkd3d-proton:d3d12_device_QueryInterface: {0742a90b-c387-483f-b946-30a7e4e61458} not implemented, returning E_NOINTERFACE.
5464.462:0138:01a0:warn:vkd3d-proton:d3d12_device_QueryInterface: {0742a90b-c387-483f-b946-30a7e4e61458} not implemented, returning E_NOINTERFACE.
5464.482:0138:01a0:warn:vkd3d-proton:d3d12_device_QueryInterface: {0742a90b-c387-483f-b946-30a7e4e61458} not implemented, returning E_NOINTERFACE.
5464.497:0138:01a0:warn:vkd3d-proton:d3d12_device_QueryInterface: {0742a90b-c387-483f-b946-30a7e4e61458} not implemented, returning E_NOINTERFACE.
5464.514:0138:01a0:warn:vkd3d-proton:d3d12_device_QueryInterface: {0742a90b-c387-483f-b946-30a7e4e61458} not implemented, returning E_NOINTERFACE.
5464.532:0138:01a0:warn:vkd3d-proton:d3d12_device_QueryInterface: {0742a90b-c387-483f-b946-30a7e4e61458} not implemented, returning E_NOINTERFACE.
5464.547:0138:01a0:warn:vkd3d-proton:d3d12_device_QueryInterface: {0742a90b-c387-483f-b946-30a7e4e61458} not implemented, returning E_NOINTERFACE.
5464.564:0138:01a0:warn:vkd3d-proton:d3d12_device_QueryInterface: {0742a90b-c387-483f-b946-30a7e4e61458} not implemented, returning E_NOINTERFACE.
5464.580:0138:01a0:warn:vkd3d-proton:d3d12_device_QueryInterface: {0742a90b-c387-483f-b946-30a7e4e61458} not implemented, returning E_NOINTERFACE.
5464.596:0138:01a0:warn:vkd3d-proton:d3d12_device_QueryInterface: {0742a90b-c387-483f-b946-30a7e4e61458} not implemented, returning E_NOINTERFACE.
5464.613:0138:01a0:warn:vkd3d-proton:d3d12_device_QueryInterface: {0742a90b-c387-483f-b946-30a7e4e61458} not implemented, returning E_NOINTERFACE.
5464.630:0138:01a0:warn:vkd3d-proton:d3d12_device_QueryInterface: {0742a90b-c387-483f-b946-30a7e4e61458} not implemented, returning E_NOINTERFACE.
5464.648:0138:01a0:warn:vkd3d-proton:d3d12_device_QueryInterface: {0742a90b-c387-483f-b946-30a7e4e61458} not implemented, returning E_NOINTERFACE.
5464.665:0138:01a0:warn:vkd3d-proton:d3d12_device_QueryInterface: {0742a90b-c387-483f-b946-30a7e4e61458} not implemented, returning E_NOINTERFACE.
5464.681:0138:01a0:warn:vkd3d-proton:d3d12_device_QueryInterface: {0742a90b-c387-483f-b946-30a7e4e61458} not implemented, returning E_NOINTERFACE.
5464.697:0138:01a0:warn:vkd3d-proton:d3d12_device_QueryInterface: {0742a90b-c387-483f-b946-30a7e4e61458} not implemented, returning E_NOINTERFACE.
5464.713:0138:01a0:warn:vkd3d-proton:d3d12_device_QueryInterface: {0742a90b-c387-483f-b946-30a7e4e61458} not implemented, returning E_NOINTERFACE.
5464.729:0138:01a0:warn:vkd3d-proton:d3d12_device_QueryInterface: {0742a90b-c387-483f-b946-30a7e4e61458} not implemented, returning E_NOINTERFACE.
5464.748:0138:01a0:warn:vkd3d-proton:d3d12_device_QueryInterface: {0742a90b-c387-483f-b946-30a7e4e61458} not implemented, returning E_NOINTERFACE.
5464.764:0138:01a0:warn:vkd3d-proton:d3d12_device_QueryInterface: {0742a90b-c387-483f-b946-30a7e4e61458} not implemented, returning E_NOINTERFACE.
5464.780:0138:01a0:warn:vkd3d-proton:d3d12_device_QueryInterface: {0742a90b-c387-483f-b946-30a7e4e61458} not implemented, returning E_NOINTERFACE.
5464.797:0138:01a0:warn:vkd3d-proton:d3d12_device_QueryInterface: {0742a90b-c387-483f-b946-30a7e4e61458} not implemented, returning E_NOINTERFACE.
5464.813:0138:01a0:warn:vkd3d-proton:d3d12_device_QueryInterface: {0742a90b-c387-483f-b946-30a7e4e61458} not implemented, returning E_NOINTERFACE.
5464.832:0138:0198:warn:vkd3d-proton:d3d12_device_QueryInterface: {0742a90b-c387-483f-b946-30a7e4e61458} not implemented, returning E_NOINTERFACE.
5464.846:0138:0198:warn:vkd3d-proton:d3d12_device_QueryInterface: {0742a90b-c387-483f-b946-30a7e4e61458} not implemented, returning E_NOINTERFACE.
5464.863:0138:0198:warn:vkd3d-proton:d3d12_device_QueryInterface: {0742a90b-c387-483f-b946-30a7e4e61458} not implemented, returning E_NOINTERFACE.
5464.881:0138:0198:warn:vkd3d-proton:d3d12_device_QueryInterface: {0742a90b-c387-483f-b946-30a7e4e61458} not implemented, returning E_NOINTERFACE.
5464.895:0138:0198:warn:vkd3d-proton:d3d12_device_QueryInterface: {0742a90b-c387-483f-b946-30a7e4e61458} not implemented, returning E_NOINTERFACE.
5464.914:0138:0198:warn:vkd3d-proton:d3d12_device_QueryInterface: {0742a90b-c387-483f-b946-30a7e4e61458} not implemented, returning E_NOINTERFACE.
5464.931:0138:0198:warn:vkd3d-proton:d3d12_device_QueryInterface: {0742a90b-c387-483f-b946-30a7e4e61458} not implemented, returning E_NOINTERFACE.
5464.949:0138:0198:warn:vkd3d-proton:d3d12_device_QueryInterface: {0742a90b-c387-483f-b946-30a7e4e61458} not implemented, returning E_NOINTERFACE.
5464.981:0138:0198:warn:vkd3d-proton:d3d12_device_QueryInterface: {0742a90b-c387-483f-b946-30a7e4e61458} not implemented, returning E_NOINTERFACE.
5464.996:0138:0198:warn:vkd3d-proton:d3d12_device_QueryInterface: {0742a90b-c387-483f-b946-30a7e4e61458} not implemented, returning E_NOINTERFACE.
5465.031:0138:0198:warn:vkd3d-proton:d3d12_device_QueryInterface: {0742a90b-c387-483f-b946-30a7e4e61458} not implemented, returning E_NOINTERFACE.
5465.047:0138:0198:warn:vkd3d-proton:d3d12_device_QueryInterface: {0742a90b-c387-483f-b946-30a7e4e61458} not implemented, returning E_NOINTERFACE.
5465.081:0138:0198:warn:vkd3d-proton:d3d12_device_QueryInterface: {0742a90b-c387-483f-b946-30a7e4e61458} not implemented, returning E_NOINTERFACE.
5465.098:0138:0198:warn:vkd3d-proton:d3d12_device_QueryInterface: {0742a90b-c387-483f-b946-30a7e4e61458} not implemented, returning E_NOINTERFACE.
5465.129:0138:0198:warn:vkd3d-proton:d3d12_device_QueryInterface: {0742a90b-c387-483f-b946-30a7e4e61458} not implemented, returning E_NOINTERFACE.
5465.146:0138:0198:warn:vkd3d-proton:d3d12_device_QueryInterface: {0742a90b-c387-483f-b946-30a7e4e61458} not implemented, returning E_NOINTERFACE.
5465.180:0138:0198:warn:vkd3d-proton:d3d12_device_QueryInterface: {0742a90b-c387-483f-b946-30a7e4e61458} not implemented, returning E_NOINTERFACE.
5465.196:0138:0198:warn:vkd3d-proton:d3d12_device_QueryInterface: {0742a90b-c387-483f-b946-30a7e4e61458} not implemented, returning E_NOINTERFACE.
5465.231:0138:0198:warn:vkd3d-proton:d3d12_device_QueryInterface: {0742a90b-c387-483f-b946-30a7e4e61458} not implemented, returning E_NOINTERFACE.
5465.246:0138:0198:warn:vkd3d-proton:d3d12_device_QueryInterface: {0742a90b-c387-483f-b946-30a7e4e61458} not implemented, returning E_NOINTERFACE.
5465.279:0138:0198:warn:vkd3d-proton:d3d12_device_QueryInterface: {0742a90b-c387-483f-b946-30a7e4e61458} not implemented, returning E_NOINTERFACE.
5465.296:0138:01a0:warn:vkd3d-proton:d3d12_device_QueryInterface: {0742a90b-c387-483f-b946-30a7e4e61458} not implemented, returning E_NOINTERFACE.
5465.332:0138:01a0:warn:vkd3d-proton:d3d12_device_QueryInterface: {0742a90b-c387-483f-b946-30a7e4e61458} not implemented, returning E_NOINTERFACE.
5465.350:0138:01a0:warn:vkd3d-proton:d3d12_device_QueryInterface: {0742a90b-c387-483f-b946-30a7e4e61458} not implemented, returning E_NOINTERFACE.
5465.382:0138:01a0:warn:vkd3d-proton:d3d12_device_QueryInterface: {0742a90b-c387-483f-b946-30a7e4e61458} not implemented, returning E_NOINTERFACE.
5465.398:0138:01a0:warn:vkd3d-proton:d3d12_device_QueryInterface: {0742a90b-c387-483f-b946-30a7e4e61458} not implemented, returning E_NOINTERFACE.
5465.431:0138:01a0:warn:vkd3d-proton:d3d12_device_QueryInterface: {0742a90b-c387-483f-b946-30a7e4e61458} not implemented, returning E_NOINTERFACE.
5465.448:0138:01a0:warn:vkd3d-proton:d3d12_device_QueryInterface: {0742a90b-c387-483f-b946-30a7e4e61458} not implemented, returning E_NOINTERFACE.
5465.480:0138:01a0:warn:vkd3d-proton:d3d12_device_QueryInterface: {0742a90b-c387-483f-b946-30a7e4e61458} not implemented, returning E_NOINTERFACE.
5465.496:0138:01a0:warn:vkd3d-proton:d3d12_device_QueryInterface: {0742a90b-c387-483f-b946-30a7e4e61458} not implemented, returning E_NOINTERFACE.
5465.530:0138:01a0:warn:vkd3d-proton:d3d12_device_QueryInterface: {0742a90b-c387-483f-b946-30a7e4e61458} not implemented, returning E_NOINTERFACE.
5465.547:0138:01a0:warn:vkd3d-proton:d3d12_device_QueryInterface: {0742a90b-c387-483f-b946-30a7e4e61458} not implemented, returning E_NOINTERFACE.
5465.579:0138:01a0:warn:vkd3d-proton:d3d12_device_QueryInterface: {0742a90b-c387-483f-b946-30a7e4e61458} not implemented, returning E_NOINTERFACE.
5465.596:0138:0198:warn:vkd3d-proton:d3d12_device_QueryInterface: {0742a90b-c387-483f-b946-30a7e4e61458} not implemented, returning E_NOINTERFACE.
5465.631:0138:0198:warn:vkd3d-proton:d3d12_device_QueryInterface: {0742a90b-c387-483f-b946-30a7e4e61458} not implemented, returning E_NOINTERFACE.
5465.664:0138:01a0:warn:vkd3d-proton:d3d12_device_QueryInterface: {0742a90b-c387-483f-b946-30a7e4e61458} not implemented, returning E_NOINTERFACE.
5465.808:0138:0198:warn:vkd3d-proton:d3d12_device_QueryInterface: {0742a90b-c387-483f-b946-30a7e4e61458} not implemented, returning E_NOINTERFACE.
5465.827:0138:0198:warn:vkd3d-proton:d3d12_device_QueryInterface: {0742a90b-c387-483f-b946-30a7e4e61458} not implemented, returning E_NOINTERFACE.
5465.830:0138:0198:warn:vkd3d-proton:d3d12_device_QueryInterface: {0742a90b-c387-483f-b946-30a7e4e61458} not implemented, returning E_NOINTERFACE.
5465.846:0138:0198:warn:vkd3d-proton:d3d12_device_QueryInterface: {0742a90b-c387-483f-b946-30a7e4e61458} not implemented, returning E_NOINTERFACE.
5465.879:0138:0198:warn:vkd3d-proton:d3d12_device_QueryInterface: {0742a90b-c387-483f-b946-30a7e4e61458} not implemented, returning E_NOINTERFACE.
5465.896:0138:0198:warn:vkd3d-proton:d3d12_device_QueryInterface: {0742a90b-c387-483f-b946-30a7e4e61458} not implemented, returning E_NOINTERFACE.
5465.930:0138:0198:warn:vkd3d-proton:d3d12_device_QueryInterface: {0742a90b-c387-483f-b946-30a7e4e61458} not implemented, returning E_NOINTERFACE.
5465.947:0138:0198:warn:vkd3d-proton:d3d12_device_QueryInterface: {0742a90b-c387-483f-b946-30a7e4e61458} not implemented, returning E_NOINTERFACE.
5465.964:0138:0198:warn:vkd3d-proton:d3d12_device_QueryInterface: {0742a90b-c387-483f-b946-30a7e4e61458} not implemented, returning E_NOINTERFACE.
5465.998:0138:01a0:warn:vkd3d-proton:d3d12_device_QueryInterface: {0742a90b-c387-483f-b946-30a7e4e61458} not implemented, returning E_NOINTERFACE.
5466.014:0138:01a0:warn:vkd3d-proton:d3d12_device_QueryInterface: {0742a90b-c387-483f-b946-30a7e4e61458} not implemented, returning E_NOINTERFACE.
5466.048:0138:01a0:warn:vkd3d-proton:d3d12_device_QueryInterface: {0742a90b-c387-483f-b946-30a7e4e61458} not implemented, returning E_NOINTERFACE.
5466.065:0138:01a0:warn:vkd3d-proton:d3d12_device_QueryInterface: {0742a90b-c387-483f-b946-30a7e4e61458} not implemented, returning E_NOINTERFACE.
5466.097:0138:01a0:warn:vkd3d-proton:d3d12_device_QueryInterface: {0742a90b-c387-483f-b946-30a7e4e61458} not implemented, returning E_NOINTERFACE.
5466.113:0138:01a0:warn:vkd3d-proton:d3d12_device_QueryInterface: {0742a90b-c387-483f-b946-30a7e4e61458} not implemented, returning E_NOINTERFACE.
5466.148:0138:019c:warn:vkd3d-proton:d3d12_device_QueryInterface: {0742a90b-c387-483f-b946-30a7e4e61458} not implemented, returning E_NOINTERFACE.
5466.163:0138:019c:warn:vkd3d-proton:d3d12_device_QueryInterface: {0742a90b-c387-483f-b946-30a7e4e61458} not implemented, returning E_NOINTERFACE.
5466.197:0138:019c:warn:vkd3d-proton:d3d12_device_QueryInterface: {0742a90b-c387-483f-b946-30a7e4e61458} not implemented, returning E_NOINTERFACE.
5466.214:0138:019c:warn:vkd3d-proton:d3d12_device_QueryInterface: {0742a90b-c387-483f-b946-30a7e4e61458} not implemented, returning E_NOINTERFACE.
5466.246:0138:019c:warn:vkd3d-proton:d3d12_device_QueryInterface: {0742a90b-c387-483f-b946-30a7e4e61458} not implemented, returning E_NOINTERFACE.
5466.263:0138:019c:warn:vkd3d-proton:d3d12_device_QueryInterface: {0742a90b-c387-483f-b946-30a7e4e61458} not implemented, returning E_NOINTERFACE.
5466.298:0138:019c:warn:vkd3d-proton:d3d12_device_QueryInterface: {0742a90b-c387-483f-b946-30a7e4e61458} not implemented, returning E_NOINTERFACE.
5466.314:0138:019c:warn:vkd3d-proton:d3d12_device_QueryInterface: {0742a90b-c387-483f-b946-30a7e4e61458} not implemented, returning E_NOINTERFACE.
5466.346:0138:019c:warn:vkd3d-proton:d3d12_device_QueryInterface: {0742a90b-c387-483f-b946-30a7e4e61458} not implemented, returning E_NOINTERFACE.
5466.363:0138:019c:warn:vkd3d-proton:d3d12_device_QueryInterface: {0742a90b-c387-483f-b946-30a7e4e61458} not implemented, returning E_NOINTERFACE.
5466.397:0138:019c:warn:vkd3d-proton:d3d12_device_QueryInterface: {0742a90b-c387-483f-b946-30a7e4e61458} not implemented, returning E_NOINTERFACE.
5466.413:0138:019c:warn:vkd3d-proton:d3d12_device_QueryInterface: {0742a90b-c387-483f-b946-30a7e4e61458} not implemented, returning E_NOINTERFACE.
5466.446:0138:019c:warn:vkd3d-proton:d3d12_device_QueryInterface: {0742a90b-c387-483f-b946-30a7e4e61458} not implemented, returning E_NOINTERFACE.
5466.463:0138:019c:warn:vkd3d-proton:d3d12_device_QueryInterface: {0742a90b-c387-483f-b946-30a7e4e61458} not implemented, returning E_NOINTERFACE.
5466.498:0138:019c:warn:vkd3d-proton:d3d12_device_QueryInterface: {0742a90b-c387-483f-b946-30a7e4e61458} not implemented, returning E_NOINTERFACE.
5466.513:0138:019c:warn:vkd3d-proton:d3d12_device_QueryInterface: {0742a90b-c387-483f-b946-30a7e4e61458} not implemented, returning E_NOINTERFACE.
5466.547:0138:019c:warn:vkd3d-proton:d3d12_device_QueryInterface: {0742a90b-c387-483f-b946-30a7e4e61458} not implemented, returning E_NOINTERFACE.
5466.563:0138:019c:warn:vkd3d-proton:d3d12_device_QueryInterface: {0742a90b-c387-483f-b946-30a7e4e61458} not implemented, returning E_NOINTERFACE.
5466.597:0138:019c:warn:vkd3d-proton:d3d12_device_QueryInterface: {0742a90b-c387-483f-b946-30a7e4e61458} not implemented, returning E_NOINTERFACE.
5466.613:0138:019c:warn:vkd3d-proton:d3d12_device_QueryInterface: {0742a90b-c387-483f-b946-30a7e4e61458} not implemented, returning E_NOINTERFACE.
5466.647:0138:019c:warn:vkd3d-proton:d3d12_device_QueryInterface: {0742a90b-c387-483f-b946-30a7e4e61458} not implemented, returning E_NOINTERFACE.
5466.664:0138:019c:warn:vkd3d-proton:d3d12_device_QueryInterface: {0742a90b-c387-483f-b946-30a7e4e61458} not implemented, returning E_NOINTERFACE.
5466.697:0138:019c:warn:vkd3d-proton:d3d12_device_QueryInterface: {0742a90b-c387-483f-b946-30a7e4e61458} not implemented, returning E_NOINTERFACE.
5466.714:0138:019c:warn:vkd3d-proton:d3d12_device_QueryInterface: {0742a90b-c387-483f-b946-30a7e4e61458} not implemented, returning E_NOINTERFACE.
5466.747:0138:019c:warn:vkd3d-proton:d3d12_device_QueryInterface: {0742a90b-c387-483f-b946-30a7e4e61458} not implemented, returning E_NOINTERFACE.
5466.763:0138:019c:warn:vkd3d-proton:d3d12_device_QueryInterface: {0742a90b-c387-483f-b946-30a7e4e61458} not implemented, returning E_NOINTERFACE.
5466.797:0138:019c:warn:vkd3d-proton:d3d12_device_QueryInterface: {0742a90b-c387-483f-b946-30a7e4e61458} not implemented, returning E_NOINTERFACE.
5466.814:0138:019c:warn:vkd3d-proton:d3d12_device_QueryInterface: {0742a90b-c387-483f-b946-30a7e4e61458} not implemented, returning E_NOINTERFACE.
5466.847:0138:019c:warn:vkd3d-proton:d3d12_device_QueryInterface: {0742a90b-c387-483f-b946-30a7e4e61458} not implemented, returning E_NOINTERFACE.
5466.863:0138:019c:warn:vkd3d-proton:d3d12_device_QueryInterface: {0742a90b-c387-483f-b946-30a7e4e61458} not implemented, returning E_NOINTERFACE.
5466.882:0138:019c:warn:vkd3d-proton:d3d12_device_QueryInterface: {0742a90b-c387-483f-b946-30a7e4e61458} not implemented, returning E_NOINTERFACE.
5466.899:0138:019c:warn:vkd3d-proton:d3d12_device_QueryInterface: {0742a90b-c387-483f-b946-30a7e4e61458} not implemented, returning E_NOINTERFACE.
5466.915:0138:019c:warn:vkd3d-proton:d3d12_device_QueryInterface: {0742a90b-c387-483f-b946-30a7e4e61458} not implemented, returning E_NOINTERFACE.
5466.934:0138:019c:warn:vkd3d-proton:d3d12_device_QueryInterface: {0742a90b-c387-483f-b946-30a7e4e61458} not implemented, returning E_NOINTERFACE.
5466.951:0138:019c:warn:vkd3d-proton:d3d12_device_QueryInterface: {0742a90b-c387-483f-b946-30a7e4e61458} not implemented, returning E_NOINTERFACE.
5466.965:0138:019c:warn:vkd3d-proton:d3d12_device_QueryInterface: {0742a90b-c387-483f-b946-30a7e4e61458} not implemented, returning E_NOINTERFACE.
5466.984:0138:019c:warn:vkd3d-proton:d3d12_device_QueryInterface: {0742a90b-c387-483f-b946-30a7e4e61458} not implemented, returning E_NOINTERFACE.
5466.999:0138:019c:warn:vkd3d-proton:d3d12_device_QueryInterface: {0742a90b-c387-483f-b946-30a7e4e61458} not implemented, returning E_NOINTERFACE.
5467.015:0138:019c:warn:vkd3d-proton:d3d12_device_QueryInterface: {0742a90b-c387-483f-b946-30a7e4e61458} not implemented, returning E_NOINTERFACE.
5467.032:0138:019c:warn:vkd3d-proton:d3d12_device_QueryInterface: {0742a90b-c387-483f-b946-30a7e4e61458} not implemented, returning E_NOINTERFACE.
5467.049:0138:019c:warn:vkd3d-proton:d3d12_device_QueryInterface: {0742a90b-c387-483f-b946-30a7e4e61458} not implemented, returning E_NOINTERFACE.
5467.495:0138:0194:warn:vkd3d-proton:d3d12_device_QueryInterface: {0742a90b-c387-483f-b946-30a7e4e61458} not implemented, returning E_NOINTERFACE.
5467.500:0138:0194:warn:vkd3d-proton:d3d12_device_QueryInterface: {0742a90b-c387-483f-b946-30a7e4e61458} not implemented, returning E_NOINTERFACE.
5467.520:0138:0194:warn:vkd3d-proton:d3d12_device_QueryInterface: {0742a90b-c387-483f-b946-30a7e4e61458} not implemented, returning E_NOINTERFACE.
5467.535:0138:0194:warn:vkd3d-proton:d3d12_device_QueryInterface: {0742a90b-c387-483f-b946-30a7e4e61458} not implemented, returning E_NOINTERFACE.
5467.571:0138:0194:warn:vkd3d-proton:d3d12_device_QueryInterface: {0742a90b-c387-483f-b946-30a7e4e61458} not implemented, returning E_NOINTERFACE.
5467.586:0138:0194:warn:vkd3d-proton:d3d12_device_QueryInterface: {0742a90b-c387-483f-b946-30a7e4e61458} not implemented, returning E_NOINTERFACE.
5467.602:0138:0194:warn:vkd3d-proton:d3d12_device_QueryInterface: {0742a90b-c387-483f-b946-30a7e4e61458} not implemented, returning E_NOINTERFACE.
5467.628:0138:019c:warn:vkd3d-proton:d3d12_device_QueryInterface: {0742a90b-c387-483f-b946-30a7e4e61458} not implemented, returning E_NOINTERFACE.
5467.635:0138:019c:warn:vkd3d-proton:d3d12_device_QueryInterface: {0742a90b-c387-483f-b946-30a7e4e61458} not implemented, returning E_NOINTERFACE.
5467.651:0138:019c:warn:vkd3d-proton:d3d12_device_QueryInterface: {0742a90b-c387-483f-b946-30a7e4e61458} not implemented, returning E_NOINTERFACE.
5467.670:0138:01a0:warn:vkd3d-proton:d3d12_device_QueryInterface: {0742a90b-c387-483f-b946-30a7e4e61458} not implemented, returning E_NOINTERFACE.
5467.686:0138:01a0:warn:vkd3d-proton:d3d12_device_QueryInterface: {0742a90b-c387-483f-b946-30a7e4e61458} not implemented, returning E_NOINTERFACE.
5467.701:0138:01a0:warn:vkd3d-proton:d3d12_device_QueryInterface: {0742a90b-c387-483f-b946-30a7e4e61458} not implemented, returning E_NOINTERFACE.
5467.718:0138:01a0:warn:vkd3d-proton:d3d12_device_QueryInterface: {0742a90b-c387-483f-b946-30a7e4e61458} not implemented, returning E_NOINTERFACE.
5467.736:0138:019c:warn:vkd3d-proton:d3d12_device_QueryInterface: {0742a90b-c387-483f-b946-30a7e4e61458} not implemented, returning E_NOINTERFACE.
5467.752:0138:019c:warn:vkd3d-proton:d3d12_device_QueryInterface: {0742a90b-c387-483f-b946-30a7e4e61458} not implemented, returning E_NOINTERFACE.
5467.771:0138:0194:warn:vkd3d-proton:d3d12_device_QueryInterface: {0742a90b-c387-483f-b946-30a7e4e61458} not implemented, returning E_NOINTERFACE.
5467.788:0138:0194:warn:vkd3d-proton:d3d12_device_QueryInterface: {0742a90b-c387-483f-b946-30a7e4e61458} not implemented, returning E_NOINTERFACE.
5467.827:0138:0194:warn:vkd3d-proton:d3d12_device_QueryInterface: {0742a90b-c387-483f-b946-30a7e4e61458} not implemented, returning E_NOINTERFACE.
5467.833:0138:019c:warn:vkd3d-proton:d3d12_device_QueryInterface: {0742a90b-c387-483f-b946-30a7e4e61458} not implemented, returning E_NOINTERFACE.
5467.837:0138:019c:warn:vkd3d-proton:d3d12_device_QueryInterface: {0742a90b-c387-483f-b946-30a7e4e61458} not implemented, returning E_NOINTERFACE.
5467.853:0138:01a0:warn:vkd3d-proton:d3d12_device_QueryInterface: {0742a90b-c387-483f-b946-30a7e4e61458} not implemented, returning E_NOINTERFACE.
5467.870:0138:01a0:warn:vkd3d-proton:d3d12_device_QueryInterface: {0742a90b-c387-483f-b946-30a7e4e61458} not implemented, returning E_NOINTERFACE.
5467.886:0138:01a0:warn:vkd3d-proton:d3d12_device_QueryInterface: {0742a90b-c387-483f-b946-30a7e4e61458} not implemented, returning E_NOINTERFACE.
5467.903:0138:01a0:warn:vkd3d-proton:d3d12_device_QueryInterface: {0742a90b-c387-483f-b946-30a7e4e61458} not implemented, returning E_NOINTERFACE.
5467.922:0138:01a0:warn:vkd3d-proton:d3d12_device_QueryInterface: {0742a90b-c387-483f-b946-30a7e4e61458} not implemented, returning E_NOINTERFACE.
5467.936:0138:01a0:warn:vkd3d-proton:d3d12_device_QueryInterface: {0742a90b-c387-483f-b946-30a7e4e61458} not implemented, returning E_NOINTERFACE.
5467.954:0138:01a0:warn:vkd3d-proton:d3d12_device_QueryInterface: {0742a90b-c387-483f-b946-30a7e4e61458} not implemented, returning E_NOINTERFACE.
5467.970:0138:01a0:warn:vkd3d-proton:d3d12_device_QueryInterface: {0742a90b-c387-483f-b946-30a7e4e61458} not implemented, returning E_NOINTERFACE.
5467.988:0138:01a0:warn:vkd3d-proton:d3d12_device_QueryInterface: {0742a90b-c387-483f-b946-30a7e4e61458} not implemented, returning E_NOINTERFACE.
5468.003:0138:01a0:warn:vkd3d-proton:d3d12_device_QueryInterface: {0742a90b-c387-483f-b946-30a7e4e61458} not implemented, returning E_NOINTERFACE.
5468.021:0138:01a0:warn:vkd3d-proton:d3d12_device_QueryInterface: {0742a90b-c387-483f-b946-30a7e4e61458} not implemented, returning E_NOINTERFACE.
5468.039:0138:01a0:warn:vkd3d-proton:d3d12_device_QueryInterface: {0742a90b-c387-483f-b946-30a7e4e61458} not implemented, returning E_NOINTERFACE.
5468.054:0138:01a0:warn:vkd3d-proton:d3d12_device_QueryInterface: {0742a90b-c387-483f-b946-30a7e4e61458} not implemented, returning E_NOINTERFACE.
5468.070:0138:01a0:warn:vkd3d-proton:d3d12_device_QueryInterface: {0742a90b-c387-483f-b946-30a7e4e61458} not implemented, returning E_NOINTERFACE.
5468.087:0138:01a0:warn:vkd3d-proton:d3d12_device_QueryInterface: {0742a90b-c387-483f-b946-30a7e4e61458} not implemented, returning E_NOINTERFACE.
5468.105:0138:01a0:warn:vkd3d-proton:d3d12_device_QueryInterface: {0742a90b-c387-483f-b946-30a7e4e61458} not implemented, returning E_NOINTERFACE.
5468.123:0138:01a0:warn:vkd3d-proton:d3d12_device_QueryInterface: {0742a90b-c387-483f-b946-30a7e4e61458} not implemented, returning E_NOINTERFACE.
5468.138:0138:01a0:warn:vkd3d-proton:d3d12_device_QueryInterface: {0742a90b-c387-483f-b946-30a7e4e61458} not implemented, returning E_NOINTERFACE.
5468.157:0138:01a0:warn:vkd3d-proton:d3d12_device_QueryInterface: {0742a90b-c387-483f-b946-30a7e4e61458} not implemented, returning E_NOINTERFACE.
5468.174:0138:01a0:warn:vkd3d-proton:d3d12_device_QueryInterface: {0742a90b-c387-483f-b946-30a7e4e61458} not implemented, returning E_NOINTERFACE.
5468.189:0138:01a0:warn:vkd3d-proton:d3d12_device_QueryInterface: {0742a90b-c387-483f-b946-30a7e4e61458} not implemented, returning E_NOINTERFACE.
5468.206:0138:01a0:warn:vkd3d-proton:d3d12_device_QueryInterface: {0742a90b-c387-483f-b946-30a7e4e61458} not implemented, returning E_NOINTERFACE.
5468.224:0138:01a0:warn:vkd3d-proton:d3d12_device_QueryInterface: {0742a90b-c387-483f-b946-30a7e4e61458} not implemented, returning E_NOINTERFACE.
5468.240:0138:01a0:warn:vkd3d-proton:d3d12_device_QueryInterface: {0742a90b-c387-483f-b946-30a7e4e61458} not implemented, returning E_NOINTERFACE.
5468.256:0138:01a0:warn:vkd3d-proton:d3d12_device_QueryInterface: {0742a90b-c387-483f-b946-30a7e4e61458} not implemented, returning E_NOINTERFACE.
5468.273:0138:01a0:warn:vkd3d-proton:d3d12_device_QueryInterface: {0742a90b-c387-483f-b946-30a7e4e61458} not implemented, returning E_NOINTERFACE.
5468.290:0138:01a0:warn:vkd3d-proton:d3d12_device_QueryInterface: {0742a90b-c387-483f-b946-30a7e4e61458} not implemented, returning E_NOINTERFACE.
5468.306:0138:01a0:warn:vkd3d-proton:d3d12_device_QueryInterface: {0742a90b-c387-483f-b946-30a7e4e61458} not implemented, returning E_NOINTERFACE.
5468.323:0138:01a0:warn:vkd3d-proton:d3d12_device_QueryInterface: {0742a90b-c387-483f-b946-30a7e4e61458} not implemented, returning E_NOINTERFACE.
5468.340:0138:01a0:warn:vkd3d-proton:d3d12_device_QueryInterface: {0742a90b-c387-483f-b946-30a7e4e61458} not implemented, returning E_NOINTERFACE.
5468.357:0138:01a0:warn:vkd3d-proton:d3d12_device_QueryInterface: {0742a90b-c387-483f-b946-30a7e4e61458} not implemented, returning E_NOINTERFACE.
5468.371:0138:01a0:warn:vkd3d-proton:d3d12_device_QueryInterface: {0742a90b-c387-483f-b946-30a7e4e61458} not implemented, returning E_NOINTERFACE.
5468.745:0138:019c:warn:vkd3d-proton:d3d12_device_QueryInterface: {0742a90b-c387-483f-b946-30a7e4e61458} not implemented, returning E_NOINTERFACE.
5468.750:0138:0194:warn:vkd3d-proton:d3d12_device_QueryInterface: {0742a90b-c387-483f-b946-30a7e4e61458} not implemented, returning E_NOINTERFACE.
5468.763:0138:019c:warn:vkd3d-proton:d3d12_device_QueryInterface: {0742a90b-c387-483f-b946-30a7e4e61458} not implemented, returning E_NOINTERFACE.
5468.778:0138:019c:warn:vkd3d-proton:d3d12_device_QueryInterface: {0742a90b-c387-483f-b946-30a7e4e61458} not implemented, returning E_NOINTERFACE.
5468.791:0138:019c:warn:vkd3d-proton:d3d12_device_QueryInterface: {0742a90b-c387-483f-b946-30a7e4e61458} not implemented, returning E_NOINTERFACE.
5468.809:0138:019c:warn:vkd3d-proton:d3d12_device_QueryInterface: {0742a90b-c387-483f-b946-30a7e4e61458} not implemented, returning E_NOINTERFACE.
5468.825:0138:019c:warn:vkd3d-proton:d3d12_device_QueryInterface: {0742a90b-c387-483f-b946-30a7e4e61458} not implemented, returning E_NOINTERFACE.
5468.841:0138:019c:warn:vkd3d-proton:d3d12_device_QueryInterface: {0742a90b-c387-483f-b946-30a7e4e61458} not implemented, returning E_NOINTERFACE.
5468.872:0138:0198:warn:vkd3d-proton:d3d12_device_QueryInterface: {0742a90b-c387-483f-b946-30a7e4e61458} not implemented, returning E_NOINTERFACE.
5468.879:0138:01a0:warn:vkd3d-proton:d3d12_device_QueryInterface: {0742a90b-c387-483f-b946-30a7e4e61458} not implemented, returning E_NOINTERFACE.
5468.891:0138:0198:warn:vkd3d-proton:d3d12_device_QueryInterface: {0742a90b-c387-483f-b946-30a7e4e61458} not implemented, returning E_NOINTERFACE.
5468.908:0138:0198:warn:vkd3d-proton:d3d12_device_QueryInterface: {0742a90b-c387-483f-b946-30a7e4e61458} not implemented, returning E_NOINTERFACE.
5468.934:0138:01a0:warn:vkd3d-proton:d3d12_device_QueryInterface: {0742a90b-c387-483f-b946-30a7e4e61458} not implemented, returning E_NOINTERFACE.
5468.943:0138:0198:warn:vkd3d-proton:d3d12_device_QueryInterface: {0742a90b-c387-483f-b946-30a7e4e61458} not implemented, returning E_NOINTERFACE.
5468.957:0138:0198:warn:vkd3d-proton:d3d12_device_QueryInterface: {0742a90b-c387-483f-b946-30a7e4e61458} not implemented, returning E_NOINTERFACE.
5468.975:0138:0198:warn:vkd3d-proton:d3d12_device_QueryInterface: {0742a90b-c387-483f-b946-30a7e4e61458} not implemented, returning E_NOINTERFACE.
5468.994:0138:0194:warn:vkd3d-proton:d3d12_device_QueryInterface: {0742a90b-c387-483f-b946-30a7e4e61458} not implemented, returning E_NOINTERFACE.
5469.009:0138:0194:warn:vkd3d-proton:d3d12_device_QueryInterface: {0742a90b-c387-483f-b946-30a7e4e61458} not implemented, returning E_NOINTERFACE.
5469.027:0138:0194:warn:vkd3d-proton:d3d12_device_QueryInterface: {0742a90b-c387-483f-b946-30a7e4e61458} not implemented, returning E_NOINTERFACE.
5469.045:0138:0198:warn:vkd3d-proton:d3d12_device_QueryInterface: {0742a90b-c387-483f-b946-30a7e4e61458} not implemented, returning E_NOINTERFACE.
5469.061:0138:0194:warn:vkd3d-proton:d3d12_device_QueryInterface: {0742a90b-c387-483f-b946-30a7e4e61458} not implemented, returning E_NOINTERFACE.
5469.078:0138:0194:warn:vkd3d-proton:d3d12_device_QueryInterface: {0742a90b-c387-483f-b946-30a7e4e61458} not implemented, returning E_NOINTERFACE.
5469.120:0138:01a0:warn:vkd3d-proton:d3d12_device_QueryInterface: {0742a90b-c387-483f-b946-30a7e4e61458} not implemented, returning E_NOINTERFACE.
5469.125:0138:019c:warn:vkd3d-proton:d3d12_device_QueryInterface: {0742a90b-c387-483f-b946-30a7e4e61458} not implemented, returning E_NOINTERFACE.
5469.142:0138:01a0:warn:vkd3d-proton:d3d12_device_QueryInterface: {0742a90b-c387-483f-b946-30a7e4e61458} not implemented, returning E_NOINTERFACE.
5469.159:0138:01a0:warn:vkd3d-proton:d3d12_device_QueryInterface: {0742a90b-c387-483f-b946-30a7e4e61458} not implemented, returning E_NOINTERFACE.
5469.175:0138:0198:warn:vkd3d-proton:d3d12_device_QueryInterface: {0742a90b-c387-483f-b946-30a7e4e61458} not implemented, returning E_NOINTERFACE.
5469.193:0138:0198:warn:vkd3d-proton:d3d12_device_QueryInterface: {0742a90b-c387-483f-b946-30a7e4e61458} not implemented, returning E_NOINTERFACE.
5469.216:0138:0194:warn:vkd3d-proton:d3d12_device_QueryInterface: {0742a90b-c387-483f-b946-30a7e4e61458} not implemented, returning E_NOINTERFACE.
5469.227:0138:019c:warn:vkd3d-proton:d3d12_device_QueryInterface: {0742a90b-c387-483f-b946-30a7e4e61458} not implemented, returning E_NOINTERFACE.
5469.243:0138:019c:warn:vkd3d-proton:d3d12_device_QueryInterface: {0742a90b-c387-483f-b946-30a7e4e61458} not implemented, returning E_NOINTERFACE.
5469.259:0138:0194:warn:vkd3d-proton:d3d12_device_QueryInterface: {0742a90b-c387-483f-b946-30a7e4e61458} not implemented, returning E_NOINTERFACE.
5469.275:0138:0194:warn:vkd3d-proton:d3d12_device_QueryInterface: {0742a90b-c387-483f-b946-30a7e4e61458} not implemented, returning E_NOINTERFACE.
5469.293:0138:0194:warn:vkd3d-proton:d3d12_device_QueryInterface: {0742a90b-c387-483f-b946-30a7e4e61458} not implemented, returning E_NOINTERFACE.
5469.309:0138:01a0:warn:vkd3d-proton:d3d12_device_QueryInterface: {0742a90b-c387-483f-b946-30a7e4e61458} not implemented, returning E_NOINTERFACE.
5469.327:0138:019c:warn:vkd3d-proton:d3d12_device_QueryInterface: {0742a90b-c387-483f-b946-30a7e4e61458} not implemented, returning E_NOINTERFACE.
5469.346:0138:019c:warn:vkd3d-proton:d3d12_device_QueryInterface: {0742a90b-c387-483f-b946-30a7e4e61458} not implemented, returning E_NOINTERFACE.
5469.373:0138:0194:warn:vkd3d-proton:d3d12_device_QueryInterface: {0742a90b-c387-483f-b946-30a7e4e61458} not implemented, returning E_NOINTERFACE.
5469.379:0138:01a0:warn:vkd3d-proton:d3d12_device_QueryInterface: {0742a90b-c387-483f-b946-30a7e4e61458} not implemented, returning E_NOINTERFACE.
5469.393:0138:0194:warn:vkd3d-proton:d3d12_device_QueryInterface: {0742a90b-c387-483f-b946-30a7e4e61458} not implemented, returning E_NOINTERFACE.
5469.411:0138:0194:warn:vkd3d-proton:d3d12_device_QueryInterface: {0742a90b-c387-483f-b946-30a7e4e61458} not implemented, returning E_NOINTERFACE.
5469.428:0138:0194:warn:vkd3d-proton:d3d12_device_QueryInterface: {0742a90b-c387-483f-b946-30a7e4e61458} not implemented, returning E_NOINTERFACE.
5469.445:0138:0194:warn:vkd3d-proton:d3d12_device_QueryInterface: {0742a90b-c387-483f-b946-30a7e4e61458} not implemented, returning E_NOINTERFACE.
5469.460:0138:0194:warn:vkd3d-proton:d3d12_device_QueryInterface: {0742a90b-c387-483f-b946-30a7e4e61458} not implemented, returning E_NOINTERFACE.
5469.477:0138:0194:warn:vkd3d-proton:d3d12_device_QueryInterface: {0742a90b-c387-483f-b946-30a7e4e61458} not implemented, returning E_NOINTERFACE.
5469.493:0138:0194:warn:vkd3d-proton:d3d12_device_QueryInterface: {0742a90b-c387-483f-b946-30a7e4e61458} not implemented, returning E_NOINTERFACE.
5469.509:0138:0194:warn:vkd3d-proton:d3d12_device_QueryInterface: {0742a90b-c387-483f-b946-30a7e4e61458} not implemented, returning E_NOINTERFACE.
5469.527:0138:0194:warn:vkd3d-proton:d3d12_device_QueryInterface: {0742a90b-c387-483f-b946-30a7e4e61458} not implemented, returning E_NOINTERFACE.
5469.544:0138:0194:warn:vkd3d-proton:d3d12_device_QueryInterface: {0742a90b-c387-483f-b946-30a7e4e61458} not implemented, returning E_NOINTERFACE.
5469.561:0138:0194:warn:vkd3d-proton:d3d12_device_QueryInterface: {0742a90b-c387-483f-b946-30a7e4e61458} not implemented, returning E_NOINTERFACE.
5469.577:0138:0194:warn:vkd3d-proton:d3d12_device_QueryInterface: {0742a90b-c387-483f-b946-30a7e4e61458} not implemented, returning E_NOINTERFACE.
5469.595:0138:0194:warn:vkd3d-proton:d3d12_device_QueryInterface: {0742a90b-c387-483f-b946-30a7e4e61458} not implemented, returning E_NOINTERFACE.
5469.610:0138:0194:warn:vkd3d-proton:d3d12_device_QueryInterface: {0742a90b-c387-483f-b946-30a7e4e61458} not implemented, returning E_NOINTERFACE.
5469.628:0138:0194:warn:vkd3d-proton:d3d12_device_QueryInterface: {0742a90b-c387-483f-b946-30a7e4e61458} not implemented, returning E_NOINTERFACE.
5469.645:0138:0194:warn:vkd3d-proton:d3d12_device_QueryInterface: {0742a90b-c387-483f-b946-30a7e4e61458} not implemented, returning E_NOINTERFACE.
5469.662:0138:0194:warn:vkd3d-proton:d3d12_device_QueryInterface: {0742a90b-c387-483f-b946-30a7e4e61458} not implemented, returning E_NOINTERFACE.
5469.677:0138:0194:warn:vkd3d-proton:d3d12_device_QueryInterface: {0742a90b-c387-483f-b946-30a7e4e61458} not implemented, returning E_NOINTERFACE.
5469.696:0138:0194:warn:vkd3d-proton:d3d12_device_QueryInterface: {0742a90b-c387-483f-b946-30a7e4e61458} not implemented, returning E_NOINTERFACE.
5469.711:0138:0194:warn:vkd3d-proton:d3d12_device_QueryInterface: {0742a90b-c387-483f-b946-30a7e4e61458} not implemented, returning E_NOINTERFACE.
5469.727:0138:0194:warn:vkd3d-proton:d3d12_device_QueryInterface: {0742a90b-c387-483f-b946-30a7e4e61458} not implemented, returning E_NOINTERFACE.
5469.746:0138:0194:warn:vkd3d-proton:d3d12_device_QueryInterface: {0742a90b-c387-483f-b946-30a7e4e61458} not implemented, returning E_NOINTERFACE.
5469.762:0138:0194:warn:vkd3d-proton:d3d12_device_QueryInterface: {0742a90b-c387-483f-b946-30a7e4e61458} not implemented, returning E_NOINTERFACE.
5469.778:0138:0194:warn:vkd3d-proton:d3d12_device_QueryInterface: {0742a90b-c387-483f-b946-30a7e4e61458} not implemented, returning E_NOINTERFACE.
5469.796:0138:0194:warn:vkd3d-proton:d3d12_device_QueryInterface: {0742a90b-c387-483f-b946-30a7e4e61458} not implemented, returning E_NOINTERFACE.
5469.811:0138:0194:warn:vkd3d-proton:d3d12_device_QueryInterface: {0742a90b-c387-483f-b946-30a7e4e61458} not implemented, returning E_NOINTERFACE.
5469.828:0138:0194:warn:vkd3d-proton:d3d12_device_QueryInterface: {0742a90b-c387-483f-b946-30a7e4e61458} not implemented, returning E_NOINTERFACE.
5469.846:0138:0194:warn:vkd3d-proton:d3d12_device_QueryInterface: {0742a90b-c387-483f-b946-30a7e4e61458} not implemented, returning E_NOINTERFACE.
5469.864:0138:0194:warn:vkd3d-proton:d3d12_device_QueryInterface: {0742a90b-c387-483f-b946-30a7e4e61458} not implemented, returning E_NOINTERFACE.
5469.877:0138:0194:warn:vkd3d-proton:d3d12_device_QueryInterface: {0742a90b-c387-483f-b946-30a7e4e61458} not implemented, returning E_NOINTERFACE.
5469.895:0138:0194:warn:vkd3d-proton:d3d12_device_QueryInterface: {0742a90b-c387-483f-b946-30a7e4e61458} not implemented, returning E_NOINTERFACE.
5469.913:0138:0194:warn:vkd3d-proton:d3d12_device_QueryInterface: {0742a90b-c387-483f-b946-30a7e4e61458} not implemented, returning E_NOINTERFACE.
5469.929:0138:0194:warn:vkd3d-proton:d3d12_device_QueryInterface: {0742a90b-c387-483f-b946-30a7e4e61458} not implemented, returning E_NOINTERFACE.
5469.946:0138:01a0:warn:vkd3d-proton:d3d12_device_QueryInterface: {0742a90b-c387-483f-b946-30a7e4e61458} not implemented, returning E_NOINTERFACE.
5469.963:0138:01a0:warn:vkd3d-proton:d3d12_device_QueryInterface: {0742a90b-c387-483f-b946-30a7e4e61458} not implemented, returning E_NOINTERFACE.
5469.979:0138:01a0:warn:vkd3d-proton:d3d12_device_QueryInterface: {0742a90b-c387-483f-b946-30a7e4e61458} not implemented, returning E_NOINTERFACE.
5469.997:0138:01a0:warn:vkd3d-proton:d3d12_device_QueryInterface: {0742a90b-c387-483f-b946-30a7e4e61458} not implemented, returning E_NOINTERFACE.
5470.012:0138:01a0:warn:vkd3d-proton:d3d12_device_QueryInterface: {0742a90b-c387-483f-b946-30a7e4e61458} not implemented, returning E_NOINTERFACE.
5470.029:0138:01a0:warn:vkd3d-proton:d3d12_device_QueryInterface: {0742a90b-c387-483f-b946-30a7e4e61458} not implemented, returning E_NOINTERFACE.
5470.047:0138:01a0:warn:vkd3d-proton:d3d12_device_QueryInterface: {0742a90b-c387-483f-b946-30a7e4e61458} not implemented, returning E_NOINTERFACE.
5470.080:0138:01a0:warn:vkd3d-proton:d3d12_device_QueryInterface: {0742a90b-c387-483f-b946-30a7e4e61458} not implemented, returning E_NOINTERFACE.
5470.096:0138:01a0:warn:vkd3d-proton:d3d12_device_QueryInterface: {0742a90b-c387-483f-b946-30a7e4e61458} not implemented, returning E_NOINTERFACE.
5470.112:0138:0198:warn:vkd3d-proton:d3d12_device_QueryInterface: {0742a90b-c387-483f-b946-30a7e4e61458} not implemented, returning E_NOINTERFACE.
5470.131:0138:0198:warn:vkd3d-proton:d3d12_device_QueryInterface: {0742a90b-c387-483f-b946-30a7e4e61458} not implemented, returning E_NOINTERFACE.
5470.150:0138:0198:warn:vkd3d-proton:d3d12_device_QueryInterface: {0742a90b-c387-483f-b946-30a7e4e61458} not implemented, returning E_NOINTERFACE.
5470.163:0138:0198:warn:vkd3d-proton:d3d12_device_QueryInterface: {0742a90b-c387-483f-b946-30a7e4e61458} not implemented, returning E_NOINTERFACE.
5470.179:0138:0198:warn:vkd3d-proton:d3d12_device_QueryInterface: {0742a90b-c387-483f-b946-30a7e4e61458} not implemented, returning E_NOINTERFACE.
5470.197:0138:0198:warn:vkd3d-proton:d3d12_device_QueryInterface: {0742a90b-c387-483f-b946-30a7e4e61458} not implemented, returning E_NOINTERFACE.
5470.213:0138:0198:warn:vkd3d-proton:d3d12_device_QueryInterface: {0742a90b-c387-483f-b946-30a7e4e61458} not implemented, returning E_NOINTERFACE.
5470.230:0138:0198:warn:vkd3d-proton:d3d12_device_QueryInterface: {0742a90b-c387-483f-b946-30a7e4e61458} not implemented, returning E_NOINTERFACE.
5470.247:0138:0198:warn:vkd3d-proton:d3d12_device_QueryInterface: {0742a90b-c387-483f-b946-30a7e4e61458} not implemented, returning E_NOINTERFACE.
5470.263:0138:0198:warn:vkd3d-proton:d3d12_device_QueryInterface: {0742a90b-c387-483f-b946-30a7e4e61458} not implemented, returning E_NOINTERFACE.
5470.282:0138:0198:warn:vkd3d-proton:d3d12_device_QueryInterface: {0742a90b-c387-483f-b946-30a7e4e61458} not implemented, returning E_NOINTERFACE.
5470.297:0138:0198:warn:vkd3d-proton:d3d12_device_QueryInterface: {0742a90b-c387-483f-b946-30a7e4e61458} not implemented, returning E_NOINTERFACE.
5470.316:0138:0198:warn:vkd3d-proton:d3d12_device_QueryInterface: {0742a90b-c387-483f-b946-30a7e4e61458} not implemented, returning E_NOINTERFACE.
5470.331:0138:0198:warn:vkd3d-proton:d3d12_device_QueryInterface: {0742a90b-c387-483f-b946-30a7e4e61458} not implemented, returning E_NOINTERFACE.
5470.347:0138:0198:warn:vkd3d-proton:d3d12_device_QueryInterface: {0742a90b-c387-483f-b946-30a7e4e61458} not implemented, returning E_NOINTERFACE.
5470.364:0138:0198:warn:vkd3d-proton:d3d12_device_QueryInterface: {0742a90b-c387-483f-b946-30a7e4e61458} not implemented, returning E_NOINTERFACE.
5470.381:0138:0198:warn:vkd3d-proton:d3d12_device_QueryInterface: {0742a90b-c387-483f-b946-30a7e4e61458} not implemented, returning E_NOINTERFACE.
5470.399:0138:01a0:warn:vkd3d-proton:d3d12_device_QueryInterface: {0742a90b-c387-483f-b946-30a7e4e61458} not implemented, returning E_NOINTERFACE.
5470.416:0138:01a0:warn:vkd3d-proton:d3d12_device_QueryInterface: {0742a90b-c387-483f-b946-30a7e4e61458} not implemented, returning E_NOINTERFACE.
5470.433:0138:01a0:warn:vkd3d-proton:d3d12_device_QueryInterface: {0742a90b-c387-483f-b946-30a7e4e61458} not implemented, returning E_NOINTERFACE.
5470.449:0138:01a0:warn:vkd3d-proton:d3d12_device_QueryInterface: {0742a90b-c387-483f-b946-30a7e4e61458} not implemented, returning E_NOINTERFACE.
5470.465:0138:01a0:warn:vkd3d-proton:d3d12_device_QueryInterface: {0742a90b-c387-483f-b946-30a7e4e61458} not implemented, returning E_NOINTERFACE.
5470.480:0138:01a0:warn:vkd3d-proton:d3d12_device_QueryInterface: {0742a90b-c387-483f-b946-30a7e4e61458} not implemented, returning E_NOINTERFACE.
5470.499:0138:01a0:warn:vkd3d-proton:d3d12_device_QueryInterface: {0742a90b-c387-483f-b946-30a7e4e61458} not implemented, returning E_NOINTERFACE.
5470.515:0138:01a0:warn:vkd3d-proton:d3d12_device_QueryInterface: {0742a90b-c387-483f-b946-30a7e4e61458} not implemented, returning E_NOINTERFACE.
5470.531:0138:01a0:warn:vkd3d-proton:d3d12_device_QueryInterface: {0742a90b-c387-483f-b946-30a7e4e61458} not implemented, returning E_NOINTERFACE.
5470.547:0138:01a0:warn:vkd3d-proton:d3d12_device_QueryInterface: {0742a90b-c387-483f-b946-30a7e4e61458} not implemented, returning E_NOINTERFACE.
5470.564:0138:01a0:warn:vkd3d-proton:d3d12_device_QueryInterface: {0742a90b-c387-483f-b946-30a7e4e61458} not implemented, returning E_NOINTERFACE.
5470.582:0138:01a0:warn:vkd3d-proton:d3d12_device_QueryInterface: {0742a90b-c387-483f-b946-30a7e4e61458} not implemented, returning E_NOINTERFACE.
5470.597:0138:01a0:warn:vkd3d-proton:d3d12_device_QueryInterface: {0742a90b-c387-483f-b946-30a7e4e61458} not implemented, returning E_NOINTERFACE.
5470.617:0138:0198:warn:vkd3d-proton:d3d12_device_QueryInterface: {0742a90b-c387-483f-b946-30a7e4e61458} not implemented, returning E_NOINTERFACE.
5470.632:0138:0198:warn:vkd3d-proton:d3d12_device_QueryInterface: {0742a90b-c387-483f-b946-30a7e4e61458} not implemented, returning E_NOINTERFACE.
5470.647:0138:0198:warn:vkd3d-proton:d3d12_device_QueryInterface: {0742a90b-c387-483f-b946-30a7e4e61458} not implemented, returning E_NOINTERFACE.
5470.668:0138:019c:warn:vkd3d-proton:d3d12_device_QueryInterface: {0742a90b-c387-483f-b946-30a7e4e61458} not implemented, returning E_NOINTERFACE.
5470.681:0138:019c:warn:vkd3d-proton:d3d12_device_QueryInterface: {0742a90b-c387-483f-b946-30a7e4e61458} not implemented, returning E_NOINTERFACE.
5470.699:0138:019c:warn:vkd3d-proton:d3d12_device_QueryInterface: {0742a90b-c387-483f-b946-30a7e4e61458} not implemented, returning E_NOINTERFACE.
5470.715:0138:019c:warn:vkd3d-proton:d3d12_device_QueryInterface: {0742a90b-c387-483f-b946-30a7e4e61458} not implemented, returning E_NOINTERFACE.
5470.732:0138:019c:warn:vkd3d-proton:d3d12_device_QueryInterface: {0742a90b-c387-483f-b946-30a7e4e61458} not implemented, returning E_NOINTERFACE.
5470.749:0138:019c:warn:vkd3d-proton:d3d12_device_QueryInterface: {0742a90b-c387-483f-b946-30a7e4e61458} not implemented, returning E_NOINTERFACE.
5470.767:0138:019c:warn:vkd3d-proton:d3d12_device_QueryInterface: {0742a90b-c387-483f-b946-30a7e4e61458} not implemented, returning E_NOINTERFACE.
5470.783:0138:019c:warn:vkd3d-proton:d3d12_device_QueryInterface: {0742a90b-c387-483f-b946-30a7e4e61458} not implemented, returning E_NOINTERFACE.
5470.799:0138:019c:warn:vkd3d-proton:d3d12_device_QueryInterface: {0742a90b-c387-483f-b946-30a7e4e61458} not implemented, returning E_NOINTERFACE.
5470.815:0138:019c:warn:vkd3d-proton:d3d12_device_QueryInterface: {0742a90b-c387-483f-b946-30a7e4e61458} not implemented, returning E_NOINTERFACE.
5470.832:0138:019c:warn:vkd3d-proton:d3d12_device_QueryInterface: {0742a90b-c387-483f-b946-30a7e4e61458} not implemented, returning E_NOINTERFACE.
5470.849:0138:019c:warn:vkd3d-proton:d3d12_device_QueryInterface: {0742a90b-c387-483f-b946-30a7e4e61458} not implemented, returning E_NOINTERFACE.
5470.867:0138:019c:warn:vkd3d-proton:d3d12_device_QueryInterface: {0742a90b-c387-483f-b946-30a7e4e61458} not implemented, returning E_NOINTERFACE.
5470.882:0138:019c:warn:vkd3d-proton:d3d12_device_QueryInterface: {0742a90b-c387-483f-b946-30a7e4e61458} not implemented, returning E_NOINTERFACE.
5470.898:0138:019c:warn:vkd3d-proton:d3d12_device_QueryInterface: {0742a90b-c387-483f-b946-30a7e4e61458} not implemented, returning E_NOINTERFACE.
5470.914:0138:019c:warn:vkd3d-proton:d3d12_device_QueryInterface: {0742a90b-c387-483f-b946-30a7e4e61458} not implemented, returning E_NOINTERFACE.
5470.933:0138:019c:warn:vkd3d-proton:d3d12_device_QueryInterface: {0742a90b-c387-483f-b946-30a7e4e61458} not implemented, returning E_NOINTERFACE.
5470.949:0138:019c:warn:vkd3d-proton:d3d12_device_QueryInterface: {0742a90b-c387-483f-b946-30a7e4e61458} not implemented, returning E_NOINTERFACE.
5470.965:0138:019c:warn:vkd3d-proton:d3d12_device_QueryInterface: {0742a90b-c387-483f-b946-30a7e4e61458} not implemented, returning E_NOINTERFACE.
5470.982:0138:019c:warn:vkd3d-proton:d3d12_device_QueryInterface: {0742a90b-c387-483f-b946-30a7e4e61458} not implemented, returning E_NOINTERFACE.
5470.999:0138:019c:warn:vkd3d-proton:d3d12_device_QueryInterface: {0742a90b-c387-483f-b946-30a7e4e61458} not implemented, returning E_NOINTERFACE.
5471.015:0138:019c:warn:vkd3d-proton:d3d12_device_QueryInterface: {0742a90b-c387-483f-b946-30a7e4e61458} not implemented, returning E_NOINTERFACE.
5471.032:0138:019c:warn:vkd3d-proton:d3d12_device_QueryInterface: {0742a90b-c387-483f-b946-30a7e4e61458} not implemented, returning E_NOINTERFACE.
5471.050:0138:019c:warn:vkd3d-proton:d3d12_device_QueryInterface: {0742a90b-c387-483f-b946-30a7e4e61458} not implemented, returning E_NOINTERFACE.
5471.065:0138:019c:warn:vkd3d-proton:d3d12_device_QueryInterface: {0742a90b-c387-483f-b946-30a7e4e61458} not implemented, returning E_NOINTERFACE.
5471.083:0138:019c:warn:vkd3d-proton:d3d12_device_QueryInterface: {0742a90b-c387-483f-b946-30a7e4e61458} not implemented, returning E_NOINTERFACE.
5471.100:0138:019c:warn:vkd3d-proton:d3d12_device_QueryInterface: {0742a90b-c387-483f-b946-30a7e4e61458} not implemented, returning E_NOINTERFACE.
5471.117:0138:019c:warn:vkd3d-proton:d3d12_device_QueryInterface: {0742a90b-c387-483f-b946-30a7e4e61458} not implemented, returning E_NOINTERFACE.
5471.135:0138:019c:warn:vkd3d-proton:d3d12_device_QueryInterface: {0742a90b-c387-483f-b946-30a7e4e61458} not implemented, returning E_NOINTERFACE.
5471.150:0138:019c:warn:vkd3d-proton:d3d12_device_QueryInterface: {0742a90b-c387-483f-b946-30a7e4e61458} not implemented, returning E_NOINTERFACE.
5471.166:0138:019c:warn:vkd3d-proton:d3d12_device_QueryInterface: {0742a90b-c387-483f-b946-30a7e4e61458} not implemented, returning E_NOINTERFACE.
5471.185:0138:019c:warn:vkd3d-proton:d3d12_device_QueryInterface: {0742a90b-c387-483f-b946-30a7e4e61458} not implemented, returning E_NOINTERFACE.
5471.200:0138:019c:warn:vkd3d-proton:d3d12_device_QueryInterface: {0742a90b-c387-483f-b946-30a7e4e61458} not implemented, returning E_NOINTERFACE.
5471.219:0138:019c:warn:vkd3d-proton:d3d12_device_QueryInterface: {0742a90b-c387-483f-b946-30a7e4e61458} not implemented, returning E_NOINTERFACE.
5471.234:0138:019c:warn:vkd3d-proton:d3d12_device_QueryInterface: {0742a90b-c387-483f-b946-30a7e4e61458} not implemented, returning E_NOINTERFACE.
5471.249:0138:019c:warn:vkd3d-proton:d3d12_device_QueryInterface: {0742a90b-c387-483f-b946-30a7e4e61458} not implemented, returning E_NOINTERFACE.
5471.267:0138:019c:warn:vkd3d-proton:d3d12_device_QueryInterface: {0742a90b-c387-483f-b946-30a7e4e61458} not implemented, returning E_NOINTERFACE.
5471.283:0138:019c:warn:vkd3d-proton:d3d12_device_QueryInterface: {0742a90b-c387-483f-b946-30a7e4e61458} not implemented, returning E_NOINTERFACE.
5471.300:0138:019c:warn:vkd3d-proton:d3d12_device_QueryInterface: {0742a90b-c387-483f-b946-30a7e4e61458} not implemented, returning E_NOINTERFACE.
5471.317:0138:019c:warn:vkd3d-proton:d3d12_device_QueryInterface: {0742a90b-c387-483f-b946-30a7e4e61458} not implemented, returning E_NOINTERFACE.
5471.334:0138:019c:warn:vkd3d-proton:d3d12_device_QueryInterface: {0742a90b-c387-483f-b946-30a7e4e61458} not implemented, returning E_NOINTERFACE.
5471.350:0138:019c:warn:vkd3d-proton:d3d12_device_QueryInterface: {0742a90b-c387-483f-b946-30a7e4e61458} not implemented, returning E_NOINTERFACE.
5471.368:0138:019c:warn:vkd3d-proton:d3d12_device_QueryInterface: {0742a90b-c387-483f-b946-30a7e4e61458} not implemented, returning E_NOINTERFACE.
5471.384:0138:019c:warn:vkd3d-proton:d3d12_device_QueryInterface: {0742a90b-c387-483f-b946-30a7e4e61458} not implemented, returning E_NOINTERFACE.
5471.400:0138:019c:warn:vkd3d-proton:d3d12_device_QueryInterface: {0742a90b-c387-483f-b946-30a7e4e61458} not implemented, returning E_NOINTERFACE.
5471.418:0138:019c:warn:vkd3d-proton:d3d12_device_QueryInterface: {0742a90b-c387-483f-b946-30a7e4e61458} not implemented, returning E_NOINTERFACE.
5471.435:0138:019c:warn:vkd3d-proton:d3d12_device_QueryInterface: {0742a90b-c387-483f-b946-30a7e4e61458} not implemented, returning E_NOINTERFACE.
5471.451:0138:019c:warn:vkd3d-proton:d3d12_device_QueryInterface: {0742a90b-c387-483f-b946-30a7e4e61458} not implemented, returning E_NOINTERFACE.
5471.467:0138:019c:warn:vkd3d-proton:d3d12_device_QueryInterface: {0742a90b-c387-483f-b946-30a7e4e61458} not implemented, returning E_NOINTERFACE.
5471.484:0138:019c:warn:vkd3d-proton:d3d12_device_QueryInterface: {0742a90b-c387-483f-b946-30a7e4e61458} not implemented, returning E_NOINTERFACE.
5471.501:0138:019c:warn:vkd3d-proton:d3d12_device_QueryInterface: {0742a90b-c387-483f-b946-30a7e4e61458} not implemented, returning E_NOINTERFACE.
5471.518:0138:019c:warn:vkd3d-proton:d3d12_device_QueryInterface: {0742a90b-c387-483f-b946-30a7e4e61458} not implemented, returning E_NOINTERFACE.
5471.534:0138:019c:warn:vkd3d-proton:d3d12_device_QueryInterface: {0742a90b-c387-483f-b946-30a7e4e61458} not implemented, returning E_NOINTERFACE.
5471.553:0138:019c:warn:vkd3d-proton:d3d12_device_QueryInterface: {0742a90b-c387-483f-b946-30a7e4e61458} not implemented, returning E_NOINTERFACE.
5471.569:0138:019c:warn:vkd3d-proton:d3d12_device_QueryInterface: {0742a90b-c387-483f-b946-30a7e4e61458} not implemented, returning E_NOINTERFACE.
5471.584:0138:019c:warn:vkd3d-proton:d3d12_device_QueryInterface: {0742a90b-c387-483f-b946-30a7e4e61458} not implemented, returning E_NOINTERFACE.
5471.601:0138:019c:warn:vkd3d-proton:d3d12_device_QueryInterface: {0742a90b-c387-483f-b946-30a7e4e61458} not implemented, returning E_NOINTERFACE.
5471.617:0138:019c:warn:vkd3d-proton:d3d12_device_QueryInterface: {0742a90b-c387-483f-b946-30a7e4e61458} not implemented, returning E_NOINTERFACE.
5471.635:0138:019c:warn:vkd3d-proton:d3d12_device_QueryInterface: {0742a90b-c387-483f-b946-30a7e4e61458} not implemented, returning E_NOINTERFACE.
5471.650:0138:019c:warn:vkd3d-proton:d3d12_device_QueryInterface: {0742a90b-c387-483f-b946-30a7e4e61458} not implemented, returning E_NOINTERFACE.
5471.667:0138:019c:warn:vkd3d-proton:d3d12_device_QueryInterface: {0742a90b-c387-483f-b946-30a7e4e61458} not implemented, returning E_NOINTERFACE.
5471.684:0138:019c:warn:vkd3d-proton:d3d12_device_QueryInterface: {0742a90b-c387-483f-b946-30a7e4e61458} not implemented, returning E_NOINTERFACE.
5471.700:0138:019c:warn:vkd3d-proton:d3d12_device_QueryInterface: {0742a90b-c387-483f-b946-30a7e4e61458} not implemented, returning E_NOINTERFACE.
5471.717:0138:019c:warn:vkd3d-proton:d3d12_device_QueryInterface: {0742a90b-c387-483f-b946-30a7e4e61458} not implemented, returning E_NOINTERFACE.
5471.735:0138:019c:warn:vkd3d-proton:d3d12_device_QueryInterface: {0742a90b-c387-483f-b946-30a7e4e61458} not implemented, returning E_NOINTERFACE.
5471.751:0138:019c:warn:vkd3d-proton:d3d12_device_QueryInterface: {0742a90b-c387-483f-b946-30a7e4e61458} not implemented, returning E_NOINTERFACE.
5471.768:0138:019c:warn:vkd3d-proton:d3d12_device_QueryInterface: {0742a90b-c387-483f-b946-30a7e4e61458} not implemented, returning E_NOINTERFACE.
5471.784:0138:019c:warn:vkd3d-proton:d3d12_device_QueryInterface: {0742a90b-c387-483f-b946-30a7e4e61458} not implemented, returning E_NOINTERFACE.
5471.802:0138:019c:warn:vkd3d-proton:d3d12_device_QueryInterface: {0742a90b-c387-483f-b946-30a7e4e61458} not implemented, returning E_NOINTERFACE.
5471.818:0138:019c:warn:vkd3d-proton:d3d12_device_QueryInterface: {0742a90b-c387-483f-b946-30a7e4e61458} not implemented, returning E_NOINTERFACE.
5471.835:0138:01a0:warn:vkd3d-proton:d3d12_device_QueryInterface: {0742a90b-c387-483f-b946-30a7e4e61458} not implemented, returning E_NOINTERFACE.
5471.851:0138:01a0:warn:vkd3d-proton:d3d12_device_QueryInterface: {0742a90b-c387-483f-b946-30a7e4e61458} not implemented, returning E_NOINTERFACE.
5471.868:0138:01a0:warn:vkd3d-proton:d3d12_device_QueryInterface: {0742a90b-c387-483f-b946-30a7e4e61458} not implemented, returning E_NOINTERFACE.
5471.884:0138:01a0:warn:vkd3d-proton:d3d12_device_QueryInterface: {0742a90b-c387-483f-b946-30a7e4e61458} not implemented, returning E_NOINTERFACE.
5471.901:0138:01a0:warn:vkd3d-proton:d3d12_device_QueryInterface: {0742a90b-c387-483f-b946-30a7e4e61458} not implemented, returning E_NOINTERFACE.
5471.918:0138:01a0:warn:vkd3d-proton:d3d12_device_QueryInterface: {0742a90b-c387-483f-b946-30a7e4e61458} not implemented, returning E_NOINTERFACE.
5471.934:0138:01a0:warn:vkd3d-proton:d3d12_device_QueryInterface: {0742a90b-c387-483f-b946-30a7e4e61458} not implemented, returning E_NOINTERFACE.
5471.952:0138:01a0:warn:vkd3d-proton:d3d12_device_QueryInterface: {0742a90b-c387-483f-b946-30a7e4e61458} not implemented, returning E_NOINTERFACE.
5471.969:0138:01a0:warn:vkd3d-proton:d3d12_device_QueryInterface: {0742a90b-c387-483f-b946-30a7e4e61458} not implemented, returning E_NOINTERFACE.
5472.107:0138:0194:warn:vkd3d-proton:d3d12_device_QueryInterface: {0742a90b-c387-483f-b946-30a7e4e61458} not implemented, returning E_NOINTERFACE.
5472.110:0138:0194:warn:vkd3d-proton:d3d12_device_QueryInterface: {0742a90b-c387-483f-b946-30a7e4e61458} not implemented, returning E_NOINTERFACE.
5472.123:0138:01a0:warn:vkd3d-proton:d3d12_device_QueryInterface: {0742a90b-c387-483f-b946-30a7e4e61458} not implemented, returning E_NOINTERFACE.
5472.135:0138:019c:warn:vkd3d-proton:d3d12_device_QueryInterface: {0742a90b-c387-483f-b946-30a7e4e61458} not implemented, returning E_NOINTERFACE.
5472.153:0138:019c:warn:vkd3d-proton:d3d12_device_QueryInterface: {0742a90b-c387-483f-b946-30a7e4e61458} not implemented, returning E_NOINTERFACE.
5472.168:0138:019c:warn:vkd3d-proton:d3d12_device_QueryInterface: {0742a90b-c387-483f-b946-30a7e4e61458} not implemented, returning E_NOINTERFACE.
5472.185:0138:0194:warn:vkd3d-proton:d3d12_device_QueryInterface: {0742a90b-c387-483f-b946-30a7e4e61458} not implemented, returning E_NOINTERFACE.
5472.202:0138:0194:warn:vkd3d-proton:d3d12_device_QueryInterface: {0742a90b-c387-483f-b946-30a7e4e61458} not implemented, returning E_NOINTERFACE.
5472.219:0138:01a0:warn:vkd3d-proton:d3d12_device_QueryInterface: {0742a90b-c387-483f-b946-30a7e4e61458} not implemented, returning E_NOINTERFACE.
5472.238:0138:01a0:warn:vkd3d-proton:d3d12_device_QueryInterface: {0742a90b-c387-483f-b946-30a7e4e61458} not implemented, returning E_NOINTERFACE.
5472.253:0138:0194:warn:vkd3d-proton:d3d12_device_QueryInterface: {0742a90b-c387-483f-b946-30a7e4e61458} not implemented, returning E_NOINTERFACE.
5472.270:0138:0194:warn:vkd3d-proton:d3d12_device_QueryInterface: {0742a90b-c387-483f-b946-30a7e4e61458} not implemented, returning E_NOINTERFACE.
5472.286:0138:01a0:warn:vkd3d-proton:d3d12_device_QueryInterface: {0742a90b-c387-483f-b946-30a7e4e61458} not implemented, returning E_NOINTERFACE.
5472.424:0138:019c:warn:vkd3d-proton:d3d12_device_QueryInterface: {0742a90b-c387-483f-b946-30a7e4e61458} not implemented, returning E_NOINTERFACE.
5472.441:0138:01a0:warn:vkd3d-proton:d3d12_device_QueryInterface: {0742a90b-c387-483f-b946-30a7e4e61458} not implemented, returning E_NOINTERFACE.
5472.450:0138:019c:warn:vkd3d-proton:d3d12_device_QueryInterface: {0742a90b-c387-483f-b946-30a7e4e61458} not implemented, returning E_NOINTERFACE.
5472.458:0138:0194:warn:vkd3d-proton:d3d12_device_QueryInterface: {0742a90b-c387-483f-b946-30a7e4e61458} not implemented, returning E_NOINTERFACE.
5472.471:0138:019c:warn:vkd3d-proton:d3d12_device_QueryInterface: {0742a90b-c387-483f-b946-30a7e4e61458} not implemented, returning E_NOINTERFACE.
5472.487:0138:0194:warn:vkd3d-proton:d3d12_device_QueryInterface: {0742a90b-c387-483f-b946-30a7e4e61458} not implemented, returning E_NOINTERFACE.
5472.503:0138:0194:warn:vkd3d-proton:d3d12_device_QueryInterface: {0742a90b-c387-483f-b946-30a7e4e61458} not implemented, returning E_NOINTERFACE.
5472.522:0138:019c:warn:vkd3d-proton:d3d12_device_QueryInterface: {0742a90b-c387-483f-b946-30a7e4e61458} not implemented, returning E_NOINTERFACE.
5472.538:0138:019c:warn:vkd3d-proton:d3d12_device_QueryInterface: {0742a90b-c387-483f-b946-30a7e4e61458} not implemented, returning E_NOINTERFACE.
5472.553:0138:0198:warn:vkd3d-proton:d3d12_device_QueryInterface: {0742a90b-c387-483f-b946-30a7e4e61458} not implemented, returning E_NOINTERFACE.
5472.571:0138:0198:warn:vkd3d-proton:d3d12_device_QueryInterface: {0742a90b-c387-483f-b946-30a7e4e61458} not implemented, returning E_NOINTERFACE.
5472.589:0138:0194:warn:vkd3d-proton:d3d12_device_QueryInterface: {0742a90b-c387-483f-b946-30a7e4e61458} not implemented, returning E_NOINTERFACE.
5472.604:0138:0194:warn:vkd3d-proton:d3d12_device_QueryInterface: {0742a90b-c387-483f-b946-30a7e4e61458} not implemented, returning E_NOINTERFACE.
5472.621:0138:01a0:warn:vkd3d-proton:d3d12_device_QueryInterface: {0742a90b-c387-483f-b946-30a7e4e61458} not implemented, returning E_NOINTERFACE.
5472.638:0138:01a0:warn:vkd3d-proton:d3d12_device_QueryInterface: {0742a90b-c387-483f-b946-30a7e4e61458} not implemented, returning E_NOINTERFACE.
5472.793:0138:019c:warn:vkd3d-proton:d3d12_device_QueryInterface: {0742a90b-c387-483f-b946-30a7e4e61458} not implemented, returning E_NOINTERFACE.
5472.798:0138:019c:warn:vkd3d-proton:d3d12_device_QueryInterface: {0742a90b-c387-483f-b946-30a7e4e61458} not implemented, returning E_NOINTERFACE.
5472.807:0138:019c:warn:vkd3d-proton:d3d12_device_QueryInterface: {0742a90b-c387-483f-b946-30a7e4e61458} not implemented, returning E_NOINTERFACE.
5472.823:0138:019c:warn:vkd3d-proton:d3d12_device_QueryInterface: {0742a90b-c387-483f-b946-30a7e4e61458} not implemented, returning E_NOINTERFACE.
5472.838:0138:019c:warn:vkd3d-proton:d3d12_device_QueryInterface: {0742a90b-c387-483f-b946-30a7e4e61458} not implemented, returning E_NOINTERFACE.
5472.869:0138:0194:warn:vkd3d-proton:d3d12_device_QueryInterface: {0742a90b-c387-483f-b946-30a7e4e61458} not implemented, returning E_NOINTERFACE.
5472.873:0138:0188:fixme:vkd3d-proton:d3d12_command_signature_create: Device generated commands is not supported by implementation.
5472.882:0138:019c:warn:vkd3d-proton:d3d12_device_QueryInterface: {0742a90b-c387-483f-b946-30a7e4e61458} not implemented, returning E_NOINTERFACE.
5472.889:0138:0190:fixme:vkd3d-proton:d3d12_command_signature_create: Device generated commands is not supported by implementation.
5472.893:0138:0194:warn:vkd3d-proton:d3d12_device_QueryInterface: {0742a90b-c387-483f-b946-30a7e4e61458} not implemented, returning E_NOINTERFACE.
5472.896:0138:0184:fixme:vkd3d-proton:d3d12_command_signature_create: Device generated commands is not supported by implementation.
5472.898:0138:018c:fixme:vkd3d-proton:d3d12_command_signature_create: Device generated commands is not supported by implementation.
5472.902:0138:0184:fixme:vkd3d-proton:d3d12_command_signature_create: Device generated commands is not supported by implementation.
5472.907:0138:0194:warn:vkd3d-proton:d3d12_device_QueryInterface: {0742a90b-c387-483f-b946-30a7e4e61458} not implemented, returning E_NOINTERFACE.
5472.910:0138:0180:fixme:vkd3d-proton:d3d12_command_signature_create: Device generated commands is not supported by implementation.
5472.923:0138:0198:warn:vkd3d-proton:d3d12_device_QueryInterface: {0742a90b-c387-483f-b946-30a7e4e61458} not implemented, returning E_NOINTERFACE.
5472.940:0138:0198:warn:vkd3d-proton:d3d12_device_QueryInterface: {0742a90b-c387-483f-b946-30a7e4e61458} not implemented, returning E_NOINTERFACE.
5472.957:0138:0194:warn:vkd3d-proton:d3d12_device_QueryInterface: {0742a90b-c387-483f-b946-30a7e4e61458} not implemented, returning E_NOINTERFACE.
5472.975:0138:0198:warn:vkd3d-proton:d3d12_device_QueryInterface: {0742a90b-c387-483f-b946-30a7e4e61458} not implemented, returning E_NOINTERFACE.
5472.993:0138:0194:warn:vkd3d-proton:d3d12_device_QueryInterface: {0742a90b-c387-483f-b946-30a7e4e61458} not implemented, returning E_NOINTERFACE.
5473.006:0138:0194:warn:vkd3d-proton:d3d12_device_QueryInterface: {0742a90b-c387-483f-b946-30a7e4e61458} not implemented, returning E_NOINTERFACE.
5473.012:0138:018c:fixme:vkd3d-proton:d3d12_command_signature_create: Device generated commands is not supported by implementation.
5473.022:0138:0198:warn:vkd3d-proton:d3d12_device_QueryInterface: {0742a90b-c387-483f-b946-30a7e4e61458} not implemented, returning E_NOINTERFACE.
5473.046:0138:019c:warn:vkd3d-proton:d3d12_device_QueryInterface: {0742a90b-c387-483f-b946-30a7e4e61458} not implemented, returning E_NOINTERFACE.
5473.058:0138:0198:warn:vkd3d-proton:d3d12_device_QueryInterface: {0742a90b-c387-483f-b946-30a7e4e61458} not implemented, returning E_NOINTERFACE.
5473.073:0138:0198:warn:vkd3d-proton:d3d12_device_QueryInterface: {0742a90b-c387-483f-b946-30a7e4e61458} not implemented, returning E_NOINTERFACE.
5473.092:0138:0194:warn:vkd3d-proton:d3d12_device_QueryInterface: {0742a90b-c387-483f-b946-30a7e4e61458} not implemented, returning E_NOINTERFACE.
5473.110:0138:0194:warn:vkd3d-proton:d3d12_device_QueryInterface: {0742a90b-c387-483f-b946-30a7e4e61458} not implemented, returning E_NOINTERFACE.
5473.127:0138:0198:warn:vkd3d-proton:d3d12_device_QueryInterface: {0742a90b-c387-483f-b946-30a7e4e61458} not implemented, returning E_NOINTERFACE.
5473.139:0138:0198:warn:vkd3d-proton:d3d12_device_QueryInterface: {0742a90b-c387-483f-b946-30a7e4e61458} not implemented, returning E_NOINTERFACE.
5473.160:0138:0198:warn:vkd3d-proton:d3d12_device_QueryInterface: {0742a90b-c387-483f-b946-30a7e4e61458} not implemented, returning E_NOINTERFACE.
5473.173:0138:0198:warn:vkd3d-proton:d3d12_device_QueryInterface: {0742a90b-c387-483f-b946-30a7e4e61458} not implemented, returning E_NOINTERFACE.
5473.184:0138:0180:fixme:vkd3d-proton:d3d12_command_signature_create: Device generated commands is not supported by implementation.
5473.192:0138:019c:warn:vkd3d-proton:d3d12_device_QueryInterface: {0742a90b-c387-483f-b946-30a7e4e61458} not implemented, returning E_NOINTERFACE.
5473.208:0138:0194:warn:vkd3d-proton:d3d12_device_QueryInterface: {0742a90b-c387-483f-b946-30a7e4e61458} not implemented, returning E_NOINTERFACE.
5473.224:0138:0198:warn:vkd3d-proton:d3d12_device_QueryInterface: {0742a90b-c387-483f-b946-30a7e4e61458} not implemented, returning E_NOINTERFACE.
5473.244:0138:0198:warn:vkd3d-proton:d3d12_device_QueryInterface: {0742a90b-c387-483f-b946-30a7e4e61458} not implemented, returning E_NOINTERFACE.
5473.261:0138:019c:warn:vkd3d-proton:d3d12_device_QueryInterface: {0742a90b-c387-483f-b946-30a7e4e61458} not implemented, returning E_NOINTERFACE.
5473.278:0138:019c:warn:vkd3d-proton:d3d12_device_QueryInterface: {0742a90b-c387-483f-b946-30a7e4e61458} not implemented, returning E_NOINTERFACE.
5473.289:0138:019c:warn:vkd3d-proton:d3d12_device_QueryInterface: {0742a90b-c387-483f-b946-30a7e4e61458} not implemented, returning E_NOINTERFACE.
5473.306:0138:0198:warn:vkd3d-proton:d3d12_device_QueryInterface: {0742a90b-c387-483f-b946-30a7e4e61458} not implemented, returning E_NOINTERFACE.
5473.323:0138:0194:warn:vkd3d-proton:d3d12_device_QueryInterface: {0742a90b-c387-483f-b946-30a7e4e61458} not implemented, returning E_NOINTERFACE.
5473.332:0138:0184:fixme:vkd3d-proton:d3d12_command_signature_create: Device generated commands is not supported by implementation.
5473.345:0138:0198:warn:vkd3d-proton:d3d12_device_QueryInterface: {0742a90b-c387-483f-b946-30a7e4e61458} not implemented, returning E_NOINTERFACE.
5473.360:0138:019c:warn:vkd3d-proton:d3d12_device_QueryInterface: {0742a90b-c387-483f-b946-30a7e4e61458} not implemented, returning E_NOINTERFACE.
5473.374:0138:019c:warn:vkd3d-proton:d3d12_device_QueryInterface: {0742a90b-c387-483f-b946-30a7e4e61458} not implemented, returning E_NOINTERFACE.
5473.376:0138:018c:fixme:vkd3d-proton:d3d12_command_signature_create: Device generated commands is not supported by implementation.
5473.393:0138:0194:warn:vkd3d-proton:d3d12_device_QueryInterface: {0742a90b-c387-483f-b946-30a7e4e61458} not implemented, returning E_NOINTERFACE.
5473.407:0138:0194:warn:vkd3d-proton:d3d12_device_QueryInterface: {0742a90b-c387-483f-b946-30a7e4e61458} not implemented, returning E_NOINTERFACE.
5473.438:0138:0198:warn:vkd3d-proton:d3d12_device_QueryInterface: {0742a90b-c387-483f-b946-30a7e4e61458} not implemented, returning E_NOINTERFACE.
5473.461:0138:019c:warn:vkd3d-proton:d3d12_device_QueryInterface: {0742a90b-c387-483f-b946-30a7e4e61458} not implemented, returning E_NOINTERFACE.
5473.465:0138:019c:warn:vkd3d-proton:d3d12_device_QueryInterface: {0742a90b-c387-483f-b946-30a7e4e61458} not implemented, returning E_NOINTERFACE.
5473.475:0138:019c:warn:vkd3d-proton:d3d12_device_QueryInterface: {0742a90b-c387-483f-b946-30a7e4e61458} not implemented, returning E_NOINTERFACE.
5473.494:0138:0194:warn:vkd3d-proton:d3d12_device_QueryInterface: {0742a90b-c387-483f-b946-30a7e4e61458} not implemented, returning E_NOINTERFACE.
5473.501:0138:0188:fixme:vkd3d-proton:d3d12_command_signature_create: Device generated commands is not supported by implementation.
5473.511:0138:0194:warn:vkd3d-proton:d3d12_device_QueryInterface: {0742a90b-c387-483f-b946-30a7e4e61458} not implemented, returning E_NOINTERFACE.
5473.519:0138:0190:fixme:vkd3d-proton:d3d12_command_signature_create: Device generated commands is not supported by implementation.
5473.533:0138:0198:warn:vkd3d-proton:d3d12_device_QueryInterface: {0742a90b-c387-483f-b946-30a7e4e61458} not implemented, returning E_NOINTERFACE.
5473.540:0138:0198:warn:vkd3d-proton:d3d12_device_QueryInterface: {0742a90b-c387-483f-b946-30a7e4e61458} not implemented, returning E_NOINTERFACE.
5473.560:0138:019c:warn:vkd3d-proton:d3d12_device_QueryInterface: {0742a90b-c387-483f-b946-30a7e4e61458} not implemented, returning E_NOINTERFACE.
5473.575:0138:019c:warn:vkd3d-proton:d3d12_device_QueryInterface: {0742a90b-c387-483f-b946-30a7e4e61458} not implemented, returning E_NOINTERFACE.
5473.580:0138:018c:fixme:vkd3d-proton:d3d12_command_signature_create: Device generated commands is not supported by implementation.
5473.581:0138:0188:fixme:vkd3d-proton:d3d12_command_signature_create: Device generated commands is not supported by implementation.
5473.592:0138:0198:warn:vkd3d-proton:d3d12_device_QueryInterface: {0742a90b-c387-483f-b946-30a7e4e61458} not implemented, returning E_NOINTERFACE.
5473.609:0138:019c:warn:vkd3d-proton:d3d12_device_QueryInterface: {0742a90b-c387-483f-b946-30a7e4e61458} not implemented, returning E_NOINTERFACE.
5473.624:0138:0198:warn:vkd3d-proton:d3d12_device_QueryInterface: {0742a90b-c387-483f-b946-30a7e4e61458} not implemented, returning E_NOINTERFACE.
5473.641:0138:0198:warn:vkd3d-proton:d3d12_device_QueryInterface: {0742a90b-c387-483f-b946-30a7e4e61458} not implemented, returning E_NOINTERFACE.
5473.658:0138:0194:warn:vkd3d-proton:d3d12_device_QueryInterface: {0742a90b-c387-483f-b946-30a7e4e61458} not implemented, returning E_NOINTERFACE.
5473.674:0138:0194:warn:vkd3d-proton:d3d12_device_QueryInterface: {0742a90b-c387-483f-b946-30a7e4e61458} not implemented, returning E_NOINTERFACE.
5473.692:0138:0198:warn:vkd3d-proton:d3d12_device_QueryInterface: {0742a90b-c387-483f-b946-30a7e4e61458} not implemented, returning E_NOINTERFACE.
5473.708:0138:0198:warn:vkd3d-proton:d3d12_device_QueryInterface: {0742a90b-c387-483f-b946-30a7e4e61458} not implemented, returning E_NOINTERFACE.
5473.725:0138:019c:warn:vkd3d-proton:d3d12_device_QueryInterface: {0742a90b-c387-483f-b946-30a7e4e61458} not implemented, returning E_NOINTERFACE.
5473.743:0138:0198:warn:vkd3d-proton:d3d12_device_QueryInterface: {0742a90b-c387-483f-b946-30a7e4e61458} not implemented, returning E_NOINTERFACE.
5473.760:0138:0198:warn:vkd3d-proton:d3d12_device_QueryInterface: {0742a90b-c387-483f-b946-30a7e4e61458} not implemented, returning E_NOINTERFACE.
5473.775:0138:0198:warn:vkd3d-proton:d3d12_device_QueryInterface: {0742a90b-c387-483f-b946-30a7e4e61458} not implemented, returning E_NOINTERFACE.
5473.794:0138:0194:warn:vkd3d-proton:d3d12_device_QueryInterface: {0742a90b-c387-483f-b946-30a7e4e61458} not implemented, returning E_NOINTERFACE.
5473.807:0138:0194:warn:vkd3d-proton:d3d12_device_QueryInterface: {0742a90b-c387-483f-b946-30a7e4e61458} not implemented, returning E_NOINTERFACE.
5473.826:0138:019c:warn:vkd3d-proton:d3d12_device_QueryInterface: {0742a90b-c387-483f-b946-30a7e4e61458} not implemented, returning E_NOINTERFACE.
5473.843:0138:0194:warn:vkd3d-proton:d3d12_device_QueryInterface: {0742a90b-c387-483f-b946-30a7e4e61458} not implemented, returning E_NOINTERFACE.
5473.859:0138:0194:warn:vkd3d-proton:d3d12_device_QueryInterface: {0742a90b-c387-483f-b946-30a7e4e61458} not implemented, returning E_NOINTERFACE.
5473.874:0138:019c:warn:vkd3d-proton:d3d12_device_QueryInterface: {0742a90b-c387-483f-b946-30a7e4e61458} not implemented, returning E_NOINTERFACE.
5473.893:0138:0194:warn:vkd3d-proton:d3d12_device_QueryInterface: {0742a90b-c387-483f-b946-30a7e4e61458} not implemented, returning E_NOINTERFACE.
5473.907:0138:0194:warn:vkd3d-proton:d3d12_device_QueryInterface: {0742a90b-c387-483f-b946-30a7e4e61458} not implemented, returning E_NOINTERFACE.
5473.925:0138:019c:warn:vkd3d-proton:d3d12_device_QueryInterface: {0742a90b-c387-483f-b946-30a7e4e61458} not implemented, returning E_NOINTERFACE.
5473.941:0138:0184:fixme:vkd3d-proton:d3d12_command_signature_create: Device generated commands is not supported by implementation.
5473.944:0138:019c:warn:vkd3d-proton:d3d12_device_QueryInterface: {0742a90b-c387-483f-b946-30a7e4e61458} not implemented, returning E_NOINTERFACE.
5473.966:0138:019c:warn:vkd3d-proton:d3d12_device_QueryInterface: {0742a90b-c387-483f-b946-30a7e4e61458} not implemented, returning E_NOINTERFACE.
5473.976:0138:019c:warn:vkd3d-proton:d3d12_device_QueryInterface: {0742a90b-c387-483f-b946-30a7e4e61458} not implemented, returning E_NOINTERFACE.
5473.993:0138:0194:warn:vkd3d-proton:d3d12_device_QueryInterface: {0742a90b-c387-483f-b946-30a7e4e61458} not implemented, returning E_NOINTERFACE.
5474.009:0138:0194:warn:vkd3d-proton:d3d12_device_QueryInterface: {0742a90b-c387-483f-b946-30a7e4e61458} not implemented, returning E_NOINTERFACE.
5474.026:0138:0198:warn:vkd3d-proton:d3d12_device_QueryInterface: {0742a90b-c387-483f-b946-30a7e4e61458} not implemented, returning E_NOINTERFACE.
5474.044:0138:0198:warn:vkd3d-proton:d3d12_device_QueryInterface: {0742a90b-c387-483f-b946-30a7e4e61458} not implemented, returning E_NOINTERFACE.
5474.073:0138:019c:warn:vkd3d-proton:d3d12_device_QueryInterface: {0742a90b-c387-483f-b946-30a7e4e61458} not implemented, returning E_NOINTERFACE.
5474.096:0138:0198:warn:vkd3d-proton:d3d12_device_QueryInterface: {0742a90b-c387-483f-b946-30a7e4e61458} not implemented, returning E_NOINTERFACE.
5474.100:0138:0198:warn:vkd3d-proton:d3d12_device_QueryInterface: {0742a90b-c387-483f-b946-30a7e4e61458} not implemented, returning E_NOINTERFACE.
5474.111:0138:019c:warn:vkd3d-proton:d3d12_device_QueryInterface: {0742a90b-c387-483f-b946-30a7e4e61458} not implemented, returning E_NOINTERFACE.
5474.138:0138:0198:warn:vkd3d-proton:d3d12_device_QueryInterface: {0742a90b-c387-483f-b946-30a7e4e61458} not implemented, returning E_NOINTERFACE.
5474.143:0138:0198:warn:vkd3d-proton:d3d12_device_QueryInterface: {0742a90b-c387-483f-b946-30a7e4e61458} not implemented, returning E_NOINTERFACE.
5474.159:0138:0194:warn:vkd3d-proton:d3d12_device_QueryInterface: {0742a90b-c387-483f-b946-30a7e4e61458} not implemented, returning E_NOINTERFACE.
5474.175:0138:0194:warn:vkd3d-proton:d3d12_device_QueryInterface: {0742a90b-c387-483f-b946-30a7e4e61458} not implemented, returning E_NOINTERFACE.
5474.193:0138:019c:warn:vkd3d-proton:d3d12_device_QueryInterface: {0742a90b-c387-483f-b946-30a7e4e61458} not implemented, returning E_NOINTERFACE.
5474.209:0138:019c:warn:vkd3d-proton:d3d12_device_QueryInterface: {0742a90b-c387-483f-b946-30a7e4e61458} not implemented, returning E_NOINTERFACE.
5474.227:0138:019c:warn:vkd3d-proton:d3d12_device_QueryInterface: {0742a90b-c387-483f-b946-30a7e4e61458} not implemented, returning E_NOINTERFACE.
5474.228:0138:0184:fixme:vkd3d-proton:d3d12_command_signature_create: Device generated commands is not supported by implementation.
5474.247:0138:019c:warn:vkd3d-proton:d3d12_device_QueryInterface: {0742a90b-c387-483f-b946-30a7e4e61458} not implemented, returning E_NOINTERFACE.
5474.285:0138:019c:warn:vkd3d-proton:d3d12_device_QueryInterface: {0742a90b-c387-483f-b946-30a7e4e61458} not implemented, returning E_NOINTERFACE.
5474.304:0138:0198:warn:vkd3d-proton:d3d12_device_QueryInterface: {0742a90b-c387-483f-b946-30a7e4e61458} not implemented, returning E_NOINTERFACE.
5474.311:0138:0198:warn:vkd3d-proton:d3d12_device_QueryInterface: {0742a90b-c387-483f-b946-30a7e4e61458} not implemented, returning E_NOINTERFACE.
5474.330:0138:0194:warn:vkd3d-proton:d3d12_device_QueryInterface: {0742a90b-c387-483f-b946-30a7e4e61458} not implemented, returning E_NOINTERFACE.
5474.342:0138:0194:warn:vkd3d-proton:d3d12_device_QueryInterface: {0742a90b-c387-483f-b946-30a7e4e61458} not implemented, returning E_NOINTERFACE.
5474.361:0138:0198:warn:vkd3d-proton:d3d12_device_QueryInterface: {0742a90b-c387-483f-b946-30a7e4e61458} not implemented, returning E_NOINTERFACE.
5474.377:0138:0198:warn:vkd3d-proton:d3d12_device_QueryInterface: {0742a90b-c387-483f-b946-30a7e4e61458} not implemented, returning E_NOINTERFACE.
5474.392:0138:0194:warn:vkd3d-proton:d3d12_device_QueryInterface: {0742a90b-c387-483f-b946-30a7e4e61458} not implemented, returning E_NOINTERFACE.
5474.412:0138:0194:warn:vkd3d-proton:d3d12_device_QueryInterface: {0742a90b-c387-483f-b946-30a7e4e61458} not implemented, returning E_NOINTERFACE.
5474.426:0138:0198:warn:vkd3d-proton:d3d12_device_QueryInterface: {0742a90b-c387-483f-b946-30a7e4e61458} not implemented, returning E_NOINTERFACE.
5474.442:0138:0194:warn:vkd3d-proton:d3d12_device_QueryInterface: {0742a90b-c387-483f-b946-30a7e4e61458} not implemented, returning E_NOINTERFACE.
5474.458:0138:0198:warn:vkd3d-proton:d3d12_device_QueryInterface: {0742a90b-c387-483f-b946-30a7e4e61458} not implemented, returning E_NOINTERFACE.
5474.477:0138:0194:warn:vkd3d-proton:d3d12_device_QueryInterface: {0742a90b-c387-483f-b946-30a7e4e61458} not implemented, returning E_NOINTERFACE.
5474.493:0138:0194:warn:vkd3d-proton:d3d12_device_QueryInterface: {0742a90b-c387-483f-b946-30a7e4e61458} not implemented, returning E_NOINTERFACE.
5474.511:0138:0194:warn:vkd3d-proton:d3d12_device_QueryInterface: {0742a90b-c387-483f-b946-30a7e4e61458} not implemented, returning E_NOINTERFACE.
5474.526:0138:0198:warn:vkd3d-proton:d3d12_device_QueryInterface: {0742a90b-c387-483f-b946-30a7e4e61458} not implemented, returning E_NOINTERFACE.
5474.542:0138:019c:warn:vkd3d-proton:d3d12_device_QueryInterface: {0742a90b-c387-483f-b946-30a7e4e61458} not implemented, returning E_NOINTERFACE.
5474.576:0138:019c:warn:vkd3d-proton:d3d12_device_QueryInterface: {0742a90b-c387-483f-b946-30a7e4e61458} not implemented, returning E_NOINTERFACE.
5474.622:0138:019c:warn:vkd3d-proton:d3d12_device_QueryInterface: {0742a90b-c387-483f-b946-30a7e4e61458} not implemented, returning E_NOINTERFACE.
5474.636:0138:0194:warn:vkd3d-proton:d3d12_device_QueryInterface: {0742a90b-c387-483f-b946-30a7e4e61458} not implemented, returning E_NOINTERFACE.
5474.644:0138:0194:warn:vkd3d-proton:d3d12_device_QueryInterface: {0742a90b-c387-483f-b946-30a7e4e61458} not implemented, returning E_NOINTERFACE.
5474.663:0138:0194:warn:vkd3d-proton:d3d12_device_QueryInterface: {0742a90b-c387-483f-b946-30a7e4e61458} not implemented, returning E_NOINTERFACE.
5474.676:0138:0194:warn:vkd3d-proton:d3d12_device_QueryInterface: {0742a90b-c387-483f-b946-30a7e4e61458} not implemented, returning E_NOINTERFACE.
5474.694:0138:0198:warn:vkd3d-proton:d3d12_device_QueryInterface: {0742a90b-c387-483f-b946-30a7e4e61458} not implemented, returning E_NOINTERFACE.
5474.711:0138:0194:warn:vkd3d-proton:d3d12_device_QueryInterface: {0742a90b-c387-483f-b946-30a7e4e61458} not implemented, returning E_NOINTERFACE.
5474.735:0138:019c:warn:vkd3d-proton:d3d12_device_QueryInterface: {0742a90b-c387-483f-b946-30a7e4e61458} not implemented, returning E_NOINTERFACE.
5474.746:0138:019c:warn:vkd3d-proton:d3d12_device_QueryInterface: {0742a90b-c387-483f-b946-30a7e4e61458} not implemented, returning E_NOINTERFACE.
5474.762:0138:01a0:warn:vkd3d-proton:d3d12_device_QueryInterface: {0742a90b-c387-483f-b946-30a7e4e61458} not implemented, returning E_NOINTERFACE.
5474.779:0138:01a0:warn:vkd3d-proton:d3d12_device_QueryInterface: {0742a90b-c387-483f-b946-30a7e4e61458} not implemented, returning E_NOINTERFACE.
5474.797:0138:0194:warn:vkd3d-proton:d3d12_device_QueryInterface: {0742a90b-c387-483f-b946-30a7e4e61458} not implemented, returning E_NOINTERFACE.
5474.811:0138:0194:warn:vkd3d-proton:d3d12_device_QueryInterface: {0742a90b-c387-483f-b946-30a7e4e61458} not implemented, returning E_NOINTERFACE.
5474.827:0138:0198:warn:vkd3d-proton:d3d12_device_QueryInterface: {0742a90b-c387-483f-b946-30a7e4e61458} not implemented, returning E_NOINTERFACE.
5474.845:0138:0198:warn:vkd3d-proton:d3d12_device_QueryInterface: {0742a90b-c387-483f-b946-30a7e4e61458} not implemented, returning E_NOINTERFACE.
5474.862:0138:0194:warn:vkd3d-proton:d3d12_device_QueryInterface: {0742a90b-c387-483f-b946-30a7e4e61458} not implemented, returning E_NOINTERFACE.
5474.878:0138:0194:warn:vkd3d-proton:d3d12_device_QueryInterface: {0742a90b-c387-483f-b946-30a7e4e61458} not implemented, returning E_NOINTERFACE.
5474.893:0138:019c:warn:vkd3d-proton:d3d12_device_QueryInterface: {0742a90b-c387-483f-b946-30a7e4e61458} not implemented, returning E_NOINTERFACE.
5474.913:0138:019c:warn:vkd3d-proton:d3d12_device_QueryInterface: {0742a90b-c387-483f-b946-30a7e4e61458} not implemented, returning E_NOINTERFACE.
5474.927:0138:01a0:warn:vkd3d-proton:d3d12_device_QueryInterface: {0742a90b-c387-483f-b946-30a7e4e61458} not implemented, returning E_NOINTERFACE.
5474.943:0138:019c:warn:vkd3d-proton:d3d12_device_QueryInterface: {0742a90b-c387-483f-b946-30a7e4e61458} not implemented, returning E_NOINTERFACE.
5474.967:0138:0198:warn:vkd3d-proton:d3d12_device_QueryInterface: {0742a90b-c387-483f-b946-30a7e4e61458} not implemented, returning E_NOINTERFACE.
5474.978:0138:0198:warn:vkd3d-proton:d3d12_device_QueryInterface: {0742a90b-c387-483f-b946-30a7e4e61458} not implemented, returning E_NOINTERFACE.
5475.000:0138:01a0:warn:vkd3d-proton:d3d12_device_QueryInterface: {0742a90b-c387-483f-b946-30a7e4e61458} not implemented, returning E_NOINTERFACE.
5475.011:0138:01a0:warn:vkd3d-proton:d3d12_device_QueryInterface: {0742a90b-c387-483f-b946-30a7e4e61458} not implemented, returning E_NOINTERFACE.
5475.029:0138:0198:warn:vkd3d-proton:d3d12_device_QueryInterface: {0742a90b-c387-483f-b946-30a7e4e61458} not implemented, returning E_NOINTERFACE.
5475.043:0138:0198:warn:vkd3d-proton:d3d12_device_QueryInterface: {0742a90b-c387-483f-b946-30a7e4e61458} not implemented, returning E_NOINTERFACE.
5475.060:0138:0198:warn:vkd3d-proton:d3d12_device_QueryInterface: {0742a90b-c387-483f-b946-30a7e4e61458} not implemented, returning E_NOINTERFACE.
5475.076:0138:0198:warn:vkd3d-proton:d3d12_device_QueryInterface: {0742a90b-c387-483f-b946-30a7e4e61458} not implemented, returning E_NOINTERFACE.
5475.093:0138:01a0:warn:vkd3d-proton:d3d12_device_QueryInterface: {0742a90b-c387-483f-b946-30a7e4e61458} not implemented, returning E_NOINTERFACE.
5475.110:0138:01a0:warn:vkd3d-proton:d3d12_device_QueryInterface: {0742a90b-c387-483f-b946-30a7e4e61458} not implemented, returning E_NOINTERFACE.
5475.127:0138:019c:warn:vkd3d-proton:d3d12_device_QueryInterface: {0742a90b-c387-483f-b946-30a7e4e61458} not implemented, returning E_NOINTERFACE.
5475.145:0138:0194:warn:vkd3d-proton:d3d12_device_QueryInterface: {0742a90b-c387-483f-b946-30a7e4e61458} not implemented, returning E_NOINTERFACE.
5475.160:0138:01a0:warn:vkd3d-proton:d3d12_device_QueryInterface: {0742a90b-c387-483f-b946-30a7e4e61458} not implemented, returning E_NOINTERFACE.
5475.179:0138:0194:warn:vkd3d-proton:d3d12_device_QueryInterface: {0742a90b-c387-483f-b946-30a7e4e61458} not implemented, returning E_NOINTERFACE.
5475.194:0138:019c:warn:vkd3d-proton:d3d12_device_QueryInterface: {0742a90b-c387-483f-b946-30a7e4e61458} not implemented, returning E_NOINTERFACE.
5475.210:0138:019c:warn:vkd3d-proton:d3d12_device_QueryInterface: {0742a90b-c387-483f-b946-30a7e4e61458} not implemented, returning E_NOINTERFACE.
5475.228:0138:019c:warn:vkd3d-proton:d3d12_device_QueryInterface: {0742a90b-c387-483f-b946-30a7e4e61458} not implemented, returning E_NOINTERFACE.
5475.247:0138:019c:warn:vkd3d-proton:d3d12_device_QueryInterface: {0742a90b-c387-483f-b946-30a7e4e61458} not implemented, returning E_NOINTERFACE.
5475.261:0138:01a0:warn:vkd3d-proton:d3d12_device_QueryInterface: {0742a90b-c387-483f-b946-30a7e4e61458} not implemented, returning E_NOINTERFACE.
5475.277:0138:01a0:warn:vkd3d-proton:d3d12_device_QueryInterface: {0742a90b-c387-483f-b946-30a7e4e61458} not implemented, returning E_NOINTERFACE.
5475.295:0138:01a0:warn:vkd3d-proton:d3d12_device_QueryInterface: {0742a90b-c387-483f-b946-30a7e4e61458} not implemented, returning E_NOINTERFACE.
5475.310:0138:01a0:warn:vkd3d-proton:d3d12_device_QueryInterface: {0742a90b-c387-483f-b946-30a7e4e61458} not implemented, returning E_NOINTERFACE.
5475.327:0138:01a0:warn:vkd3d-proton:d3d12_device_QueryInterface: {0742a90b-c387-483f-b946-30a7e4e61458} not implemented, returning E_NOINTERFACE.
5475.344:0138:01a0:warn:vkd3d-proton:d3d12_device_QueryInterface: {0742a90b-c387-483f-b946-30a7e4e61458} not implemented, returning E_NOINTERFACE.
5475.362:0138:0194:warn:vkd3d-proton:d3d12_device_QueryInterface: {0742a90b-c387-483f-b946-30a7e4e61458} not implemented, returning E_NOINTERFACE.
5475.379:0138:0194:warn:vkd3d-proton:d3d12_device_QueryInterface: {0742a90b-c387-483f-b946-30a7e4e61458} not implemented, returning E_NOINTERFACE.
5475.395:0138:019c:warn:vkd3d-proton:d3d12_device_QueryInterface: {0742a90b-c387-483f-b946-30a7e4e61458} not implemented, returning E_NOINTERFACE.
5475.412:0138:019c:warn:vkd3d-proton:d3d12_device_QueryInterface: {0742a90b-c387-483f-b946-30a7e4e61458} not implemented, returning E_NOINTERFACE.
5475.427:0138:01a0:warn:vkd3d-proton:d3d12_device_QueryInterface: {0742a90b-c387-483f-b946-30a7e4e61458} not implemented, returning E_NOINTERFACE.
5475.445:0138:0194:warn:vkd3d-proton:d3d12_device_QueryInterface: {0742a90b-c387-483f-b946-30a7e4e61458} not implemented, returning E_NOINTERFACE.
5475.462:0138:0198:warn:vkd3d-proton:d3d12_device_QueryInterface: {0742a90b-c387-483f-b946-30a7e4e61458} not implemented, returning E_NOINTERFACE.
5475.478:0138:0198:warn:vkd3d-proton:d3d12_device_QueryInterface: {0742a90b-c387-483f-b946-30a7e4e61458} not implemented, returning E_NOINTERFACE.
5475.496:0138:01a0:warn:vkd3d-proton:d3d12_device_QueryInterface: {0742a90b-c387-483f-b946-30a7e4e61458} not implemented, returning E_NOINTERFACE.
5475.512:0138:01a0:warn:vkd3d-proton:d3d12_device_QueryInterface: {0742a90b-c387-483f-b946-30a7e4e61458} not implemented, returning E_NOINTERFACE.
5475.528:0138:0194:warn:vkd3d-proton:d3d12_device_QueryInterface: {0742a90b-c387-483f-b946-30a7e4e61458} not implemented, returning E_NOINTERFACE.
5475.547:0138:0198:warn:vkd3d-proton:d3d12_device_QueryInterface: {0742a90b-c387-483f-b946-30a7e4e61458} not implemented, returning E_NOINTERFACE.
5475.562:0138:01a0:warn:vkd3d-proton:d3d12_device_QueryInterface: {0742a90b-c387-483f-b946-30a7e4e61458} not implemented, returning E_NOINTERFACE.
5475.579:0138:01a0:warn:vkd3d-proton:d3d12_device_QueryInterface: {0742a90b-c387-483f-b946-30a7e4e61458} not implemented, returning E_NOINTERFACE.
5475.595:0138:0198:warn:vkd3d-proton:d3d12_device_QueryInterface: {0742a90b-c387-483f-b946-30a7e4e61458} not implemented, returning E_NOINTERFACE.
5475.612:0138:0198:warn:vkd3d-proton:d3d12_device_QueryInterface: {0742a90b-c387-483f-b946-30a7e4e61458} not implemented, returning E_NOINTERFACE.
5475.627:0138:019c:warn:vkd3d-proton:d3d12_device_QueryInterface: {0742a90b-c387-483f-b946-30a7e4e61458} not implemented, returning E_NOINTERFACE.
5475.647:0138:019c:warn:vkd3d-proton:d3d12_device_QueryInterface: {0742a90b-c387-483f-b946-30a7e4e61458} not implemented, returning E_NOINTERFACE.
5475.664:0138:0194:warn:vkd3d-proton:d3d12_device_QueryInterface: {0742a90b-c387-483f-b946-30a7e4e61458} not implemented, returning E_NOINTERFACE.
5475.678:0138:0194:warn:vkd3d-proton:d3d12_device_QueryInterface: {0742a90b-c387-483f-b946-30a7e4e61458} not implemented, returning E_NOINTERFACE.
5475.695:0138:019c:warn:vkd3d-proton:d3d12_device_QueryInterface: {0742a90b-c387-483f-b946-30a7e4e61458} not implemented, returning E_NOINTERFACE.
5475.712:0138:019c:warn:vkd3d-proton:d3d12_device_QueryInterface: {0742a90b-c387-483f-b946-30a7e4e61458} not implemented, returning E_NOINTERFACE.
5475.730:0138:01a0:warn:vkd3d-proton:d3d12_device_QueryInterface: {0742a90b-c387-483f-b946-30a7e4e61458} not implemented, returning E_NOINTERFACE.
5475.746:0138:01a0:warn:vkd3d-proton:d3d12_device_QueryInterface: {0742a90b-c387-483f-b946-30a7e4e61458} not implemented, returning E_NOINTERFACE.
5475.766:0138:019c:warn:vkd3d-proton:d3d12_device_QueryInterface: {0742a90b-c387-483f-b946-30a7e4e61458} not implemented, returning E_NOINTERFACE.
5475.778:0138:019c:warn:vkd3d-proton:d3d12_device_QueryInterface: {0742a90b-c387-483f-b946-30a7e4e61458} not implemented, returning E_NOINTERFACE.
5475.796:0138:019c:warn:vkd3d-proton:d3d12_device_QueryInterface: {0742a90b-c387-483f-b946-30a7e4e61458} not implemented, returning E_NOINTERFACE.
5475.813:0138:019c:warn:vkd3d-proton:d3d12_device_QueryInterface: {0742a90b-c387-483f-b946-30a7e4e61458} not implemented, returning E_NOINTERFACE.
5475.830:0138:0194:warn:vkd3d-proton:d3d12_device_QueryInterface: {0742a90b-c387-483f-b946-30a7e4e61458} not implemented, returning E_NOINTERFACE.
5475.844:0138:0194:warn:vkd3d-proton:d3d12_device_QueryInterface: {0742a90b-c387-483f-b946-30a7e4e61458} not implemented, returning E_NOINTERFACE.
5475.864:0138:0198:warn:vkd3d-proton:d3d12_device_QueryInterface: {0742a90b-c387-483f-b946-30a7e4e61458} not implemented, returning E_NOINTERFACE.
5475.880:0138:0198:warn:vkd3d-proton:d3d12_device_QueryInterface: {0742a90b-c387-483f-b946-30a7e4e61458} not implemented, returning E_NOINTERFACE.
5475.895:0138:019c:warn:vkd3d-proton:d3d12_device_QueryInterface: {0742a90b-c387-483f-b946-30a7e4e61458} not implemented, returning E_NOINTERFACE.
5475.911:0138:019c:warn:vkd3d-proton:d3d12_device_QueryInterface: {0742a90b-c387-483f-b946-30a7e4e61458} not implemented, returning E_NOINTERFACE.
5475.929:0138:01a0:warn:vkd3d-proton:d3d12_device_QueryInterface: {0742a90b-c387-483f-b946-30a7e4e61458} not implemented, returning E_NOINTERFACE.
5475.945:0138:01a0:warn:vkd3d-proton:d3d12_device_QueryInterface: {0742a90b-c387-483f-b946-30a7e4e61458} not implemented, returning E_NOINTERFACE.
5475.963:0138:019c:warn:vkd3d-proton:d3d12_device_QueryInterface: {0742a90b-c387-483f-b946-30a7e4e61458} not implemented, returning E_NOINTERFACE.
5475.980:0138:019c:warn:vkd3d-proton:d3d12_device_QueryInterface: {0742a90b-c387-483f-b946-30a7e4e61458} not implemented, returning E_NOINTERFACE.
5475.997:0138:0194:warn:vkd3d-proton:d3d12_device_QueryInterface: {0742a90b-c387-483f-b946-30a7e4e61458} not implemented, returning E_NOINTERFACE.
5476.012:0138:0194:warn:vkd3d-proton:d3d12_device_QueryInterface: {0742a90b-c387-483f-b946-30a7e4e61458} not implemented, returning E_NOINTERFACE.
5476.029:0138:01a0:warn:vkd3d-proton:d3d12_device_QueryInterface: {0742a90b-c387-483f-b946-30a7e4e61458} not implemented, returning E_NOINTERFACE.
5476.045:0138:01a0:warn:vkd3d-proton:d3d12_device_QueryInterface: {0742a90b-c387-483f-b946-30a7e4e61458} not implemented, returning E_NOINTERFACE.
5476.063:0138:0198:warn:vkd3d-proton:d3d12_device_QueryInterface: {0742a90b-c387-483f-b946-30a7e4e61458} not implemented, returning E_NOINTERFACE.
5476.080:0138:0198:warn:vkd3d-proton:d3d12_device_QueryInterface: {0742a90b-c387-483f-b946-30a7e4e61458} not implemented, returning E_NOINTERFACE.
5476.097:0138:01a0:warn:vkd3d-proton:d3d12_device_QueryInterface: {0742a90b-c387-483f-b946-30a7e4e61458} not implemented, returning E_NOINTERFACE.
5476.111:0138:01a0:warn:vkd3d-proton:d3d12_device_QueryInterface: {0742a90b-c387-483f-b946-30a7e4e61458} not implemented, returning E_NOINTERFACE.
5476.131:0138:0198:warn:vkd3d-proton:d3d12_device_QueryInterface: {0742a90b-c387-483f-b946-30a7e4e61458} not implemented, returning E_NOINTERFACE.
5476.145:0138:0198:warn:vkd3d-proton:d3d12_device_QueryInterface: {0742a90b-c387-483f-b946-30a7e4e61458} not implemented, returning E_NOINTERFACE.
5476.164:0138:0194:warn:vkd3d-proton:d3d12_device_QueryInterface: {0742a90b-c387-483f-b946-30a7e4e61458} not implemented, returning E_NOINTERFACE.
5476.180:0138:0194:warn:vkd3d-proton:d3d12_device_QueryInterface: {0742a90b-c387-483f-b946-30a7e4e61458} not implemented, returning E_NOINTERFACE.
5476.197:0138:0198:warn:vkd3d-proton:d3d12_device_QueryInterface: {0742a90b-c387-483f-b946-30a7e4e61458} not implemented, returning E_NOINTERFACE.
5476.214:0138:0198:warn:vkd3d-proton:d3d12_device_QueryInterface: {0742a90b-c387-483f-b946-30a7e4e61458} not implemented, returning E_NOINTERFACE.
5476.231:0138:0194:warn:vkd3d-proton:d3d12_device_QueryInterface: {0742a90b-c387-483f-b946-30a7e4e61458} not implemented, returning E_NOINTERFACE.
5476.247:0138:0194:warn:vkd3d-proton:d3d12_device_QueryInterface: {0742a90b-c387-483f-b946-30a7e4e61458} not implemented, returning E_NOINTERFACE.
5476.265:0138:019c:warn:vkd3d-proton:d3d12_device_QueryInterface: {0742a90b-c387-483f-b946-30a7e4e61458} not implemented, returning E_NOINTERFACE.
5476.279:0138:019c:warn:vkd3d-proton:d3d12_device_QueryInterface: {0742a90b-c387-483f-b946-30a7e4e61458} not implemented, returning E_NOINTERFACE.
5476.296:0138:01a0:warn:vkd3d-proton:d3d12_device_QueryInterface: {0742a90b-c387-483f-b946-30a7e4e61458} not implemented, returning E_NOINTERFACE.
5476.314:0138:01a0:warn:vkd3d-proton:d3d12_device_QueryInterface: {0742a90b-c387-483f-b946-30a7e4e61458} not implemented, returning E_NOINTERFACE.
5476.331:0138:0194:warn:vkd3d-proton:d3d12_device_QueryInterface: {0742a90b-c387-483f-b946-30a7e4e61458} not implemented, returning E_NOINTERFACE.
5476.346:0138:0194:warn:vkd3d-proton:d3d12_device_QueryInterface: {0742a90b-c387-483f-b946-30a7e4e61458} not implemented, returning E_NOINTERFACE.
5476.365:0138:019c:warn:vkd3d-proton:d3d12_device_QueryInterface: {0742a90b-c387-483f-b946-30a7e4e61458} not implemented, returning E_NOINTERFACE.
5476.381:0138:019c:warn:vkd3d-proton:d3d12_device_QueryInterface: {0742a90b-c387-483f-b946-30a7e4e61458} not implemented, returning E_NOINTERFACE.
5476.397:0138:0194:warn:vkd3d-proton:d3d12_device_QueryInterface: {0742a90b-c387-483f-b946-30a7e4e61458} not implemented, returning E_NOINTERFACE.
5476.414:0138:0194:warn:vkd3d-proton:d3d12_device_QueryInterface: {0742a90b-c387-483f-b946-30a7e4e61458} not implemented, returning E_NOINTERFACE.
5476.431:0138:019c:warn:vkd3d-proton:d3d12_device_QueryInterface: {0742a90b-c387-483f-b946-30a7e4e61458} not implemented, returning E_NOINTERFACE.
5476.448:0138:019c:warn:vkd3d-proton:d3d12_device_QueryInterface: {0742a90b-c387-483f-b946-30a7e4e61458} not implemented, returning E_NOINTERFACE.
5476.466:0138:01a0:warn:vkd3d-proton:d3d12_device_QueryInterface: {0742a90b-c387-483f-b946-30a7e4e61458} not implemented, returning E_NOINTERFACE.
5476.483:0138:01a0:warn:vkd3d-proton:d3d12_device_QueryInterface: {0742a90b-c387-483f-b946-30a7e4e61458} not implemented, returning E_NOINTERFACE.
5476.499:0138:01a0:warn:vkd3d-proton:d3d12_device_QueryInterface: {0742a90b-c387-483f-b946-30a7e4e61458} not implemented, returning E_NOINTERFACE.
5476.516:0138:01a0:warn:vkd3d-proton:d3d12_device_QueryInterface: {0742a90b-c387-483f-b946-30a7e4e61458} not implemented, returning E_NOINTERFACE.
5476.530:0138:019c:warn:vkd3d-proton:d3d12_device_QueryInterface: {0742a90b-c387-483f-b946-30a7e4e61458} not implemented, returning E_NOINTERFACE.
5476.547:0138:019c:warn:vkd3d-proton:d3d12_device_QueryInterface: {0742a90b-c387-483f-b946-30a7e4e61458} not implemented, returning E_NOINTERFACE.
5476.565:0138:01a0:warn:vkd3d-proton:d3d12_device_QueryInterface: {0742a90b-c387-483f-b946-30a7e4e61458} not implemented, returning E_NOINTERFACE.
5476.582:0138:01a0:warn:vkd3d-proton:d3d12_device_QueryInterface: {0742a90b-c387-483f-b946-30a7e4e61458} not implemented, returning E_NOINTERFACE.
5476.598:0138:0194:warn:vkd3d-proton:d3d12_device_QueryInterface: {0742a90b-c387-483f-b946-30a7e4e61458} not implemented, returning E_NOINTERFACE.
5476.614:0138:0194:warn:vkd3d-proton:d3d12_device_QueryInterface: {0742a90b-c387-483f-b946-30a7e4e61458} not implemented, returning E_NOINTERFACE.
5476.632:0138:0198:warn:vkd3d-proton:d3d12_device_QueryInterface: {0742a90b-c387-483f-b946-30a7e4e61458} not implemented, returning E_NOINTERFACE.
5476.648:0138:0198:warn:vkd3d-proton:d3d12_device_QueryInterface: {0742a90b-c387-483f-b946-30a7e4e61458} not implemented, returning E_NOINTERFACE.
5476.665:0138:0194:warn:vkd3d-proton:d3d12_device_QueryInterface: {0742a90b-c387-483f-b946-30a7e4e61458} not implemented, returning E_NOINTERFACE.
5476.681:0138:0194:warn:vkd3d-proton:d3d12_device_QueryInterface: {0742a90b-c387-483f-b946-30a7e4e61458} not implemented, returning E_NOINTERFACE.
5476.701:0138:01a0:warn:vkd3d-proton:d3d12_device_QueryInterface: {0742a90b-c387-483f-b946-30a7e4e61458} not implemented, returning E_NOINTERFACE.
5476.714:0138:01a0:warn:vkd3d-proton:d3d12_device_QueryInterface: {0742a90b-c387-483f-b946-30a7e4e61458} not implemented, returning E_NOINTERFACE.
5476.732:0138:019c:warn:vkd3d-proton:d3d12_device_QueryInterface: {0742a90b-c387-483f-b946-30a7e4e61458} not implemented, returning E_NOINTERFACE.
5476.747:0138:019c:warn:vkd3d-proton:d3d12_device_QueryInterface: {0742a90b-c387-483f-b946-30a7e4e61458} not implemented, returning E_NOINTERFACE.
5476.766:0138:0198:warn:vkd3d-proton:d3d12_device_QueryInterface: {0742a90b-c387-483f-b946-30a7e4e61458} not implemented, returning E_NOINTERFACE.
5476.783:0138:0198:warn:vkd3d-proton:d3d12_device_QueryInterface: {0742a90b-c387-483f-b946-30a7e4e61458} not implemented, returning E_NOINTERFACE.
5476.798:0138:0194:warn:vkd3d-proton:d3d12_device_QueryInterface: {0742a90b-c387-483f-b946-30a7e4e61458} not implemented, returning E_NOINTERFACE.
5476.815:0138:0194:warn:vkd3d-proton:d3d12_device_QueryInterface: {0742a90b-c387-483f-b946-30a7e4e61458} not implemented, returning E_NOINTERFACE.
5476.832:0138:019c:warn:vkd3d-proton:d3d12_device_QueryInterface: {0742a90b-c387-483f-b946-30a7e4e61458} not implemented, returning E_NOINTERFACE.
5476.848:0138:019c:warn:vkd3d-proton:d3d12_device_QueryInterface: {0742a90b-c387-483f-b946-30a7e4e61458} not implemented, returning E_NOINTERFACE.
5476.863:0138:0198:warn:vkd3d-proton:d3d12_device_QueryInterface: {0742a90b-c387-483f-b946-30a7e4e61458} not implemented, returning E_NOINTERFACE.
5476.881:0138:0194:warn:vkd3d-proton:d3d12_device_QueryInterface: {0742a90b-c387-483f-b946-30a7e4e61458} not implemented, returning E_NOINTERFACE.
5476.896:0138:0198:warn:vkd3d-proton:d3d12_device_QueryInterface: {0742a90b-c387-483f-b946-30a7e4e61458} not implemented, returning E_NOINTERFACE.
5476.915:0138:01a0:warn:vkd3d-proton:d3d12_device_QueryInterface: {0742a90b-c387-483f-b946-30a7e4e61458} not implemented, returning E_NOINTERFACE.
5476.931:0138:0198:warn:vkd3d-proton:d3d12_device_QueryInterface: {0742a90b-c387-483f-b946-30a7e4e61458} not implemented, returning E_NOINTERFACE.
5476.946:0138:0198:warn:vkd3d-proton:d3d12_device_QueryInterface: {0742a90b-c387-483f-b946-30a7e4e61458} not implemented, returning E_NOINTERFACE.
5476.964:0138:0198:warn:vkd3d-proton:d3d12_device_QueryInterface: {0742a90b-c387-483f-b946-30a7e4e61458} not implemented, returning E_NOINTERFACE.
5476.980:0138:0198:warn:vkd3d-proton:d3d12_device_QueryInterface: {0742a90b-c387-483f-b946-30a7e4e61458} not implemented, returning E_NOINTERFACE.
5476.999:0138:0198:warn:vkd3d-proton:d3d12_device_QueryInterface: {0742a90b-c387-483f-b946-30a7e4e61458} not implemented, returning E_NOINTERFACE.
5477.018:0138:0198:warn:vkd3d-proton:d3d12_device_QueryInterface: {0742a90b-c387-483f-b946-30a7e4e61458} not implemented, returning E_NOINTERFACE.
5477.032:0138:0194:warn:vkd3d-proton:d3d12_device_QueryInterface: {0742a90b-c387-483f-b946-30a7e4e61458} not implemented, returning E_NOINTERFACE.
5477.047:0138:0194:warn:vkd3d-proton:d3d12_device_QueryInterface: {0742a90b-c387-483f-b946-30a7e4e61458} not implemented, returning E_NOINTERFACE.
5477.065:0138:01a0:warn:vkd3d-proton:d3d12_device_QueryInterface: {0742a90b-c387-483f-b946-30a7e4e61458} not implemented, returning E_NOINTERFACE.
5477.081:0138:01a0:warn:vkd3d-proton:d3d12_device_QueryInterface: {0742a90b-c387-483f-b946-30a7e4e61458} not implemented, returning E_NOINTERFACE.
5477.098:0138:019c:warn:vkd3d-proton:d3d12_device_QueryInterface: {0742a90b-c387-483f-b946-30a7e4e61458} not implemented, returning E_NOINTERFACE.
5477.116:0138:019c:warn:vkd3d-proton:d3d12_device_QueryInterface: {0742a90b-c387-483f-b946-30a7e4e61458} not implemented, returning E_NOINTERFACE.
5477.132:0138:0194:warn:vkd3d-proton:d3d12_device_QueryInterface: {0742a90b-c387-483f-b946-30a7e4e61458} not implemented, returning E_NOINTERFACE.
5477.149:0138:0194:warn:vkd3d-proton:d3d12_device_QueryInterface: {0742a90b-c387-483f-b946-30a7e4e61458} not implemented, returning E_NOINTERFACE.
5477.165:0138:0198:warn:vkd3d-proton:d3d12_device_QueryInterface: {0742a90b-c387-483f-b946-30a7e4e61458} not implemented, returning E_NOINTERFACE.
5477.182:0138:0198:warn:vkd3d-proton:d3d12_device_QueryInterface: {0742a90b-c387-483f-b946-30a7e4e61458} not implemented, returning E_NOINTERFACE.
5477.199:0138:019c:warn:vkd3d-proton:d3d12_device_QueryInterface: {0742a90b-c387-483f-b946-30a7e4e61458} not implemented, returning E_NOINTERFACE.
5477.216:0138:019c:warn:vkd3d-proton:d3d12_device_QueryInterface: {0742a90b-c387-483f-b946-30a7e4e61458} not implemented, returning E_NOINTERFACE.
5477.233:0138:0194:warn:vkd3d-proton:d3d12_device_QueryInterface: {0742a90b-c387-483f-b946-30a7e4e61458} not implemented, returning E_NOINTERFACE.
5477.248:0138:0194:warn:vkd3d-proton:d3d12_device_QueryInterface: {0742a90b-c387-483f-b946-30a7e4e61458} not implemented, returning E_NOINTERFACE.
5477.265:0138:019c:warn:vkd3d-proton:d3d12_device_QueryInterface: {0742a90b-c387-483f-b946-30a7e4e61458} not implemented, returning E_NOINTERFACE.
5477.282:0138:019c:warn:vkd3d-proton:d3d12_device_QueryInterface: {0742a90b-c387-483f-b946-30a7e4e61458} not implemented, returning E_NOINTERFACE.
5477.296:0138:0194:warn:vkd3d-proton:d3d12_device_QueryInterface: {0742a90b-c387-483f-b946-30a7e4e61458} not implemented, returning E_NOINTERFACE.
5477.314:0138:0194:warn:vkd3d-proton:d3d12_device_QueryInterface: {0742a90b-c387-483f-b946-30a7e4e61458} not implemented, returning E_NOINTERFACE.
5477.333:0138:019c:warn:vkd3d-proton:d3d12_device_QueryInterface: {0742a90b-c387-483f-b946-30a7e4e61458} not implemented, returning E_NOINTERFACE.
5477.347:0138:019c:warn:vkd3d-proton:d3d12_device_QueryInterface: {0742a90b-c387-483f-b946-30a7e4e61458} not implemented, returning E_NOINTERFACE.
5477.364:0138:01a0:warn:vkd3d-proton:d3d12_device_QueryInterface: {0742a90b-c387-483f-b946-30a7e4e61458} not implemented, returning E_NOINTERFACE.
5477.384:0138:01a0:warn:vkd3d-proton:d3d12_device_QueryInterface: {0742a90b-c387-483f-b946-30a7e4e61458} not implemented, returning E_NOINTERFACE.
5477.397:0138:019c:warn:vkd3d-proton:d3d12_device_QueryInterface: {0742a90b-c387-483f-b946-30a7e4e61458} not implemented, returning E_NOINTERFACE.
5477.418:0138:019c:warn:vkd3d-proton:d3d12_device_QueryInterface: {0742a90b-c387-483f-b946-30a7e4e61458} not implemented, returning E_NOINTERFACE.
5477.434:0138:0194:warn:vkd3d-proton:d3d12_device_QueryInterface: {0742a90b-c387-483f-b946-30a7e4e61458} not implemented, returning E_NOINTERFACE.
5477.451:0138:0194:warn:vkd3d-proton:d3d12_device_QueryInterface: {0742a90b-c387-483f-b946-30a7e4e61458} not implemented, returning E_NOINTERFACE.
5477.467:0138:0194:warn:vkd3d-proton:d3d12_device_QueryInterface: {0742a90b-c387-483f-b946-30a7e4e61458} not implemented, returning E_NOINTERFACE.
5477.484:0138:0194:warn:vkd3d-proton:d3d12_device_QueryInterface: {0742a90b-c387-483f-b946-30a7e4e61458} not implemented, returning E_NOINTERFACE.
5477.499:0138:0198:warn:vkd3d-proton:d3d12_device_QueryInterface: {0742a90b-c387-483f-b946-30a7e4e61458} not implemented, returning E_NOINTERFACE.
5477.515:0138:0198:warn:vkd3d-proton:d3d12_device_QueryInterface: {0742a90b-c387-483f-b946-30a7e4e61458} not implemented, returning E_NOINTERFACE.
5477.533:0138:01a0:warn:vkd3d-proton:d3d12_device_QueryInterface: {0742a90b-c387-483f-b946-30a7e4e61458} not implemented, returning E_NOINTERFACE.
5477.550:0138:0198:warn:vkd3d-proton:d3d12_device_QueryInterface: {0742a90b-c387-483f-b946-30a7e4e61458} not implemented, returning E_NOINTERFACE.
5477.567:0138:019c:warn:vkd3d-proton:d3d12_device_QueryInterface: {0742a90b-c387-483f-b946-30a7e4e61458} not implemented, returning E_NOINTERFACE.
5477.584:0138:019c:warn:vkd3d-proton:d3d12_device_QueryInterface: {0742a90b-c387-483f-b946-30a7e4e61458} not implemented, returning E_NOINTERFACE.
5477.599:0138:01a0:warn:vkd3d-proton:d3d12_device_QueryInterface: {0742a90b-c387-483f-b946-30a7e4e61458} not implemented, returning E_NOINTERFACE.
5477.616:0138:01a0:warn:vkd3d-proton:d3d12_device_QueryInterface: {0742a90b-c387-483f-b946-30a7e4e61458} not implemented, returning E_NOINTERFACE.
5477.631:0138:019c:warn:vkd3d-proton:d3d12_device_QueryInterface: {0742a90b-c387-483f-b946-30a7e4e61458} not implemented, returning E_NOINTERFACE.
5477.650:0138:0194:warn:vkd3d-proton:d3d12_device_QueryInterface: {0742a90b-c387-483f-b946-30a7e4e61458} not implemented, returning E_NOINTERFACE.
5477.665:0138:019c:warn:vkd3d-proton:d3d12_device_QueryInterface: {0742a90b-c387-483f-b946-30a7e4e61458} not implemented, returning E_NOINTERFACE.
5477.684:0138:019c:warn:vkd3d-proton:d3d12_device_QueryInterface: {0742a90b-c387-483f-b946-30a7e4e61458} not implemented, returning E_NOINTERFACE.
5477.700:0138:01a0:warn:vkd3d-proton:d3d12_device_QueryInterface: {0742a90b-c387-483f-b946-30a7e4e61458} not implemented, returning E_NOINTERFACE.
5477.717:0138:01a0:warn:vkd3d-proton:d3d12_device_QueryInterface: {0742a90b-c387-483f-b946-30a7e4e61458} not implemented, returning E_NOINTERFACE.
5477.732:0138:0198:warn:vkd3d-proton:d3d12_device_QueryInterface: {0742a90b-c387-483f-b946-30a7e4e61458} not implemented, returning E_NOINTERFACE.
5477.750:0138:0198:warn:vkd3d-proton:d3d12_device_QueryInterface: {0742a90b-c387-483f-b946-30a7e4e61458} not implemented, returning E_NOINTERFACE.
5477.768:0138:0194:warn:vkd3d-proton:d3d12_device_QueryInterface: {0742a90b-c387-483f-b946-30a7e4e61458} not implemented, returning E_NOINTERFACE.
5477.783:0138:0194:warn:vkd3d-proton:d3d12_device_QueryInterface: {0742a90b-c387-483f-b946-30a7e4e61458} not implemented, returning E_NOINTERFACE.
5477.799:0138:019c:warn:vkd3d-proton:d3d12_device_QueryInterface: {0742a90b-c387-483f-b946-30a7e4e61458} not implemented, returning E_NOINTERFACE.
5477.816:0138:0194:warn:vkd3d-proton:d3d12_device_QueryInterface: {0742a90b-c387-483f-b946-30a7e4e61458} not implemented, returning E_NOINTERFACE.
5477.832:0138:019c:warn:vkd3d-proton:d3d12_device_QueryInterface: {0742a90b-c387-483f-b946-30a7e4e61458} not implemented, returning E_NOINTERFACE.
5477.850:0138:019c:warn:vkd3d-proton:d3d12_device_QueryInterface: {0742a90b-c387-483f-b946-30a7e4e61458} not implemented, returning E_NOINTERFACE.
5477.867:0138:0198:warn:vkd3d-proton:d3d12_device_QueryInterface: {0742a90b-c387-483f-b946-30a7e4e61458} not implemented, returning E_NOINTERFACE.
5477.884:0138:0198:warn:vkd3d-proton:d3d12_device_QueryInterface: {0742a90b-c387-483f-b946-30a7e4e61458} not implemented, returning E_NOINTERFACE.
5477.899:0138:019c:warn:vkd3d-proton:d3d12_device_QueryInterface: {0742a90b-c387-483f-b946-30a7e4e61458} not implemented, returning E_NOINTERFACE.
5477.916:0138:019c:warn:vkd3d-proton:d3d12_device_QueryInterface: {0742a90b-c387-483f-b946-30a7e4e61458} not implemented, returning E_NOINTERFACE.
5477.934:0138:0198:warn:vkd3d-proton:d3d12_device_QueryInterface: {0742a90b-c387-483f-b946-30a7e4e61458} not implemented, returning E_NOINTERFACE.
5477.951:0138:0198:warn:vkd3d-proton:d3d12_device_QueryInterface: {0742a90b-c387-483f-b946-30a7e4e61458} not implemented, returning E_NOINTERFACE.
5477.965:0138:01a0:warn:vkd3d-proton:d3d12_device_QueryInterface: {0742a90b-c387-483f-b946-30a7e4e61458} not implemented, returning E_NOINTERFACE.
5477.987:0138:01a0:warn:vkd3d-proton:d3d12_device_QueryInterface: {0742a90b-c387-483f-b946-30a7e4e61458} not implemented, returning E_NOINTERFACE.
5478.001:0138:01a0:warn:vkd3d-proton:d3d12_device_QueryInterface: {0742a90b-c387-483f-b946-30a7e4e61458} not implemented, returning E_NOINTERFACE.
5478.015:0138:01a0:warn:vkd3d-proton:d3d12_device_QueryInterface: {0742a90b-c387-483f-b946-30a7e4e61458} not implemented, returning E_NOINTERFACE.
5478.034:0138:01a0:warn:vkd3d-proton:d3d12_device_QueryInterface: {0742a90b-c387-483f-b946-30a7e4e61458} not implemented, returning E_NOINTERFACE.
5478.052:0138:01a0:warn:vkd3d-proton:d3d12_device_QueryInterface: {0742a90b-c387-483f-b946-30a7e4e61458} not implemented, returning E_NOINTERFACE.
5478.065:0138:019c:warn:vkd3d-proton:d3d12_device_QueryInterface: {0742a90b-c387-483f-b946-30a7e4e61458} not implemented, returning E_NOINTERFACE.
5478.082:0138:019c:warn:vkd3d-proton:d3d12_device_QueryInterface: {0742a90b-c387-483f-b946-30a7e4e61458} not implemented, returning E_NOINTERFACE.
5478.100:0138:0194:warn:vkd3d-proton:d3d12_device_QueryInterface: {0742a90b-c387-483f-b946-30a7e4e61458} not implemented, returning E_NOINTERFACE.
5478.116:0138:0194:warn:vkd3d-proton:d3d12_device_QueryInterface: {0742a90b-c387-483f-b946-30a7e4e61458} not implemented, returning E_NOINTERFACE.
5478.133:0138:0198:warn:vkd3d-proton:d3d12_device_QueryInterface: {0742a90b-c387-483f-b946-30a7e4e61458} not implemented, returning E_NOINTERFACE.
5478.150:0138:0198:warn:vkd3d-proton:d3d12_device_QueryInterface: {0742a90b-c387-483f-b946-30a7e4e61458} not implemented, returning E_NOINTERFACE.
5478.167:0138:019c:warn:vkd3d-proton:d3d12_device_QueryInterface: {0742a90b-c387-483f-b946-30a7e4e61458} not implemented, returning E_NOINTERFACE.
5478.184:0138:019c:warn:vkd3d-proton:d3d12_device_QueryInterface: {0742a90b-c387-483f-b946-30a7e4e61458} not implemented, returning E_NOINTERFACE.
5478.201:0138:0194:warn:vkd3d-proton:d3d12_device_QueryInterface: {0742a90b-c387-483f-b946-30a7e4e61458} not implemented, returning E_NOINTERFACE.
5478.230:0138:0194:warn:vkd3d-proton:d3d12_device_QueryInterface: {0742a90b-c387-483f-b946-30a7e4e61458} not implemented, returning E_NOINTERFACE.
5478.235:0138:0194:warn:vkd3d-proton:d3d12_device_QueryInterface: {0742a90b-c387-483f-b946-30a7e4e61458} not implemented, returning E_NOINTERFACE.
5478.250:0138:0194:warn:vkd3d-proton:d3d12_device_QueryInterface: {0742a90b-c387-483f-b946-30a7e4e61458} not implemented, returning E_NOINTERFACE.
5478.266:0138:0198:warn:vkd3d-proton:d3d12_device_QueryInterface: {0742a90b-c387-483f-b946-30a7e4e61458} not implemented, returning E_NOINTERFACE.
5478.284:0138:019c:warn:vkd3d-proton:d3d12_device_QueryInterface: {0742a90b-c387-483f-b946-30a7e4e61458} not implemented, returning E_NOINTERFACE.
5478.301:0138:0194:warn:vkd3d-proton:d3d12_device_QueryInterface: {0742a90b-c387-483f-b946-30a7e4e61458} not implemented, returning E_NOINTERFACE.
5478.316:0138:0194:warn:vkd3d-proton:d3d12_device_QueryInterface: {0742a90b-c387-483f-b946-30a7e4e61458} not implemented, returning E_NOINTERFACE.
5478.334:0138:01a0:warn:vkd3d-proton:d3d12_device_QueryInterface: {0742a90b-c387-483f-b946-30a7e4e61458} not implemented, returning E_NOINTERFACE.
5478.352:0138:01a0:warn:vkd3d-proton:d3d12_device_QueryInterface: {0742a90b-c387-483f-b946-30a7e4e61458} not implemented, returning E_NOINTERFACE.
5478.368:0138:0194:warn:vkd3d-proton:d3d12_device_QueryInterface: {0742a90b-c387-483f-b946-30a7e4e61458} not implemented, returning E_NOINTERFACE.
5478.384:0138:0194:warn:vkd3d-proton:d3d12_device_QueryInterface: {0742a90b-c387-483f-b946-30a7e4e61458} not implemented, returning E_NOINTERFACE.
5478.401:0138:01a0:warn:vkd3d-proton:d3d12_device_QueryInterface: {0742a90b-c387-483f-b946-30a7e4e61458} not implemented, returning E_NOINTERFACE.
5478.417:0138:01a0:warn:vkd3d-proton:d3d12_device_QueryInterface: {0742a90b-c387-483f-b946-30a7e4e61458} not implemented, returning E_NOINTERFACE.
5478.432:0138:0194:warn:vkd3d-proton:d3d12_device_QueryInterface: {0742a90b-c387-483f-b946-30a7e4e61458} not implemented, returning E_NOINTERFACE.
5478.450:0138:0194:warn:vkd3d-proton:d3d12_device_QueryInterface: {0742a90b-c387-483f-b946-30a7e4e61458} not implemented, returning E_NOINTERFACE.
5478.470:0138:019c:warn:vkd3d-proton:d3d12_device_QueryInterface: {0742a90b-c387-483f-b946-30a7e4e61458} not implemented, returning E_NOINTERFACE.
5478.483:0138:019c:warn:vkd3d-proton:d3d12_device_QueryInterface: {0742a90b-c387-483f-b946-30a7e4e61458} not implemented, returning E_NOINTERFACE.
5478.501:0138:0198:warn:vkd3d-proton:d3d12_device_QueryInterface: {0742a90b-c387-483f-b946-30a7e4e61458} not implemented, returning E_NOINTERFACE.
5478.519:0138:0198:warn:vkd3d-proton:d3d12_device_QueryInterface: {0742a90b-c387-483f-b946-30a7e4e61458} not implemented, returning E_NOINTERFACE.
5478.535:0138:019c:warn:vkd3d-proton:d3d12_device_QueryInterface: {0742a90b-c387-483f-b946-30a7e4e61458} not implemented, returning E_NOINTERFACE.
5478.551:0138:019c:warn:vkd3d-proton:d3d12_device_QueryInterface: {0742a90b-c387-483f-b946-30a7e4e61458} not implemented, returning E_NOINTERFACE.
5478.569:0138:0198:warn:vkd3d-proton:d3d12_device_QueryInterface: {0742a90b-c387-483f-b946-30a7e4e61458} not implemented, returning E_NOINTERFACE.
5478.587:0138:0198:warn:vkd3d-proton:d3d12_device_QueryInterface: {0742a90b-c387-483f-b946-30a7e4e61458} not implemented, returning E_NOINTERFACE.
5478.603:0138:0194:warn:vkd3d-proton:d3d12_device_QueryInterface: {0742a90b-c387-483f-b946-30a7e4e61458} not implemented, returning E_NOINTERFACE.
5478.621:0138:0194:warn:vkd3d-proton:d3d12_device_QueryInterface: {0742a90b-c387-483f-b946-30a7e4e61458} not implemented, returning E_NOINTERFACE.
5478.635:0138:01a0:warn:vkd3d-proton:d3d12_device_QueryInterface: {0742a90b-c387-483f-b946-30a7e4e61458} not implemented, returning E_NOINTERFACE.
5478.654:0138:0194:warn:vkd3d-proton:d3d12_device_QueryInterface: {0742a90b-c387-483f-b946-30a7e4e61458} not implemented, returning E_NOINTERFACE.
5478.668:0138:01a0:warn:vkd3d-proton:d3d12_device_QueryInterface: {0742a90b-c387-483f-b946-30a7e4e61458} not implemented, returning E_NOINTERFACE.
5478.687:0138:01a0:warn:vkd3d-proton:d3d12_device_QueryInterface: {0742a90b-c387-483f-b946-30a7e4e61458} not implemented, returning E_NOINTERFACE.
5478.708:0138:0198:warn:vkd3d-proton:d3d12_device_QueryInterface: {0742a90b-c387-483f-b946-30a7e4e61458} not implemented, returning E_NOINTERFACE.
5478.722:0138:0198:warn:vkd3d-proton:d3d12_device_QueryInterface: {0742a90b-c387-483f-b946-30a7e4e61458} not implemented, returning E_NOINTERFACE.
5478.734:0138:01a0:warn:vkd3d-proton:d3d12_device_QueryInterface: {0742a90b-c387-483f-b946-30a7e4e61458} not implemented, returning E_NOINTERFACE.
5478.752:0138:019c:warn:vkd3d-proton:d3d12_device_QueryInterface: {0742a90b-c387-483f-b946-30a7e4e61458} not implemented, returning E_NOINTERFACE.
5478.769:0138:0194:warn:vkd3d-proton:d3d12_device_QueryInterface: {0742a90b-c387-483f-b946-30a7e4e61458} not implemented, returning E_NOINTERFACE.
5478.786:0138:0194:warn:vkd3d-proton:d3d12_device_QueryInterface: {0742a90b-c387-483f-b946-30a7e4e61458} not implemented, returning E_NOINTERFACE.
5478.800:0138:0198:warn:vkd3d-proton:d3d12_device_QueryInterface: {0742a90b-c387-483f-b946-30a7e4e61458} not implemented, returning E_NOINTERFACE.
5478.819:0138:01a0:warn:vkd3d-proton:d3d12_device_QueryInterface: {0742a90b-c387-483f-b946-30a7e4e61458} not implemented, returning E_NOINTERFACE.
5478.834:0138:0198:warn:vkd3d-proton:d3d12_device_QueryInterface: {0742a90b-c387-483f-b946-30a7e4e61458} not implemented, returning E_NOINTERFACE.
5478.851:0138:0198:warn:vkd3d-proton:d3d12_device_QueryInterface: {0742a90b-c387-483f-b946-30a7e4e61458} not implemented, returning E_NOINTERFACE.
5478.868:0138:019c:warn:vkd3d-proton:d3d12_device_QueryInterface: {0742a90b-c387-483f-b946-30a7e4e61458} not implemented, returning E_NOINTERFACE.
5478.883:0138:019c:warn:vkd3d-proton:d3d12_device_QueryInterface: {0742a90b-c387-483f-b946-30a7e4e61458} not implemented, returning E_NOINTERFACE.
5478.901:0138:0198:warn:vkd3d-proton:d3d12_device_QueryInterface: {0742a90b-c387-483f-b946-30a7e4e61458} not implemented, returning E_NOINTERFACE.
5478.917:0138:0198:warn:vkd3d-proton:d3d12_device_QueryInterface: {0742a90b-c387-483f-b946-30a7e4e61458} not implemented, returning E_NOINTERFACE.
5478.934:0138:0198:warn:vkd3d-proton:d3d12_device_QueryInterface: {0742a90b-c387-483f-b946-30a7e4e61458} not implemented, returning E_NOINTERFACE.
5478.952:0138:0198:warn:vkd3d-proton:d3d12_device_QueryInterface: {0742a90b-c387-483f-b946-30a7e4e61458} not implemented, returning E_NOINTERFACE.
5478.968:0138:01a0:warn:vkd3d-proton:d3d12_device_QueryInterface: {0742a90b-c387-483f-b946-30a7e4e61458} not implemented, returning E_NOINTERFACE.
5478.984:0138:01a0:warn:vkd3d-proton:d3d12_device_QueryInterface: {0742a90b-c387-483f-b946-30a7e4e61458} not implemented, returning E_NOINTERFACE.
5479.003:0138:019c:warn:vkd3d-proton:d3d12_device_QueryInterface: {0742a90b-c387-483f-b946-30a7e4e61458} not implemented, returning E_NOINTERFACE.
5479.020:0138:019c:warn:vkd3d-proton:d3d12_device_QueryInterface: {0742a90b-c387-483f-b946-30a7e4e61458} not implemented, returning E_NOINTERFACE.
5479.036:0138:019c:warn:vkd3d-proton:d3d12_device_QueryInterface: {0742a90b-c387-483f-b946-30a7e4e61458} not implemented, returning E_NOINTERFACE.
5479.052:0138:019c:warn:vkd3d-proton:d3d12_device_QueryInterface: {0742a90b-c387-483f-b946-30a7e4e61458} not implemented, returning E_NOINTERFACE.
5479.069:0138:0194:warn:vkd3d-proton:d3d12_device_QueryInterface: {0742a90b-c387-483f-b946-30a7e4e61458} not implemented, returning E_NOINTERFACE.
5479.085:0138:0194:warn:vkd3d-proton:d3d12_device_QueryInterface: {0742a90b-c387-483f-b946-30a7e4e61458} not implemented, returning E_NOINTERFACE.
5479.101:0138:0198:warn:vkd3d-proton:d3d12_device_QueryInterface: {0742a90b-c387-483f-b946-30a7e4e61458} not implemented, returning E_NOINTERFACE.
5479.118:0138:0198:warn:vkd3d-proton:d3d12_device_QueryInterface: {0742a90b-c387-483f-b946-30a7e4e61458} not implemented, returning E_NOINTERFACE.
5479.136:0138:01a0:warn:vkd3d-proton:d3d12_device_QueryInterface: {0742a90b-c387-483f-b946-30a7e4e61458} not implemented, returning E_NOINTERFACE.
5479.153:0138:01a0:warn:vkd3d-proton:d3d12_device_QueryInterface: {0742a90b-c387-483f-b946-30a7e4e61458} not implemented, returning E_NOINTERFACE.
5479.168:0138:0194:warn:vkd3d-proton:d3d12_device_QueryInterface: {0742a90b-c387-483f-b946-30a7e4e61458} not implemented, returning E_NOINTERFACE.
5479.184:0138:0194:warn:vkd3d-proton:d3d12_device_QueryInterface: {0742a90b-c387-483f-b946-30a7e4e61458} not implemented, returning E_NOINTERFACE.
5479.202:0138:01a0:warn:vkd3d-proton:d3d12_device_QueryInterface: {0742a90b-c387-483f-b946-30a7e4e61458} not implemented, returning E_NOINTERFACE.
5479.218:0138:01a0:warn:vkd3d-proton:d3d12_device_QueryInterface: {0742a90b-c387-483f-b946-30a7e4e61458} not implemented, returning E_NOINTERFACE.
5479.239:0138:0198:warn:vkd3d-proton:d3d12_device_QueryInterface: {0742a90b-c387-483f-b946-30a7e4e61458} not implemented, returning E_NOINTERFACE.
5479.252:0138:0198:warn:vkd3d-proton:d3d12_device_QueryInterface: {0742a90b-c387-483f-b946-30a7e4e61458} not implemented, returning E_NOINTERFACE.
5479.268:0138:019c:warn:vkd3d-proton:d3d12_device_QueryInterface: {0742a90b-c387-483f-b946-30a7e4e61458} not implemented, returning E_NOINTERFACE.
5479.284:0138:019c:warn:vkd3d-proton:d3d12_device_QueryInterface: {0742a90b-c387-483f-b946-30a7e4e61458} not implemented, returning E_NOINTERFACE.
5479.301:0138:019c:warn:vkd3d-proton:d3d12_device_QueryInterface: {0742a90b-c387-483f-b946-30a7e4e61458} not implemented, returning E_NOINTERFACE.
5479.318:0138:0194:warn:vkd3d-proton:d3d12_device_QueryInterface: {0742a90b-c387-483f-b946-30a7e4e61458} not implemented, returning E_NOINTERFACE.
5479.335:0138:0194:warn:vkd3d-proton:d3d12_device_QueryInterface: {0742a90b-c387-483f-b946-30a7e4e61458} not implemented, returning E_NOINTERFACE.
5479.352:0138:0194:warn:vkd3d-proton:d3d12_device_QueryInterface: {0742a90b-c387-483f-b946-30a7e4e61458} not implemented, returning E_NOINTERFACE.
5479.368:0138:0198:warn:vkd3d-proton:d3d12_device_QueryInterface: {0742a90b-c387-483f-b946-30a7e4e61458} not implemented, returning E_NOINTERFACE.
5479.386:0138:019c:warn:vkd3d-proton:d3d12_device_QueryInterface: {0742a90b-c387-483f-b946-30a7e4e61458} not implemented, returning E_NOINTERFACE.
5479.403:0138:01a0:warn:vkd3d-proton:d3d12_device_QueryInterface: {0742a90b-c387-483f-b946-30a7e4e61458} not implemented, returning E_NOINTERFACE.
5479.418:0138:01a0:warn:vkd3d-proton:d3d12_device_QueryInterface: {0742a90b-c387-483f-b946-30a7e4e61458} not implemented, returning E_NOINTERFACE.
5479.436:0138:0194:warn:vkd3d-proton:d3d12_device_QueryInterface: {0742a90b-c387-483f-b946-30a7e4e61458} not implemented, returning E_NOINTERFACE.
5479.453:0138:0194:warn:vkd3d-proton:d3d12_device_QueryInterface: {0742a90b-c387-483f-b946-30a7e4e61458} not implemented, returning E_NOINTERFACE.
5479.468:0138:0198:warn:vkd3d-proton:d3d12_device_QueryInterface: {0742a90b-c387-483f-b946-30a7e4e61458} not implemented, returning E_NOINTERFACE.
5479.484:0138:0198:warn:vkd3d-proton:d3d12_device_QueryInterface: {0742a90b-c387-483f-b946-30a7e4e61458} not implemented, returning E_NOINTERFACE.
5479.507:0138:019c:warn:vkd3d-proton:d3d12_device_QueryInterface: {0742a90b-c387-483f-b946-30a7e4e61458} not implemented, returning E_NOINTERFACE.
5479.523:0138:01a0:warn:vkd3d-proton:d3d12_device_QueryInterface: {0742a90b-c387-483f-b946-30a7e4e61458} not implemented, returning E_NOINTERFACE.
5479.607:0138:01a0:warn:vkd3d-proton:d3d12_device_QueryInterface: {0742a90b-c387-483f-b946-30a7e4e61458} not implemented, returning E_NOINTERFACE.
5479.629:0138:01a0:warn:vkd3d-proton:d3d12_device_QueryInterface: {0742a90b-c387-483f-b946-30a7e4e61458} not implemented, returning E_NOINTERFACE.
5479.640:0138:01a0:warn:vkd3d-proton:d3d12_device_QueryInterface: {0742a90b-c387-483f-b946-30a7e4e61458} not implemented, returning E_NOINTERFACE.
5479.668:0138:0198:warn:vkd3d-proton:d3d12_device_QueryInterface: {0742a90b-c387-483f-b946-30a7e4e61458} not implemented, returning E_NOINTERFACE.
5479.701:0138:01a0:warn:vkd3d-proton:d3d12_device_QueryInterface: {0742a90b-c387-483f-b946-30a7e4e61458} not implemented, returning E_NOINTERFACE.
5479.731:0138:0194:warn:vkd3d-proton:d3d12_device_QueryInterface: {0742a90b-c387-483f-b946-30a7e4e61458} not implemented, returning E_NOINTERFACE.
5479.759:0138:019c:warn:vkd3d-proton:d3d12_device_QueryInterface: {0742a90b-c387-483f-b946-30a7e4e61458} not implemented, returning E_NOINTERFACE.
5479.790:0138:01a0:warn:vkd3d-proton:d3d12_device_QueryInterface: {0742a90b-c387-483f-b946-30a7e4e61458} not implemented, returning E_NOINTERFACE.
5479.824:0138:0194:warn:vkd3d-proton:d3d12_device_QueryInterface: {0742a90b-c387-483f-b946-30a7e4e61458} not implemented, returning E_NOINTERFACE.
5479.855:0138:019c:warn:vkd3d-proton:d3d12_device_QueryInterface: {0742a90b-c387-483f-b946-30a7e4e61458} not implemented, returning E_NOINTERFACE.
5479.889:0138:0194:warn:vkd3d-proton:d3d12_device_QueryInterface: {0742a90b-c387-483f-b946-30a7e4e61458} not implemented, returning E_NOINTERFACE.
5479.926:0138:01a0:warn:vkd3d-proton:d3d12_device_QueryInterface: {0742a90b-c387-483f-b946-30a7e4e61458} not implemented, returning E_NOINTERFACE.
5479.972:0138:0198:warn:vkd3d-proton:d3d12_device_QueryInterface: {0742a90b-c387-483f-b946-30a7e4e61458} not implemented, returning E_NOINTERFACE.
5480.002:0138:0194:warn:vkd3d-proton:d3d12_device_QueryInterface: {0742a90b-c387-483f-b946-30a7e4e61458} not implemented, returning E_NOINTERFACE.
5480.040:0138:01a0:warn:vkd3d-proton:d3d12_device_QueryInterface: {0742a90b-c387-483f-b946-30a7e4e61458} not implemented, returning E_NOINTERFACE.
5480.074:0138:0194:warn:vkd3d-proton:d3d12_device_QueryInterface: {0742a90b-c387-483f-b946-30a7e4e61458} not implemented, returning E_NOINTERFACE.
5480.116:0138:0194:warn:vkd3d-proton:d3d12_device_QueryInterface: {0742a90b-c387-483f-b946-30a7e4e61458} not implemented, returning E_NOINTERFACE.
5480.151:0138:019c:warn:vkd3d-proton:d3d12_device_QueryInterface: {0742a90b-c387-483f-b946-30a7e4e61458} not implemented, returning E_NOINTERFACE.
5480.190:0138:0194:warn:vkd3d-proton:d3d12_device_QueryInterface: {0742a90b-c387-483f-b946-30a7e4e61458} not implemented, returning E_NOINTERFACE.
5480.228:0138:0198:warn:vkd3d-proton:d3d12_device_QueryInterface: {0742a90b-c387-483f-b946-30a7e4e61458} not implemented, returning E_NOINTERFACE.
5480.266:0138:019c:warn:vkd3d-proton:d3d12_device_QueryInterface: {0742a90b-c387-483f-b946-30a7e4e61458} not implemented, returning E_NOINTERFACE.
5480.299:0138:01a0:warn:vkd3d-proton:d3d12_device_QueryInterface: {0742a90b-c387-483f-b946-30a7e4e61458} not implemented, returning E_NOINTERFACE.
5480.337:0138:0198:warn:vkd3d-proton:d3d12_device_QueryInterface: {0742a90b-c387-483f-b946-30a7e4e61458} not implemented, returning E_NOINTERFACE.
5480.369:0138:01a0:warn:vkd3d-proton:d3d12_device_QueryInterface: {0742a90b-c387-483f-b946-30a7e4e61458} not implemented, returning E_NOINTERFACE.
5480.405:0138:0194:warn:vkd3d-proton:d3d12_device_QueryInterface: {0742a90b-c387-483f-b946-30a7e4e61458} not implemented, returning E_NOINTERFACE.
5480.443:0138:0198:warn:vkd3d-proton:d3d12_device_QueryInterface: {0742a90b-c387-483f-b946-30a7e4e61458} not implemented, returning E_NOINTERFACE.
5480.474:0138:0194:warn:vkd3d-proton:d3d12_device_QueryInterface: {0742a90b-c387-483f-b946-30a7e4e61458} not implemented, returning E_NOINTERFACE.
5480.511:0138:0194:warn:vkd3d-proton:d3d12_device_QueryInterface: {0742a90b-c387-483f-b946-30a7e4e61458} not implemented, returning E_NOINTERFACE.
5480.549:0138:0198:warn:vkd3d-proton:d3d12_device_QueryInterface: {0742a90b-c387-483f-b946-30a7e4e61458} not implemented, returning E_NOINTERFACE.
5480.589:0138:019c:warn:vkd3d-proton:d3d12_device_QueryInterface: {0742a90b-c387-483f-b946-30a7e4e61458} not implemented, returning E_NOINTERFACE.
5480.622:0138:0198:warn:vkd3d-proton:d3d12_device_QueryInterface: {0742a90b-c387-483f-b946-30a7e4e61458} not implemented, returning E_NOINTERFACE.
5480.657:0138:01a0:warn:vkd3d-proton:d3d12_device_QueryInterface: {0742a90b-c387-483f-b946-30a7e4e61458} not implemented, returning E_NOINTERFACE.
5480.697:0138:019c:warn:vkd3d-proton:d3d12_device_QueryInterface: {0742a90b-c387-483f-b946-30a7e4e61458} not implemented, returning E_NOINTERFACE.
5480.732:0138:01a0:warn:vkd3d-proton:d3d12_device_QueryInterface: {0742a90b-c387-483f-b946-30a7e4e61458} not implemented, returning E_NOINTERFACE.
5480.765:0138:019c:warn:vkd3d-proton:d3d12_device_QueryInterface: {0742a90b-c387-483f-b946-30a7e4e61458} not implemented, returning E_NOINTERFACE.
5480.801:0138:0194:warn:vkd3d-proton:d3d12_device_QueryInterface: {0742a90b-c387-483f-b946-30a7e4e61458} not implemented, returning E_NOINTERFACE.
5480.834:0138:0198:warn:vkd3d-proton:d3d12_device_QueryInterface: {0742a90b-c387-483f-b946-30a7e4e61458} not implemented, returning E_NOINTERFACE.
5480.864:0138:01a0:warn:vkd3d-proton:d3d12_device_QueryInterface: {0742a90b-c387-483f-b946-30a7e4e61458} not implemented, returning E_NOINTERFACE.
5480.897:0138:01a0:warn:vkd3d-proton:d3d12_device_QueryInterface: {0742a90b-c387-483f-b946-30a7e4e61458} not implemented, returning E_NOINTERFACE.
5480.942:0138:01a0:warn:vkd3d-proton:d3d12_device_QueryInterface: {0742a90b-c387-483f-b946-30a7e4e61458} not implemented, returning E_NOINTERFACE.
5480.976:0138:019c:warn:vkd3d-proton:d3d12_device_QueryInterface: {0742a90b-c387-483f-b946-30a7e4e61458} not implemented, returning E_NOINTERFACE.
5481.013:0138:019c:warn:vkd3d-proton:d3d12_device_QueryInterface: {0742a90b-c387-483f-b946-30a7e4e61458} not implemented, returning E_NOINTERFACE.
5481.056:0138:0194:warn:vkd3d-proton:d3d12_device_QueryInterface: {0742a90b-c387-483f-b946-30a7e4e61458} not implemented, returning E_NOINTERFACE.
5481.151:0138:01a0:warn:vkd3d-proton:d3d12_device_QueryInterface: {0742a90b-c387-483f-b946-30a7e4e61458} not implemented, returning E_NOINTERFACE.
5481.159:0138:01a0:warn:vkd3d-proton:d3d12_device_QueryInterface: {0742a90b-c387-483f-b946-30a7e4e61458} not implemented, returning E_NOINTERFACE.
5481.170:0138:01a0:warn:vkd3d-proton:d3d12_device_QueryInterface: {0742a90b-c387-483f-b946-30a7e4e61458} not implemented, returning E_NOINTERFACE.
5481.215:0138:01a0:warn:vkd3d-proton:d3d12_device_QueryInterface: {0742a90b-c387-483f-b946-30a7e4e61458} not implemented, returning E_NOINTERFACE.
5481.255:0138:0198:warn:vkd3d-proton:d3d12_device_QueryInterface: {0742a90b-c387-483f-b946-30a7e4e61458} not implemented, returning E_NOINTERFACE.
5481.295:0138:0194:warn:vkd3d-proton:d3d12_device_QueryInterface: {0742a90b-c387-483f-b946-30a7e4e61458} not implemented, returning E_NOINTERFACE.
5481.331:0138:0198:warn:vkd3d-proton:d3d12_device_QueryInterface: {0742a90b-c387-483f-b946-30a7e4e61458} not implemented, returning E_NOINTERFACE.
5481.369:0138:01a0:warn:vkd3d-proton:d3d12_device_QueryInterface: {0742a90b-c387-483f-b946-30a7e4e61458} not implemented, returning E_NOINTERFACE.
5481.400:0138:0198:warn:vkd3d-proton:d3d12_device_QueryInterface: {0742a90b-c387-483f-b946-30a7e4e61458} not implemented, returning E_NOINTERFACE.
5481.442:0138:01a0:warn:vkd3d-proton:d3d12_device_QueryInterface: {0742a90b-c387-483f-b946-30a7e4e61458} not implemented, returning E_NOINTERFACE.
5481.482:0138:019c:warn:vkd3d-proton:d3d12_device_QueryInterface: {0742a90b-c387-483f-b946-30a7e4e61458} not implemented, returning E_NOINTERFACE.
5481.522:0138:0194:warn:vkd3d-proton:d3d12_device_QueryInterface: {0742a90b-c387-483f-b946-30a7e4e61458} not implemented, returning E_NOINTERFACE.
5481.557:0138:019c:warn:vkd3d-proton:d3d12_device_QueryInterface: {0742a90b-c387-483f-b946-30a7e4e61458} not implemented, returning E_NOINTERFACE.
5481.599:0138:0198:warn:vkd3d-proton:d3d12_device_QueryInterface: {0742a90b-c387-483f-b946-30a7e4e61458} not implemented, returning E_NOINTERFACE.
5481.631:0138:019c:warn:vkd3d-proton:d3d12_device_QueryInterface: {0742a90b-c387-483f-b946-30a7e4e61458} not implemented, returning E_NOINTERFACE.
5481.661:0138:01a0:warn:vkd3d-proton:d3d12_device_QueryInterface: {0742a90b-c387-483f-b946-30a7e4e61458} not implemented, returning E_NOINTERFACE.
5481.702:0138:019c:warn:vkd3d-proton:d3d12_device_QueryInterface: {0742a90b-c387-483f-b946-30a7e4e61458} not implemented, returning E_NOINTERFACE.
5481.736:0138:01a0:warn:vkd3d-proton:d3d12_device_QueryInterface: {0742a90b-c387-483f-b946-30a7e4e61458} not implemented, returning E_NOINTERFACE.
5481.774:0138:019c:warn:vkd3d-proton:d3d12_device_QueryInterface: {0742a90b-c387-483f-b946-30a7e4e61458} not implemented, returning E_NOINTERFACE.
5481.817:0138:019c:warn:vkd3d-proton:d3d12_device_QueryInterface: {0742a90b-c387-483f-b946-30a7e4e61458} not implemented, returning E_NOINTERFACE.
5481.866:0138:01a0:warn:vkd3d-proton:d3d12_device_QueryInterface: {0742a90b-c387-483f-b946-30a7e4e61458} not implemented, returning E_NOINTERFACE.
D 2E0 Ran out of slots. Can't allocate more
D 2E4 Ran out of slots. Can't allocate more
5481.921:0138:0198:warn:vkd3d-proton:d3d12_device_QueryInterface: {0742a90b-c387-483f-b946-30a7e4e61458} not implemented, returning E_NOINTERFACE.
5481.961:0138:0194:warn:vkd3d-proton:d3d12_device_QueryInterface: {0742a90b-c387-483f-b946-30a7e4e61458} not implemented, returning E_NOINTERFACE.
5482.006:0138:0198:warn:vkd3d-proton:d3d12_device_QueryInterface: {0742a90b-c387-483f-b946-30a7e4e61458} not implemented, returning E_NOINTERFACE.
5482.040:0138:0194:warn:vkd3d-proton:d3d12_device_QueryInterface: {0742a90b-c387-483f-b946-30a7e4e61458} not implemented, returning E_NOINTERFACE.
5482.051:0138:0194:warn:vkd3d-proton:d3d12_device_QueryInterface: {0742a90b-c387-483f-b946-30a7e4e61458} not implemented, returning E_NOINTERFACE.
5482.058:0138:0194:warn:vkd3d-proton:d3d12_device_QueryInterface: {0742a90b-c387-483f-b946-30a7e4e61458} not implemented, returning E_NOINTERFACE.
5482.074:0138:0194:warn:vkd3d-proton:d3d12_device_QueryInterface: {0742a90b-c387-483f-b946-30a7e4e61458} not implemented, returning E_NOINTERFACE.
5482.115:0138:0198:warn:vkd3d-proton:d3d12_device_QueryInterface: {0742a90b-c387-483f-b946-30a7e4e61458} not implemented, returning E_NOINTERFACE.
5482.163:0138:019c:warn:vkd3d-proton:d3d12_device_QueryInterface: {0742a90b-c387-483f-b946-30a7e4e61458} not implemented, returning E_NOINTERFACE.
5482.208:0138:01a0:warn:vkd3d-proton:d3d12_device_QueryInterface: {0742a90b-c387-483f-b946-30a7e4e61458} not implemented, returning E_NOINTERFACE.
5482.247:0138:0194:warn:vkd3d-proton:d3d12_device_QueryInterface: {0742a90b-c387-483f-b946-30a7e4e61458} not implemented, returning E_NOINTERFACE.
5482.281:0138:0198:warn:vkd3d-proton:d3d12_device_QueryInterface: {0742a90b-c387-483f-b946-30a7e4e61458} not implemented, returning E_NOINTERFACE.
5482.311:0138:01a0:warn:vkd3d-proton:d3d12_device_QueryInterface: {0742a90b-c387-483f-b946-30a7e4e61458} not implemented, returning E_NOINTERFACE.
5482.346:0138:0194:warn:vkd3d-proton:d3d12_device_QueryInterface: {0742a90b-c387-483f-b946-30a7e4e61458} not implemented, returning E_NOINTERFACE.
5482.391:0138:0198:warn:vkd3d-proton:d3d12_device_QueryInterface: {0742a90b-c387-483f-b946-30a7e4e61458} not implemented, returning E_NOINTERFACE.
5482.428:0138:0194:warn:vkd3d-proton:d3d12_device_QueryInterface: {0742a90b-c387-483f-b946-30a7e4e61458} not implemented, returning E_NOINTERFACE.
5482.461:0138:019c:warn:vkd3d-proton:d3d12_device_QueryInterface: {0742a90b-c387-483f-b946-30a7e4e61458} not implemented, returning E_NOINTERFACE.
5482.493:0138:01a0:warn:vkd3d-proton:d3d12_device_QueryInterface: {0742a90b-c387-483f-b946-30a7e4e61458} not implemented, returning E_NOINTERFACE.
5482.533:0138:019c:warn:vkd3d-proton:d3d12_device_QueryInterface: {0742a90b-c387-483f-b946-30a7e4e61458} not implemented, returning E_NOINTERFACE.
5482.570:0138:0198:warn:vkd3d-proton:d3d12_device_QueryInterface: {0742a90b-c387-483f-b946-30a7e4e61458} not implemented, returning E_NOINTERFACE.
5482.619:0138:01a0:warn:vkd3d-proton:d3d12_device_QueryInterface: {0742a90b-c387-483f-b946-30a7e4e61458} not implemented, returning E_NOINTERFACE.
5482.648:0138:0194:warn:vkd3d-proton:d3d12_device_QueryInterface: {0742a90b-c387-483f-b946-30a7e4e61458} not implemented, returning E_NOINTERFACE.
5482.692:0138:0194:warn:vkd3d-proton:d3d12_device_QueryInterface: {0742a90b-c387-483f-b946-30a7e4e61458} not implemented, returning E_NOINTERFACE.
5482.737:0138:01a0:warn:vkd3d-proton:d3d12_device_QueryInterface: {0742a90b-c387-483f-b946-30a7e4e61458} not implemented, returning E_NOINTERFACE.
5482.777:0138:0194:warn:vkd3d-proton:d3d12_device_QueryInterface: {0742a90b-c387-483f-b946-30a7e4e61458} not implemented, returning E_NOINTERFACE.
5482.819:0138:019c:warn:vkd3d-proton:d3d12_device_QueryInterface: {0742a90b-c387-483f-b946-30a7e4e61458} not implemented, returning E_NOINTERFACE.
5482.858:0138:0194:warn:vkd3d-proton:d3d12_device_QueryInterface: {0742a90b-c387-483f-b946-30a7e4e61458} not implemented, returning E_NOINTERFACE.
5482.895:0138:019c:warn:vkd3d-proton:d3d12_device_QueryInterface: {0742a90b-c387-483f-b946-30a7e4e61458} not implemented, returning E_NOINTERFACE.
5482.936:0138:0198:warn:vkd3d-proton:d3d12_device_QueryInterface: {0742a90b-c387-483f-b946-30a7e4e61458} not implemented, returning E_NOINTERFACE.
5482.975:0138:0194:warn:vkd3d-proton:d3d12_device_QueryInterface: {0742a90b-c387-483f-b946-30a7e4e61458} not implemented, returning E_NOINTERFACE.
5483.012:0138:019c:warn:vkd3d-proton:d3d12_device_QueryInterface: {0742a90b-c387-483f-b946-30a7e4e61458} not implemented, returning E_NOINTERFACE.
5483.023:0138:01a0:warn:vkd3d-proton:d3d12_device_QueryInterface: {0742a90b-c387-483f-b946-30a7e4e61458} not implemented, returning E_NOINTERFACE.
5483.040:0138:01a0:warn:vkd3d-proton:d3d12_device_QueryInterface: {0742a90b-c387-483f-b946-30a7e4e61458} not implemented, returning E_NOINTERFACE.
5483.087:0138:019c:warn:vkd3d-proton:d3d12_device_QueryInterface: {0742a90b-c387-483f-b946-30a7e4e61458} not implemented, returning E_NOINTERFACE.
5483.130:0138:019c:warn:vkd3d-proton:d3d12_device_QueryInterface: {0742a90b-c387-483f-b946-30a7e4e61458} not implemented, returning E_NOINTERFACE.
5483.170:0138:0198:warn:vkd3d-proton:d3d12_device_QueryInterface: {0742a90b-c387-483f-b946-30a7e4e61458} not implemented, returning E_NOINTERFACE.
5483.204:0138:01a0:warn:vkd3d-proton:d3d12_device_QueryInterface: {0742a90b-c387-483f-b946-30a7e4e61458} not implemented, returning E_NOINTERFACE.
5483.250:0138:0194:warn:vkd3d-proton:d3d12_device_QueryInterface: {0742a90b-c387-483f-b946-30a7e4e61458} not implemented, returning E_NOINTERFACE.
5483.273:0138:0198:warn:vkd3d-proton:d3d12_device_QueryInterface: {0742a90b-c387-483f-b946-30a7e4e61458} not implemented, returning E_NOINTERFACE.
5483.315:0138:01a0:warn:vkd3d-proton:d3d12_device_QueryInterface: {0742a90b-c387-483f-b946-30a7e4e61458} not implemented, returning E_NOINTERFACE.
5483.355:0138:0198:warn:vkd3d-proton:d3d12_device_QueryInterface: {0742a90b-c387-483f-b946-30a7e4e61458} not implemented, returning E_NOINTERFACE.
5483.390:0138:01a0:warn:vkd3d-proton:d3d12_device_QueryInterface: {0742a90b-c387-483f-b946-30a7e4e61458} not implemented, returning E_NOINTERFACE.
5483.441:0138:0194:warn:vkd3d-proton:d3d12_device_QueryInterface: {0742a90b-c387-483f-b946-30a7e4e61458} not implemented, returning E_NOINTERFACE.
5483.471:0138:0198:warn:vkd3d-proton:d3d12_device_QueryInterface: {0742a90b-c387-483f-b946-30a7e4e61458} not implemented, returning E_NOINTERFACE.
5483.511:0138:01a0:warn:vkd3d-proton:d3d12_device_QueryInterface: {0742a90b-c387-483f-b946-30a7e4e61458} not implemented, returning E_NOINTERFACE.
5483.548:0138:019c:warn:vkd3d-proton:d3d12_device_QueryInterface: {0742a90b-c387-483f-b946-30a7e4e61458} not implemented, returning E_NOINTERFACE.
5483.584:0138:0194:warn:vkd3d-proton:d3d12_device_QueryInterface: {0742a90b-c387-483f-b946-30a7e4e61458} not implemented, returning E_NOINTERFACE.
5483.622:0138:019c:warn:vkd3d-proton:d3d12_device_QueryInterface: {0742a90b-c387-483f-b946-30a7e4e61458} not implemented, returning E_NOINTERFACE.
5483.657:0138:0194:warn:vkd3d-proton:d3d12_device_QueryInterface: {0742a90b-c387-483f-b946-30a7e4e61458} not implemented, returning E_NOINTERFACE.
5483.694:0138:0194:warn:vkd3d-proton:d3d12_device_QueryInterface: {0742a90b-c387-483f-b946-30a7e4e61458} not implemented, returning E_NOINTERFACE.
5483.731:0138:0194:warn:vkd3d-proton:d3d12_device_QueryInterface: {0742a90b-c387-483f-b946-30a7e4e61458} not implemented, returning E_NOINTERFACE.
5483.767:0138:0198:warn:vkd3d-proton:d3d12_device_QueryInterface: {0742a90b-c387-483f-b946-30a7e4e61458} not implemented, returning E_NOINTERFACE.
5483.809:0138:01a0:warn:vkd3d-proton:d3d12_device_QueryInterface: {0742a90b-c387-483f-b946-30a7e4e61458} not implemented, returning E_NOINTERFACE.
5483.847:0138:0194:warn:vkd3d-proton:d3d12_device_QueryInterface: {0742a90b-c387-483f-b946-30a7e4e61458} not implemented, returning E_NOINTERFACE.
5483.877:0138:01a0:warn:vkd3d-proton:d3d12_device_QueryInterface: {0742a90b-c387-483f-b946-30a7e4e61458} not implemented, returning E_NOINTERFACE.
5483.914:0138:0198:warn:vkd3d-proton:d3d12_device_QueryInterface: {0742a90b-c387-483f-b946-30a7e4e61458} not implemented, returning E_NOINTERFACE.
5483.950:0138:019c:warn:vkd3d-proton:d3d12_device_QueryInterface: {0742a90b-c387-483f-b946-30a7e4e61458} not implemented, returning E_NOINTERFACE.
5483.987:0138:0198:warn:vkd3d-proton:d3d12_device_QueryInterface: {0742a90b-c387-483f-b946-30a7e4e61458} not implemented, returning E_NOINTERFACE.
5484.027:0138:019c:warn:vkd3d-proton:d3d12_device_QueryInterface: {0742a90b-c387-483f-b946-30a7e4e61458} not implemented, returning E_NOINTERFACE.
5484.063:0138:01a0:warn:vkd3d-proton:d3d12_device_QueryInterface: {0742a90b-c387-483f-b946-30a7e4e61458} not implemented, returning E_NOINTERFACE.
5484.097:0138:0198:warn:vkd3d-proton:d3d12_device_QueryInterface: {0742a90b-c387-483f-b946-30a7e4e61458} not implemented, returning E_NOINTERFACE.
5484.139:0138:01a0:warn:vkd3d-proton:d3d12_device_QueryInterface: {0742a90b-c387-483f-b946-30a7e4e61458} not implemented, returning E_NOINTERFACE.
5484.171:0138:0194:warn:vkd3d-proton:d3d12_device_QueryInterface: {0742a90b-c387-483f-b946-30a7e4e61458} not implemented, returning E_NOINTERFACE.
5484.205:0138:019c:warn:vkd3d-proton:d3d12_device_QueryInterface: {0742a90b-c387-483f-b946-30a7e4e61458} not implemented, returning E_NOINTERFACE.
5484.238:0138:0194:warn:vkd3d-proton:d3d12_device_QueryInterface: {0742a90b-c387-483f-b946-30a7e4e61458} not implemented, returning E_NOINTERFACE.
5484.275:0138:01a0:warn:vkd3d-proton:d3d12_device_QueryInterface: {0742a90b-c387-483f-b946-30a7e4e61458} not implemented, returning E_NOINTERFACE.
5484.311:0138:0194:warn:vkd3d-proton:d3d12_device_QueryInterface: {0742a90b-c387-483f-b946-30a7e4e61458} not implemented, returning E_NOINTERFACE.
5484.347:0138:01a0:warn:vkd3d-proton:d3d12_device_QueryInterface: {0742a90b-c387-483f-b946-30a7e4e61458} not implemented, returning E_NOINTERFACE.
5484.350:0138:01a0:warn:vkd3d-proton:d3d12_device_QueryInterface: {0742a90b-c387-483f-b946-30a7e4e61458} not implemented, returning E_NOINTERFACE.
5484.376:0138:0198:warn:vkd3d-proton:d3d12_device_QueryInterface: {0742a90b-c387-483f-b946-30a7e4e61458} not implemented, returning E_NOINTERFACE.
5484.392:0138:0198:warn:vkd3d-proton:d3d12_device_QueryInterface: {0742a90b-c387-483f-b946-30a7e4e61458} not implemented, returning E_NOINTERFACE.
5484.424:0138:0194:warn:vkd3d-proton:d3d12_device_QueryInterface: {0742a90b-c387-483f-b946-30a7e4e61458} not implemented, returning E_NOINTERFACE.
5484.463:0138:019c:warn:vkd3d-proton:d3d12_device_QueryInterface: {0742a90b-c387-483f-b946-30a7e4e61458} not implemented, returning E_NOINTERFACE.
5484.498:0138:01a0:warn:vkd3d-proton:d3d12_device_QueryInterface: {0742a90b-c387-483f-b946-30a7e4e61458} not implemented, returning E_NOINTERFACE.
5484.533:0138:019c:warn:vkd3d-proton:d3d12_device_QueryInterface: {0742a90b-c387-483f-b946-30a7e4e61458} not implemented, returning E_NOINTERFACE.
5484.570:0138:0194:warn:vkd3d-proton:d3d12_device_QueryInterface: {0742a90b-c387-483f-b946-30a7e4e61458} not implemented, returning E_NOINTERFACE.
5484.605:0138:0198:warn:vkd3d-proton:d3d12_device_QueryInterface: {0742a90b-c387-483f-b946-30a7e4e61458} not implemented, returning E_NOINTERFACE.
5484.640:0138:0194:warn:vkd3d-proton:d3d12_device_QueryInterface: {0742a90b-c387-483f-b946-30a7e4e61458} not implemented, returning E_NOINTERFACE.
5484.677:0138:0194:warn:vkd3d-proton:d3d12_device_QueryInterface: {0742a90b-c387-483f-b946-30a7e4e61458} not implemented, returning E_NOINTERFACE.
5484.720:0138:0198:warn:vkd3d-proton:d3d12_device_QueryInterface: {0742a90b-c387-483f-b946-30a7e4e61458} not implemented, returning E_NOINTERFACE.
5484.756:0138:0194:warn:vkd3d-proton:d3d12_device_QueryInterface: {0742a90b-c387-483f-b946-30a7e4e61458} not implemented, returning E_NOINTERFACE.
5484.795:0138:0198:warn:vkd3d-proton:d3d12_device_QueryInterface: {0742a90b-c387-483f-b946-30a7e4e61458} not implemented, returning E_NOINTERFACE.
5484.831:0138:0194:warn:vkd3d-proton:d3d12_device_QueryInterface: {0742a90b-c387-483f-b946-30a7e4e61458} not implemented, returning E_NOINTERFACE.
5484.868:0138:01a0:warn:vkd3d-proton:d3d12_device_QueryInterface: {0742a90b-c387-483f-b946-30a7e4e61458} not implemented, returning E_NOINTERFACE.
5484.908:0138:019c:warn:vkd3d-proton:d3d12_device_QueryInterface: {0742a90b-c387-483f-b946-30a7e4e61458} not implemented, returning E_NOINTERFACE.
5484.941:0138:0198:warn:vkd3d-proton:d3d12_device_QueryInterface: {0742a90b-c387-483f-b946-30a7e4e61458} not implemented, returning E_NOINTERFACE.
5484.983:0138:0198:warn:vkd3d-proton:d3d12_device_QueryInterface: {0742a90b-c387-483f-b946-30a7e4e61458} not implemented, returning E_NOINTERFACE.
5485.017:0138:019c:warn:vkd3d-proton:d3d12_device_QueryInterface: {0742a90b-c387-483f-b946-30a7e4e61458} not implemented, returning E_NOINTERFACE.
5485.056:0138:01a0:warn:vkd3d-proton:d3d12_device_QueryInterface: {0742a90b-c387-483f-b946-30a7e4e61458} not implemented, returning E_NOINTERFACE.
5485.092:0138:0198:warn:vkd3d-proton:d3d12_device_QueryInterface: {0742a90b-c387-483f-b946-30a7e4e61458} not implemented, returning E_NOINTERFACE.
5485.125:0138:019c:warn:vkd3d-proton:d3d12_device_QueryInterface: {0742a90b-c387-483f-b946-30a7e4e61458} not implemented, returning E_NOINTERFACE.
5485.162:0138:01a0:warn:vkd3d-proton:d3d12_device_QueryInterface: {0742a90b-c387-483f-b946-30a7e4e61458} not implemented, returning E_NOINTERFACE.
5485.197:0138:0198:warn:vkd3d-proton:d3d12_device_QueryInterface: {0742a90b-c387-483f-b946-30a7e4e61458} not implemented, returning E_NOINTERFACE.
5485.236:0138:01a0:warn:vkd3d-proton:d3d12_device_QueryInterface: {0742a90b-c387-483f-b946-30a7e4e61458} not implemented, returning E_NOINTERFACE.
5485.278:0138:0198:warn:vkd3d-proton:d3d12_device_QueryInterface: {0742a90b-c387-483f-b946-30a7e4e61458} not implemented, returning E_NOINTERFACE.
5485.308:0138:0194:warn:vkd3d-proton:d3d12_device_QueryInterface: {0742a90b-c387-483f-b946-30a7e4e61458} not implemented, returning E_NOINTERFACE.
5485.343:0138:0198:warn:vkd3d-proton:d3d12_device_QueryInterface: {0742a90b-c387-483f-b946-30a7e4e61458} not implemented, returning E_NOINTERFACE.
5485.378:0138:019c:warn:vkd3d-proton:d3d12_device_QueryInterface: {0742a90b-c387-483f-b946-30a7e4e61458} not implemented, returning E_NOINTERFACE.
5485.408:0138:019c:warn:vkd3d-proton:d3d12_device_QueryInterface: {0742a90b-c387-483f-b946-30a7e4e61458} not implemented, returning E_NOINTERFACE.
5485.439:0138:0198:warn:vkd3d-proton:d3d12_device_QueryInterface: {0742a90b-c387-483f-b946-30a7e4e61458} not implemented, returning E_NOINTERFACE.
5485.473:0138:01a0:warn:vkd3d-proton:d3d12_device_QueryInterface: {0742a90b-c387-483f-b946-30a7e4e61458} not implemented, returning E_NOINTERFACE.
5485.509:0138:0194:warn:vkd3d-proton:d3d12_device_QueryInterface: {0742a90b-c387-483f-b946-30a7e4e61458} not implemented, returning E_NOINTERFACE.
5485.541:0138:01a0:warn:vkd3d-proton:d3d12_device_QueryInterface: {0742a90b-c387-483f-b946-30a7e4e61458} not implemented, returning E_NOINTERFACE.
5485.578:0138:019c:warn:vkd3d-proton:d3d12_device_QueryInterface: {0742a90b-c387-483f-b946-30a7e4e61458} not implemented, returning E_NOINTERFACE.
5485.615:0138:01a0:warn:vkd3d-proton:d3d12_device_QueryInterface: {0742a90b-c387-483f-b946-30a7e4e61458} not implemented, returning E_NOINTERFACE.
5485.655:0138:0198:warn:vkd3d-proton:d3d12_device_QueryInterface: {0742a90b-c387-483f-b946-30a7e4e61458} not implemented, returning E_NOINTERFACE.
5485.696:0138:0198:warn:vkd3d-proton:d3d12_device_QueryInterface: {0742a90b-c387-483f-b946-30a7e4e61458} not implemented, returning E_NOINTERFACE.
5485.732:0138:019c:warn:vkd3d-proton:d3d12_device_QueryInterface: {0742a90b-c387-483f-b946-30a7e4e61458} not implemented, returning E_NOINTERFACE.
5485.766:0138:0198:warn:vkd3d-proton:d3d12_device_QueryInterface: {0742a90b-c387-483f-b946-30a7e4e61458} not implemented, returning E_NOINTERFACE.
5485.809:0138:019c:warn:vkd3d-proton:d3d12_device_QueryInterface: {0742a90b-c387-483f-b946-30a7e4e61458} not implemented, returning E_NOINTERFACE.
5485.841:0138:0194:warn:vkd3d-proton:d3d12_device_QueryInterface: {0742a90b-c387-483f-b946-30a7e4e61458} not implemented, returning E_NOINTERFACE.
5485.877:0138:01a0:warn:vkd3d-proton:d3d12_device_QueryInterface: {0742a90b-c387-483f-b946-30a7e4e61458} not implemented, returning E_NOINTERFACE.
5485.920:0138:01a0:warn:vkd3d-proton:d3d12_device_QueryInterface: {0742a90b-c387-483f-b946-30a7e4e61458} not implemented, returning E_NOINTERFACE.
5485.924:0138:01a0:warn:vkd3d-proton:d3d12_device_QueryInterface: {0742a90b-c387-483f-b946-30a7e4e61458} not implemented, returning E_NOINTERFACE.
5485.943:0138:01a0:warn:vkd3d-proton:d3d12_device_QueryInterface: {0742a90b-c387-483f-b946-30a7e4e61458} not implemented, returning E_NOINTERFACE.
5485.960:0138:01a0:warn:vkd3d-proton:d3d12_device_QueryInterface: {0742a90b-c387-483f-b946-30a7e4e61458} not implemented, returning E_NOINTERFACE.
5485.992:0138:0198:warn:vkd3d-proton:d3d12_device_QueryInterface: {0742a90b-c387-483f-b946-30a7e4e61458} not implemented, returning E_NOINTERFACE.
5486.025:0138:0194:warn:vkd3d-proton:d3d12_device_QueryInterface: {0742a90b-c387-483f-b946-30a7e4e61458} not implemented, returning E_NOINTERFACE.
5486.060:0138:01a0:warn:vkd3d-proton:d3d12_device_QueryInterface: {0742a90b-c387-483f-b946-30a7e4e61458} not implemented, returning E_NOINTERFACE.
5486.092:0138:0194:warn:vkd3d-proton:d3d12_device_QueryInterface: {0742a90b-c387-483f-b946-30a7e4e61458} not implemented, returning E_NOINTERFACE.
5486.123:0138:01a0:warn:vkd3d-proton:d3d12_device_QueryInterface: {0742a90b-c387-483f-b946-30a7e4e61458} not implemented, returning E_NOINTERFACE.
5486.161:0138:0198:warn:vkd3d-proton:d3d12_device_QueryInterface: {0742a90b-c387-483f-b946-30a7e4e61458} not implemented, returning E_NOINTERFACE.
5486.193:0138:01a0:warn:vkd3d-proton:d3d12_device_QueryInterface: {0742a90b-c387-483f-b946-30a7e4e61458} not implemented, returning E_NOINTERFACE.
5486.227:0138:0198:warn:vkd3d-proton:d3d12_device_QueryInterface: {0742a90b-c387-483f-b946-30a7e4e61458} not implemented, returning E_NOINTERFACE.
5486.265:0138:0194:warn:vkd3d-proton:d3d12_device_QueryInterface: {0742a90b-c387-483f-b946-30a7e4e61458} not implemented, returning E_NOINTERFACE.
5486.304:0138:0194:warn:vkd3d-proton:d3d12_device_QueryInterface: {0742a90b-c387-483f-b946-30a7e4e61458} not implemented, returning E_NOINTERFACE.
5486.341:0138:0194:warn:vkd3d-proton:d3d12_device_QueryInterface: {0742a90b-c387-483f-b946-30a7e4e61458} not implemented, returning E_NOINTERFACE.
5486.383:0138:019c:warn:vkd3d-proton:d3d12_device_QueryInterface: {0742a90b-c387-483f-b946-30a7e4e61458} not implemented, returning E_NOINTERFACE.
5486.421:0138:0194:warn:vkd3d-proton:d3d12_device_QueryInterface: {0742a90b-c387-483f-b946-30a7e4e61458} not implemented, returning E_NOINTERFACE.
5486.462:0138:0198:warn:vkd3d-proton:d3d12_device_QueryInterface: {0742a90b-c387-483f-b946-30a7e4e61458} not implemented, returning E_NOINTERFACE.
5486.500:0138:01a0:warn:vkd3d-proton:d3d12_device_QueryInterface: {0742a90b-c387-483f-b946-30a7e4e61458} not implemented, returning E_NOINTERFACE.
5486.536:0138:0198:warn:vkd3d-proton:d3d12_device_QueryInterface: {0742a90b-c387-483f-b946-30a7e4e61458} not implemented, returning E_NOINTERFACE.
5486.568:0138:0194:warn:vkd3d-proton:d3d12_device_QueryInterface: {0742a90b-c387-483f-b946-30a7e4e61458} not implemented, returning E_NOINTERFACE.
5486.604:0138:019c:warn:vkd3d-proton:d3d12_device_QueryInterface: {0742a90b-c387-483f-b946-30a7e4e61458} not implemented, returning E_NOINTERFACE.
5486.634:0138:0198:warn:vkd3d-proton:d3d12_device_QueryInterface: {0742a90b-c387-483f-b946-30a7e4e61458} not implemented, returning E_NOINTERFACE.
5486.666:0138:019c:warn:vkd3d-proton:d3d12_device_QueryInterface: {0742a90b-c387-483f-b946-30a7e4e61458} not implemented, returning E_NOINTERFACE.
5486.704:0138:0194:warn:vkd3d-proton:d3d12_device_QueryInterface: {0742a90b-c387-483f-b946-30a7e4e61458} not implemented, returning E_NOINTERFACE.
5486.742:0138:01a0:warn:vkd3d-proton:d3d12_device_QueryInterface: {0742a90b-c387-483f-b946-30a7e4e61458} not implemented, returning E_NOINTERFACE.
5486.778:0138:0194:warn:vkd3d-proton:d3d12_device_QueryInterface: {0742a90b-c387-483f-b946-30a7e4e61458} not implemented, returning E_NOINTERFACE.
5486.811:0138:01a0:warn:vkd3d-proton:d3d12_device_QueryInterface: {0742a90b-c387-483f-b946-30a7e4e61458} not implemented, returning E_NOINTERFACE.
5486.841:0138:0194:warn:vkd3d-proton:d3d12_device_QueryInterface: {0742a90b-c387-483f-b946-30a7e4e61458} not implemented, returning E_NOINTERFACE.
5486.874:0138:019c:warn:vkd3d-proton:d3d12_device_QueryInterface: {0742a90b-c387-483f-b946-30a7e4e61458} not implemented, returning E_NOINTERFACE.
5486.905:0138:01a0:warn:vkd3d-proton:d3d12_device_QueryInterface: {0742a90b-c387-483f-b946-30a7e4e61458} not implemented, returning E_NOINTERFACE.
5486.937:0138:0194:warn:vkd3d-proton:d3d12_device_QueryInterface: {0742a90b-c387-483f-b946-30a7e4e61458} not implemented, returning E_NOINTERFACE.
5486.969:0138:01a0:warn:vkd3d-proton:d3d12_device_QueryInterface: {0742a90b-c387-483f-b946-30a7e4e61458} not implemented, returning E_NOINTERFACE.
5487.007:0138:0194:warn:vkd3d-proton:d3d12_device_QueryInterface: {0742a90b-c387-483f-b946-30a7e4e61458} not implemented, returning E_NOINTERFACE.
5487.038:0138:019c:warn:vkd3d-proton:d3d12_device_QueryInterface: {0742a90b-c387-483f-b946-30a7e4e61458} not implemented, returning E_NOINTERFACE.
5487.072:0138:0198:warn:vkd3d-proton:d3d12_device_QueryInterface: {0742a90b-c387-483f-b946-30a7e4e61458} not implemented, returning E_NOINTERFACE.
5487.103:0138:019c:warn:vkd3d-proton:d3d12_device_QueryInterface: {0742a90b-c387-483f-b946-30a7e4e61458} not implemented, returning E_NOINTERFACE.
5487.136:0138:0198:warn:vkd3d-proton:d3d12_device_QueryInterface: {0742a90b-c387-483f-b946-30a7e4e61458} not implemented, returning E_NOINTERFACE.
5487.168:0138:019c:warn:vkd3d-proton:d3d12_device_QueryInterface: {0742a90b-c387-483f-b946-30a7e4e61458} not implemented, returning E_NOINTERFACE.
5487.205:0138:0194:warn:vkd3d-proton:d3d12_device_QueryInterface: {0742a90b-c387-483f-b946-30a7e4e61458} not implemented, returning E_NOINTERFACE.
5487.241:0138:019c:warn:vkd3d-proton:d3d12_device_QueryInterface: {0742a90b-c387-483f-b946-30a7e4e61458} not implemented, returning E_NOINTERFACE.
5487.288:0138:01a0:warn:vkd3d-proton:d3d12_device_QueryInterface: {0742a90b-c387-483f-b946-30a7e4e61458} not implemented, returning E_NOINTERFACE.
5487.318:0138:01a0:warn:vkd3d-proton:d3d12_device_QueryInterface: {0742a90b-c387-483f-b946-30a7e4e61458} not implemented, returning E_NOINTERFACE.
5487.358:0138:0198:warn:vkd3d-proton:d3d12_device_QueryInterface: {0742a90b-c387-483f-b946-30a7e4e61458} not implemented, returning E_NOINTERFACE.
5487.396:0138:0194:warn:vkd3d-proton:d3d12_device_QueryInterface: {0742a90b-c387-483f-b946-30a7e4e61458} not implemented, returning E_NOINTERFACE.
5487.434:0138:01a0:warn:vkd3d-proton:d3d12_device_QueryInterface: {0742a90b-c387-483f-b946-30a7e4e61458} not implemented, returning E_NOINTERFACE.
5487.472:0138:0194:warn:vkd3d-proton:d3d12_device_QueryInterface: {0742a90b-c387-483f-b946-30a7e4e61458} not implemented, returning E_NOINTERFACE.
5487.508:0138:0194:warn:vkd3d-proton:d3d12_device_QueryInterface: {0742a90b-c387-483f-b946-30a7e4e61458} not implemented, returning E_NOINTERFACE.
5487.549:0138:01a0:warn:vkd3d-proton:d3d12_device_QueryInterface: {0742a90b-c387-483f-b946-30a7e4e61458} not implemented, returning E_NOINTERFACE.
5487.588:0138:019c:warn:vkd3d-proton:d3d12_device_QueryInterface: {0742a90b-c387-483f-b946-30a7e4e61458} not implemented, returning E_NOINTERFACE.
5487.627:0138:0198:warn:vkd3d-proton:d3d12_device_QueryInterface: {0742a90b-c387-483f-b946-30a7e4e61458} not implemented, returning E_NOINTERFACE.
5487.668:0138:01a0:warn:vkd3d-proton:d3d12_device_QueryInterface: {0742a90b-c387-483f-b946-30a7e4e61458} not implemented, returning E_NOINTERFACE.
5487.705:0138:019c:warn:vkd3d-proton:d3d12_device_QueryInterface: {0742a90b-c387-483f-b946-30a7e4e61458} not implemented, returning E_NOINTERFACE.
5487.746:0138:019c:warn:vkd3d-proton:d3d12_device_QueryInterface: {0742a90b-c387-483f-b946-30a7e4e61458} not implemented, returning E_NOINTERFACE.
5487.866:0138:0194:warn:vkd3d-proton:d3d12_device_QueryInterface: {0742a90b-c387-483f-b946-30a7e4e61458} not implemented, returning E_NOINTERFACE.
5493.321:0138:0194:warn:vkd3d-proton:d3d12_device_QueryInterface: {0742a90b-c387-483f-b946-30a7e4e61458} not implemented, returning E_NOINTERFACE.
5493.348:0138:0194:warn:vkd3d-proton:d3d12_device_QueryInterface: {0742a90b-c387-483f-b946-30a7e4e61458} not implemented, returning E_NOINTERFACE.
5493.383:0138:019c:warn:vkd3d-proton:d3d12_device_QueryInterface: {0742a90b-c387-483f-b946-30a7e4e61458} not implemented, returning E_NOINTERFACE.
5493.458:0138:0198:warn:vkd3d-proton:d3d12_device_QueryInterface: {0742a90b-c387-483f-b946-30a7e4e61458} not implemented, returning E_NOINTERFACE.
5493.491:0138:01a0:warn:vkd3d-proton:d3d12_device_QueryInterface: {0742a90b-c387-483f-b946-30a7e4e61458} not implemented, returning E_NOINTERFACE.
5493.527:0138:0194:warn:vkd3d-proton:d3d12_device_QueryInterface: {0742a90b-c387-483f-b946-30a7e4e61458} not implemented, returning E_NOINTERFACE.
5493.564:0138:0198:warn:vkd3d-proton:d3d12_device_QueryInterface: {0742a90b-c387-483f-b946-30a7e4e61458} not implemented, returning E_NOINTERFACE.
5493.604:0138:01a0:warn:vkd3d-proton:d3d12_device_QueryInterface: {0742a90b-c387-483f-b946-30a7e4e61458} not implemented, returning E_NOINTERFACE.
5493.642:0138:019c:warn:vkd3d-proton:d3d12_device_QueryInterface: {0742a90b-c387-483f-b946-30a7e4e61458} not implemented, returning E_NOINTERFACE.
5493.684:0138:0194:warn:vkd3d-proton:d3d12_device_QueryInterface: {0742a90b-c387-483f-b946-30a7e4e61458} not implemented, returning E_NOINTERFACE.
5493.718:0138:01a0:warn:vkd3d-proton:d3d12_device_QueryInterface: {0742a90b-c387-483f-b946-30a7e4e61458} not implemented, returning E_NOINTERFACE.
5493.746:0138:0194:warn:vkd3d-proton:d3d12_device_QueryInterface: {0742a90b-c387-483f-b946-30a7e4e61458} not implemented, returning E_NOINTERFACE.
5493.779:0138:0198:warn:vkd3d-proton:d3d12_device_QueryInterface: {0742a90b-c387-483f-b946-30a7e4e61458} not implemented, returning E_NOINTERFACE.
5493.816:0138:01a0:warn:vkd3d-proton:d3d12_device_QueryInterface: {0742a90b-c387-483f-b946-30a7e4e61458} not implemented, returning E_NOINTERFACE.
5493.845:0138:0194:warn:vkd3d-proton:d3d12_device_QueryInterface: {0742a90b-c387-483f-b946-30a7e4e61458} not implemented, returning E_NOINTERFACE.
5493.885:0138:0198:warn:vkd3d-proton:d3d12_device_QueryInterface: {0742a90b-c387-483f-b946-30a7e4e61458} not implemented, returning E_NOINTERFACE.
5493.917:0138:019c:warn:vkd3d-proton:d3d12_device_QueryInterface: {0742a90b-c387-483f-b946-30a7e4e61458} not implemented, returning E_NOINTERFACE.
5493.955:0138:0194:warn:vkd3d-proton:d3d12_device_QueryInterface: {0742a90b-c387-483f-b946-30a7e4e61458} not implemented, returning E_NOINTERFACE.
5493.992:0138:019c:warn:vkd3d-proton:d3d12_device_QueryInterface: {0742a90b-c387-483f-b946-30a7e4e61458} not implemented, returning E_NOINTERFACE.
5494.027:0138:01a0:warn:vkd3d-proton:d3d12_device_QueryInterface: {0742a90b-c387-483f-b946-30a7e4e61458} not implemented, returning E_NOINTERFACE.
5494.071:0138:019c:warn:vkd3d-proton:d3d12_device_QueryInterface: {0742a90b-c387-483f-b946-30a7e4e61458} not implemented, returning E_NOINTERFACE.
5494.112:0138:0194:warn:vkd3d-proton:d3d12_device_QueryInterface: {0742a90b-c387-483f-b946-30a7e4e61458} not implemented, returning E_NOINTERFACE.
5494.140:0138:01a0:warn:vkd3d-proton:d3d12_device_QueryInterface: {0742a90b-c387-483f-b946-30a7e4e61458} not implemented, returning E_NOINTERFACE.
5494.175:0138:019c:warn:vkd3d-proton:d3d12_device_QueryInterface: {0742a90b-c387-483f-b946-30a7e4e61458} not implemented, returning E_NOINTERFACE.
5494.206:0138:0198:warn:vkd3d-proton:d3d12_device_QueryInterface: {0742a90b-c387-483f-b946-30a7e4e61458} not implemented, returning E_NOINTERFACE.
5494.238:0138:0194:warn:vkd3d-proton:d3d12_device_QueryInterface: {0742a90b-c387-483f-b946-30a7e4e61458} not implemented, returning E_NOINTERFACE.
5494.277:0138:019c:warn:vkd3d-proton:d3d12_device_QueryInterface: {0742a90b-c387-483f-b946-30a7e4e61458} not implemented, returning E_NOINTERFACE.
5494.316:0138:0198:warn:vkd3d-proton:d3d12_device_QueryInterface: {0742a90b-c387-483f-b946-30a7e4e61458} not implemented, returning E_NOINTERFACE.
5494.358:0138:01a0:warn:vkd3d-proton:d3d12_device_QueryInterface: {0742a90b-c387-483f-b946-30a7e4e61458} not implemented, returning E_NOINTERFACE.
5494.399:0138:0194:warn:vkd3d-proton:d3d12_device_QueryInterface: {0742a90b-c387-483f-b946-30a7e4e61458} not implemented, returning E_NOINTERFACE.
5494.432:0138:019c:warn:vkd3d-proton:d3d12_device_QueryInterface: {0742a90b-c387-483f-b946-30a7e4e61458} not implemented, returning E_NOINTERFACE.
5494.470:0138:0198:warn:vkd3d-proton:d3d12_device_QueryInterface: {0742a90b-c387-483f-b946-30a7e4e61458} not implemented, returning E_NOINTERFACE.
5494.512:0138:019c:warn:vkd3d-proton:d3d12_device_QueryInterface: {0742a90b-c387-483f-b946-30a7e4e61458} not implemented, returning E_NOINTERFACE.
5494.551:0138:01a0:warn:vkd3d-proton:d3d12_device_QueryInterface: {0742a90b-c387-483f-b946-30a7e4e61458} not implemented, returning E_NOINTERFACE.
5494.585:0138:0194:warn:vkd3d-proton:d3d12_device_QueryInterface: {0742a90b-c387-483f-b946-30a7e4e61458} not implemented, returning E_NOINTERFACE.
5494.623:0138:019c:warn:vkd3d-proton:d3d12_device_QueryInterface: {0742a90b-c387-483f-b946-30a7e4e61458} not implemented, returning E_NOINTERFACE.
5494.628:0138:019c:warn:vkd3d-proton:d3d12_device_QueryInterface: {0742a90b-c387-483f-b946-30a7e4e61458} not implemented, returning E_NOINTERFACE.
5494.645:0138:019c:warn:vkd3d-proton:d3d12_device_QueryInterface: {0742a90b-c387-483f-b946-30a7e4e61458} not implemented, returning E_NOINTERFACE.
5494.662:0138:019c:warn:vkd3d-proton:d3d12_device_QueryInterface: {0742a90b-c387-483f-b946-30a7e4e61458} not implemented, returning E_NOINTERFACE.
5494.701:0138:0198:warn:vkd3d-proton:d3d12_device_QueryInterface: {0742a90b-c387-483f-b946-30a7e4e61458} not implemented, returning E_NOINTERFACE.
5494.739:0138:0194:warn:vkd3d-proton:d3d12_device_QueryInterface: {0742a90b-c387-483f-b946-30a7e4e61458} not implemented, returning E_NOINTERFACE.
5494.775:0138:0198:warn:vkd3d-proton:d3d12_device_QueryInterface: {0742a90b-c387-483f-b946-30a7e4e61458} not implemented, returning E_NOINTERFACE.
5494.808:0138:019c:warn:vkd3d-proton:d3d12_device_QueryInterface: {0742a90b-c387-483f-b946-30a7e4e61458} not implemented, returning E_NOINTERFACE.
5494.842:0138:0194:warn:vkd3d-proton:d3d12_device_QueryInterface: {0742a90b-c387-483f-b946-30a7e4e61458} not implemented, returning E_NOINTERFACE.
5494.879:0138:019c:warn:vkd3d-proton:d3d12_device_QueryInterface: {0742a90b-c387-483f-b946-30a7e4e61458} not implemented, returning E_NOINTERFACE.
5494.915:0138:019c:warn:vkd3d-proton:d3d12_device_QueryInterface: {0742a90b-c387-483f-b946-30a7e4e61458} not implemented, returning E_NOINTERFACE.
5494.946:0138:0198:warn:vkd3d-proton:d3d12_device_QueryInterface: {0742a90b-c387-483f-b946-30a7e4e61458} not implemented, returning E_NOINTERFACE.
5494.984:0138:019c:warn:vkd3d-proton:d3d12_device_QueryInterface: {0742a90b-c387-483f-b946-30a7e4e61458} not implemented, returning E_NOINTERFACE.
5495.015:0138:0194:warn:vkd3d-proton:d3d12_device_QueryInterface: {0742a90b-c387-483f-b946-30a7e4e61458} not implemented, returning E_NOINTERFACE.
5495.060:0138:01a0:warn:vkd3d-proton:d3d12_device_QueryInterface: {0742a90b-c387-483f-b946-30a7e4e61458} not implemented, returning E_NOINTERFACE.
5495.096:0138:0194:warn:vkd3d-proton:d3d12_device_QueryInterface: {0742a90b-c387-483f-b946-30a7e4e61458} not implemented, returning E_NOINTERFACE.
5495.134:0138:01a0:warn:vkd3d-proton:d3d12_device_QueryInterface: {0742a90b-c387-483f-b946-30a7e4e61458} not implemented, returning E_NOINTERFACE.
5495.169:0138:019c:warn:vkd3d-proton:d3d12_device_QueryInterface: {0742a90b-c387-483f-b946-30a7e4e61458} not implemented, returning E_NOINTERFACE.
5495.207:0138:01a0:warn:vkd3d-proton:d3d12_device_QueryInterface: {0742a90b-c387-483f-b946-30a7e4e61458} not implemented, returning E_NOINTERFACE.
5495.243:0138:0198:warn:vkd3d-proton:d3d12_device_QueryInterface: {0742a90b-c387-483f-b946-30a7e4e61458} not implemented, returning E_NOINTERFACE.
5495.285:0138:0194:warn:vkd3d-proton:d3d12_device_QueryInterface: {0742a90b-c387-483f-b946-30a7e4e61458} not implemented, returning E_NOINTERFACE.
5495.325:0138:019c:warn:vkd3d-proton:d3d12_device_QueryInterface: {0742a90b-c387-483f-b946-30a7e4e61458} not implemented, returning E_NOINTERFACE.
5495.367:0138:01a0:warn:vkd3d-proton:d3d12_device_QueryInterface: {0742a90b-c387-483f-b946-30a7e4e61458} not implemented, returning E_NOINTERFACE.
5495.401:0138:0194:warn:vkd3d-proton:d3d12_device_QueryInterface: {0742a90b-c387-483f-b946-30a7e4e61458} not implemented, returning E_NOINTERFACE.
5495.436:0138:01a0:warn:vkd3d-proton:d3d12_device_QueryInterface: {0742a90b-c387-483f-b946-30a7e4e61458} not implemented, returning E_NOINTERFACE.
5495.472:0138:019c:warn:vkd3d-proton:d3d12_device_QueryInterface: {0742a90b-c387-483f-b946-30a7e4e61458} not implemented, returning E_NOINTERFACE.
5495.507:0138:0194:warn:vkd3d-proton:d3d12_device_QueryInterface: {0742a90b-c387-483f-b946-30a7e4e61458} not implemented, returning E_NOINTERFACE.
5495.547:0138:019c:warn:vkd3d-proton:d3d12_device_QueryInterface: {0742a90b-c387-483f-b946-30a7e4e61458} not implemented, returning E_NOINTERFACE.
5495.582:0138:01a0:warn:vkd3d-proton:d3d12_device_QueryInterface: {0742a90b-c387-483f-b946-30a7e4e61458} not implemented, returning E_NOINTERFACE.
5495.611:0138:019c:warn:vkd3d-proton:d3d12_device_QueryInterface: {0742a90b-c387-483f-b946-30a7e4e61458} not implemented, returning E_NOINTERFACE.
5495.643:0138:0198:warn:vkd3d-proton:d3d12_device_QueryInterface: {0742a90b-c387-483f-b946-30a7e4e61458} not implemented, returning E_NOINTERFACE.
5495.675:0138:019c:warn:vkd3d-proton:d3d12_device_QueryInterface: {0742a90b-c387-483f-b946-30a7e4e61458} not implemented, returning E_NOINTERFACE.
5495.708:0138:0194:warn:vkd3d-proton:d3d12_device_QueryInterface: {0742a90b-c387-483f-b946-30a7e4e61458} not implemented, returning E_NOINTERFACE.
5495.742:0138:01a0:warn:vkd3d-proton:d3d12_device_QueryInterface: {0742a90b-c387-483f-b946-30a7e4e61458} not implemented, returning E_NOINTERFACE.
5495.773:0138:019c:warn:vkd3d-proton:d3d12_device_QueryInterface: {0742a90b-c387-483f-b946-30a7e4e61458} not implemented, returning E_NOINTERFACE.
5495.807:0138:01a0:warn:vkd3d-proton:d3d12_device_QueryInterface: {0742a90b-c387-483f-b946-30a7e4e61458} not implemented, returning E_NOINTERFACE.
5495.845:0138:019c:warn:vkd3d-proton:d3d12_device_QueryInterface: {0742a90b-c387-483f-b946-30a7e4e61458} not implemented, returning E_NOINTERFACE.
5495.875:0138:0194:warn:vkd3d-proton:d3d12_device_QueryInterface: {0742a90b-c387-483f-b946-30a7e4e61458} not implemented, returning E_NOINTERFACE.
5495.908:0138:019c:warn:vkd3d-proton:d3d12_device_QueryInterface: {0742a90b-c387-483f-b946-30a7e4e61458} not implemented, returning E_NOINTERFACE.
5495.946:0138:01a0:warn:vkd3d-proton:d3d12_device_QueryInterface: {0742a90b-c387-483f-b946-30a7e4e61458} not implemented, returning E_NOINTERFACE.
5495.986:0138:0194:warn:vkd3d-proton:d3d12_device_QueryInterface: {0742a90b-c387-483f-b946-30a7e4e61458} not implemented, returning E_NOINTERFACE.
5496.022:0138:0194:warn:vkd3d-proton:d3d12_device_QueryInterface: {0742a90b-c387-483f-b946-30a7e4e61458} not implemented, returning E_NOINTERFACE.
5496.057:0138:01a0:warn:vkd3d-proton:d3d12_device_QueryInterface: {0742a90b-c387-483f-b946-30a7e4e61458} not implemented, returning E_NOINTERFACE.
5496.098:0138:0194:warn:vkd3d-proton:d3d12_device_QueryInterface: {0742a90b-c387-483f-b946-30a7e4e61458} not implemented, returning E_NOINTERFACE.
5496.133:0138:0198:warn:vkd3d-proton:d3d12_device_QueryInterface: {0742a90b-c387-483f-b946-30a7e4e61458} not implemented, returning E_NOINTERFACE.
5496.172:0138:0198:warn:vkd3d-proton:d3d12_device_QueryInterface: {0742a90b-c387-483f-b946-30a7e4e61458} not implemented, returning E_NOINTERFACE.
5496.206:0138:0194:warn:vkd3d-proton:d3d12_device_QueryInterface: {0742a90b-c387-483f-b946-30a7e4e61458} not implemented, returning E_NOINTERFACE.
5496.238:0138:019c:warn:vkd3d-proton:d3d12_device_QueryInterface: {0742a90b-c387-483f-b946-30a7e4e61458} not implemented, returning E_NOINTERFACE.
5496.283:0138:0198:warn:vkd3d-proton:d3d12_device_QueryInterface: {0742a90b-c387-483f-b946-30a7e4e61458} not implemented, returning E_NOINTERFACE.
5496.317:0138:0194:warn:vkd3d-proton:d3d12_device_QueryInterface: {0742a90b-c387-483f-b946-30a7e4e61458} not implemented, returning E_NOINTERFACE.
5496.353:0138:019c:warn:vkd3d-proton:d3d12_device_QueryInterface: {0742a90b-c387-483f-b946-30a7e4e61458} not implemented, returning E_NOINTERFACE.
5496.357:0138:019c:warn:vkd3d-proton:d3d12_device_QueryInterface: {0742a90b-c387-483f-b946-30a7e4e61458} not implemented, returning E_NOINTERFACE.
5496.369:0138:0194:warn:vkd3d-proton:d3d12_device_QueryInterface: {0742a90b-c387-483f-b946-30a7e4e61458} not implemented, returning E_NOINTERFACE.
5496.386:0138:0194:warn:vkd3d-proton:d3d12_device_QueryInterface: {0742a90b-c387-483f-b946-30a7e4e61458} not implemented, returning E_NOINTERFACE.
5496.420:0138:01a0:warn:vkd3d-proton:d3d12_device_QueryInterface: {0742a90b-c387-483f-b946-30a7e4e61458} not implemented, returning E_NOINTERFACE.
5496.455:0138:0194:warn:vkd3d-proton:d3d12_device_QueryInterface: {0742a90b-c387-483f-b946-30a7e4e61458} not implemented, returning E_NOINTERFACE.
5496.495:0138:019c:warn:vkd3d-proton:d3d12_device_QueryInterface: {0742a90b-c387-483f-b946-30a7e4e61458} not implemented, returning E_NOINTERFACE.
5496.535:0138:0194:warn:vkd3d-proton:d3d12_device_QueryInterface: {0742a90b-c387-483f-b946-30a7e4e61458} not implemented, returning E_NOINTERFACE.
5496.566:0138:01a0:warn:vkd3d-proton:d3d12_device_QueryInterface: {0742a90b-c387-483f-b946-30a7e4e61458} not implemented, returning E_NOINTERFACE.
5496.597:0138:0198:warn:vkd3d-proton:d3d12_device_QueryInterface: {0742a90b-c387-483f-b946-30a7e4e61458} not implemented, returning E_NOINTERFACE.
5496.637:0138:01a0:warn:vkd3d-proton:d3d12_device_QueryInterface: {0742a90b-c387-483f-b946-30a7e4e61458} not implemented, returning E_NOINTERFACE.
5496.678:0138:0198:warn:vkd3d-proton:d3d12_device_QueryInterface: {0742a90b-c387-483f-b946-30a7e4e61458} not implemented, returning E_NOINTERFACE.
5496.716:0138:0194:warn:vkd3d-proton:d3d12_device_QueryInterface: {0742a90b-c387-483f-b946-30a7e4e61458} not implemented, returning E_NOINTERFACE.
5496.747:0138:01a0:warn:vkd3d-proton:d3d12_device_QueryInterface: {0742a90b-c387-483f-b946-30a7e4e61458} not implemented, returning E_NOINTERFACE.
5496.779:0138:019c:warn:vkd3d-proton:d3d12_device_QueryInterface: {0742a90b-c387-483f-b946-30a7e4e61458} not implemented, returning E_NOINTERFACE.
5496.814:0138:01a0:warn:vkd3d-proton:d3d12_device_QueryInterface: {0742a90b-c387-483f-b946-30a7e4e61458} not implemented, returning E_NOINTERFACE.
5496.847:0138:0198:warn:vkd3d-proton:d3d12_device_QueryInterface: {0742a90b-c387-483f-b946-30a7e4e61458} not implemented, returning E_NOINTERFACE.
5496.880:0138:0194:warn:vkd3d-proton:d3d12_device_QueryInterface: {0742a90b-c387-483f-b946-30a7e4e61458} not implemented, returning E_NOINTERFACE.
5496.914:0138:0198:warn:vkd3d-proton:d3d12_device_QueryInterface: {0742a90b-c387-483f-b946-30a7e4e61458} not implemented, returning E_NOINTERFACE.
5496.948:0138:0194:warn:vkd3d-proton:d3d12_device_QueryInterface: {0742a90b-c387-483f-b946-30a7e4e61458} not implemented, returning E_NOINTERFACE.
5496.982:0138:019c:warn:vkd3d-proton:d3d12_device_QueryInterface: {0742a90b-c387-483f-b946-30a7e4e61458} not implemented, returning E_NOINTERFACE.
5497.021:0138:0194:warn:vkd3d-proton:d3d12_device_QueryInterface: {0742a90b-c387-483f-b946-30a7e4e61458} not implemented, returning E_NOINTERFACE.
5497.060:0138:0194:warn:vkd3d-proton:d3d12_device_QueryInterface: {0742a90b-c387-483f-b946-30a7e4e61458} not implemented, returning E_NOINTERFACE.
5497.092:0138:0198:warn:vkd3d-proton:d3d12_device_QueryInterface: {0742a90b-c387-483f-b946-30a7e4e61458} not implemented, returning E_NOINTERFACE.
5497.129:0138:0194:warn:vkd3d-proton:d3d12_device_QueryInterface: {0742a90b-c387-483f-b946-30a7e4e61458} not implemented, returning E_NOINTERFACE.
5497.165:0138:019c:warn:vkd3d-proton:d3d12_device_QueryInterface: {0742a90b-c387-483f-b946-30a7e4e61458} not implemented, returning E_NOINTERFACE.
5497.202:0138:0194:warn:vkd3d-proton:d3d12_device_QueryInterface: {0742a90b-c387-483f-b946-30a7e4e61458} not implemented, returning E_NOINTERFACE.
5497.233:0138:01a0:warn:vkd3d-proton:d3d12_device_QueryInterface: {0742a90b-c387-483f-b946-30a7e4e61458} not implemented, returning E_NOINTERFACE.
5497.271:0138:0198:warn:vkd3d-proton:d3d12_device_QueryInterface: {0742a90b-c387-483f-b946-30a7e4e61458} not implemented, returning E_NOINTERFACE.
5497.306:0138:01a0:warn:vkd3d-proton:d3d12_device_QueryInterface: {0742a90b-c387-483f-b946-30a7e4e61458} not implemented, returning E_NOINTERFACE.
5497.340:0138:0198:warn:vkd3d-proton:d3d12_device_QueryInterface: {0742a90b-c387-483f-b946-30a7e4e61458} not implemented, returning E_NOINTERFACE.
5497.372:0138:0194:warn:vkd3d-proton:d3d12_device_QueryInterface: {0742a90b-c387-483f-b946-30a7e4e61458} not implemented, returning E_NOINTERFACE.
5497.406:0138:0198:warn:vkd3d-proton:d3d12_device_QueryInterface: {0742a90b-c387-483f-b946-30a7e4e61458} not implemented, returning E_NOINTERFACE.
5497.442:0138:01a0:warn:vkd3d-proton:d3d12_device_QueryInterface: {0742a90b-c387-483f-b946-30a7e4e61458} not implemented, returning E_NOINTERFACE.
5497.480:0138:0194:warn:vkd3d-proton:d3d12_device_QueryInterface: {0742a90b-c387-483f-b946-30a7e4e61458} not implemented, returning E_NOINTERFACE.
5497.509:0138:019c:warn:vkd3d-proton:d3d12_device_QueryInterface: {0742a90b-c387-483f-b946-30a7e4e61458} not implemented, returning E_NOINTERFACE.
5497.533:0138:0198:warn:vkd3d-proton:d3d12_device_QueryInterface: {0742a90b-c387-483f-b946-30a7e4e61458} not implemented, returning E_NOINTERFACE.
5497.563:0138:019c:warn:vkd3d-proton:d3d12_device_QueryInterface: {0742a90b-c387-483f-b946-30a7e4e61458} not implemented, returning E_NOINTERFACE.
5497.588:0138:0194:warn:vkd3d-proton:d3d12_device_QueryInterface: {0742a90b-c387-483f-b946-30a7e4e61458} not implemented, returning E_NOINTERFACE.
5497.612:0138:0198:warn:vkd3d-proton:d3d12_device_QueryInterface: {0742a90b-c387-483f-b946-30a7e4e61458} not implemented, returning E_NOINTERFACE.
5497.638:0138:0194:warn:vkd3d-proton:d3d12_device_QueryInterface: {0742a90b-c387-483f-b946-30a7e4e61458} not implemented, returning E_NOINTERFACE.
5497.662:0138:019c:warn:vkd3d-proton:d3d12_device_QueryInterface: {0742a90b-c387-483f-b946-30a7e4e61458} not implemented, returning E_NOINTERFACE.
5497.686:0138:0194:warn:vkd3d-proton:d3d12_device_QueryInterface: {0742a90b-c387-483f-b946-30a7e4e61458} not implemented, returning E_NOINTERFACE.
5497.710:0138:019c:warn:vkd3d-proton:d3d12_device_QueryInterface: {0742a90b-c387-483f-b946-30a7e4e61458} not implemented, returning E_NOINTERFACE.
5497.712:0138:019c:warn:vkd3d-proton:d3d12_device_QueryInterface: {0742a90b-c387-483f-b946-30a7e4e61458} not implemented, returning E_NOINTERFACE.
5497.738:0138:01a0:warn:vkd3d-proton:d3d12_device_QueryInterface: {0742a90b-c387-483f-b946-30a7e4e61458} not implemented, returning E_NOINTERFACE.
5497.768:0138:019c:warn:vkd3d-proton:d3d12_device_QueryInterface: {0742a90b-c387-483f-b946-30a7e4e61458} not implemented, returning E_NOINTERFACE.
5497.792:0138:01a0:warn:vkd3d-proton:d3d12_device_QueryInterface: {0742a90b-c387-483f-b946-30a7e4e61458} not implemented, returning E_NOINTERFACE.
5497.817:0138:019c:warn:vkd3d-proton:d3d12_device_QueryInterface: {0742a90b-c387-483f-b946-30a7e4e61458} not implemented, returning E_NOINTERFACE.
5497.821:0138:019c:warn:vkd3d-proton:d3d12_device_QueryInterface: {0742a90b-c387-483f-b946-30a7e4e61458} not implemented, returning E_NOINTERFACE.
5497.847:0138:0194:warn:vkd3d-proton:d3d12_device_QueryInterface: {0742a90b-c387-483f-b946-30a7e4e61458} not implemented, returning E_NOINTERFACE.
5497.857:0138:0198:warn:vkd3d-proton:d3d12_device_QueryInterface: {0742a90b-c387-483f-b946-30a7e4e61458} not implemented, returning E_NOINTERFACE.
5497.882:0138:0194:warn:vkd3d-proton:d3d12_device_QueryInterface: {0742a90b-c387-483f-b946-30a7e4e61458} not implemented, returning E_NOINTERFACE.
5497.890:0138:0194:warn:vkd3d-proton:d3d12_device_QueryInterface: {0742a90b-c387-483f-b946-30a7e4e61458} not implemented, returning E_NOINTERFACE.
5497.914:0138:01a0:warn:vkd3d-proton:d3d12_device_QueryInterface: {0742a90b-c387-483f-b946-30a7e4e61458} not implemented, returning E_NOINTERFACE.
5497.925:0138:01a0:warn:vkd3d-proton:d3d12_device_QueryInterface: {0742a90b-c387-483f-b946-30a7e4e61458} not implemented, returning E_NOINTERFACE.
5497.950:0138:0194:warn:vkd3d-proton:d3d12_device_QueryInterface: {0742a90b-c387-483f-b946-30a7e4e61458} not implemented, returning E_NOINTERFACE.
5497.955:0138:0194:warn:vkd3d-proton:d3d12_device_QueryInterface: {0742a90b-c387-483f-b946-30a7e4e61458} not implemented, returning E_NOINTERFACE.
5497.988:0138:0198:warn:vkd3d-proton:d3d12_device_QueryInterface: {0742a90b-c387-483f-b946-30a7e4e61458} not implemented, returning E_NOINTERFACE.
5498.022:0138:019c:warn:vkd3d-proton:d3d12_device_QueryInterface: {0742a90b-c387-483f-b946-30a7e4e61458} not implemented, returning E_NOINTERFACE.
5498.058:0138:0198:warn:vkd3d-proton:d3d12_device_QueryInterface: {0742a90b-c387-483f-b946-30a7e4e61458} not implemented, returning E_NOINTERFACE.
5498.097:0138:0194:warn:vkd3d-proton:d3d12_device_QueryInterface: {0742a90b-c387-483f-b946-30a7e4e61458} not implemented, returning E_NOINTERFACE.
5498.133:0138:01a0:warn:vkd3d-proton:d3d12_device_QueryInterface: {0742a90b-c387-483f-b946-30a7e4e61458} not implemented, returning E_NOINTERFACE.
5498.166:0138:0194:warn:vkd3d-proton:d3d12_device_QueryInterface: {0742a90b-c387-483f-b946-30a7e4e61458} not implemented, returning E_NOINTERFACE.
5498.200:0138:01a0:warn:vkd3d-proton:d3d12_device_QueryInterface: {0742a90b-c387-483f-b946-30a7e4e61458} not implemented, returning E_NOINTERFACE.
5498.234:0138:0198:warn:vkd3d-proton:d3d12_device_QueryInterface: {0742a90b-c387-483f-b946-30a7e4e61458} not implemented, returning E_NOINTERFACE.
5498.265:0138:019c:warn:vkd3d-proton:d3d12_device_QueryInterface: {0742a90b-c387-483f-b946-30a7e4e61458} not implemented, returning E_NOINTERFACE.
5498.299:0138:0198:warn:vkd3d-proton:d3d12_device_QueryInterface: {0742a90b-c387-483f-b946-30a7e4e61458} not implemented, returning E_NOINTERFACE.
5498.339:0138:019c:warn:vkd3d-proton:d3d12_device_QueryInterface: {0742a90b-c387-483f-b946-30a7e4e61458} not implemented, returning E_NOINTERFACE.
5498.377:0138:0198:warn:vkd3d-proton:d3d12_device_QueryInterface: {0742a90b-c387-483f-b946-30a7e4e61458} not implemented, returning E_NOINTERFACE.
5498.410:0138:0194:warn:vkd3d-proton:d3d12_device_QueryInterface: {0742a90b-c387-483f-b946-30a7e4e61458} not implemented, returning E_NOINTERFACE.
5498.448:0138:01a0:warn:vkd3d-proton:d3d12_device_QueryInterface: {0742a90b-c387-483f-b946-30a7e4e61458} not implemented, returning E_NOINTERFACE.
5498.480:0138:0198:warn:vkd3d-proton:d3d12_device_QueryInterface: {0742a90b-c387-483f-b946-30a7e4e61458} not implemented, returning E_NOINTERFACE.
5498.515:0138:0194:warn:vkd3d-proton:d3d12_device_QueryInterface: {0742a90b-c387-483f-b946-30a7e4e61458} not implemented, returning E_NOINTERFACE.
5498.545:0138:01a0:warn:vkd3d-proton:d3d12_device_QueryInterface: {0742a90b-c387-483f-b946-30a7e4e61458} not implemented, returning E_NOINTERFACE.
5498.575:0138:0194:warn:vkd3d-proton:d3d12_device_QueryInterface: {0742a90b-c387-483f-b946-30a7e4e61458} not implemented, returning E_NOINTERFACE.
5498.615:0138:0194:warn:vkd3d-proton:d3d12_device_QueryInterface: {0742a90b-c387-483f-b946-30a7e4e61458} not implemented, returning E_NOINTERFACE.
5498.646:0138:01a0:warn:vkd3d-proton:d3d12_device_QueryInterface: {0742a90b-c387-483f-b946-30a7e4e61458} not implemented, returning E_NOINTERFACE.
5498.679:0138:0194:warn:vkd3d-proton:d3d12_device_QueryInterface: {0742a90b-c387-483f-b946-30a7e4e61458} not implemented, returning E_NOINTERFACE.
5498.716:0138:019c:warn:vkd3d-proton:d3d12_device_QueryInterface: {0742a90b-c387-483f-b946-30a7e4e61458} not implemented, returning E_NOINTERFACE.
5498.748:0138:0198:warn:vkd3d-proton:d3d12_device_QueryInterface: {0742a90b-c387-483f-b946-30a7e4e61458} not implemented, returning E_NOINTERFACE.
5498.780:0138:01a0:warn:vkd3d-proton:d3d12_device_QueryInterface: {0742a90b-c387-483f-b946-30a7e4e61458} not implemented, returning E_NOINTERFACE.
5498.816:0138:0198:warn:vkd3d-proton:d3d12_device_QueryInterface: {0742a90b-c387-483f-b946-30a7e4e61458} not implemented, returning E_NOINTERFACE.
5498.851:0138:01a0:warn:vkd3d-proton:d3d12_device_QueryInterface: {0742a90b-c387-483f-b946-30a7e4e61458} not implemented, returning E_NOINTERFACE.
5498.884:0138:0194:warn:vkd3d-proton:d3d12_device_QueryInterface: {0742a90b-c387-483f-b946-30a7e4e61458} not implemented, returning E_NOINTERFACE.
5498.925:0138:019c:warn:vkd3d-proton:d3d12_device_QueryInterface: {0742a90b-c387-483f-b946-30a7e4e61458} not implemented, returning E_NOINTERFACE.
5498.956:0138:01a0:warn:vkd3d-proton:d3d12_device_QueryInterface: {0742a90b-c387-483f-b946-30a7e4e61458} not implemented, returning E_NOINTERFACE.
5498.994:0138:0194:warn:vkd3d-proton:d3d12_device_QueryInterface: {0742a90b-c387-483f-b946-30a7e4e61458} not implemented, returning E_NOINTERFACE.
5499.025:0138:01a0:warn:vkd3d-proton:d3d12_device_QueryInterface: {0742a90b-c387-483f-b946-30a7e4e61458} not implemented, returning E_NOINTERFACE.
5499.059:0138:019c:warn:vkd3d-proton:d3d12_device_QueryInterface: {0742a90b-c387-483f-b946-30a7e4e61458} not implemented, returning E_NOINTERFACE.
5499.095:0138:0194:warn:vkd3d-proton:d3d12_device_QueryInterface: {0742a90b-c387-483f-b946-30a7e4e61458} not implemented, returning E_NOINTERFACE.
5499.132:0138:01a0:warn:vkd3d-proton:d3d12_device_QueryInterface: {0742a90b-c387-483f-b946-30a7e4e61458} not implemented, returning E_NOINTERFACE.
5499.167:0138:01a0:warn:vkd3d-proton:d3d12_device_QueryInterface: {0742a90b-c387-483f-b946-30a7e4e61458} not implemented, returning E_NOINTERFACE.
5499.207:0138:019c:warn:vkd3d-proton:d3d12_device_QueryInterface: {0742a90b-c387-483f-b946-30a7e4e61458} not implemented, returning E_NOINTERFACE.
5499.245:0138:01a0:warn:vkd3d-proton:d3d12_device_QueryInterface: {0742a90b-c387-483f-b946-30a7e4e61458} not implemented, returning E_NOINTERFACE.
5499.280:0138:0194:warn:vkd3d-proton:d3d12_device_QueryInterface: {0742a90b-c387-483f-b946-30a7e4e61458} not implemented, returning E_NOINTERFACE.
5499.319:0138:0198:warn:vkd3d-proton:d3d12_device_QueryInterface: {0742a90b-c387-483f-b946-30a7e4e61458} not implemented, returning E_NOINTERFACE.
5499.354:0138:019c:warn:vkd3d-proton:d3d12_device_QueryInterface: {0742a90b-c387-483f-b946-30a7e4e61458} not implemented, returning E_NOINTERFACE.
5499.382:0138:0198:warn:vkd3d-proton:d3d12_device_QueryInterface: {0742a90b-c387-483f-b946-30a7e4e61458} not implemented, returning E_NOINTERFACE.
5499.416:0138:019c:warn:vkd3d-proton:d3d12_device_QueryInterface: {0742a90b-c387-483f-b946-30a7e4e61458} not implemented, returning E_NOINTERFACE.
5499.452:0138:01a0:warn:vkd3d-proton:d3d12_device_QueryInterface: {0742a90b-c387-483f-b946-30a7e4e61458} not implemented, returning E_NOINTERFACE.
5499.493:0138:0194:warn:vkd3d-proton:d3d12_device_QueryInterface: {0742a90b-c387-483f-b946-30a7e4e61458} not implemented, returning E_NOINTERFACE.
5499.518:0138:0194:warn:vkd3d-proton:d3d12_device_QueryInterface: {0742a90b-c387-483f-b946-30a7e4e61458} not implemented, returning E_NOINTERFACE.
5499.551:0138:0198:warn:vkd3d-proton:d3d12_device_QueryInterface: {0742a90b-c387-483f-b946-30a7e4e61458} not implemented, returning E_NOINTERFACE.
5499.584:0138:01a0:warn:vkd3d-proton:d3d12_device_QueryInterface: {0742a90b-c387-483f-b946-30a7e4e61458} not implemented, returning E_NOINTERFACE.
5499.619:0138:0194:warn:vkd3d-proton:d3d12_device_QueryInterface: {0742a90b-c387-483f-b946-30a7e4e61458} not implemented, returning E_NOINTERFACE.
5499.654:0138:0198:warn:vkd3d-proton:d3d12_device_QueryInterface: {0742a90b-c387-483f-b946-30a7e4e61458} not implemented, returning E_NOINTERFACE.
5499.688:0138:01a0:warn:vkd3d-proton:d3d12_device_QueryInterface: {0742a90b-c387-483f-b946-30a7e4e61458} not implemented, returning E_NOINTERFACE.
5499.719:0138:019c:warn:vkd3d-proton:d3d12_device_QueryInterface: {0742a90b-c387-483f-b946-30a7e4e61458} not implemented, returning E_NOINTERFACE.
5499.757:0138:0194:warn:vkd3d-proton:d3d12_device_QueryInterface: {0742a90b-c387-483f-b946-30a7e4e61458} not implemented, returning E_NOINTERFACE.
5499.788:0138:0198:warn:vkd3d-proton:d3d12_device_QueryInterface: {0742a90b-c387-483f-b946-30a7e4e61458} not implemented, returning E_NOINTERFACE.
5499.820:0138:0194:warn:vkd3d-proton:d3d12_device_QueryInterface: {0742a90b-c387-483f-b946-30a7e4e61458} not implemented, returning E_NOINTERFACE.
5499.856:0138:01a0:warn:vkd3d-proton:d3d12_device_QueryInterface: {0742a90b-c387-483f-b946-30a7e4e61458} not implemented, returning E_NOINTERFACE.
5499.891:0138:0198:warn:vkd3d-proton:d3d12_device_QueryInterface: {0742a90b-c387-483f-b946-30a7e4e61458} not implemented, returning E_NOINTERFACE.
5499.961:0138:0194:warn:vkd3d-proton:d3d12_device_QueryInterface: {0742a90b-c387-483f-b946-30a7e4e61458} not implemented, returning E_NOINTERFACE.
5499.967:0138:0194:warn:vkd3d-proton:d3d12_device_QueryInterface: {0742a90b-c387-483f-b946-30a7e4e61458} not implemented, returning E_NOINTERFACE.
5500.023:0138:01a0:warn:vkd3d-proton:d3d12_device_QueryInterface: {0742a90b-c387-483f-b946-30a7e4e61458} not implemented, returning E_NOINTERFACE.
5500.046:0138:0194:warn:vkd3d-proton:d3d12_device_QueryInterface: {0742a90b-c387-483f-b946-30a7e4e61458} not implemented, returning E_NOINTERFACE.
5500.077:0138:0194:warn:vkd3d-proton:d3d12_device_QueryInterface: {0742a90b-c387-483f-b946-30a7e4e61458} not implemented, returning E_NOINTERFACE.
5500.110:0138:0198:warn:vkd3d-proton:d3d12_device_QueryInterface: {0742a90b-c387-483f-b946-30a7e4e61458} not implemented, returning E_NOINTERFACE.
5500.148:0138:019c:warn:vkd3d-proton:d3d12_device_QueryInterface: {0742a90b-c387-483f-b946-30a7e4e61458} not implemented, returning E_NOINTERFACE.
5500.175:0138:01a0:warn:vkd3d-proton:d3d12_device_QueryInterface: {0742a90b-c387-483f-b946-30a7e4e61458} not implemented, returning E_NOINTERFACE.
5500.218:0138:019c:warn:vkd3d-proton:d3d12_device_QueryInterface: {0742a90b-c387-483f-b946-30a7e4e61458} not implemented, returning E_NOINTERFACE.
5500.261:0138:0194:warn:vkd3d-proton:d3d12_device_QueryInterface: {0742a90b-c387-483f-b946-30a7e4e61458} not implemented, returning E_NOINTERFACE.
5500.281:0138:0198:warn:vkd3d-proton:d3d12_device_QueryInterface: {0742a90b-c387-483f-b946-30a7e4e61458} not implemented, returning E_NOINTERFACE.
5500.317:0138:01a0:warn:vkd3d-proton:d3d12_device_QueryInterface: {0742a90b-c387-483f-b946-30a7e4e61458} not implemented, returning E_NOINTERFACE.
5500.361:0138:01a0:warn:vkd3d-proton:d3d12_device_QueryInterface: {0742a90b-c387-483f-b946-30a7e4e61458} not implemented, returning E_NOINTERFACE.
5500.385:0138:019c:warn:vkd3d-proton:d3d12_device_QueryInterface: {0742a90b-c387-483f-b946-30a7e4e61458} not implemented, returning E_NOINTERFACE.
5500.417:0138:0194:warn:vkd3d-proton:d3d12_device_QueryInterface: {0742a90b-c387-483f-b946-30a7e4e61458} not implemented, returning E_NOINTERFACE.
5500.473:0138:01a0:warn:vkd3d-proton:d3d12_device_QueryInterface: {0742a90b-c387-483f-b946-30a7e4e61458} not implemented, returning E_NOINTERFACE.
5500.488:0138:0194:warn:vkd3d-proton:d3d12_device_QueryInterface: {0742a90b-c387-483f-b946-30a7e4e61458} not implemented, returning E_NOINTERFACE.
5500.528:0138:019c:warn:vkd3d-proton:d3d12_device_QueryInterface: {0742a90b-c387-483f-b946-30a7e4e61458} not implemented, returning E_NOINTERFACE.
5500.568:0138:0198:warn:vkd3d-proton:d3d12_device_QueryInterface: {0742a90b-c387-483f-b946-30a7e4e61458} not implemented, returning E_NOINTERFACE.
5500.583:0138:0198:warn:vkd3d-proton:d3d12_device_QueryInterface: {0742a90b-c387-483f-b946-30a7e4e61458} not implemented, returning E_NOINTERFACE.
5500.613:0138:0194:warn:vkd3d-proton:d3d12_device_QueryInterface: {0742a90b-c387-483f-b946-30a7e4e61458} not implemented, returning E_NOINTERFACE.
5500.649:0138:01a0:warn:vkd3d-proton:d3d12_device_QueryInterface: {0742a90b-c387-483f-b946-30a7e4e61458} not implemented, returning E_NOINTERFACE.
5500.683:0138:0198:warn:vkd3d-proton:d3d12_device_QueryInterface: {0742a90b-c387-483f-b946-30a7e4e61458} not implemented, returning E_NOINTERFACE.
5500.714:0138:019c:warn:vkd3d-proton:d3d12_device_QueryInterface: {0742a90b-c387-483f-b946-30a7e4e61458} not implemented, returning E_NOINTERFACE.
5500.765:0138:01a0:warn:vkd3d-proton:d3d12_device_QueryInterface: {0742a90b-c387-483f-b946-30a7e4e61458} not implemented, returning E_NOINTERFACE.
5500.798:0138:0194:warn:vkd3d-proton:d3d12_device_QueryInterface: {0742a90b-c387-483f-b946-30a7e4e61458} not implemented, returning E_NOINTERFACE.
5500.862:0138:0198:warn:vkd3d-proton:d3d12_device_QueryInterface: {0742a90b-c387-483f-b946-30a7e4e61458} not implemented, returning E_NOINTERFACE.
5500.906:0138:01a0:warn:vkd3d-proton:d3d12_device_QueryInterface: {0742a90b-c387-483f-b946-30a7e4e61458} not implemented, returning E_NOINTERFACE.
5500.920:0138:01a0:warn:vkd3d-proton:d3d12_device_QueryInterface: {0742a90b-c387-483f-b946-30a7e4e61458} not implemented, returning E_NOINTERFACE.
5500.991:0138:0194:warn:vkd3d-proton:d3d12_device_QueryInterface: {0742a90b-c387-483f-b946-30a7e4e61458} not implemented, returning E_NOINTERFACE.
5500.998:0138:0194:warn:vkd3d-proton:d3d12_device_QueryInterface: {0742a90b-c387-483f-b946-30a7e4e61458} not implemented, returning E_NOINTERFACE.
5501.050:0138:0198:warn:vkd3d-proton:d3d12_device_QueryInterface: {0742a90b-c387-483f-b946-30a7e4e61458} not implemented, returning E_NOINTERFACE.
5501.083:0138:0194:warn:vkd3d-proton:d3d12_device_QueryInterface: {0742a90b-c387-483f-b946-30a7e4e61458} not implemented, returning E_NOINTERFACE.
5501.121:0138:019c:warn:vkd3d-proton:d3d12_device_QueryInterface: {0742a90b-c387-483f-b946-30a7e4e61458} not implemented, returning E_NOINTERFACE.
5501.146:0138:01a0:warn:vkd3d-proton:d3d12_device_QueryInterface: {0742a90b-c387-483f-b946-30a7e4e61458} not implemented, returning E_NOINTERFACE.
5501.183:0138:0194:warn:vkd3d-proton:d3d12_device_QueryInterface: {0742a90b-c387-483f-b946-30a7e4e61458} not implemented, returning E_NOINTERFACE.
5501.217:0138:01a0:warn:vkd3d-proton:d3d12_device_QueryInterface: {0742a90b-c387-483f-b946-30a7e4e61458} not implemented, returning E_NOINTERFACE.
5501.258:0138:0198:warn:vkd3d-proton:d3d12_device_QueryInterface: {0742a90b-c387-483f-b946-30a7e4e61458} not implemented, returning E_NOINTERFACE.
5501.295:0138:01a0:warn:vkd3d-proton:d3d12_device_QueryInterface: {0742a90b-c387-483f-b946-30a7e4e61458} not implemented, returning E_NOINTERFACE.
5501.331:0138:019c:warn:vkd3d-proton:d3d12_device_QueryInterface: {0742a90b-c387-483f-b946-30a7e4e61458} not implemented, returning E_NOINTERFACE.
5501.367:0138:0194:warn:vkd3d-proton:d3d12_device_QueryInterface: {0742a90b-c387-483f-b946-30a7e4e61458} not implemented, returning E_NOINTERFACE.
5501.405:0138:0198:warn:vkd3d-proton:d3d12_device_QueryInterface: {0742a90b-c387-483f-b946-30a7e4e61458} not implemented, returning E_NOINTERFACE.
5501.447:0138:0194:warn:vkd3d-proton:d3d12_device_QueryInterface: {0742a90b-c387-483f-b946-30a7e4e61458} not implemented, returning E_NOINTERFACE.
5501.500:0138:019c:warn:vkd3d-proton:d3d12_device_QueryInterface: {0742a90b-c387-483f-b946-30a7e4e61458} not implemented, returning E_NOINTERFACE.
5501.519:0138:0194:warn:vkd3d-proton:d3d12_device_QueryInterface: {0742a90b-c387-483f-b946-30a7e4e61458} not implemented, returning E_NOINTERFACE.
5501.566:0138:019c:warn:vkd3d-proton:d3d12_device_QueryInterface: {0742a90b-c387-483f-b946-30a7e4e61458} not implemented, returning E_NOINTERFACE.
5501.609:0138:0194:warn:vkd3d-proton:d3d12_device_QueryInterface: {0742a90b-c387-483f-b946-30a7e4e61458} not implemented, returning E_NOINTERFACE.
5501.652:0138:0198:warn:vkd3d-proton:d3d12_device_QueryInterface: {0742a90b-c387-483f-b946-30a7e4e61458} not implemented, returning E_NOINTERFACE.
5501.692:0138:0194:warn:vkd3d-proton:d3d12_device_QueryInterface: {0742a90b-c387-483f-b946-30a7e4e61458} not implemented, returning E_NOINTERFACE.
5501.743:0138:019c:warn:vkd3d-proton:d3d12_device_QueryInterface: {0742a90b-c387-483f-b946-30a7e4e61458} not implemented, returning E_NOINTERFACE.
5501.774:0138:01a0:warn:vkd3d-proton:d3d12_device_QueryInterface: {0742a90b-c387-483f-b946-30a7e4e61458} not implemented, returning E_NOINTERFACE.
5501.824:0138:0194:warn:vkd3d-proton:d3d12_device_QueryInterface: {0742a90b-c387-483f-b946-30a7e4e61458} not implemented, returning E_NOINTERFACE.
5501.846:0138:0194:warn:vkd3d-proton:d3d12_device_QueryInterface: {0742a90b-c387-483f-b946-30a7e4e61458} not implemented, returning E_NOINTERFACE.
5501.892:0138:0194:warn:vkd3d-proton:d3d12_device_QueryInterface: {0742a90b-c387-483f-b946-30a7e4e61458} not implemented, returning E_NOINTERFACE.
5501.938:0138:0194:warn:vkd3d-proton:d3d12_device_QueryInterface: {0742a90b-c387-483f-b946-30a7e4e61458} not implemented, returning E_NOINTERFACE.
5501.950:0138:0194:warn:vkd3d-proton:d3d12_device_QueryInterface: {0742a90b-c387-483f-b946-30a7e4e61458} not implemented, returning E_NOINTERFACE.
5501.968:0138:0194:warn:vkd3d-proton:d3d12_device_QueryInterface: {0742a90b-c387-483f-b946-30a7e4e61458} not implemented, returning E_NOINTERFACE.
5502.012:0138:0194:warn:vkd3d-proton:d3d12_device_QueryInterface: {0742a90b-c387-483f-b946-30a7e4e61458} not implemented, returning E_NOINTERFACE.
5502.058:0138:0194:warn:vkd3d-proton:d3d12_device_QueryInterface: {0742a90b-c387-483f-b946-30a7e4e61458} not implemented, returning E_NOINTERFACE.
5502.095:0138:01a0:warn:vkd3d-proton:d3d12_device_QueryInterface: {0742a90b-c387-483f-b946-30a7e4e61458} not implemented, returning E_NOINTERFACE.
5502.143:0138:0194:warn:vkd3d-proton:d3d12_device_QueryInterface: {0742a90b-c387-483f-b946-30a7e4e61458} not implemented, returning E_NOINTERFACE.
5502.176:0138:019c:warn:vkd3d-proton:d3d12_device_QueryInterface: {0742a90b-c387-483f-b946-30a7e4e61458} not implemented, returning E_NOINTERFACE.
5502.244:0138:019c:warn:vkd3d-proton:d3d12_device_QueryInterface: {0742a90b-c387-483f-b946-30a7e4e61458} not implemented, returning E_NOINTERFACE.
5502.253:0138:01a0:warn:vkd3d-proton:d3d12_device_QueryInterface: {0742a90b-c387-483f-b946-30a7e4e61458} not implemented, returning E_NOINTERFACE.
5502.306:0138:019c:warn:vkd3d-proton:d3d12_device_QueryInterface: {0742a90b-c387-483f-b946-30a7e4e61458} not implemented, returning E_NOINTERFACE.
5502.347:0138:01a0:warn:vkd3d-proton:d3d12_device_QueryInterface: {0742a90b-c387-483f-b946-30a7e4e61458} not implemented, returning E_NOINTERFACE.
5502.385:0138:01a0:warn:vkd3d-proton:d3d12_device_QueryInterface: {0742a90b-c387-483f-b946-30a7e4e61458} not implemented, returning E_NOINTERFACE.
5502.444:0138:0194:warn:vkd3d-proton:d3d12_device_QueryInterface: {0742a90b-c387-483f-b946-30a7e4e61458} not implemented, returning E_NOINTERFACE.
5502.540:0138:019c:warn:vkd3d-proton:d3d12_device_QueryInterface: {0742a90b-c387-483f-b946-30a7e4e61458} not implemented, returning E_NOINTERFACE.
5502.564:0138:0198:warn:vkd3d-proton:d3d12_device_QueryInterface: {0742a90b-c387-483f-b946-30a7e4e61458} not implemented, returning E_NOINTERFACE.
5502.568:0138:0198:warn:vkd3d-proton:d3d12_device_QueryInterface: {0742a90b-c387-483f-b946-30a7e4e61458} not implemented, returning E_NOINTERFACE.
5502.588:0138:0198:warn:vkd3d-proton:d3d12_device_QueryInterface: {0742a90b-c387-483f-b946-30a7e4e61458} not implemented, returning E_NOINTERFACE.
5502.622:0138:0198:warn:vkd3d-proton:d3d12_device_QueryInterface: {0742a90b-c387-483f-b946-30a7e4e61458} not implemented, returning E_NOINTERFACE.
5502.660:0138:0198:warn:vkd3d-proton:d3d12_device_QueryInterface: {0742a90b-c387-483f-b946-30a7e4e61458} not implemented, returning E_NOINTERFACE.
5502.699:0138:0198:warn:vkd3d-proton:d3d12_device_QueryInterface: {0742a90b-c387-483f-b946-30a7e4e61458} not implemented, returning E_NOINTERFACE.
5502.741:0138:0194:warn:vkd3d-proton:d3d12_device_QueryInterface: {0742a90b-c387-483f-b946-30a7e4e61458} not implemented, returning E_NOINTERFACE.
5502.771:0138:019c:warn:vkd3d-proton:d3d12_device_QueryInterface: {0742a90b-c387-483f-b946-30a7e4e61458} not implemented, returning E_NOINTERFACE.
5502.815:0138:019c:warn:vkd3d-proton:d3d12_device_QueryInterface: {0742a90b-c387-483f-b946-30a7e4e61458} not implemented, returning E_NOINTERFACE.
5502.846:0138:01a0:warn:vkd3d-proton:d3d12_device_QueryInterface: {0742a90b-c387-483f-b946-30a7e4e61458} not implemented, returning E_NOINTERFACE.
5502.885:0138:0194:warn:vkd3d-proton:d3d12_device_QueryInterface: {0742a90b-c387-483f-b946-30a7e4e61458} not implemented, returning E_NOINTERFACE.
5502.932:0138:01a0:warn:vkd3d-proton:d3d12_device_QueryInterface: {0742a90b-c387-483f-b946-30a7e4e61458} not implemented, returning E_NOINTERFACE.
5502.973:0138:0194:warn:vkd3d-proton:d3d12_device_QueryInterface: {0742a90b-c387-483f-b946-30a7e4e61458} not implemented, returning E_NOINTERFACE.
5503.013:0138:0194:warn:vkd3d-proton:d3d12_device_QueryInterface: {0742a90b-c387-483f-b946-30a7e4e61458} not implemented, returning E_NOINTERFACE.
5503.050:0138:019c:warn:vkd3d-proton:d3d12_device_QueryInterface: {0742a90b-c387-483f-b946-30a7e4e61458} not implemented, returning E_NOINTERFACE.
5503.091:0138:0198:warn:vkd3d-proton:d3d12_device_QueryInterface: {0742a90b-c387-483f-b946-30a7e4e61458} not implemented, returning E_NOINTERFACE.
5503.129:0138:0194:warn:vkd3d-proton:d3d12_device_QueryInterface: {0742a90b-c387-483f-b946-30a7e4e61458} not implemented, returning E_NOINTERFACE.
5503.166:0138:0194:warn:vkd3d-proton:d3d12_device_QueryInterface: {0742a90b-c387-483f-b946-30a7e4e61458} not implemented, returning E_NOINTERFACE.
5503.278:0138:0194:warn:vkd3d-proton:d3d12_device_QueryInterface: {0742a90b-c387-483f-b946-30a7e4e61458} not implemented, returning E_NOINTERFACE.
5503.284:0138:0194:warn:vkd3d-proton:d3d12_device_QueryInterface: {0742a90b-c387-483f-b946-30a7e4e61458} not implemented, returning E_NOINTERFACE.
5503.331:0138:01a0:warn:vkd3d-proton:d3d12_device_QueryInterface: {0742a90b-c387-483f-b946-30a7e4e61458} not implemented, returning E_NOINTERFACE.
5503.336:0138:01a0:warn:vkd3d-proton:d3d12_device_QueryInterface: {0742a90b-c387-483f-b946-30a7e4e61458} not implemented, returning E_NOINTERFACE.
5503.353:0138:01a0:warn:vkd3d-proton:d3d12_device_QueryInterface: {0742a90b-c387-483f-b946-30a7e4e61458} not implemented, returning E_NOINTERFACE.
5503.370:0138:01a0:warn:vkd3d-proton:d3d12_device_QueryInterface: {0742a90b-c387-483f-b946-30a7e4e61458} not implemented, returning E_NOINTERFACE.
5503.404:0138:01a0:warn:vkd3d-proton:d3d12_device_QueryInterface: {0742a90b-c387-483f-b946-30a7e4e61458} not implemented, returning E_NOINTERFACE.
5503.444:0138:019c:warn:vkd3d-proton:d3d12_device_QueryInterface: {0742a90b-c387-483f-b946-30a7e4e61458} not implemented, returning E_NOINTERFACE.
5503.483:0138:01a0:warn:vkd3d-proton:d3d12_device_QueryInterface: {0742a90b-c387-483f-b946-30a7e4e61458} not implemented, returning E_NOINTERFACE.
5503.522:0138:01a0:warn:vkd3d-proton:d3d12_device_QueryInterface: {0742a90b-c387-483f-b946-30a7e4e61458} not implemented, returning E_NOINTERFACE.
5503.556:0138:0198:warn:vkd3d-proton:d3d12_device_QueryInterface: {0742a90b-c387-483f-b946-30a7e4e61458} not implemented, returning E_NOINTERFACE.
5503.594:0138:01a0:warn:vkd3d-proton:d3d12_device_QueryInterface: {0742a90b-c387-483f-b946-30a7e4e61458} not implemented, returning E_NOINTERFACE.
5503.630:0138:0198:warn:vkd3d-proton:d3d12_device_QueryInterface: {0742a90b-c387-483f-b946-30a7e4e61458} not implemented, returning E_NOINTERFACE.
5503.663:0138:0194:warn:vkd3d-proton:d3d12_device_QueryInterface: {0742a90b-c387-483f-b946-30a7e4e61458} not implemented, returning E_NOINTERFACE.
5503.700:0138:01a0:warn:vkd3d-proton:d3d12_device_QueryInterface: {0742a90b-c387-483f-b946-30a7e4e61458} not implemented, returning E_NOINTERFACE.
5503.746:0138:019c:warn:vkd3d-proton:d3d12_device_QueryInterface: {0742a90b-c387-483f-b946-30a7e4e61458} not implemented, returning E_NOINTERFACE.
5503.779:0138:0198:warn:vkd3d-proton:d3d12_device_QueryInterface: {0742a90b-c387-483f-b946-30a7e4e61458} not implemented, returning E_NOINTERFACE.
5503.815:0138:019c:warn:vkd3d-proton:d3d12_device_QueryInterface: {0742a90b-c387-483f-b946-30a7e4e61458} not implemented, returning E_NOINTERFACE.
5503.845:0138:0198:warn:vkd3d-proton:d3d12_device_QueryInterface: {0742a90b-c387-483f-b946-30a7e4e61458} not implemented, returning E_NOINTERFACE.
5503.878:0138:019c:warn:vkd3d-proton:d3d12_device_QueryInterface: {0742a90b-c387-483f-b946-30a7e4e61458} not implemented, returning E_NOINTERFACE.
5503.910:0138:01a0:warn:vkd3d-proton:d3d12_device_QueryInterface: {0742a90b-c387-483f-b946-30a7e4e61458} not implemented, returning E_NOINTERFACE.
5503.949:0138:01a0:warn:vkd3d-proton:d3d12_device_QueryInterface: {0742a90b-c387-483f-b946-30a7e4e61458} not implemented, returning E_NOINTERFACE.
5503.979:0138:019c:warn:vkd3d-proton:d3d12_device_QueryInterface: {0742a90b-c387-483f-b946-30a7e4e61458} not implemented, returning E_NOINTERFACE.
5504.017:0138:01a0:warn:vkd3d-proton:d3d12_device_QueryInterface: {0742a90b-c387-483f-b946-30a7e4e61458} not implemented, returning E_NOINTERFACE.
5504.051:0138:0194:warn:vkd3d-proton:d3d12_device_QueryInterface: {0742a90b-c387-483f-b946-30a7e4e61458} not implemented, returning E_NOINTERFACE.
5504.086:0138:019c:warn:vkd3d-proton:d3d12_device_QueryInterface: {0742a90b-c387-483f-b946-30a7e4e61458} not implemented, returning E_NOINTERFACE.
5504.117:0138:0198:warn:vkd3d-proton:d3d12_device_QueryInterface: {0742a90b-c387-483f-b946-30a7e4e61458} not implemented, returning E_NOINTERFACE.
5504.149:0138:01a0:warn:vkd3d-proton:d3d12_device_QueryInterface: {0742a90b-c387-483f-b946-30a7e4e61458} not implemented, returning E_NOINTERFACE.
5504.185:0138:0198:warn:vkd3d-proton:d3d12_device_QueryInterface: {0742a90b-c387-483f-b946-30a7e4e61458} not implemented, returning E_NOINTERFACE.
5504.223:0138:019c:warn:vkd3d-proton:d3d12_device_QueryInterface: {0742a90b-c387-483f-b946-30a7e4e61458} not implemented, returning E_NOINTERFACE.
5504.254:0138:0194:warn:vkd3d-proton:d3d12_device_QueryInterface: {0742a90b-c387-483f-b946-30a7e4e61458} not implemented, returning E_NOINTERFACE.
5504.288:0138:0198:warn:vkd3d-proton:d3d12_device_QueryInterface: {0742a90b-c387-483f-b946-30a7e4e61458} not implemented, returning E_NOINTERFACE.
5504.319:0138:019c:warn:vkd3d-proton:d3d12_device_QueryInterface: {0742a90b-c387-483f-b946-30a7e4e61458} not implemented, returning E_NOINTERFACE.
5504.355:0138:0198:warn:vkd3d-proton:d3d12_device_QueryInterface: {0742a90b-c387-483f-b946-30a7e4e61458} not implemented, returning E_NOINTERFACE.
5504.385:0138:019c:warn:vkd3d-proton:d3d12_device_QueryInterface: {0742a90b-c387-483f-b946-30a7e4e61458} not implemented, returning E_NOINTERFACE.
5504.416:0138:0198:warn:vkd3d-proton:d3d12_device_QueryInterface: {0742a90b-c387-483f-b946-30a7e4e61458} not implemented, returning E_NOINTERFACE.
5504.456:0138:019c:warn:vkd3d-proton:d3d12_device_QueryInterface: {0742a90b-c387-483f-b946-30a7e4e61458} not implemented, returning E_NOINTERFACE.
5504.495:0138:01a0:warn:vkd3d-proton:d3d12_device_QueryInterface: {0742a90b-c387-483f-b946-30a7e4e61458} not implemented, returning E_NOINTERFACE.
5504.529:0138:019c:warn:vkd3d-proton:d3d12_device_QueryInterface: {0742a90b-c387-483f-b946-30a7e4e61458} not implemented, returning E_NOINTERFACE.
5504.565:0138:01a0:warn:vkd3d-proton:d3d12_device_QueryInterface: {0742a90b-c387-483f-b946-30a7e4e61458} not implemented, returning E_NOINTERFACE.
5504.602:0138:019c:warn:vkd3d-proton:d3d12_device_QueryInterface: {0742a90b-c387-483f-b946-30a7e4e61458} not implemented, returning E_NOINTERFACE.
5504.633:0138:0198:warn:vkd3d-proton:d3d12_device_QueryInterface: {0742a90b-c387-483f-b946-30a7e4e61458} not implemented, returning E_NOINTERFACE.
5504.667:0138:019c:warn:vkd3d-proton:d3d12_device_QueryInterface: {0742a90b-c387-483f-b946-30a7e4e61458} not implemented, returning E_NOINTERFACE.
5504.701:0138:0194:warn:vkd3d-proton:d3d12_device_QueryInterface: {0742a90b-c387-483f-b946-30a7e4e61458} not implemented, returning E_NOINTERFACE.
5504.736:0138:01a0:warn:vkd3d-proton:d3d12_device_QueryInterface: {0742a90b-c387-483f-b946-30a7e4e61458} not implemented, returning E_NOINTERFACE.
5504.771:0138:019c:warn:vkd3d-proton:d3d12_device_QueryInterface: {0742a90b-c387-483f-b946-30a7e4e61458} not implemented, returning E_NOINTERFACE.
5504.803:0138:01a0:warn:vkd3d-proton:d3d12_device_QueryInterface: {0742a90b-c387-483f-b946-30a7e4e61458} not implemented, returning E_NOINTERFACE.
5504.835:0138:019c:warn:vkd3d-proton:d3d12_device_QueryInterface: {0742a90b-c387-483f-b946-30a7e4e61458} not implemented, returning E_NOINTERFACE.
5504.867:0138:01a0:warn:vkd3d-proton:d3d12_device_QueryInterface: {0742a90b-c387-483f-b946-30a7e4e61458} not implemented, returning E_NOINTERFACE.
5504.901:0138:019c:warn:vkd3d-proton:d3d12_device_QueryInterface: {0742a90b-c387-483f-b946-30a7e4e61458} not implemented, returning E_NOINTERFACE.
5504.934:0138:0198:warn:vkd3d-proton:d3d12_device_QueryInterface: {0742a90b-c387-483f-b946-30a7e4e61458} not implemented, returning E_NOINTERFACE.
5504.965:0138:01a0:warn:vkd3d-proton:d3d12_device_QueryInterface: {0742a90b-c387-483f-b946-30a7e4e61458} not implemented, returning E_NOINTERFACE.
5505.004:0138:0198:warn:vkd3d-proton:d3d12_device_QueryInterface: {0742a90b-c387-483f-b946-30a7e4e61458} not implemented, returning E_NOINTERFACE.
5505.040:0138:0194:warn:vkd3d-proton:d3d12_device_QueryInterface: {0742a90b-c387-483f-b946-30a7e4e61458} not implemented, returning E_NOINTERFACE.
5505.074:0138:01a0:warn:vkd3d-proton:d3d12_device_QueryInterface: {0742a90b-c387-483f-b946-30a7e4e61458} not implemented, returning E_NOINTERFACE.
5505.109:0138:0194:warn:vkd3d-proton:d3d12_device_QueryInterface: {0742a90b-c387-483f-b946-30a7e4e61458} not implemented, returning E_NOINTERFACE.
5505.139:0138:01a0:warn:vkd3d-proton:d3d12_device_QueryInterface: {0742a90b-c387-483f-b946-30a7e4e61458} not implemented, returning E_NOINTERFACE.
5505.173:0138:0194:warn:vkd3d-proton:d3d12_device_QueryInterface: {0742a90b-c387-483f-b946-30a7e4e61458} not implemented, returning E_NOINTERFACE.
5505.211:0138:019c:warn:vkd3d-proton:d3d12_device_QueryInterface: {0742a90b-c387-483f-b946-30a7e4e61458} not implemented, returning E_NOINTERFACE.
5505.241:0138:0198:warn:vkd3d-proton:d3d12_device_QueryInterface: {0742a90b-c387-483f-b946-30a7e4e61458} not implemented, returning E_NOINTERFACE.
5505.272:0138:01a0:warn:vkd3d-proton:d3d12_device_QueryInterface: {0742a90b-c387-483f-b946-30a7e4e61458} not implemented, returning E_NOINTERFACE.
5505.306:0138:0198:warn:vkd3d-proton:d3d12_device_QueryInterface: {0742a90b-c387-483f-b946-30a7e4e61458} not implemented, returning E_NOINTERFACE.
5505.340:0138:01a0:warn:vkd3d-proton:d3d12_device_QueryInterface: {0742a90b-c387-483f-b946-30a7e4e61458} not implemented, returning E_NOINTERFACE.
5505.371:0138:0198:warn:vkd3d-proton:d3d12_device_QueryInterface: {0742a90b-c387-483f-b946-30a7e4e61458} not implemented, returning E_NOINTERFACE.
5505.401:0138:019c:warn:vkd3d-proton:d3d12_device_QueryInterface: {0742a90b-c387-483f-b946-30a7e4e61458} not implemented, returning E_NOINTERFACE.
5505.436:0138:01a0:warn:vkd3d-proton:d3d12_device_QueryInterface: {0742a90b-c387-483f-b946-30a7e4e61458} not implemented, returning E_NOINTERFACE.
5505.466:0138:0198:warn:vkd3d-proton:d3d12_device_QueryInterface: {0742a90b-c387-483f-b946-30a7e4e61458} not implemented, returning E_NOINTERFACE.
5505.502:0138:019c:warn:vkd3d-proton:d3d12_device_QueryInterface: {0742a90b-c387-483f-b946-30a7e4e61458} not implemented, returning E_NOINTERFACE.
5505.532:0138:01a0:warn:vkd3d-proton:d3d12_device_QueryInterface: {0742a90b-c387-483f-b946-30a7e4e61458} not implemented, returning E_NOINTERFACE.
5505.564:0138:019c:warn:vkd3d-proton:d3d12_device_QueryInterface: {0742a90b-c387-483f-b946-30a7e4e61458} not implemented, returning E_NOINTERFACE.
5505.598:0138:01a0:warn:vkd3d-proton:d3d12_device_QueryInterface: {0742a90b-c387-483f-b946-30a7e4e61458} not implemented, returning E_NOINTERFACE.
5505.636:0138:0198:warn:vkd3d-proton:d3d12_device_QueryInterface: {0742a90b-c387-483f-b946-30a7e4e61458} not implemented, returning E_NOINTERFACE.
5505.679:0138:01a0:warn:vkd3d-proton:d3d12_device_QueryInterface: {0742a90b-c387-483f-b946-30a7e4e61458} not implemented, returning E_NOINTERFACE.
5505.716:0138:0198:warn:vkd3d-proton:d3d12_device_QueryInterface: {0742a90b-c387-483f-b946-30a7e4e61458} not implemented, returning E_NOINTERFACE.
5505.748:0138:019c:warn:vkd3d-proton:d3d12_device_QueryInterface: {0742a90b-c387-483f-b946-30a7e4e61458} not implemented, returning E_NOINTERFACE.
5505.779:0138:01a0:warn:vkd3d-proton:d3d12_device_QueryInterface: {0742a90b-c387-483f-b946-30a7e4e61458} not implemented, returning E_NOINTERFACE.
5505.813:0138:0198:warn:vkd3d-proton:d3d12_device_QueryInterface: {0742a90b-c387-483f-b946-30a7e4e61458} not implemented, returning E_NOINTERFACE.
5505.843:0138:0194:warn:vkd3d-proton:d3d12_device_QueryInterface: {0742a90b-c387-483f-b946-30a7e4e61458} not implemented, returning E_NOINTERFACE.
5505.876:0138:01a0:warn:vkd3d-proton:d3d12_device_QueryInterface: {0742a90b-c387-483f-b946-30a7e4e61458} not implemented, returning E_NOINTERFACE.
5505.909:0138:019c:warn:vkd3d-proton:d3d12_device_QueryInterface: {0742a90b-c387-483f-b946-30a7e4e61458} not implemented, returning E_NOINTERFACE.
5505.940:0138:0198:warn:vkd3d-proton:d3d12_device_QueryInterface: {0742a90b-c387-483f-b946-30a7e4e61458} not implemented, returning E_NOINTERFACE.
5505.978:0138:01a0:warn:vkd3d-proton:d3d12_device_QueryInterface: {0742a90b-c387-483f-b946-30a7e4e61458} not implemented, returning E_NOINTERFACE.
5506.009:0138:0198:warn:vkd3d-proton:d3d12_device_QueryInterface: {0742a90b-c387-483f-b946-30a7e4e61458} not implemented, returning E_NOINTERFACE.
5506.047:0138:01a0:warn:vkd3d-proton:d3d12_device_QueryInterface: {0742a90b-c387-483f-b946-30a7e4e61458} not implemented, returning E_NOINTERFACE.
5506.084:0138:0194:warn:vkd3d-proton:d3d12_device_QueryInterface: {0742a90b-c387-483f-b946-30a7e4e61458} not implemented, returning E_NOINTERFACE.
5506.120:0138:01a0:warn:vkd3d-proton:d3d12_device_QueryInterface: {0742a90b-c387-483f-b946-30a7e4e61458} not implemented, returning E_NOINTERFACE.
5506.162:0138:0194:warn:vkd3d-proton:d3d12_device_QueryInterface: {0742a90b-c387-483f-b946-30a7e4e61458} not implemented, returning E_NOINTERFACE.
5506.195:0138:0198:warn:vkd3d-proton:d3d12_device_QueryInterface: {0742a90b-c387-483f-b946-30a7e4e61458} not implemented, returning E_NOINTERFACE.
5506.231:0138:01a0:warn:vkd3d-proton:d3d12_device_QueryInterface: {0742a90b-c387-483f-b946-30a7e4e61458} not implemented, returning E_NOINTERFACE.
5506.260:0138:0198:warn:vkd3d-proton:d3d12_device_QueryInterface: {0742a90b-c387-483f-b946-30a7e4e61458} not implemented, returning E_NOINTERFACE.
5506.300:0138:01a0:warn:vkd3d-proton:d3d12_device_QueryInterface: {0742a90b-c387-483f-b946-30a7e4e61458} not implemented, returning E_NOINTERFACE.
5506.338:0138:019c:warn:vkd3d-proton:d3d12_device_QueryInterface: {0742a90b-c387-483f-b946-30a7e4e61458} not implemented, returning E_NOINTERFACE.
5506.378:0138:019c:warn:vkd3d-proton:d3d12_device_QueryInterface: {0742a90b-c387-483f-b946-30a7e4e61458} not implemented, returning E_NOINTERFACE.
5506.415:0138:01a0:warn:vkd3d-proton:d3d12_device_QueryInterface: {0742a90b-c387-483f-b946-30a7e4e61458} not implemented, returning E_NOINTERFACE.
5506.453:0138:0194:warn:vkd3d-proton:d3d12_device_QueryInterface: {0742a90b-c387-483f-b946-30a7e4e61458} not implemented, returning E_NOINTERFACE.
5506.492:0138:01a0:warn:vkd3d-proton:d3d12_device_QueryInterface: {0742a90b-c387-483f-b946-30a7e4e61458} not implemented, returning E_NOINTERFACE.
5506.523:0138:019c:warn:vkd3d-proton:d3d12_device_QueryInterface: {0742a90b-c387-483f-b946-30a7e4e61458} not implemented, returning E_NOINTERFACE.
5506.553:0138:0198:warn:vkd3d-proton:d3d12_device_QueryInterface: {0742a90b-c387-483f-b946-30a7e4e61458} not implemented, returning E_NOINTERFACE.
5506.586:0138:01a0:warn:vkd3d-proton:d3d12_device_QueryInterface: {0742a90b-c387-483f-b946-30a7e4e61458} not implemented, returning E_NOINTERFACE.
5506.623:0138:019c:warn:vkd3d-proton:d3d12_device_QueryInterface: {0742a90b-c387-483f-b946-30a7e4e61458} not implemented, returning E_NOINTERFACE.
5506.662:0138:0194:warn:vkd3d-proton:d3d12_device_QueryInterface: {0742a90b-c387-483f-b946-30a7e4e61458} not implemented, returning E_NOINTERFACE.
5506.694:0138:019c:warn:vkd3d-proton:d3d12_device_QueryInterface: {0742a90b-c387-483f-b946-30a7e4e61458} not implemented, returning E_NOINTERFACE.
5506.697:0138:019c:warn:vkd3d-proton:d3d12_device_QueryInterface: {0742a90b-c387-483f-b946-30a7e4e61458} not implemented, returning E_NOINTERFACE.
5506.709:0138:01a0:warn:vkd3d-proton:d3d12_device_QueryInterface: {0742a90b-c387-483f-b946-30a7e4e61458} not implemented, returning E_NOINTERFACE.
5506.727:0138:01a0:warn:vkd3d-proton:d3d12_device_QueryInterface: {0742a90b-c387-483f-b946-30a7e4e61458} not implemented, returning E_NOINTERFACE.
5506.755:0138:0198:warn:vkd3d-proton:d3d12_device_QueryInterface: {0742a90b-c387-483f-b946-30a7e4e61458} not implemented, returning E_NOINTERFACE.
5506.788:0138:019c:warn:vkd3d-proton:d3d12_device_QueryInterface: {0742a90b-c387-483f-b946-30a7e4e61458} not implemented, returning E_NOINTERFACE.
5506.826:0138:0194:warn:vkd3d-proton:d3d12_device_QueryInterface: {0742a90b-c387-483f-b946-30a7e4e61458} not implemented, returning E_NOINTERFACE.
5506.865:0138:019c:warn:vkd3d-proton:d3d12_device_QueryInterface: {0742a90b-c387-483f-b946-30a7e4e61458} not implemented, returning E_NOINTERFACE.
5506.901:0138:0198:warn:vkd3d-proton:d3d12_device_QueryInterface: {0742a90b-c387-483f-b946-30a7e4e61458} not implemented, returning E_NOINTERFACE.
5506.932:0138:0194:warn:vkd3d-proton:d3d12_device_QueryInterface: {0742a90b-c387-483f-b946-30a7e4e61458} not implemented, returning E_NOINTERFACE.
5506.966:0138:0198:warn:vkd3d-proton:d3d12_device_QueryInterface: {0742a90b-c387-483f-b946-30a7e4e61458} not implemented, returning E_NOINTERFACE.
5506.997:0138:0194:warn:vkd3d-proton:d3d12_device_QueryInterface: {0742a90b-c387-483f-b946-30a7e4e61458} not implemented, returning E_NOINTERFACE.
5507.032:0138:019c:warn:vkd3d-proton:d3d12_device_QueryInterface: {0742a90b-c387-483f-b946-30a7e4e61458} not implemented, returning E_NOINTERFACE.
5507.064:0138:0198:warn:vkd3d-proton:d3d12_device_QueryInterface: {0742a90b-c387-483f-b946-30a7e4e61458} not implemented, returning E_NOINTERFACE.
5507.097:0138:0194:warn:vkd3d-proton:d3d12_device_QueryInterface: {0742a90b-c387-483f-b946-30a7e4e61458} not implemented, returning E_NOINTERFACE.
5507.127:0138:0194:warn:vkd3d-proton:d3d12_device_QueryInterface: {0742a90b-c387-483f-b946-30a7e4e61458} not implemented, returning E_NOINTERFACE.
5507.162:0138:01a0:warn:vkd3d-proton:d3d12_device_QueryInterface: {0742a90b-c387-483f-b946-30a7e4e61458} not implemented, returning E_NOINTERFACE.
5507.187:0138:019c:warn:vkd3d-proton:d3d12_device_QueryInterface: {0742a90b-c387-483f-b946-30a7e4e61458} not implemented, returning E_NOINTERFACE.
5507.194:0138:019c:warn:vkd3d-proton:d3d12_device_QueryInterface: {0742a90b-c387-483f-b946-30a7e4e61458} not implemented, returning E_NOINTERFACE.
5507.232:0138:01a0:warn:vkd3d-proton:d3d12_device_QueryInterface: {0742a90b-c387-483f-b946-30a7e4e61458} not implemented, returning E_NOINTERFACE.
5507.269:0138:0198:warn:vkd3d-proton:d3d12_device_QueryInterface: {0742a90b-c387-483f-b946-30a7e4e61458} not implemented, returning E_NOINTERFACE.
5507.301:0138:019c:warn:vkd3d-proton:d3d12_device_QueryInterface: {0742a90b-c387-483f-b946-30a7e4e61458} not implemented, returning E_NOINTERFACE.
5507.343:0138:0198:warn:vkd3d-proton:d3d12_device_QueryInterface: {0742a90b-c387-483f-b946-30a7e4e61458} not implemented, returning E_NOINTERFACE.
5507.375:0138:0194:warn:vkd3d-proton:d3d12_device_QueryInterface: {0742a90b-c387-483f-b946-30a7e4e61458} not implemented, returning E_NOINTERFACE.
5507.409:0138:0198:warn:vkd3d-proton:d3d12_device_QueryInterface: {0742a90b-c387-483f-b946-30a7e4e61458} not implemented, returning E_NOINTERFACE.
5507.448:0138:019c:warn:vkd3d-proton:d3d12_device_QueryInterface: {0742a90b-c387-483f-b946-30a7e4e61458} not implemented, returning E_NOINTERFACE.
5507.478:0138:01a0:warn:vkd3d-proton:d3d12_device_QueryInterface: {0742a90b-c387-483f-b946-30a7e4e61458} not implemented, returning E_NOINTERFACE.
5507.511:0138:019c:warn:vkd3d-proton:d3d12_device_QueryInterface: {0742a90b-c387-483f-b946-30a7e4e61458} not implemented, returning E_NOINTERFACE.
5507.534:0138:0198:warn:vkd3d-proton:d3d12_device_QueryInterface: {0742a90b-c387-483f-b946-30a7e4e61458} not implemented, returning E_NOINTERFACE.
5507.572:0138:01a0:warn:vkd3d-proton:d3d12_device_QueryInterface: {0742a90b-c387-483f-b946-30a7e4e61458} not implemented, returning E_NOINTERFACE.
5507.609:0138:019c:warn:vkd3d-proton:d3d12_device_QueryInterface: {0742a90b-c387-483f-b946-30a7e4e61458} not implemented, returning E_NOINTERFACE.
5507.645:0138:0194:warn:vkd3d-proton:d3d12_device_QueryInterface: {0742a90b-c387-483f-b946-30a7e4e61458} not implemented, returning E_NOINTERFACE.
5507.680:0138:019c:warn:vkd3d-proton:d3d12_device_QueryInterface: {0742a90b-c387-483f-b946-30a7e4e61458} not implemented, returning E_NOINTERFACE.
5507.712:0138:01a0:warn:vkd3d-proton:d3d12_device_QueryInterface: {0742a90b-c387-483f-b946-30a7e4e61458} not implemented, returning E_NOINTERFACE.
5507.744:0138:019c:warn:vkd3d-proton:d3d12_device_QueryInterface: {0742a90b-c387-483f-b946-30a7e4e61458} not implemented, returning E_NOINTERFACE.
5507.774:0138:0194:warn:vkd3d-proton:d3d12_device_QueryInterface: {0742a90b-c387-483f-b946-30a7e4e61458} not implemented, returning E_NOINTERFACE.
5507.807:0138:0198:warn:vkd3d-proton:d3d12_device_QueryInterface: {0742a90b-c387-483f-b946-30a7e4e61458} not implemented, returning E_NOINTERFACE.
5507.838:0138:0194:warn:vkd3d-proton:d3d12_device_QueryInterface: {0742a90b-c387-483f-b946-30a7e4e61458} not implemented, returning E_NOINTERFACE.
5507.870:0138:019c:warn:vkd3d-proton:d3d12_device_QueryInterface: {0742a90b-c387-483f-b946-30a7e4e61458} not implemented, returning E_NOINTERFACE.
5507.909:0138:0194:warn:vkd3d-proton:d3d12_device_QueryInterface: {0742a90b-c387-483f-b946-30a7e4e61458} not implemented, returning E_NOINTERFACE.
5507.941:0138:0198:warn:vkd3d-proton:d3d12_device_QueryInterface: {0742a90b-c387-483f-b946-30a7e4e61458} not implemented, returning E_NOINTERFACE.
5507.978:0138:01a0:warn:vkd3d-proton:d3d12_device_QueryInterface: {0742a90b-c387-483f-b946-30a7e4e61458} not implemented, returning E_NOINTERFACE.
5508.014:0138:0194:warn:vkd3d-proton:d3d12_device_QueryInterface: {0742a90b-c387-483f-b946-30a7e4e61458} not implemented, returning E_NOINTERFACE.
5508.038:0138:019c:warn:vkd3d-proton:d3d12_device_QueryInterface: {0742a90b-c387-483f-b946-30a7e4e61458} not implemented, returning E_NOINTERFACE.
5508.078:0138:0198:warn:vkd3d-proton:d3d12_device_QueryInterface: {0742a90b-c387-483f-b946-30a7e4e61458} not implemented, returning E_NOINTERFACE.
5508.108:0138:019c:warn:vkd3d-proton:d3d12_device_QueryInterface: {0742a90b-c387-483f-b946-30a7e4e61458} not implemented, returning E_NOINTERFACE.
5508.143:0138:0194:warn:vkd3d-proton:d3d12_device_QueryInterface: {0742a90b-c387-483f-b946-30a7e4e61458} not implemented, returning E_NOINTERFACE.
5508.175:0138:01a0:warn:vkd3d-proton:d3d12_device_QueryInterface: {0742a90b-c387-483f-b946-30a7e4e61458} not implemented, returning E_NOINTERFACE.
5508.206:0138:019c:warn:vkd3d-proton:d3d12_device_QueryInterface: {0742a90b-c387-483f-b946-30a7e4e61458} not implemented, returning E_NOINTERFACE.
5508.238:0138:0194:warn:vkd3d-proton:d3d12_device_QueryInterface: {0742a90b-c387-483f-b946-30a7e4e61458} not implemented, returning E_NOINTERFACE.
5508.269:0138:01a0:warn:vkd3d-proton:d3d12_device_QueryInterface: {0742a90b-c387-483f-b946-30a7e4e61458} not implemented, returning E_NOINTERFACE.
5508.303:0138:0198:warn:vkd3d-proton:d3d12_device_QueryInterface: {0742a90b-c387-483f-b946-30a7e4e61458} not implemented, returning E_NOINTERFACE.
5508.337:0138:0194:warn:vkd3d-proton:d3d12_device_QueryInterface: {0742a90b-c387-483f-b946-30a7e4e61458} not implemented, returning E_NOINTERFACE.
5508.373:0138:0198:warn:vkd3d-proton:d3d12_device_QueryInterface: {0742a90b-c387-483f-b946-30a7e4e61458} not implemented, returning E_NOINTERFACE.
5508.405:0138:01a0:warn:vkd3d-proton:d3d12_device_QueryInterface: {0742a90b-c387-483f-b946-30a7e4e61458} not implemented, returning E_NOINTERFACE.
5508.444:0138:019c:warn:vkd3d-proton:d3d12_device_QueryInterface: {0742a90b-c387-483f-b946-30a7e4e61458} not implemented, returning E_NOINTERFACE.
5508.477:0138:0194:warn:vkd3d-proton:d3d12_device_QueryInterface: {0742a90b-c387-483f-b946-30a7e4e61458} not implemented, returning E_NOINTERFACE.
5508.510:0138:019c:warn:vkd3d-proton:d3d12_device_QueryInterface: {0742a90b-c387-483f-b946-30a7e4e61458} not implemented, returning E_NOINTERFACE.
5508.544:0138:0198:warn:vkd3d-proton:d3d12_device_QueryInterface: {0742a90b-c387-483f-b946-30a7e4e61458} not implemented, returning E_NOINTERFACE.
5508.569:0138:01a0:warn:vkd3d-proton:d3d12_device_QueryInterface: {0742a90b-c387-483f-b946-30a7e4e61458} not implemented, returning E_NOINTERFACE.
5508.600:0138:0194:warn:vkd3d-proton:d3d12_device_QueryInterface: {0742a90b-c387-483f-b946-30a7e4e61458} not implemented, returning E_NOINTERFACE.
5508.636:0138:0198:warn:vkd3d-proton:d3d12_device_QueryInterface: {0742a90b-c387-483f-b946-30a7e4e61458} not implemented, returning E_NOINTERFACE.
5508.673:0138:019c:warn:vkd3d-proton:d3d12_device_QueryInterface: {0742a90b-c387-483f-b946-30a7e4e61458} not implemented, returning E_NOINTERFACE.
5508.703:0138:01a0:warn:vkd3d-proton:d3d12_device_QueryInterface: {0742a90b-c387-483f-b946-30a7e4e61458} not implemented, returning E_NOINTERFACE.
5508.736:0138:0194:warn:vkd3d-proton:d3d12_device_QueryInterface: {0742a90b-c387-483f-b946-30a7e4e61458} not implemented, returning E_NOINTERFACE.
5508.768:0138:01a0:warn:vkd3d-proton:d3d12_device_QueryInterface: {0742a90b-c387-483f-b946-30a7e4e61458} not implemented, returning E_NOINTERFACE.
5508.799:0138:0194:warn:vkd3d-proton:d3d12_device_QueryInterface: {0742a90b-c387-483f-b946-30a7e4e61458} not implemented, returning E_NOINTERFACE.
5508.833:0138:019c:warn:vkd3d-proton:d3d12_device_QueryInterface: {0742a90b-c387-483f-b946-30a7e4e61458} not implemented, returning E_NOINTERFACE.
5508.869:0138:0198:warn:vkd3d-proton:d3d12_device_QueryInterface: {0742a90b-c387-483f-b946-30a7e4e61458} not implemented, returning E_NOINTERFACE.
5508.901:0138:0194:warn:vkd3d-proton:d3d12_device_QueryInterface: {0742a90b-c387-483f-b946-30a7e4e61458} not implemented, returning E_NOINTERFACE.
5508.939:0138:0198:warn:vkd3d-proton:d3d12_device_QueryInterface: {0742a90b-c387-483f-b946-30a7e4e61458} not implemented, returning E_NOINTERFACE.
5508.973:0138:019c:warn:vkd3d-proton:d3d12_device_QueryInterface: {0742a90b-c387-483f-b946-30a7e4e61458} not implemented, returning E_NOINTERFACE.
5509.005:0138:0194:warn:vkd3d-proton:d3d12_device_QueryInterface: {0742a90b-c387-483f-b946-30a7e4e61458} not implemented, returning E_NOINTERFACE.
5509.035:0138:0198:warn:vkd3d-proton:d3d12_device_QueryInterface: {0742a90b-c387-483f-b946-30a7e4e61458} not implemented, returning E_NOINTERFACE.
5509.067:0138:0194:warn:vkd3d-proton:d3d12_device_QueryInterface: {0742a90b-c387-483f-b946-30a7e4e61458} not implemented, returning E_NOINTERFACE.
5509.093:0138:0198:warn:vkd3d-proton:d3d12_device_QueryInterface: {0742a90b-c387-483f-b946-30a7e4e61458} not implemented, returning E_NOINTERFACE.
5509.125:0138:0194:warn:vkd3d-proton:d3d12_device_QueryInterface: {0742a90b-c387-483f-b946-30a7e4e61458} not implemented, returning E_NOINTERFACE.
5509.129:0138:0194:warn:vkd3d-proton:d3d12_device_QueryInterface: {0742a90b-c387-483f-b946-30a7e4e61458} not implemented, returning E_NOINTERFACE.
5509.167:0138:0198:warn:vkd3d-proton:d3d12_device_QueryInterface: {0742a90b-c387-483f-b946-30a7e4e61458} not implemented, returning E_NOINTERFACE.
5509.198:0138:01a0:warn:vkd3d-proton:d3d12_device_QueryInterface: {0742a90b-c387-483f-b946-30a7e4e61458} not implemented, returning E_NOINTERFACE.
5509.233:0138:0194:warn:vkd3d-proton:d3d12_device_QueryInterface: {0742a90b-c387-483f-b946-30a7e4e61458} not implemented, returning E_NOINTERFACE.
5509.269:0138:019c:warn:vkd3d-proton:d3d12_device_QueryInterface: {0742a90b-c387-483f-b946-30a7e4e61458} not implemented, returning E_NOINTERFACE.
5509.302:0138:0194:warn:vkd3d-proton:d3d12_device_QueryInterface: {0742a90b-c387-483f-b946-30a7e4e61458} not implemented, returning E_NOINTERFACE.
5509.334:0138:0198:warn:vkd3d-proton:d3d12_device_QueryInterface: {0742a90b-c387-483f-b946-30a7e4e61458} not implemented, returning E_NOINTERFACE.
5509.372:0138:019c:warn:vkd3d-proton:d3d12_device_QueryInterface: {0742a90b-c387-483f-b946-30a7e4e61458} not implemented, returning E_NOINTERFACE.
5509.403:0138:0194:warn:vkd3d-proton:d3d12_device_QueryInterface: {0742a90b-c387-483f-b946-30a7e4e61458} not implemented, returning E_NOINTERFACE.
5509.434:0138:019c:warn:vkd3d-proton:d3d12_device_QueryInterface: {0742a90b-c387-483f-b946-30a7e4e61458} not implemented, returning E_NOINTERFACE.
5509.469:0138:0198:warn:vkd3d-proton:d3d12_device_QueryInterface: {0742a90b-c387-483f-b946-30a7e4e61458} not implemented, returning E_NOINTERFACE.
5509.500:0138:0194:warn:vkd3d-proton:d3d12_device_QueryInterface: {0742a90b-c387-483f-b946-30a7e4e61458} not implemented, returning E_NOINTERFACE.
5509.540:0138:01a0:warn:vkd3d-proton:d3d12_device_QueryInterface: {0742a90b-c387-483f-b946-30a7e4e61458} not implemented, returning E_NOINTERFACE.
5509.572:0138:0198:warn:vkd3d-proton:d3d12_device_QueryInterface: {0742a90b-c387-483f-b946-30a7e4e61458} not implemented, returning E_NOINTERFACE.
5509.609:0138:019c:warn:vkd3d-proton:d3d12_device_QueryInterface: {0742a90b-c387-483f-b946-30a7e4e61458} not implemented, returning E_NOINTERFACE.
5509.634:0138:0194:warn:vkd3d-proton:d3d12_device_QueryInterface: {0742a90b-c387-483f-b946-30a7e4e61458} not implemented, returning E_NOINTERFACE.
5509.668:0138:01a0:warn:vkd3d-proton:d3d12_device_QueryInterface: {0742a90b-c387-483f-b946-30a7e4e61458} not implemented, returning E_NOINTERFACE.
5509.696:0138:0194:warn:vkd3d-proton:d3d12_device_QueryInterface: {0742a90b-c387-483f-b946-30a7e4e61458} not implemented, returning E_NOINTERFACE.
5509.730:0138:01a0:warn:vkd3d-proton:d3d12_device_QueryInterface: {0742a90b-c387-483f-b946-30a7e4e61458} not implemented, returning E_NOINTERFACE.
5509.763:0138:019c:warn:vkd3d-proton:d3d12_device_QueryInterface: {0742a90b-c387-483f-b946-30a7e4e61458} not implemented, returning E_NOINTERFACE.
5509.800:0138:0198:warn:vkd3d-proton:d3d12_device_QueryInterface: {0742a90b-c387-483f-b946-30a7e4e61458} not implemented, returning E_NOINTERFACE.
5509.837:0138:01a0:warn:vkd3d-proton:d3d12_device_QueryInterface: {0742a90b-c387-483f-b946-30a7e4e61458} not implemented, returning E_NOINTERFACE.
5509.871:0138:019c:warn:vkd3d-proton:d3d12_device_QueryInterface: {0742a90b-c387-483f-b946-30a7e4e61458} not implemented, returning E_NOINTERFACE.
5509.904:0138:01a0:warn:vkd3d-proton:d3d12_device_QueryInterface: {0742a90b-c387-483f-b946-30a7e4e61458} not implemented, returning E_NOINTERFACE.
5509.939:0138:0194:warn:vkd3d-proton:d3d12_device_QueryInterface: {0742a90b-c387-483f-b946-30a7e4e61458} not implemented, returning E_NOINTERFACE.
5509.972:0138:019c:warn:vkd3d-proton:d3d12_device_QueryInterface: {0742a90b-c387-483f-b946-30a7e4e61458} not implemented, returning E_NOINTERFACE.
5510.007:0138:0194:warn:vkd3d-proton:d3d12_device_QueryInterface: {0742a90b-c387-483f-b946-30a7e4e61458} not implemented, returning E_NOINTERFACE.
5510.041:0138:019c:warn:vkd3d-proton:d3d12_device_QueryInterface: {0742a90b-c387-483f-b946-30a7e4e61458} not implemented, returning E_NOINTERFACE.
5510.071:0138:0198:warn:vkd3d-proton:d3d12_device_QueryInterface: {0742a90b-c387-483f-b946-30a7e4e61458} not implemented, returning E_NOINTERFACE.
5510.104:0138:0194:warn:vkd3d-proton:d3d12_device_QueryInterface: {0742a90b-c387-483f-b946-30a7e4e61458} not implemented, returning E_NOINTERFACE.
5510.136:0138:01a0:warn:vkd3d-proton:d3d12_device_QueryInterface: {0742a90b-c387-483f-b946-30a7e4e61458} not implemented, returning E_NOINTERFACE.
5510.170:0138:0198:warn:vkd3d-proton:d3d12_device_QueryInterface: {0742a90b-c387-483f-b946-30a7e4e61458} not implemented, returning E_NOINTERFACE.
5510.201:0138:019c:warn:vkd3d-proton:d3d12_device_QueryInterface: {0742a90b-c387-483f-b946-30a7e4e61458} not implemented, returning E_NOINTERFACE.
5510.233:0138:0198:warn:vkd3d-proton:d3d12_device_QueryInterface: {0742a90b-c387-483f-b946-30a7e4e61458} not implemented, returning E_NOINTERFACE.
5510.266:0138:01a0:warn:vkd3d-proton:d3d12_device_QueryInterface: {0742a90b-c387-483f-b946-30a7e4e61458} not implemented, returning E_NOINTERFACE.
5510.303:0138:0194:warn:vkd3d-proton:d3d12_device_QueryInterface: {0742a90b-c387-483f-b946-30a7e4e61458} not implemented, returning E_NOINTERFACE.
5510.344:0138:01a0:warn:vkd3d-proton:d3d12_device_QueryInterface: {0742a90b-c387-483f-b946-30a7e4e61458} not implemented, returning E_NOINTERFACE.
5510.375:0138:0194:warn:vkd3d-proton:d3d12_device_QueryInterface: {0742a90b-c387-483f-b946-30a7e4e61458} not implemented, returning E_NOINTERFACE.
5510.407:0138:0198:warn:vkd3d-proton:d3d12_device_QueryInterface: {0742a90b-c387-483f-b946-30a7e4e61458} not implemented, returning E_NOINTERFACE.
5510.439:0138:019c:warn:vkd3d-proton:d3d12_device_QueryInterface: {0742a90b-c387-483f-b946-30a7e4e61458} not implemented, returning E_NOINTERFACE.
5510.469:0138:0198:warn:vkd3d-proton:d3d12_device_QueryInterface: {0742a90b-c387-483f-b946-30a7e4e61458} not implemented, returning E_NOINTERFACE.
5510.505:0138:01a0:warn:vkd3d-proton:d3d12_device_QueryInterface: {0742a90b-c387-483f-b946-30a7e4e61458} not implemented, returning E_NOINTERFACE.
5510.534:0138:0198:warn:vkd3d-proton:d3d12_device_QueryInterface: {0742a90b-c387-483f-b946-30a7e4e61458} not implemented, returning E_NOINTERFACE.
5510.568:0138:0194:warn:vkd3d-proton:d3d12_device_QueryInterface: {0742a90b-c387-483f-b946-30a7e4e61458} not implemented, returning E_NOINTERFACE.
5510.599:0138:01a0:warn:vkd3d-proton:d3d12_device_QueryInterface: {0742a90b-c387-483f-b946-30a7e4e61458} not implemented, returning E_NOINTERFACE.
5510.633:0138:0198:warn:vkd3d-proton:d3d12_device_QueryInterface: {0742a90b-c387-483f-b946-30a7e4e61458} not implemented, returning E_NOINTERFACE.
5510.664:0138:0194:warn:vkd3d-proton:d3d12_device_QueryInterface: {0742a90b-c387-483f-b946-30a7e4e61458} not implemented, returning E_NOINTERFACE.
5510.697:0138:019c:warn:vkd3d-proton:d3d12_device_QueryInterface: {0742a90b-c387-483f-b946-30a7e4e61458} not implemented, returning E_NOINTERFACE.
5510.733:0138:0194:warn:vkd3d-proton:d3d12_device_QueryInterface: {0742a90b-c387-483f-b946-30a7e4e61458} not implemented, returning E_NOINTERFACE.
5510.764:0138:0198:warn:vkd3d-proton:d3d12_device_QueryInterface: {0742a90b-c387-483f-b946-30a7e4e61458} not implemented, returning E_NOINTERFACE.
5510.805:0138:019c:warn:vkd3d-proton:d3d12_device_QueryInterface: {0742a90b-c387-483f-b946-30a7e4e61458} not implemented, returning E_NOINTERFACE.
5510.837:0138:0194:warn:vkd3d-proton:d3d12_device_QueryInterface: {0742a90b-c387-483f-b946-30a7e4e61458} not implemented, returning E_NOINTERFACE.
5510.870:0138:019c:warn:vkd3d-proton:d3d12_device_QueryInterface: {0742a90b-c387-483f-b946-30a7e4e61458} not implemented, returning E_NOINTERFACE.
5510.902:0138:01a0:warn:vkd3d-proton:d3d12_device_QueryInterface: {0742a90b-c387-483f-b946-30a7e4e61458} not implemented, returning E_NOINTERFACE.
5510.935:0138:0194:warn:vkd3d-proton:d3d12_device_QueryInterface: {0742a90b-c387-483f-b946-30a7e4e61458} not implemented, returning E_NOINTERFACE.
5510.975:0138:0198:warn:vkd3d-proton:d3d12_device_QueryInterface: {0742a90b-c387-483f-b946-30a7e4e61458} not implemented, returning E_NOINTERFACE.
5511.016:0138:019c:warn:vkd3d-proton:d3d12_device_QueryInterface: {0742a90b-c387-483f-b946-30a7e4e61458} not implemented, returning E_NOINTERFACE.
5511.051:0138:0198:warn:vkd3d-proton:d3d12_device_QueryInterface: {0742a90b-c387-483f-b946-30a7e4e61458} not implemented, returning E_NOINTERFACE.
5511.084:0138:0194:warn:vkd3d-proton:d3d12_device_QueryInterface: {0742a90b-c387-483f-b946-30a7e4e61458} not implemented, returning E_NOINTERFACE.
5511.120:0138:019c:warn:vkd3d-proton:d3d12_device_QueryInterface: {0742a90b-c387-483f-b946-30a7e4e61458} not implemented, returning E_NOINTERFACE.
5511.158:0138:0194:warn:vkd3d-proton:d3d12_device_QueryInterface: {0742a90b-c387-483f-b946-30a7e4e61458} not implemented, returning E_NOINTERFACE.
5511.194:0138:0198:warn:vkd3d-proton:d3d12_device_QueryInterface: {0742a90b-c387-483f-b946-30a7e4e61458} not implemented, returning E_NOINTERFACE.
5511.234:0138:019c:warn:vkd3d-proton:d3d12_device_QueryInterface: {0742a90b-c387-483f-b946-30a7e4e61458} not implemented, returning E_NOINTERFACE.
5511.274:0138:01a0:warn:vkd3d-proton:d3d12_device_QueryInterface: {0742a90b-c387-483f-b946-30a7e4e61458} not implemented, returning E_NOINTERFACE.
5511.310:0138:019c:warn:vkd3d-proton:d3d12_device_QueryInterface: {0742a90b-c387-483f-b946-30a7e4e61458} not implemented, returning E_NOINTERFACE.
5511.346:0138:01a0:warn:vkd3d-proton:d3d12_device_QueryInterface: {0742a90b-c387-483f-b946-30a7e4e61458} not implemented, returning E_NOINTERFACE.
5511.382:0138:0194:warn:vkd3d-proton:d3d12_device_QueryInterface: {0742a90b-c387-483f-b946-30a7e4e61458} not implemented, returning E_NOINTERFACE.
5511.422:0138:0198:warn:vkd3d-proton:d3d12_device_QueryInterface: {0742a90b-c387-483f-b946-30a7e4e61458} not implemented, returning E_NOINTERFACE.
5511.462:0138:019c:warn:vkd3d-proton:d3d12_device_QueryInterface: {0742a90b-c387-483f-b946-30a7e4e61458} not implemented, returning E_NOINTERFACE.
5511.498:0138:01a0:warn:vkd3d-proton:d3d12_device_QueryInterface: {0742a90b-c387-483f-b946-30a7e4e61458} not implemented, returning E_NOINTERFACE.
5511.538:0138:019c:warn:vkd3d-proton:d3d12_device_QueryInterface: {0742a90b-c387-483f-b946-30a7e4e61458} not implemented, returning E_NOINTERFACE.
5511.573:0138:0198:warn:vkd3d-proton:d3d12_device_QueryInterface: {0742a90b-c387-483f-b946-30a7e4e61458} not implemented, returning E_NOINTERFACE.
5511.605:0138:01a0:warn:vkd3d-proton:d3d12_device_QueryInterface: {0742a90b-c387-483f-b946-30a7e4e61458} not implemented, returning E_NOINTERFACE.
5511.645:0138:0194:warn:vkd3d-proton:d3d12_device_QueryInterface: {0742a90b-c387-483f-b946-30a7e4e61458} not implemented, returning E_NOINTERFACE.
5511.676:0138:01a0:warn:vkd3d-proton:d3d12_device_QueryInterface: {0742a90b-c387-483f-b946-30a7e4e61458} not implemented, returning E_NOINTERFACE.
5511.714:0138:0198:warn:vkd3d-proton:d3d12_device_QueryInterface: {0742a90b-c387-483f-b946-30a7e4e61458} not implemented, returning E_NOINTERFACE.
5511.753:0138:0194:warn:vkd3d-proton:d3d12_device_QueryInterface: {0742a90b-c387-483f-b946-30a7e4e61458} not implemented, returning E_NOINTERFACE.
5511.790:0138:01a0:warn:vkd3d-proton:d3d12_device_QueryInterface: {0742a90b-c387-483f-b946-30a7e4e61458} not implemented, returning E_NOINTERFACE.
5511.826:0138:0194:warn:vkd3d-proton:d3d12_device_QueryInterface: {0742a90b-c387-483f-b946-30a7e4e61458} not implemented, returning E_NOINTERFACE.
5511.862:0138:019c:warn:vkd3d-proton:d3d12_device_QueryInterface: {0742a90b-c387-483f-b946-30a7e4e61458} not implemented, returning E_NOINTERFACE.
5511.900:0138:01a0:warn:vkd3d-proton:d3d12_device_QueryInterface: {0742a90b-c387-483f-b946-30a7e4e61458} not implemented, returning E_NOINTERFACE.
5511.936:0138:0194:warn:vkd3d-proton:d3d12_device_QueryInterface: {0742a90b-c387-483f-b946-30a7e4e61458} not implemented, returning E_NOINTERFACE.
5511.967:0138:019c:warn:vkd3d-proton:d3d12_device_QueryInterface: {0742a90b-c387-483f-b946-30a7e4e61458} not implemented, returning E_NOINTERFACE.
5512.000:0138:0198:warn:vkd3d-proton:d3d12_device_QueryInterface: {0742a90b-c387-483f-b946-30a7e4e61458} not implemented, returning E_NOINTERFACE.
5512.034:0138:01a0:warn:vkd3d-proton:d3d12_device_QueryInterface: {0742a90b-c387-483f-b946-30a7e4e61458} not implemented, returning E_NOINTERFACE.
5512.067:0138:0198:warn:vkd3d-proton:d3d12_device_QueryInterface: {0742a90b-c387-483f-b946-30a7e4e61458} not implemented, returning E_NOINTERFACE.
5512.100:0138:0194:warn:vkd3d-proton:d3d12_device_QueryInterface: {0742a90b-c387-483f-b946-30a7e4e61458} not implemented, returning E_NOINTERFACE.
5512.129:0138:01a0:warn:vkd3d-proton:d3d12_device_QueryInterface: {0742a90b-c387-483f-b946-30a7e4e61458} not implemented, returning E_NOINTERFACE.
5512.165:0138:0194:warn:vkd3d-proton:d3d12_device_QueryInterface: {0742a90b-c387-483f-b946-30a7e4e61458} not implemented, returning E_NOINTERFACE.
5512.198:0138:0198:warn:vkd3d-proton:d3d12_device_QueryInterface: {0742a90b-c387-483f-b946-30a7e4e61458} not implemented, returning E_NOINTERFACE.
5512.235:0138:01a0:warn:vkd3d-proton:d3d12_device_QueryInterface: {0742a90b-c387-483f-b946-30a7e4e61458} not implemented, returning E_NOINTERFACE.
5512.272:0138:019c:warn:vkd3d-proton:d3d12_device_QueryInterface: {0742a90b-c387-483f-b946-30a7e4e61458} not implemented, returning E_NOINTERFACE.
5512.308:0138:0198:warn:vkd3d-proton:d3d12_device_QueryInterface: {0742a90b-c387-483f-b946-30a7e4e61458} not implemented, returning E_NOINTERFACE.
5512.346:0138:019c:warn:vkd3d-proton:d3d12_device_QueryInterface: {0742a90b-c387-483f-b946-30a7e4e61458} not implemented, returning E_NOINTERFACE.
5512.377:0138:0194:warn:vkd3d-proton:d3d12_device_QueryInterface: {0742a90b-c387-483f-b946-30a7e4e61458} not implemented, returning E_NOINTERFACE.
5512.410:0138:019c:warn:vkd3d-proton:d3d12_device_QueryInterface: {0742a90b-c387-483f-b946-30a7e4e61458} not implemented, returning E_NOINTERFACE.
5512.446:0138:01a0:warn:vkd3d-proton:d3d12_device_QueryInterface: {0742a90b-c387-483f-b946-30a7e4e61458} not implemented, returning E_NOINTERFACE.
5512.476:0138:0194:warn:vkd3d-proton:d3d12_device_QueryInterface: {0742a90b-c387-483f-b946-30a7e4e61458} not implemented, returning E_NOINTERFACE.
5512.506:0138:019c:warn:vkd3d-proton:d3d12_device_QueryInterface: {0742a90b-c387-483f-b946-30a7e4e61458} not implemented, returning E_NOINTERFACE.
5512.541:0138:0194:warn:vkd3d-proton:d3d12_device_QueryInterface: {0742a90b-c387-483f-b946-30a7e4e61458} not implemented, returning E_NOINTERFACE.
5512.577:0138:0198:warn:vkd3d-proton:d3d12_device_QueryInterface: {0742a90b-c387-483f-b946-30a7e4e61458} not implemented, returning E_NOINTERFACE.
5512.611:0138:01a0:warn:vkd3d-proton:d3d12_device_QueryInterface: {0742a90b-c387-483f-b946-30a7e4e61458} not implemented, returning E_NOINTERFACE.
5512.640:0138:0198:warn:vkd3d-proton:d3d12_device_QueryInterface: {0742a90b-c387-483f-b946-30a7e4e61458} not implemented, returning E_NOINTERFACE.
5512.670:0138:01a0:warn:vkd3d-proton:d3d12_device_QueryInterface: {0742a90b-c387-483f-b946-30a7e4e61458} not implemented, returning E_NOINTERFACE.
5512.704:0138:019c:warn:vkd3d-proton:d3d12_device_QueryInterface: {0742a90b-c387-483f-b946-30a7e4e61458} not implemented, returning E_NOINTERFACE.
5512.736:0138:0194:warn:vkd3d-proton:d3d12_device_QueryInterface: {0742a90b-c387-483f-b946-30a7e4e61458} not implemented, returning E_NOINTERFACE.
5512.766:0138:019c:warn:vkd3d-proton:d3d12_device_QueryInterface: {0742a90b-c387-483f-b946-30a7e4e61458} not implemented, returning E_NOINTERFACE.
5512.799:0138:01a0:warn:vkd3d-proton:d3d12_device_QueryInterface: {0742a90b-c387-483f-b946-30a7e4e61458} not implemented, returning E_NOINTERFACE.
5512.831:0138:0198:warn:vkd3d-proton:d3d12_device_QueryInterface: {0742a90b-c387-483f-b946-30a7e4e61458} not implemented, returning E_NOINTERFACE.
5512.863:0138:0194:warn:vkd3d-proton:d3d12_device_QueryInterface: {0742a90b-c387-483f-b946-30a7e4e61458} not implemented, returning E_NOINTERFACE.
5512.895:0138:01a0:warn:vkd3d-proton:d3d12_device_QueryInterface: {0742a90b-c387-483f-b946-30a7e4e61458} not implemented, returning E_NOINTERFACE.
5512.927:0138:0194:warn:vkd3d-proton:d3d12_device_QueryInterface: {0742a90b-c387-483f-b946-30a7e4e61458} not implemented, returning E_NOINTERFACE.
5512.960:0138:0198:warn:vkd3d-proton:d3d12_device_QueryInterface: {0742a90b-c387-483f-b946-30a7e4e61458} not implemented, returning E_NOINTERFACE.
5512.992:0138:019c:warn:vkd3d-proton:d3d12_device_QueryInterface: {0742a90b-c387-483f-b946-30a7e4e61458} not implemented, returning E_NOINTERFACE.
5513.027:0138:01a0:warn:vkd3d-proton:d3d12_device_QueryInterface: {0742a90b-c387-483f-b946-30a7e4e61458} not implemented, returning E_NOINTERFACE.
5513.059:0138:019c:warn:vkd3d-proton:d3d12_device_QueryInterface: {0742a90b-c387-483f-b946-30a7e4e61458} not implemented, returning E_NOINTERFACE.
5513.090:0138:01a0:warn:vkd3d-proton:d3d12_device_QueryInterface: {0742a90b-c387-483f-b946-30a7e4e61458} not implemented, returning E_NOINTERFACE.
5513.122:0138:0194:warn:vkd3d-proton:d3d12_device_QueryInterface: {0742a90b-c387-483f-b946-30a7e4e61458} not implemented, returning E_NOINTERFACE.
5513.157:0138:019c:warn:vkd3d-proton:d3d12_device_QueryInterface: {0742a90b-c387-483f-b946-30a7e4e61458} not implemented, returning E_NOINTERFACE.
5513.190:0138:0194:warn:vkd3d-proton:d3d12_device_QueryInterface: {0742a90b-c387-483f-b946-30a7e4e61458} not implemented, returning E_NOINTERFACE.
5513.221:0138:0198:warn:vkd3d-proton:d3d12_device_QueryInterface: {0742a90b-c387-483f-b946-30a7e4e61458} not implemented, returning E_NOINTERFACE.
5513.255:0138:0194:warn:vkd3d-proton:d3d12_device_QueryInterface: {0742a90b-c387-483f-b946-30a7e4e61458} not implemented, returning E_NOINTERFACE.
5513.288:0138:01a0:warn:vkd3d-proton:d3d12_device_QueryInterface: {0742a90b-c387-483f-b946-30a7e4e61458} not implemented, returning E_NOINTERFACE.
5513.319:0138:0194:warn:vkd3d-proton:d3d12_device_QueryInterface: {0742a90b-c387-483f-b946-30a7e4e61458} not implemented, returning E_NOINTERFACE.
5513.353:0138:01a0:warn:vkd3d-proton:d3d12_device_QueryInterface: {0742a90b-c387-483f-b946-30a7e4e61458} not implemented, returning E_NOINTERFACE.
5513.384:0138:0198:warn:vkd3d-proton:d3d12_device_QueryInterface: {0742a90b-c387-483f-b946-30a7e4e61458} not implemented, returning E_NOINTERFACE.
5513.420:0138:0194:warn:vkd3d-proton:d3d12_device_QueryInterface: {0742a90b-c387-483f-b946-30a7e4e61458} not implemented, returning E_NOINTERFACE.
5513.454:0138:0198:warn:vkd3d-proton:d3d12_device_QueryInterface: {0742a90b-c387-483f-b946-30a7e4e61458} not implemented, returning E_NOINTERFACE.
5513.492:0138:01a0:warn:vkd3d-proton:d3d12_device_QueryInterface: {0742a90b-c387-483f-b946-30a7e4e61458} not implemented, returning E_NOINTERFACE.
5513.533:0138:0198:warn:vkd3d-proton:d3d12_device_QueryInterface: {0742a90b-c387-483f-b946-30a7e4e61458} not implemented, returning E_NOINTERFACE.
5513.573:0138:01a0:warn:vkd3d-proton:d3d12_device_QueryInterface: {0742a90b-c387-483f-b946-30a7e4e61458} not implemented, returning E_NOINTERFACE.
5513.608:0138:0194:warn:vkd3d-proton:d3d12_device_QueryInterface: {0742a90b-c387-483f-b946-30a7e4e61458} not implemented, returning E_NOINTERFACE.
5513.645:0138:019c:warn:vkd3d-proton:d3d12_device_QueryInterface: {0742a90b-c387-483f-b946-30a7e4e61458} not implemented, returning E_NOINTERFACE.
5513.679:0138:0198:warn:vkd3d-proton:d3d12_device_QueryInterface: {0742a90b-c387-483f-b946-30a7e4e61458} not implemented, returning E_NOINTERFACE.
5513.708:0138:01a0:warn:vkd3d-proton:d3d12_device_QueryInterface: {0742a90b-c387-483f-b946-30a7e4e61458} not implemented, returning E_NOINTERFACE.
5513.740:0138:019c:warn:vkd3d-proton:d3d12_device_QueryInterface: {0742a90b-c387-483f-b946-30a7e4e61458} not implemented, returning E_NOINTERFACE.
5513.771:0138:0198:warn:vkd3d-proton:d3d12_device_QueryInterface: {0742a90b-c387-483f-b946-30a7e4e61458} not implemented, returning E_NOINTERFACE.
5513.803:0138:01a0:warn:vkd3d-proton:d3d12_device_QueryInterface: {0742a90b-c387-483f-b946-30a7e4e61458} not implemented, returning E_NOINTERFACE.
5513.837:0138:019c:warn:vkd3d-proton:d3d12_device_QueryInterface: {0742a90b-c387-483f-b946-30a7e4e61458} not implemented, returning E_NOINTERFACE.
5513.870:0138:0198:warn:vkd3d-proton:d3d12_device_QueryInterface: {0742a90b-c387-483f-b946-30a7e4e61458} not implemented, returning E_NOINTERFACE.
5513.902:0138:019c:warn:vkd3d-proton:d3d12_device_QueryInterface: {0742a90b-c387-483f-b946-30a7e4e61458} not implemented, returning E_NOINTERFACE.
5513.936:0138:01a0:warn:vkd3d-proton:d3d12_device_QueryInterface: {0742a90b-c387-483f-b946-30a7e4e61458} not implemented, returning E_NOINTERFACE.
5513.976:0138:0194:warn:vkd3d-proton:d3d12_device_QueryInterface: {0742a90b-c387-483f-b946-30a7e4e61458} not implemented, returning E_NOINTERFACE.
5514.008:0138:019c:warn:vkd3d-proton:d3d12_device_QueryInterface: {0742a90b-c387-483f-b946-30a7e4e61458} not implemented, returning E_NOINTERFACE.
5514.039:0138:0198:warn:vkd3d-proton:d3d12_device_QueryInterface: {0742a90b-c387-483f-b946-30a7e4e61458} not implemented, returning E_NOINTERFACE.
5514.073:0138:019c:warn:vkd3d-proton:d3d12_device_QueryInterface: {0742a90b-c387-483f-b946-30a7e4e61458} not implemented, returning E_NOINTERFACE.
5514.104:0138:0198:warn:vkd3d-proton:d3d12_device_QueryInterface: {0742a90b-c387-483f-b946-30a7e4e61458} not implemented, returning E_NOINTERFACE.
5514.137:0138:019c:warn:vkd3d-proton:d3d12_device_QueryInterface: {0742a90b-c387-483f-b946-30a7e4e61458} not implemented, returning E_NOINTERFACE.
5514.168:0138:0194:warn:vkd3d-proton:d3d12_device_QueryInterface: {0742a90b-c387-483f-b946-30a7e4e61458} not implemented, returning E_NOINTERFACE.
5514.202:0138:01a0:warn:vkd3d-proton:d3d12_device_QueryInterface: {0742a90b-c387-483f-b946-30a7e4e61458} not implemented, returning E_NOINTERFACE.
5514.242:0138:019c:warn:vkd3d-proton:d3d12_device_QueryInterface: {0742a90b-c387-483f-b946-30a7e4e61458} not implemented, returning E_NOINTERFACE.
5514.281:0138:01a0:warn:vkd3d-proton:d3d12_device_QueryInterface: {0742a90b-c387-483f-b946-30a7e4e61458} not implemented, returning E_NOINTERFACE.
5514.318:0138:0194:warn:vkd3d-proton:d3d12_device_QueryInterface: {0742a90b-c387-483f-b946-30a7e4e61458} not implemented, returning E_NOINTERFACE.
5514.356:0138:019c:warn:vkd3d-proton:d3d12_device_QueryInterface: {0742a90b-c387-483f-b946-30a7e4e61458} not implemented, returning E_NOINTERFACE.
5514.393:0138:01a0:warn:vkd3d-proton:d3d12_device_QueryInterface: {0742a90b-c387-483f-b946-30a7e4e61458} not implemented, returning E_NOINTERFACE.
5514.424:0138:019c:warn:vkd3d-proton:d3d12_device_QueryInterface: {0742a90b-c387-483f-b946-30a7e4e61458} not implemented, returning E_NOINTERFACE.
5514.457:0138:0198:warn:vkd3d-proton:d3d12_device_QueryInterface: {0742a90b-c387-483f-b946-30a7e4e61458} not implemented, returning E_NOINTERFACE.
5514.491:0138:019c:warn:vkd3d-proton:d3d12_device_QueryInterface: {0742a90b-c387-483f-b946-30a7e4e61458} not implemented, returning E_NOINTERFACE.
5514.529:0138:0198:warn:vkd3d-proton:d3d12_device_QueryInterface: {0742a90b-c387-483f-b946-30a7e4e61458} not implemented, returning E_NOINTERFACE.
5514.564:0138:01a0:warn:vkd3d-proton:d3d12_device_QueryInterface: {0742a90b-c387-483f-b946-30a7e4e61458} not implemented, returning E_NOINTERFACE.
5514.598:0138:0194:warn:vkd3d-proton:d3d12_device_QueryInterface: {0742a90b-c387-483f-b946-30a7e4e61458} not implemented, returning E_NOINTERFACE.
5514.601:0138:0194:warn:vkd3d-proton:d3d12_device_QueryInterface: {0742a90b-c387-483f-b946-30a7e4e61458} not implemented, returning E_NOINTERFACE.
5514.616:0138:0198:warn:vkd3d-proton:d3d12_device_QueryInterface: {0742a90b-c387-483f-b946-30a7e4e61458} not implemented, returning E_NOINTERFACE.
5514.633:0138:0198:warn:vkd3d-proton:d3d12_device_QueryInterface: {0742a90b-c387-483f-b946-30a7e4e61458} not implemented, returning E_NOINTERFACE.
5514.665:0138:0194:warn:vkd3d-proton:d3d12_device_QueryInterface: {0742a90b-c387-483f-b946-30a7e4e61458} not implemented, returning E_NOINTERFACE.
5514.704:0138:019c:warn:vkd3d-proton:d3d12_device_QueryInterface: {0742a90b-c387-483f-b946-30a7e4e61458} not implemented, returning E_NOINTERFACE.
5514.734:0138:0194:warn:vkd3d-proton:d3d12_device_QueryInterface: {0742a90b-c387-483f-b946-30a7e4e61458} not implemented, returning E_NOINTERFACE.
5514.762:0138:019c:warn:vkd3d-proton:d3d12_device_QueryInterface: {0742a90b-c387-483f-b946-30a7e4e61458} not implemented, returning E_NOINTERFACE.
5514.798:0138:01a0:warn:vkd3d-proton:d3d12_device_QueryInterface: {0742a90b-c387-483f-b946-30a7e4e61458} not implemented, returning E_NOINTERFACE.
5514.830:0138:019c:warn:vkd3d-proton:d3d12_device_QueryInterface: {0742a90b-c387-483f-b946-30a7e4e61458} not implemented, returning E_NOINTERFACE.
5514.866:0138:0194:warn:vkd3d-proton:d3d12_device_QueryInterface: {0742a90b-c387-483f-b946-30a7e4e61458} not implemented, returning E_NOINTERFACE.
5514.899:0138:01a0:warn:vkd3d-proton:d3d12_device_QueryInterface: {0742a90b-c387-483f-b946-30a7e4e61458} not implemented, returning E_NOINTERFACE.
5514.931:0138:0198:warn:vkd3d-proton:d3d12_device_QueryInterface: {0742a90b-c387-483f-b946-30a7e4e61458} not implemented, returning E_NOINTERFACE.
5514.966:0138:0194:warn:vkd3d-proton:d3d12_device_QueryInterface: {0742a90b-c387-483f-b946-30a7e4e61458} not implemented, returning E_NOINTERFACE.
5515.005:0138:0198:warn:vkd3d-proton:d3d12_device_QueryInterface: {0742a90b-c387-483f-b946-30a7e4e61458} not implemented, returning E_NOINTERFACE.
5515.036:0138:0194:warn:vkd3d-proton:d3d12_device_QueryInterface: {0742a90b-c387-483f-b946-30a7e4e61458} not implemented, returning E_NOINTERFACE.
5515.071:0138:0198:warn:vkd3d-proton:d3d12_device_QueryInterface: {0742a90b-c387-483f-b946-30a7e4e61458} not implemented, returning E_NOINTERFACE.
5515.108:0138:019c:warn:vkd3d-proton:d3d12_device_QueryInterface: {0742a90b-c387-483f-b946-30a7e4e61458} not implemented, returning E_NOINTERFACE.
5515.139:0138:01a0:warn:vkd3d-proton:d3d12_device_QueryInterface: {0742a90b-c387-483f-b946-30a7e4e61458} not implemented, returning E_NOINTERFACE.
5515.172:0138:0198:warn:vkd3d-proton:d3d12_device_QueryInterface: {0742a90b-c387-483f-b946-30a7e4e61458} not implemented, returning E_NOINTERFACE.
5515.206:0138:01a0:warn:vkd3d-proton:d3d12_device_QueryInterface: {0742a90b-c387-483f-b946-30a7e4e61458} not implemented, returning E_NOINTERFACE.
5515.240:0138:0198:warn:vkd3d-proton:d3d12_device_QueryInterface: {0742a90b-c387-483f-b946-30a7e4e61458} not implemented, returning E_NOINTERFACE.
5515.273:0138:019c:warn:vkd3d-proton:d3d12_device_QueryInterface: {0742a90b-c387-483f-b946-30a7e4e61458} not implemented, returning E_NOINTERFACE.
5515.297:0138:0198:warn:vkd3d-proton:d3d12_device_QueryInterface: {0742a90b-c387-483f-b946-30a7e4e61458} not implemented, returning E_NOINTERFACE.
5515.331:0138:0194:warn:vkd3d-proton:d3d12_device_QueryInterface: {0742a90b-c387-483f-b946-30a7e4e61458} not implemented, returning E_NOINTERFACE.
5515.364:0138:01a0:warn:vkd3d-proton:d3d12_device_QueryInterface: {0742a90b-c387-483f-b946-30a7e4e61458} not implemented, returning E_NOINTERFACE.
5515.395:0138:019c:warn:vkd3d-proton:d3d12_device_QueryInterface: {0742a90b-c387-483f-b946-30a7e4e61458} not implemented, returning E_NOINTERFACE.
5515.429:0138:01a0:warn:vkd3d-proton:d3d12_device_QueryInterface: {0742a90b-c387-483f-b946-30a7e4e61458} not implemented, returning E_NOINTERFACE.
5515.461:0138:0198:warn:vkd3d-proton:d3d12_device_QueryInterface: {0742a90b-c387-483f-b946-30a7e4e61458} not implemented, returning E_NOINTERFACE.
5515.463:0138:0198:warn:vkd3d-proton:d3d12_device_QueryInterface: {0742a90b-c387-483f-b946-30a7e4e61458} not implemented, returning E_NOINTERFACE.
5515.497:0138:01a0:warn:vkd3d-proton:d3d12_device_QueryInterface: {0742a90b-c387-483f-b946-30a7e4e61458} not implemented, returning E_NOINTERFACE.
5515.531:0138:019c:warn:vkd3d-proton:d3d12_device_QueryInterface: {0742a90b-c387-483f-b946-30a7e4e61458} not implemented, returning E_NOINTERFACE.
5515.564:0138:0194:warn:vkd3d-proton:d3d12_device_QueryInterface: {0742a90b-c387-483f-b946-30a7e4e61458} not implemented, returning E_NOINTERFACE.
5515.594:0138:0198:warn:vkd3d-proton:d3d12_device_QueryInterface: {0742a90b-c387-483f-b946-30a7e4e61458} not implemented, returning E_NOINTERFACE.
5515.635:0138:019c:warn:vkd3d-proton:d3d12_device_QueryInterface: {0742a90b-c387-483f-b946-30a7e4e61458} not implemented, returning E_NOINTERFACE.
5515.667:0138:0198:warn:vkd3d-proton:d3d12_device_QueryInterface: {0742a90b-c387-483f-b946-30a7e4e61458} not implemented, returning E_NOINTERFACE.
5515.698:0138:019c:warn:vkd3d-proton:d3d12_device_QueryInterface: {0742a90b-c387-483f-b946-30a7e4e61458} not implemented, returning E_NOINTERFACE.
5515.730:0138:01a0:warn:vkd3d-proton:d3d12_device_QueryInterface: {0742a90b-c387-483f-b946-30a7e4e61458} not implemented, returning E_NOINTERFACE.
5515.762:0138:019c:warn:vkd3d-proton:d3d12_device_QueryInterface: {0742a90b-c387-483f-b946-30a7e4e61458} not implemented, returning E_NOINTERFACE.
5515.794:0138:0198:warn:vkd3d-proton:d3d12_device_QueryInterface: {0742a90b-c387-483f-b946-30a7e4e61458} not implemented, returning E_NOINTERFACE.
5515.824:0138:01a0:warn:vkd3d-proton:d3d12_device_QueryInterface: {0742a90b-c387-483f-b946-30a7e4e61458} not implemented, returning E_NOINTERFACE.
5515.827:0138:01a0:warn:vkd3d-proton:d3d12_device_QueryInterface: {0742a90b-c387-483f-b946-30a7e4e61458} not implemented, returning E_NOINTERFACE.
5515.861:0138:019c:warn:vkd3d-proton:d3d12_device_QueryInterface: {0742a90b-c387-483f-b946-30a7e4e61458} not implemented, returning E_NOINTERFACE.
5515.866:0138:019c:warn:vkd3d-proton:d3d12_device_QueryInterface: {0742a90b-c387-483f-b946-30a7e4e61458} not implemented, returning E_NOINTERFACE.
5515.908:0138:01a0:warn:vkd3d-proton:d3d12_device_QueryInterface: {0742a90b-c387-483f-b946-30a7e4e61458} not implemented, returning E_NOINTERFACE.
5515.941:0138:0198:warn:vkd3d-proton:d3d12_device_QueryInterface: {0742a90b-c387-483f-b946-30a7e4e61458} not implemented, returning E_NOINTERFACE.
5515.973:0138:01a0:warn:vkd3d-proton:d3d12_device_QueryInterface: {0742a90b-c387-483f-b946-30a7e4e61458} not implemented, returning E_NOINTERFACE.
5516.009:0138:0194:warn:vkd3d-proton:d3d12_device_QueryInterface: {0742a90b-c387-483f-b946-30a7e4e61458} not implemented, returning E_NOINTERFACE.
5516.049:0138:019c:warn:vkd3d-proton:d3d12_device_QueryInterface: {0742a90b-c387-483f-b946-30a7e4e61458} not implemented, returning E_NOINTERFACE.
5516.081:0138:0194:warn:vkd3d-proton:d3d12_device_QueryInterface: {0742a90b-c387-483f-b946-30a7e4e61458} not implemented, returning E_NOINTERFACE.
5516.114:0138:019c:warn:vkd3d-proton:d3d12_device_QueryInterface: {0742a90b-c387-483f-b946-30a7e4e61458} not implemented, returning E_NOINTERFACE.
5516.145:0138:01a0:warn:vkd3d-proton:d3d12_device_QueryInterface: {0742a90b-c387-483f-b946-30a7e4e61458} not implemented, returning E_NOINTERFACE.
5516.177:0138:0194:warn:vkd3d-proton:d3d12_device_QueryInterface: {0742a90b-c387-483f-b946-30a7e4e61458} not implemented, returning E_NOINTERFACE.
5516.210:0138:019c:warn:vkd3d-proton:d3d12_device_QueryInterface: {0742a90b-c387-483f-b946-30a7e4e61458} not implemented, returning E_NOINTERFACE.
5516.241:0138:01a0:warn:vkd3d-proton:d3d12_device_QueryInterface: {0742a90b-c387-483f-b946-30a7e4e61458} not implemented, returning E_NOINTERFACE.
5516.275:0138:0198:warn:vkd3d-proton:d3d12_device_QueryInterface: {0742a90b-c387-483f-b946-30a7e4e61458} not implemented, returning E_NOINTERFACE.
5516.307:0138:019c:warn:vkd3d-proton:d3d12_device_QueryInterface: {0742a90b-c387-483f-b946-30a7e4e61458} not implemented, returning E_NOINTERFACE.
5516.333:0138:0194:warn:vkd3d-proton:d3d12_device_QueryInterface: {0742a90b-c387-483f-b946-30a7e4e61458} not implemented, returning E_NOINTERFACE.
5516.363:0138:01a0:warn:vkd3d-proton:d3d12_device_QueryInterface: {0742a90b-c387-483f-b946-30a7e4e61458} not implemented, returning E_NOINTERFACE.
5516.396:0138:0194:warn:vkd3d-proton:d3d12_device_QueryInterface: {0742a90b-c387-483f-b946-30a7e4e61458} not implemented, returning E_NOINTERFACE.
5516.431:0138:0198:warn:vkd3d-proton:d3d12_device_QueryInterface: {0742a90b-c387-483f-b946-30a7e4e61458} not implemented, returning E_NOINTERFACE.
5516.465:0138:01a0:warn:vkd3d-proton:d3d12_device_QueryInterface: {0742a90b-c387-483f-b946-30a7e4e61458} not implemented, returning E_NOINTERFACE.
5516.496:0138:019c:warn:vkd3d-proton:d3d12_device_QueryInterface: {0742a90b-c387-483f-b946-30a7e4e61458} not implemented, returning E_NOINTERFACE.
5516.529:0138:0198:warn:vkd3d-proton:d3d12_device_QueryInterface: {0742a90b-c387-483f-b946-30a7e4e61458} not implemented, returning E_NOINTERFACE.
5516.531:0138:0198:warn:vkd3d-proton:d3d12_device_QueryInterface: {0742a90b-c387-483f-b946-30a7e4e61458} not implemented, returning E_NOINTERFACE.
5516.572:0138:01a0:warn:vkd3d-proton:d3d12_device_QueryInterface: {0742a90b-c387-483f-b946-30a7e4e61458} not implemented, returning E_NOINTERFACE.
5516.603:0138:019c:warn:vkd3d-proton:d3d12_device_QueryInterface: {0742a90b-c387-483f-b946-30a7e4e61458} not implemented, returning E_NOINTERFACE.
5516.637:0138:0194:warn:vkd3d-proton:d3d12_device_QueryInterface: {0742a90b-c387-483f-b946-30a7e4e61458} not implemented, returning E_NOINTERFACE.
5516.668:0138:019c:warn:vkd3d-proton:d3d12_device_QueryInterface: {0742a90b-c387-483f-b946-30a7e4e61458} not implemented, returning E_NOINTERFACE.
5516.694:0138:0194:warn:vkd3d-proton:d3d12_device_QueryInterface: {0742a90b-c387-483f-b946-30a7e4e61458} not implemented, returning E_NOINTERFACE.
5516.696:0138:0194:warn:vkd3d-proton:d3d12_device_QueryInterface: {0742a90b-c387-483f-b946-30a7e4e61458} not implemented, returning E_NOINTERFACE.
5516.729:0138:01a0:warn:vkd3d-proton:d3d12_device_QueryInterface: {0742a90b-c387-483f-b946-30a7e4e61458} not implemented, returning E_NOINTERFACE.
5516.765:0138:01a0:warn:vkd3d-proton:d3d12_device_QueryInterface: {0742a90b-c387-483f-b946-30a7e4e61458} not implemented, returning E_NOINTERFACE.
5516.800:0138:019c:warn:vkd3d-proton:d3d12_device_QueryInterface: {0742a90b-c387-483f-b946-30a7e4e61458} not implemented, returning E_NOINTERFACE.
5516.829:0138:01a0:warn:vkd3d-proton:d3d12_device_QueryInterface: {0742a90b-c387-483f-b946-30a7e4e61458} not implemented, returning E_NOINTERFACE.
5516.858:0138:019c:warn:vkd3d-proton:d3d12_device_QueryInterface: {0742a90b-c387-483f-b946-30a7e4e61458} not implemented, returning E_NOINTERFACE.
5516.863:0138:019c:warn:vkd3d-proton:d3d12_device_QueryInterface: {0742a90b-c387-483f-b946-30a7e4e61458} not implemented, returning E_NOINTERFACE.
5516.895:0138:01a0:warn:vkd3d-proton:d3d12_device_QueryInterface: {0742a90b-c387-483f-b946-30a7e4e61458} not implemented, returning E_NOINTERFACE.
5516.901:0138:01a0:warn:vkd3d-proton:d3d12_device_QueryInterface: {0742a90b-c387-483f-b946-30a7e4e61458} not implemented, returning E_NOINTERFACE.
5516.934:0138:0198:warn:vkd3d-proton:d3d12_device_QueryInterface: {0742a90b-c387-483f-b946-30a7e4e61458} not implemented, returning E_NOINTERFACE.
5516.959:0138:019c:warn:vkd3d-proton:d3d12_device_QueryInterface: {0742a90b-c387-483f-b946-30a7e4e61458} not implemented, returning E_NOINTERFACE.
5516.961:0138:019c:warn:vkd3d-proton:d3d12_device_QueryInterface: {0742a90b-c387-483f-b946-30a7e4e61458} not implemented, returning E_NOINTERFACE.
5517.002:0138:0194:warn:vkd3d-proton:d3d12_device_QueryInterface: {0742a90b-c387-483f-b946-30a7e4e61458} not implemented, returning E_NOINTERFACE.
5517.038:0138:019c:warn:vkd3d-proton:d3d12_device_QueryInterface: {0742a90b-c387-483f-b946-30a7e4e61458} not implemented, returning E_NOINTERFACE.
5517.065:0138:0198:warn:vkd3d-proton:d3d12_device_QueryInterface: {0742a90b-c387-483f-b946-30a7e4e61458} not implemented, returning E_NOINTERFACE.
5517.099:0138:019c:warn:vkd3d-proton:d3d12_device_QueryInterface: {0742a90b-c387-483f-b946-30a7e4e61458} not implemented, returning E_NOINTERFACE.
5517.131:0138:0198:warn:vkd3d-proton:d3d12_device_QueryInterface: {0742a90b-c387-483f-b946-30a7e4e61458} not implemented, returning E_NOINTERFACE.
5517.175:0138:0194:warn:vkd3d-proton:d3d12_device_QueryInterface: {0742a90b-c387-483f-b946-30a7e4e61458} not implemented, returning E_NOINTERFACE.
5517.208:0138:0198:warn:vkd3d-proton:d3d12_device_QueryInterface: {0742a90b-c387-483f-b946-30a7e4e61458} not implemented, returning E_NOINTERFACE.
5517.246:0138:019c:warn:vkd3d-proton:d3d12_device_QueryInterface: {0742a90b-c387-483f-b946-30a7e4e61458} not implemented, returning E_NOINTERFACE.
5517.288:0138:0198:warn:vkd3d-proton:d3d12_device_QueryInterface: {0742a90b-c387-483f-b946-30a7e4e61458} not implemented, returning E_NOINTERFACE.
5517.319:0138:019c:warn:vkd3d-proton:d3d12_device_QueryInterface: {0742a90b-c387-483f-b946-30a7e4e61458} not implemented, returning E_NOINTERFACE.
5517.355:0138:01a0:warn:vkd3d-proton:d3d12_device_QueryInterface: {0742a90b-c387-483f-b946-30a7e4e61458} not implemented, returning E_NOINTERFACE.
5517.388:0138:0194:warn:vkd3d-proton:d3d12_device_QueryInterface: {0742a90b-c387-483f-b946-30a7e4e61458} not implemented, returning E_NOINTERFACE.
5517.426:0138:01a0:warn:vkd3d-proton:d3d12_device_QueryInterface: {0742a90b-c387-483f-b946-30a7e4e61458} not implemented, returning E_NOINTERFACE.
5517.464:0138:0198:warn:vkd3d-proton:d3d12_device_QueryInterface: {0742a90b-c387-483f-b946-30a7e4e61458} not implemented, returning E_NOINTERFACE.
5517.500:0138:019c:warn:vkd3d-proton:d3d12_device_QueryInterface: {0742a90b-c387-483f-b946-30a7e4e61458} not implemented, returning E_NOINTERFACE.
5517.537:0138:01a0:warn:vkd3d-proton:d3d12_device_QueryInterface: {0742a90b-c387-483f-b946-30a7e4e61458} not implemented, returning E_NOINTERFACE.
5517.573:0138:0198:warn:vkd3d-proton:d3d12_device_QueryInterface: {0742a90b-c387-483f-b946-30a7e4e61458} not implemented, returning E_NOINTERFACE.
5517.610:0138:019c:warn:vkd3d-proton:d3d12_device_QueryInterface: {0742a90b-c387-483f-b946-30a7e4e61458} not implemented, returning E_NOINTERFACE.
5517.648:0138:0194:warn:vkd3d-proton:d3d12_device_QueryInterface: {0742a90b-c387-483f-b946-30a7e4e61458} not implemented, returning E_NOINTERFACE.
5517.682:0138:019c:warn:vkd3d-proton:d3d12_device_QueryInterface: {0742a90b-c387-483f-b946-30a7e4e61458} not implemented, returning E_NOINTERFACE.
5517.716:0138:01a0:warn:vkd3d-proton:d3d12_device_QueryInterface: {0742a90b-c387-483f-b946-30a7e4e61458} not implemented, returning E_NOINTERFACE.
5517.750:0138:019c:warn:vkd3d-proton:d3d12_device_QueryInterface: {0742a90b-c387-483f-b946-30a7e4e61458} not implemented, returning E_NOINTERFACE.
5517.786:0138:019c:warn:vkd3d-proton:d3d12_device_QueryInterface: {0742a90b-c387-483f-b946-30a7e4e61458} not implemented, returning E_NOINTERFACE.
5517.815:0138:01a0:warn:vkd3d-proton:d3d12_device_QueryInterface: {0742a90b-c387-483f-b946-30a7e4e61458} not implemented, returning E_NOINTERFACE.
5517.848:0138:0198:warn:vkd3d-proton:d3d12_device_QueryInterface: {0742a90b-c387-483f-b946-30a7e4e61458} not implemented, returning E_NOINTERFACE.
5517.890:0138:019c:warn:vkd3d-proton:d3d12_device_QueryInterface: {0742a90b-c387-483f-b946-30a7e4e61458} not implemented, returning E_NOINTERFACE.
5517.923:0138:01a0:warn:vkd3d-proton:d3d12_device_QueryInterface: {0742a90b-c387-483f-b946-30a7e4e61458} not implemented, returning E_NOINTERFACE.
5517.959:0138:019c:warn:vkd3d-proton:d3d12_device_QueryInterface: {0742a90b-c387-483f-b946-30a7e4e61458} not implemented, returning E_NOINTERFACE.
5517.993:0138:0194:warn:vkd3d-proton:d3d12_device_QueryInterface: {0742a90b-c387-483f-b946-30a7e4e61458} not implemented, returning E_NOINTERFACE.
5518.032:0138:019c:warn:vkd3d-proton:d3d12_device_QueryInterface: {0742a90b-c387-483f-b946-30a7e4e61458} not implemented, returning E_NOINTERFACE.
5518.063:0138:01a0:warn:vkd3d-proton:d3d12_device_QueryInterface: {0742a90b-c387-483f-b946-30a7e4e61458} not implemented, returning E_NOINTERFACE.
5518.097:0138:0198:warn:vkd3d-proton:d3d12_device_QueryInterface: {0742a90b-c387-483f-b946-30a7e4e61458} not implemented, returning E_NOINTERFACE.
5518.129:0138:0194:warn:vkd3d-proton:d3d12_device_QueryInterface: {0742a90b-c387-483f-b946-30a7e4e61458} not implemented, returning E_NOINTERFACE.
5518.161:0138:0198:warn:vkd3d-proton:d3d12_device_QueryInterface: {0742a90b-c387-483f-b946-30a7e4e61458} not implemented, returning E_NOINTERFACE.
5518.195:0138:019c:warn:vkd3d-proton:d3d12_device_QueryInterface: {0742a90b-c387-483f-b946-30a7e4e61458} not implemented, returning E_NOINTERFACE.
5518.226:0138:0194:warn:vkd3d-proton:d3d12_device_QueryInterface: {0742a90b-c387-483f-b946-30a7e4e61458} not implemented, returning E_NOINTERFACE.
5518.259:0138:0198:warn:vkd3d-proton:d3d12_device_QueryInterface: {0742a90b-c387-483f-b946-30a7e4e61458} not implemented, returning E_NOINTERFACE.
5518.294:0138:01a0:warn:vkd3d-proton:d3d12_device_QueryInterface: {0742a90b-c387-483f-b946-30a7e4e61458} not implemented, returning E_NOINTERFACE.
5518.319:0138:019c:warn:vkd3d-proton:d3d12_device_QueryInterface: {0742a90b-c387-483f-b946-30a7e4e61458} not implemented, returning E_NOINTERFACE.
5518.347:0138:0198:warn:vkd3d-proton:d3d12_device_QueryInterface: {0742a90b-c387-483f-b946-30a7e4e61458} not implemented, returning E_NOINTERFACE.
5518.374:0138:019c:warn:vkd3d-proton:d3d12_device_QueryInterface: {0742a90b-c387-483f-b946-30a7e4e61458} not implemented, returning E_NOINTERFACE.
5518.399:0138:01a0:warn:vkd3d-proton:d3d12_device_QueryInterface: {0742a90b-c387-483f-b946-30a7e4e61458} not implemented, returning E_NOINTERFACE.
5518.426:0138:019c:warn:vkd3d-proton:d3d12_device_QueryInterface: {0742a90b-c387-483f-b946-30a7e4e61458} not implemented, returning E_NOINTERFACE.
5518.458:0138:0198:warn:vkd3d-proton:d3d12_device_QueryInterface: {0742a90b-c387-483f-b946-30a7e4e61458} not implemented, returning E_NOINTERFACE.
5518.493:0138:019c:warn:vkd3d-proton:d3d12_device_QueryInterface: {0742a90b-c387-483f-b946-30a7e4e61458} not implemented, returning E_NOINTERFACE.
5518.525:0138:01a0:warn:vkd3d-proton:d3d12_device_QueryInterface: {0742a90b-c387-483f-b946-30a7e4e61458} not implemented, returning E_NOINTERFACE.
5518.556:0138:0194:warn:vkd3d-proton:d3d12_device_QueryInterface: {0742a90b-c387-483f-b946-30a7e4e61458} not implemented, returning E_NOINTERFACE.
5518.581:0138:019c:warn:vkd3d-proton:d3d12_device_QueryInterface: {0742a90b-c387-483f-b946-30a7e4e61458} not implemented, returning E_NOINTERFACE.
5518.606:0138:01a0:warn:vkd3d-proton:d3d12_device_QueryInterface: {0742a90b-c387-483f-b946-30a7e4e61458} not implemented, returning E_NOINTERFACE.
5518.630:0138:0194:warn:vkd3d-proton:d3d12_device_QueryInterface: {0742a90b-c387-483f-b946-30a7e4e61458} not implemented, returning E_NOINTERFACE.
5518.655:0138:019c:warn:vkd3d-proton:d3d12_device_QueryInterface: {0742a90b-c387-483f-b946-30a7e4e61458} not implemented, returning E_NOINTERFACE.
5518.658:0138:019c:warn:vkd3d-proton:d3d12_device_QueryInterface: {0742a90b-c387-483f-b946-30a7e4e61458} not implemented, returning E_NOINTERFACE.
5518.670:0138:0198:warn:vkd3d-proton:d3d12_device_QueryInterface: {0742a90b-c387-483f-b946-30a7e4e61458} not implemented, returning E_NOINTERFACE.
5518.696:0138:019c:warn:vkd3d-proton:d3d12_device_QueryInterface: {0742a90b-c387-483f-b946-30a7e4e61458} not implemented, returning E_NOINTERFACE.
5518.703:0138:019c:warn:vkd3d-proton:d3d12_device_QueryInterface: {0742a90b-c387-483f-b946-30a7e4e61458} not implemented, returning E_NOINTERFACE.
5518.730:0138:0198:warn:vkd3d-proton:d3d12_device_QueryInterface: {0742a90b-c387-483f-b946-30a7e4e61458} not implemented, returning E_NOINTERFACE.
5518.738:0138:0198:warn:vkd3d-proton:d3d12_device_QueryInterface: {0742a90b-c387-483f-b946-30a7e4e61458} not implemented, returning E_NOINTERFACE.
5518.763:0138:019c:warn:vkd3d-proton:d3d12_device_QueryInterface: {0742a90b-c387-483f-b946-30a7e4e61458} not implemented, returning E_NOINTERFACE.
5518.769:0138:019c:warn:vkd3d-proton:d3d12_device_QueryInterface: {0742a90b-c387-483f-b946-30a7e4e61458} not implemented, returning E_NOINTERFACE.
5518.798:0138:01a0:warn:vkd3d-proton:d3d12_device_QueryInterface: {0742a90b-c387-483f-b946-30a7e4e61458} not implemented, returning E_NOINTERFACE.
5518.803:0138:01a0:warn:vkd3d-proton:d3d12_device_QueryInterface: {0742a90b-c387-483f-b946-30a7e4e61458} not implemented, returning E_NOINTERFACE.
5518.838:0138:019c:warn:vkd3d-proton:d3d12_device_QueryInterface: {0742a90b-c387-483f-b946-30a7e4e61458} not implemented, returning E_NOINTERFACE.
5518.870:0138:01a0:warn:vkd3d-proton:d3d12_device_QueryInterface: {0742a90b-c387-483f-b946-30a7e4e61458} not implemented, returning E_NOINTERFACE.
5518.901:0138:0198:warn:vkd3d-proton:d3d12_device_QueryInterface: {0742a90b-c387-483f-b946-30a7e4e61458} not implemented, returning E_NOINTERFACE.
5518.929:0138:0194:warn:vkd3d-proton:d3d12_device_QueryInterface: {0742a90b-c387-483f-b946-30a7e4e61458} not implemented, returning E_NOINTERFACE.
5518.932:0138:0194:warn:vkd3d-proton:d3d12_device_QueryInterface: {0742a90b-c387-483f-b946-30a7e4e61458} not implemented, returning E_NOINTERFACE.
5518.971:0138:01a0:warn:vkd3d-proton:d3d12_device_QueryInterface: {0742a90b-c387-483f-b946-30a7e4e61458} not implemented, returning E_NOINTERFACE.
5518.998:0138:0198:warn:vkd3d-proton:d3d12_device_QueryInterface: {0742a90b-c387-483f-b946-30a7e4e61458} not implemented, returning E_NOINTERFACE.
5519.000:0138:0198:warn:vkd3d-proton:d3d12_device_QueryInterface: {0742a90b-c387-483f-b946-30a7e4e61458} not implemented, returning E_NOINTERFACE.
5519.031:0138:0194:warn:vkd3d-proton:d3d12_device_QueryInterface: {0742a90b-c387-483f-b946-30a7e4e61458} not implemented, returning E_NOINTERFACE.
5519.038:0138:0194:warn:vkd3d-proton:d3d12_device_QueryInterface: {0742a90b-c387-483f-b946-30a7e4e61458} not implemented, returning E_NOINTERFACE.
5519.065:0138:0198:warn:vkd3d-proton:d3d12_device_QueryInterface: {0742a90b-c387-483f-b946-30a7e4e61458} not implemented, returning E_NOINTERFACE.
5519.071:0138:0198:warn:vkd3d-proton:d3d12_device_QueryInterface: {0742a90b-c387-483f-b946-30a7e4e61458} not implemented, returning E_NOINTERFACE.
5519.102:0138:019c:warn:vkd3d-proton:d3d12_device_QueryInterface: {0742a90b-c387-483f-b946-30a7e4e61458} not implemented, returning E_NOINTERFACE.
5519.134:0138:01a0:warn:vkd3d-proton:d3d12_device_QueryInterface: {0742a90b-c387-483f-b946-30a7e4e61458} not implemented, returning E_NOINTERFACE.
5519.167:0138:019c:warn:vkd3d-proton:d3d12_device_QueryInterface: {0742a90b-c387-483f-b946-30a7e4e61458} not implemented, returning E_NOINTERFACE.
5519.199:0138:0194:warn:vkd3d-proton:d3d12_device_QueryInterface: {0742a90b-c387-483f-b946-30a7e4e61458} not implemented, returning E_NOINTERFACE.
5519.239:0138:019c:warn:vkd3d-proton:d3d12_device_QueryInterface: {0742a90b-c387-483f-b946-30a7e4e61458} not implemented, returning E_NOINTERFACE.
5519.267:0138:01a0:warn:vkd3d-proton:d3d12_device_QueryInterface: {0742a90b-c387-483f-b946-30a7e4e61458} not implemented, returning E_NOINTERFACE.
5519.304:0138:0194:warn:vkd3d-proton:d3d12_device_QueryInterface: {0742a90b-c387-483f-b946-30a7e4e61458} not implemented, returning E_NOINTERFACE.
5519.327:0138:0198:warn:vkd3d-proton:d3d12_device_QueryInterface: {0742a90b-c387-483f-b946-30a7e4e61458} not implemented, returning E_NOINTERFACE.
5519.331:0138:019c:warn:vkd3d-proton:d3d12_device_QueryInterface: {0742a90b-c387-483f-b946-30a7e4e61458} not implemented, returning E_NOINTERFACE.
5519.364:0138:0198:warn:vkd3d-proton:d3d12_device_QueryInterface: {0742a90b-c387-483f-b946-30a7e4e61458} not implemented, returning E_NOINTERFACE.
5519.401:0138:01a0:warn:vkd3d-proton:d3d12_device_QueryInterface: {0742a90b-c387-483f-b946-30a7e4e61458} not implemented, returning E_NOINTERFACE.
5519.432:0138:019c:warn:vkd3d-proton:d3d12_device_QueryInterface: {0742a90b-c387-483f-b946-30a7e4e61458} not implemented, returning E_NOINTERFACE.
5519.466:0138:0198:warn:vkd3d-proton:d3d12_device_QueryInterface: {0742a90b-c387-483f-b946-30a7e4e61458} not implemented, returning E_NOINTERFACE.
5519.500:0138:01a0:warn:vkd3d-proton:d3d12_device_QueryInterface: {0742a90b-c387-483f-b946-30a7e4e61458} not implemented, returning E_NOINTERFACE.
5519.527:0138:0194:warn:vkd3d-proton:d3d12_device_QueryInterface: {0742a90b-c387-483f-b946-30a7e4e61458} not implemented, returning E_NOINTERFACE.
5519.534:0138:0194:warn:vkd3d-proton:d3d12_device_QueryInterface: {0742a90b-c387-483f-b946-30a7e4e61458} not implemented, returning E_NOINTERFACE.
5519.575:0138:019c:warn:vkd3d-proton:d3d12_device_QueryInterface: {0742a90b-c387-483f-b946-30a7e4e61458} not implemented, returning E_NOINTERFACE.
5519.614:0138:0198:warn:vkd3d-proton:d3d12_device_QueryInterface: {0742a90b-c387-483f-b946-30a7e4e61458} not implemented, returning E_NOINTERFACE.
5519.652:0138:019c:warn:vkd3d-proton:d3d12_device_QueryInterface: {0742a90b-c387-483f-b946-30a7e4e61458} not implemented, returning E_NOINTERFACE.
5519.690:0138:0198:warn:vkd3d-proton:d3d12_device_QueryInterface: {0742a90b-c387-483f-b946-30a7e4e61458} not implemented, returning E_NOINTERFACE.
5519.727:0138:0198:warn:vkd3d-proton:d3d12_device_QueryInterface: {0742a90b-c387-483f-b946-30a7e4e61458} not implemented, returning E_NOINTERFACE.
5519.767:0138:01a0:warn:vkd3d-proton:d3d12_device_QueryInterface: {0742a90b-c387-483f-b946-30a7e4e61458} not implemented, returning E_NOINTERFACE.
5519.804:0138:019c:warn:vkd3d-proton:d3d12_device_QueryInterface: {0742a90b-c387-483f-b946-30a7e4e61458} not implemented, returning E_NOINTERFACE.
5519.845:0138:0198:warn:vkd3d-proton:d3d12_device_QueryInterface: {0742a90b-c387-483f-b946-30a7e4e61458} not implemented, returning E_NOINTERFACE.
5519.882:0138:0198:warn:vkd3d-proton:d3d12_device_QueryInterface: {0742a90b-c387-483f-b946-30a7e4e61458} not implemented, returning E_NOINTERFACE.
5519.919:0138:019c:warn:vkd3d-proton:d3d12_device_QueryInterface: {0742a90b-c387-483f-b946-30a7e4e61458} not implemented, returning E_NOINTERFACE.
5519.957:0138:0194:warn:vkd3d-proton:d3d12_device_QueryInterface: {0742a90b-c387-483f-b946-30a7e4e61458} not implemented, returning E_NOINTERFACE.
5519.994:0138:019c:warn:vkd3d-proton:d3d12_device_QueryInterface: {0742a90b-c387-483f-b946-30a7e4e61458} not implemented, returning E_NOINTERFACE.
5520.034:0138:01a0:warn:vkd3d-proton:d3d12_device_QueryInterface: {0742a90b-c387-483f-b946-30a7e4e61458} not implemented, returning E_NOINTERFACE.
5520.071:0138:0194:warn:vkd3d-proton:d3d12_device_QueryInterface: {0742a90b-c387-483f-b946-30a7e4e61458} not implemented, returning E_NOINTERFACE.
5520.107:0138:019c:warn:vkd3d-proton:d3d12_device_QueryInterface: {0742a90b-c387-483f-b946-30a7e4e61458} not implemented, returning E_NOINTERFACE.
5520.141:0138:0194:warn:vkd3d-proton:d3d12_device_QueryInterface: {0742a90b-c387-483f-b946-30a7e4e61458} not implemented, returning E_NOINTERFACE.
5520.172:0138:019c:warn:vkd3d-proton:d3d12_device_QueryInterface: {0742a90b-c387-483f-b946-30a7e4e61458} not implemented, returning E_NOINTERFACE.
5520.205:0138:0198:warn:vkd3d-proton:d3d12_device_QueryInterface: {0742a90b-c387-483f-b946-30a7e4e61458} not implemented, returning E_NOINTERFACE.
5520.239:0138:0194:warn:vkd3d-proton:d3d12_device_QueryInterface: {0742a90b-c387-483f-b946-30a7e4e61458} not implemented, returning E_NOINTERFACE.
5520.270:0138:0198:warn:vkd3d-proton:d3d12_device_QueryInterface: {0742a90b-c387-483f-b946-30a7e4e61458} not implemented, returning E_NOINTERFACE.
5520.304:0138:0194:warn:vkd3d-proton:d3d12_device_QueryInterface: {0742a90b-c387-483f-b946-30a7e4e61458} not implemented, returning E_NOINTERFACE.
5520.336:0138:0198:warn:vkd3d-proton:d3d12_device_QueryInterface: {0742a90b-c387-483f-b946-30a7e4e61458} not implemented, returning E_NOINTERFACE.
5520.367:0138:019c:warn:vkd3d-proton:d3d12_device_QueryInterface: {0742a90b-c387-483f-b946-30a7e4e61458} not implemented, returning E_NOINTERFACE.
5520.395:0138:0194:warn:vkd3d-proton:d3d12_device_QueryInterface: {0742a90b-c387-483f-b946-30a7e4e61458} not implemented, returning E_NOINTERFACE.
5520.425:0138:01a0:warn:vkd3d-proton:d3d12_device_QueryInterface: {0742a90b-c387-483f-b946-30a7e4e61458} not implemented, returning E_NOINTERFACE.
5520.449:0138:019c:warn:vkd3d-proton:d3d12_device_QueryInterface: {0742a90b-c387-483f-b946-30a7e4e61458} not implemented, returning E_NOINTERFACE.
5520.483:0138:01a0:warn:vkd3d-proton:d3d12_device_QueryInterface: {0742a90b-c387-483f-b946-30a7e4e61458} not implemented, returning E_NOINTERFACE.
5520.518:0138:0198:warn:vkd3d-proton:d3d12_device_QueryInterface: {0742a90b-c387-483f-b946-30a7e4e61458} not implemented, returning E_NOINTERFACE.
5520.557:0138:01a0:warn:vkd3d-proton:d3d12_device_QueryInterface: {0742a90b-c387-483f-b946-30a7e4e61458} not implemented, returning E_NOINTERFACE.
5520.585:0138:0198:warn:vkd3d-proton:d3d12_device_QueryInterface: {0742a90b-c387-483f-b946-30a7e4e61458} not implemented, returning E_NOINTERFACE.
5520.617:0138:01a0:warn:vkd3d-proton:d3d12_device_QueryInterface: {0742a90b-c387-483f-b946-30a7e4e61458} not implemented, returning E_NOINTERFACE.
5520.648:0138:019c:warn:vkd3d-proton:d3d12_device_QueryInterface: {0742a90b-c387-483f-b946-30a7e4e61458} not implemented, returning E_NOINTERFACE.
5520.681:0138:0198:warn:vkd3d-proton:d3d12_device_QueryInterface: {0742a90b-c387-483f-b946-30a7e4e61458} not implemented, returning E_NOINTERFACE.
5520.714:0138:0194:warn:vkd3d-proton:d3d12_device_QueryInterface: {0742a90b-c387-483f-b946-30a7e4e61458} not implemented, returning E_NOINTERFACE.
5520.746:0138:0198:warn:vkd3d-proton:d3d12_device_QueryInterface: {0742a90b-c387-483f-b946-30a7e4e61458} not implemented, returning E_NOINTERFACE.
5520.771:0138:0194:warn:vkd3d-proton:d3d12_device_QueryInterface: {0742a90b-c387-483f-b946-30a7e4e61458} not implemented, returning E_NOINTERFACE.
5520.809:0138:0198:warn:vkd3d-proton:d3d12_device_QueryInterface: {0742a90b-c387-483f-b946-30a7e4e61458} not implemented, returning E_NOINTERFACE.
5520.844:0138:019c:warn:vkd3d-proton:d3d12_device_QueryInterface: {0742a90b-c387-483f-b946-30a7e4e61458} not implemented, returning E_NOINTERFACE.
5520.878:0138:01a0:warn:vkd3d-proton:d3d12_device_QueryInterface: {0742a90b-c387-483f-b946-30a7e4e61458} not implemented, returning E_NOINTERFACE.
5520.911:0138:0194:warn:vkd3d-proton:d3d12_device_QueryInterface: {0742a90b-c387-483f-b946-30a7e4e61458} not implemented, returning E_NOINTERFACE.
5520.939:0138:01a0:warn:vkd3d-proton:d3d12_device_QueryInterface: {0742a90b-c387-483f-b946-30a7e4e61458} not implemented, returning E_NOINTERFACE.
5520.961:0138:019c:warn:vkd3d-proton:d3d12_device_QueryInterface: {0742a90b-c387-483f-b946-30a7e4e61458} not implemented, returning E_NOINTERFACE.
5520.989:0138:01a0:warn:vkd3d-proton:d3d12_device_QueryInterface: {0742a90b-c387-483f-b946-30a7e4e61458} not implemented, returning E_NOINTERFACE.
5521.015:0138:019c:warn:vkd3d-proton:d3d12_device_QueryInterface: {0742a90b-c387-483f-b946-30a7e4e61458} not implemented, returning E_NOINTERFACE.
5521.048:0138:0198:warn:vkd3d-proton:d3d12_device_QueryInterface: {0742a90b-c387-483f-b946-30a7e4e61458} not implemented, returning E_NOINTERFACE.
5521.073:0138:019c:warn:vkd3d-proton:d3d12_device_QueryInterface: {0742a90b-c387-483f-b946-30a7e4e61458} not implemented, returning E_NOINTERFACE.
5521.110:0138:0198:warn:vkd3d-proton:d3d12_device_QueryInterface: {0742a90b-c387-483f-b946-30a7e4e61458} not implemented, returning E_NOINTERFACE.
5521.140:0138:01a0:warn:vkd3d-proton:d3d12_device_QueryInterface: {0742a90b-c387-483f-b946-30a7e4e61458} not implemented, returning E_NOINTERFACE.
5521.164:0138:0194:warn:vkd3d-proton:d3d12_device_QueryInterface: {0742a90b-c387-483f-b946-30a7e4e61458} not implemented, returning E_NOINTERFACE.
5521.167:0138:01a0:warn:vkd3d-proton:d3d12_device_QueryInterface: {0742a90b-c387-483f-b946-30a7e4e61458} not implemented, returning E_NOINTERFACE.
5521.196:0138:019c:warn:vkd3d-proton:d3d12_device_QueryInterface: {0742a90b-c387-483f-b946-30a7e4e61458} not implemented, returning E_NOINTERFACE.
5521.206:0138:019c:warn:vkd3d-proton:d3d12_device_QueryInterface: {0742a90b-c387-483f-b946-30a7e4e61458} not implemented, returning E_NOINTERFACE.
5521.236:0138:0194:warn:vkd3d-proton:d3d12_device_QueryInterface: {0742a90b-c387-483f-b946-30a7e4e61458} not implemented, returning E_NOINTERFACE.
5521.259:0138:0198:warn:vkd3d-proton:d3d12_device_QueryInterface: {0742a90b-c387-483f-b946-30a7e4e61458} not implemented, returning E_NOINTERFACE.
5521.262:0138:0198:warn:vkd3d-proton:d3d12_device_QueryInterface: {0742a90b-c387-483f-b946-30a7e4e61458} not implemented, returning E_NOINTERFACE.
5521.272:0138:0194:warn:vkd3d-proton:d3d12_device_QueryInterface: {0742a90b-c387-483f-b946-30a7e4e61458} not implemented, returning E_NOINTERFACE.
5521.307:0138:0198:warn:vkd3d-proton:d3d12_device_QueryInterface: {0742a90b-c387-483f-b946-30a7e4e61458} not implemented, returning E_NOINTERFACE.
5521.332:0138:019c:warn:vkd3d-proton:d3d12_device_QueryInterface: {0742a90b-c387-483f-b946-30a7e4e61458} not implemented, returning E_NOINTERFACE.
5521.336:0138:019c:warn:vkd3d-proton:d3d12_device_QueryInterface: {0742a90b-c387-483f-b946-30a7e4e61458} not implemented, returning E_NOINTERFACE.
5521.368:0138:01a0:warn:vkd3d-proton:d3d12_device_QueryInterface: {0742a90b-c387-483f-b946-30a7e4e61458} not implemented, returning E_NOINTERFACE.
5521.401:0138:0194:warn:vkd3d-proton:d3d12_device_QueryInterface: {0742a90b-c387-483f-b946-30a7e4e61458} not implemented, returning E_NOINTERFACE.
5521.425:0138:0198:warn:vkd3d-proton:d3d12_device_QueryInterface: {0742a90b-c387-483f-b946-30a7e4e61458} not implemented, returning E_NOINTERFACE.
5521.429:0138:019c:warn:vkd3d-proton:d3d12_device_QueryInterface: {0742a90b-c387-483f-b946-30a7e4e61458} not implemented, returning E_NOINTERFACE.
5521.440:0138:01a0:warn:vkd3d-proton:d3d12_device_QueryInterface: {0742a90b-c387-483f-b946-30a7e4e61458} not implemented, returning E_NOINTERFACE.
5521.471:0138:0194:warn:vkd3d-proton:d3d12_device_QueryInterface: {0742a90b-c387-483f-b946-30a7e4e61458} not implemented, returning E_NOINTERFACE.
5521.511:0138:0194:warn:vkd3d-proton:d3d12_device_QueryInterface: {0742a90b-c387-483f-b946-30a7e4e61458} not implemented, returning E_NOINTERFACE.
5521.545:0138:0198:warn:vkd3d-proton:d3d12_device_QueryInterface: {0742a90b-c387-483f-b946-30a7e4e61458} not implemented, returning E_NOINTERFACE.
5521.579:0138:019c:warn:vkd3d-proton:d3d12_device_QueryInterface: {0742a90b-c387-483f-b946-30a7e4e61458} not implemented, returning E_NOINTERFACE.
5521.614:0138:0194:warn:vkd3d-proton:d3d12_device_QueryInterface: {0742a90b-c387-483f-b946-30a7e4e61458} not implemented, returning E_NOINTERFACE.
5521.647:0138:019c:warn:vkd3d-proton:d3d12_device_QueryInterface: {0742a90b-c387-483f-b946-30a7e4e61458} not implemented, returning E_NOINTERFACE.
5521.676:0138:01a0:warn:vkd3d-proton:d3d12_device_QueryInterface: {0742a90b-c387-483f-b946-30a7e4e61458} not implemented, returning E_NOINTERFACE.
5521.711:0138:019c:warn:vkd3d-proton:d3d12_device_QueryInterface: {0742a90b-c387-483f-b946-30a7e4e61458} not implemented, returning E_NOINTERFACE.
5521.745:0138:01a0:warn:vkd3d-proton:d3d12_device_QueryInterface: {0742a90b-c387-483f-b946-30a7e4e61458} not implemented, returning E_NOINTERFACE.
5521.776:0138:0198:warn:vkd3d-proton:d3d12_device_QueryInterface: {0742a90b-c387-483f-b946-30a7e4e61458} not implemented, returning E_NOINTERFACE.
5521.809:0138:019c:warn:vkd3d-proton:d3d12_device_QueryInterface: {0742a90b-c387-483f-b946-30a7e4e61458} not implemented, returning E_NOINTERFACE.
5521.844:0138:0198:warn:vkd3d-proton:d3d12_device_QueryInterface: {0742a90b-c387-483f-b946-30a7e4e61458} not implemented, returning E_NOINTERFACE.
5521.880:0138:0198:warn:vkd3d-proton:d3d12_device_QueryInterface: {0742a90b-c387-483f-b946-30a7e4e61458} not implemented, returning E_NOINTERFACE.
5521.915:0138:019c:warn:vkd3d-proton:d3d12_device_QueryInterface: {0742a90b-c387-483f-b946-30a7e4e61458} not implemented, returning E_NOINTERFACE.
5521.953:0138:0198:warn:vkd3d-proton:d3d12_device_QueryInterface: {0742a90b-c387-483f-b946-30a7e4e61458} not implemented, returning E_NOINTERFACE.
5521.991:0138:0194:warn:vkd3d-proton:d3d12_device_QueryInterface: {0742a90b-c387-483f-b946-30a7e4e61458} not implemented, returning E_NOINTERFACE.
5522.031:0138:01a0:warn:vkd3d-proton:d3d12_device_QueryInterface: {0742a90b-c387-483f-b946-30a7e4e61458} not implemented, returning E_NOINTERFACE.
5522.058:0138:019c:warn:vkd3d-proton:d3d12_device_QueryInterface: {0742a90b-c387-483f-b946-30a7e4e61458} not implemented, returning E_NOINTERFACE.
5522.090:0138:0198:warn:vkd3d-proton:d3d12_device_QueryInterface: {0742a90b-c387-483f-b946-30a7e4e61458} not implemented, returning E_NOINTERFACE.
5522.128:0138:019c:warn:vkd3d-proton:d3d12_device_QueryInterface: {0742a90b-c387-483f-b946-30a7e4e61458} not implemented, returning E_NOINTERFACE.
5522.163:0138:0194:warn:vkd3d-proton:d3d12_device_QueryInterface: {0742a90b-c387-483f-b946-30a7e4e61458} not implemented, returning E_NOINTERFACE.
5522.194:0138:01a0:warn:vkd3d-proton:d3d12_device_QueryInterface: {0742a90b-c387-483f-b946-30a7e4e61458} not implemented, returning E_NOINTERFACE.
5522.227:0138:0198:warn:vkd3d-proton:d3d12_device_QueryInterface: {0742a90b-c387-483f-b946-30a7e4e61458} not implemented, returning E_NOINTERFACE.
5522.262:0138:01a0:warn:vkd3d-proton:d3d12_device_QueryInterface: {0742a90b-c387-483f-b946-30a7e4e61458} not implemented, returning E_NOINTERFACE.
5522.293:0138:0198:warn:vkd3d-proton:d3d12_device_QueryInterface: {0742a90b-c387-483f-b946-30a7e4e61458} not implemented, returning E_NOINTERFACE.
5522.325:0138:0194:warn:vkd3d-proton:d3d12_device_QueryInterface: {0742a90b-c387-483f-b946-30a7e4e61458} not implemented, returning E_NOINTERFACE.
5522.358:0138:0198:warn:vkd3d-proton:d3d12_device_QueryInterface: {0742a90b-c387-483f-b946-30a7e4e61458} not implemented, returning E_NOINTERFACE.
5522.389:0138:019c:warn:vkd3d-proton:d3d12_device_QueryInterface: {0742a90b-c387-483f-b946-30a7e4e61458} not implemented, returning E_NOINTERFACE.
5522.434:0138:01a0:warn:vkd3d-proton:d3d12_device_QueryInterface: {0742a90b-c387-483f-b946-30a7e4e61458} not implemented, returning E_NOINTERFACE.
5522.446:0138:0194:warn:vkd3d-proton:d3d12_device_QueryInterface: {0742a90b-c387-483f-b946-30a7e4e61458} not implemented, returning E_NOINTERFACE.
5522.478:0138:0194:warn:vkd3d-proton:d3d12_device_QueryInterface: {0742a90b-c387-483f-b946-30a7e4e61458} not implemented, returning E_NOINTERFACE.
5522.507:0138:019c:warn:vkd3d-proton:d3d12_device_QueryInterface: {0742a90b-c387-483f-b946-30a7e4e61458} not implemented, returning E_NOINTERFACE.
5522.534:0138:0194:warn:vkd3d-proton:d3d12_device_QueryInterface: {0742a90b-c387-483f-b946-30a7e4e61458} not implemented, returning E_NOINTERFACE.
5522.568:0138:0198:warn:vkd3d-proton:d3d12_device_QueryInterface: {0742a90b-c387-483f-b946-30a7e4e61458} not implemented, returning E_NOINTERFACE.
5522.599:0138:01a0:warn:vkd3d-proton:d3d12_device_QueryInterface: {0742a90b-c387-483f-b946-30a7e4e61458} not implemented, returning E_NOINTERFACE.
5522.603:0138:01a0:warn:vkd3d-proton:d3d12_device_QueryInterface: {0742a90b-c387-483f-b946-30a7e4e61458} not implemented, returning E_NOINTERFACE.
5522.643:0138:0194:warn:vkd3d-proton:d3d12_device_QueryInterface: {0742a90b-c387-483f-b946-30a7e4e61458} not implemented, returning E_NOINTERFACE.
5522.676:0138:0198:warn:vkd3d-proton:d3d12_device_QueryInterface: {0742a90b-c387-483f-b946-30a7e4e61458} not implemented, returning E_NOINTERFACE.
5522.714:0138:019c:warn:vkd3d-proton:d3d12_device_QueryInterface: {0742a90b-c387-483f-b946-30a7e4e61458} not implemented, returning E_NOINTERFACE.
5522.745:0138:0194:warn:vkd3d-proton:d3d12_device_QueryInterface: {0742a90b-c387-483f-b946-30a7e4e61458} not implemented, returning E_NOINTERFACE.
5522.781:0138:0198:warn:vkd3d-proton:d3d12_device_QueryInterface: {0742a90b-c387-483f-b946-30a7e4e61458} not implemented, returning E_NOINTERFACE.
5522.818:0138:01a0:warn:vkd3d-proton:d3d12_device_QueryInterface: {0742a90b-c387-483f-b946-30a7e4e61458} not implemented, returning E_NOINTERFACE.
5522.850:0138:0194:warn:vkd3d-proton:d3d12_device_QueryInterface: {0742a90b-c387-483f-b946-30a7e4e61458} not implemented, returning E_NOINTERFACE.
5522.882:0138:01a0:warn:vkd3d-proton:d3d12_device_QueryInterface: {0742a90b-c387-483f-b946-30a7e4e61458} not implemented, returning E_NOINTERFACE.
5522.923:0138:0194:warn:vkd3d-proton:d3d12_device_QueryInterface: {0742a90b-c387-483f-b946-30a7e4e61458} not implemented, returning E_NOINTERFACE.
5522.958:0138:01a0:warn:vkd3d-proton:d3d12_device_QueryInterface: {0742a90b-c387-483f-b946-30a7e4e61458} not implemented, returning E_NOINTERFACE.
5522.992:0138:0194:warn:vkd3d-proton:d3d12_device_QueryInterface: {0742a90b-c387-483f-b946-30a7e4e61458} not implemented, returning E_NOINTERFACE.
5523.028:0138:019c:warn:vkd3d-proton:d3d12_device_QueryInterface: {0742a90b-c387-483f-b946-30a7e4e61458} not implemented, returning E_NOINTERFACE.
5523.060:0138:01a0:warn:vkd3d-proton:d3d12_device_QueryInterface: {0742a90b-c387-483f-b946-30a7e4e61458} not implemented, returning E_NOINTERFACE.
5523.095:0138:0198:warn:vkd3d-proton:d3d12_device_QueryInterface: {0742a90b-c387-483f-b946-30a7e4e61458} not implemented, returning E_NOINTERFACE.
5523.127:0138:01a0:warn:vkd3d-proton:d3d12_device_QueryInterface: {0742a90b-c387-483f-b946-30a7e4e61458} not implemented, returning E_NOINTERFACE.
5523.166:0138:0194:warn:vkd3d-proton:d3d12_device_QueryInterface: {0742a90b-c387-483f-b946-30a7e4e61458} not implemented, returning E_NOINTERFACE.
5523.201:0138:01a0:warn:vkd3d-proton:d3d12_device_QueryInterface: {0742a90b-c387-483f-b946-30a7e4e61458} not implemented, returning E_NOINTERFACE.
5523.234:0138:0198:warn:vkd3d-proton:d3d12_device_QueryInterface: {0742a90b-c387-483f-b946-30a7e4e61458} not implemented, returning E_NOINTERFACE.
5523.273:0138:01a0:warn:vkd3d-proton:d3d12_device_QueryInterface: {0742a90b-c387-483f-b946-30a7e4e61458} not implemented, returning E_NOINTERFACE.
5523.309:0138:019c:warn:vkd3d-proton:d3d12_device_QueryInterface: {0742a90b-c387-483f-b946-30a7e4e61458} not implemented, returning E_NOINTERFACE.
5523.342:0138:01a0:warn:vkd3d-proton:d3d12_device_QueryInterface: {0742a90b-c387-483f-b946-30a7e4e61458} not implemented, returning E_NOINTERFACE.
5523.374:0138:0198:warn:vkd3d-proton:d3d12_device_QueryInterface: {0742a90b-c387-483f-b946-30a7e4e61458} not implemented, returning E_NOINTERFACE.
5523.411:0138:01a0:warn:vkd3d-proton:d3d12_device_QueryInterface: {0742a90b-c387-483f-b946-30a7e4e61458} not implemented, returning E_NOINTERFACE.
5523.444:0138:0198:warn:vkd3d-proton:d3d12_device_QueryInterface: {0742a90b-c387-483f-b946-30a7e4e61458} not implemented, returning E_NOINTERFACE.
5523.478:0138:0194:warn:vkd3d-proton:d3d12_device_QueryInterface: {0742a90b-c387-483f-b946-30a7e4e61458} not implemented, returning E_NOINTERFACE.
5523.513:0138:0198:warn:vkd3d-proton:d3d12_device_QueryInterface: {0742a90b-c387-483f-b946-30a7e4e61458} not implemented, returning E_NOINTERFACE.
5523.553:0138:0198:warn:vkd3d-proton:d3d12_device_QueryInterface: {0742a90b-c387-483f-b946-30a7e4e61458} not implemented, returning E_NOINTERFACE.
5523.592:0138:019c:warn:vkd3d-proton:d3d12_device_QueryInterface: {0742a90b-c387-483f-b946-30a7e4e61458} not implemented, returning E_NOINTERFACE.
5523.626:0138:0194:warn:vkd3d-proton:d3d12_device_QueryInterface: {0742a90b-c387-483f-b946-30a7e4e61458} not implemented, returning E_NOINTERFACE.
5523.655:0138:01a0:warn:vkd3d-proton:d3d12_device_QueryInterface: {0742a90b-c387-483f-b946-30a7e4e61458} not implemented, returning E_NOINTERFACE.
5523.690:0138:019c:warn:vkd3d-proton:d3d12_device_QueryInterface: {0742a90b-c387-483f-b946-30a7e4e61458} not implemented, returning E_NOINTERFACE.
5523.718:0138:0194:warn:vkd3d-proton:d3d12_device_QueryInterface: {0742a90b-c387-483f-b946-30a7e4e61458} not implemented, returning E_NOINTERFACE.
5523.750:0138:01a0:warn:vkd3d-proton:d3d12_device_QueryInterface: {0742a90b-c387-483f-b946-30a7e4e61458} not implemented, returning E_NOINTERFACE.
5523.775:0138:019c:warn:vkd3d-proton:d3d12_device_QueryInterface: {0742a90b-c387-483f-b946-30a7e4e61458} not implemented, returning E_NOINTERFACE.
5523.800:0138:01a0:warn:vkd3d-proton:d3d12_device_QueryInterface: {0742a90b-c387-483f-b946-30a7e4e61458} not implemented, returning E_NOINTERFACE.
5523.826:0138:0194:warn:vkd3d-proton:d3d12_device_QueryInterface: {0742a90b-c387-483f-b946-30a7e4e61458} not implemented, returning E_NOINTERFACE.
5523.852:0138:019c:warn:vkd3d-proton:d3d12_device_QueryInterface: {0742a90b-c387-483f-b946-30a7e4e61458} not implemented, returning E_NOINTERFACE.
5523.887:0138:0194:warn:vkd3d-proton:d3d12_device_QueryInterface: {0742a90b-c387-483f-b946-30a7e4e61458} not implemented, returning E_NOINTERFACE.
5523.917:0138:01a0:warn:vkd3d-proton:d3d12_device_QueryInterface: {0742a90b-c387-483f-b946-30a7e4e61458} not implemented, returning E_NOINTERFACE.
5523.955:0138:019c:warn:vkd3d-proton:d3d12_device_QueryInterface: {0742a90b-c387-483f-b946-30a7e4e61458} not implemented, returning E_NOINTERFACE.
5523.986:0138:0194:warn:vkd3d-proton:d3d12_device_QueryInterface: {0742a90b-c387-483f-b946-30a7e4e61458} not implemented, returning E_NOINTERFACE.
5524.013:0138:0198:warn:vkd3d-proton:d3d12_device_QueryInterface: {0742a90b-c387-483f-b946-30a7e4e61458} not implemented, returning E_NOINTERFACE.
5524.051:0138:019c:warn:vkd3d-proton:d3d12_device_QueryInterface: {0742a90b-c387-483f-b946-30a7e4e61458} not implemented, returning E_NOINTERFACE.
5524.085:0138:0194:warn:vkd3d-proton:d3d12_device_QueryInterface: {0742a90b-c387-483f-b946-30a7e4e61458} not implemented, returning E_NOINTERFACE.
5524.115:0138:01a0:warn:vkd3d-proton:d3d12_device_QueryInterface: {0742a90b-c387-483f-b946-30a7e4e61458} not implemented, returning E_NOINTERFACE.
5524.150:0138:019c:warn:vkd3d-proton:d3d12_device_QueryInterface: {0742a90b-c387-483f-b946-30a7e4e61458} not implemented, returning E_NOINTERFACE.
5524.174:0138:0194:warn:vkd3d-proton:d3d12_device_QueryInterface: {0742a90b-c387-483f-b946-30a7e4e61458} not implemented, returning E_NOINTERFACE.
5524.204:0138:0198:warn:vkd3d-proton:d3d12_device_QueryInterface: {0742a90b-c387-483f-b946-30a7e4e61458} not implemented, returning E_NOINTERFACE.
5524.238:0138:019c:warn:vkd3d-proton:d3d12_device_QueryInterface: {0742a90b-c387-483f-b946-30a7e4e61458} not implemented, returning E_NOINTERFACE.
5524.276:0138:0198:warn:vkd3d-proton:d3d12_device_QueryInterface: {0742a90b-c387-483f-b946-30a7e4e61458} not implemented, returning E_NOINTERFACE.
5524.314:0138:01a0:warn:vkd3d-proton:d3d12_device_QueryInterface: {0742a90b-c387-483f-b946-30a7e4e61458} not implemented, returning E_NOINTERFACE.
5524.348:0138:019c:warn:vkd3d-proton:d3d12_device_QueryInterface: {0742a90b-c387-483f-b946-30a7e4e61458} not implemented, returning E_NOINTERFACE.
5524.372:0138:0198:warn:vkd3d-proton:d3d12_device_QueryInterface: {0742a90b-c387-483f-b946-30a7e4e61458} not implemented, returning E_NOINTERFACE.
5524.397:0138:019c:warn:vkd3d-proton:d3d12_device_QueryInterface: {0742a90b-c387-483f-b946-30a7e4e61458} not implemented, returning E_NOINTERFACE.
5524.401:0138:019c:warn:vkd3d-proton:d3d12_device_QueryInterface: {0742a90b-c387-483f-b946-30a7e4e61458} not implemented, returning E_NOINTERFACE.
5524.424:0138:019c:warn:vkd3d-proton:d3d12_device_QueryInterface: {0742a90b-c387-483f-b946-30a7e4e61458} not implemented, returning E_NOINTERFACE.
5524.457:0138:0194:warn:vkd3d-proton:d3d12_device_QueryInterface: {0742a90b-c387-483f-b946-30a7e4e61458} not implemented, returning E_NOINTERFACE.
5524.488:0138:0198:warn:vkd3d-proton:d3d12_device_QueryInterface: {0742a90b-c387-483f-b946-30a7e4e61458} not implemented, returning E_NOINTERFACE.
5524.526:0138:019c:warn:vkd3d-proton:d3d12_device_QueryInterface: {0742a90b-c387-483f-b946-30a7e4e61458} not implemented, returning E_NOINTERFACE.
5524.555:0138:01a0:warn:vkd3d-proton:d3d12_device_QueryInterface: {0742a90b-c387-483f-b946-30a7e4e61458} not implemented, returning E_NOINTERFACE.
5524.582:0138:0198:warn:vkd3d-proton:d3d12_device_QueryInterface: {0742a90b-c387-483f-b946-30a7e4e61458} not implemented, returning E_NOINTERFACE.
5524.607:0138:019c:warn:vkd3d-proton:d3d12_device_QueryInterface: {0742a90b-c387-483f-b946-30a7e4e61458} not implemented, returning E_NOINTERFACE.
5524.634:0138:0198:warn:vkd3d-proton:d3d12_device_QueryInterface: {0742a90b-c387-483f-b946-30a7e4e61458} not implemented, returning E_NOINTERFACE.
5524.638:0138:0198:warn:vkd3d-proton:d3d12_device_QueryInterface: {0742a90b-c387-483f-b946-30a7e4e61458} not implemented, returning E_NOINTERFACE.
5524.665:0138:01a0:warn:vkd3d-proton:d3d12_device_QueryInterface: {0742a90b-c387-483f-b946-30a7e4e61458} not implemented, returning E_NOINTERFACE.
5524.676:0138:01a0:warn:vkd3d-proton:d3d12_device_QueryInterface: {0742a90b-c387-483f-b946-30a7e4e61458} not implemented, returning E_NOINTERFACE.
5524.700:0138:0194:warn:vkd3d-proton:d3d12_device_QueryInterface: {0742a90b-c387-483f-b946-30a7e4e61458} not implemented, returning E_NOINTERFACE.
5524.709:0138:0198:warn:vkd3d-proton:d3d12_device_QueryInterface: {0742a90b-c387-483f-b946-30a7e4e61458} not implemented, returning E_NOINTERFACE.
5524.740:0138:01a0:warn:vkd3d-proton:d3d12_device_QueryInterface: {0742a90b-c387-483f-b946-30a7e4e61458} not implemented, returning E_NOINTERFACE.
5524.778:0138:0194:warn:vkd3d-proton:d3d12_device_QueryInterface: {0742a90b-c387-483f-b946-30a7e4e61458} not implemented, returning E_NOINTERFACE.
5524.811:0138:0198:warn:vkd3d-proton:d3d12_device_QueryInterface: {0742a90b-c387-483f-b946-30a7e4e61458} not implemented, returning E_NOINTERFACE.
5524.842:0138:01a0:warn:vkd3d-proton:d3d12_device_QueryInterface: {0742a90b-c387-483f-b946-30a7e4e61458} not implemented, returning E_NOINTERFACE.
5524.878:0138:0198:warn:vkd3d-proton:d3d12_device_QueryInterface: {0742a90b-c387-483f-b946-30a7e4e61458} not implemented, returning E_NOINTERFACE.
5524.916:0138:019c:warn:vkd3d-proton:d3d12_device_QueryInterface: {0742a90b-c387-483f-b946-30a7e4e61458} not implemented, returning E_NOINTERFACE.
5524.953:0138:0198:warn:vkd3d-proton:d3d12_device_QueryInterface: {0742a90b-c387-483f-b946-30a7e4e61458} not implemented, returning E_NOINTERFACE.
5524.988:0138:0194:warn:vkd3d-proton:d3d12_device_QueryInterface: {0742a90b-c387-483f-b946-30a7e4e61458} not implemented, returning E_NOINTERFACE.
5525.030:0138:019c:warn:vkd3d-proton:d3d12_device_QueryInterface: {0742a90b-c387-483f-b946-30a7e4e61458} not implemented, returning E_NOINTERFACE.
5525.061:0138:01a0:warn:vkd3d-proton:d3d12_device_QueryInterface: {0742a90b-c387-483f-b946-30a7e4e61458} not implemented, returning E_NOINTERFACE.
5525.099:0138:019c:warn:vkd3d-proton:d3d12_device_QueryInterface: {0742a90b-c387-483f-b946-30a7e4e61458} not implemented, returning E_NOINTERFACE.
5525.135:0138:0194:warn:vkd3d-proton:d3d12_device_QueryInterface: {0742a90b-c387-483f-b946-30a7e4e61458} not implemented, returning E_NOINTERFACE.
5525.172:0138:019c:warn:vkd3d-proton:d3d12_device_QueryInterface: {0742a90b-c387-483f-b946-30a7e4e61458} not implemented, returning E_NOINTERFACE.
5525.210:0138:0198:warn:vkd3d-proton:d3d12_device_QueryInterface: {0742a90b-c387-483f-b946-30a7e4e61458} not implemented, returning E_NOINTERFACE.
5525.241:0138:01a0:warn:vkd3d-proton:d3d12_device_QueryInterface: {0742a90b-c387-483f-b946-30a7e4e61458} not implemented, returning E_NOINTERFACE.
5525.277:0138:01a0:warn:vkd3d-proton:d3d12_device_QueryInterface: {0742a90b-c387-483f-b946-30a7e4e61458} not implemented, returning E_NOINTERFACE.
5525.308:0138:019c:warn:vkd3d-proton:d3d12_device_QueryInterface: {0742a90b-c387-483f-b946-30a7e4e61458} not implemented, returning E_NOINTERFACE.
5525.343:0138:01a0:warn:vkd3d-proton:d3d12_device_QueryInterface: {0742a90b-c387-483f-b946-30a7e4e61458} not implemented, returning E_NOINTERFACE.
5525.377:0138:019c:warn:vkd3d-proton:d3d12_device_QueryInterface: {0742a90b-c387-483f-b946-30a7e4e61458} not implemented, returning E_NOINTERFACE.
5525.408:0138:01a0:warn:vkd3d-proton:d3d12_device_QueryInterface: {0742a90b-c387-483f-b946-30a7e4e61458} not implemented, returning E_NOINTERFACE.
5525.439:0138:0194:warn:vkd3d-proton:d3d12_device_QueryInterface: {0742a90b-c387-483f-b946-30a7e4e61458} not implemented, returning E_NOINTERFACE.
5525.477:0138:0198:warn:vkd3d-proton:d3d12_device_QueryInterface: {0742a90b-c387-483f-b946-30a7e4e61458} not implemented, returning E_NOINTERFACE.
5525.510:0138:01a0:warn:vkd3d-proton:d3d12_device_QueryInterface: {0742a90b-c387-483f-b946-30a7e4e61458} not implemented, returning E_NOINTERFACE.
5525.545:0138:0194:warn:vkd3d-proton:d3d12_device_QueryInterface: {0742a90b-c387-483f-b946-30a7e4e61458} not implemented, returning E_NOINTERFACE.
5525.577:0138:019c:warn:vkd3d-proton:d3d12_device_QueryInterface: {0742a90b-c387-483f-b946-30a7e4e61458} not implemented, returning E_NOINTERFACE.
5525.614:0138:01a0:warn:vkd3d-proton:d3d12_device_QueryInterface: {0742a90b-c387-483f-b946-30a7e4e61458} not implemented, returning E_NOINTERFACE.
5525.647:0138:0194:warn:vkd3d-proton:d3d12_device_QueryInterface: {0742a90b-c387-483f-b946-30a7e4e61458} not implemented, returning E_NOINTERFACE.
5525.681:0138:019c:warn:vkd3d-proton:d3d12_device_QueryInterface: {0742a90b-c387-483f-b946-30a7e4e61458} not implemented, returning E_NOINTERFACE.
5525.711:0138:019c:warn:vkd3d-proton:d3d12_device_QueryInterface: {0742a90b-c387-483f-b946-30a7e4e61458} not implemented, returning E_NOINTERFACE.
5525.749:0138:01a0:warn:vkd3d-proton:d3d12_device_QueryInterface: {0742a90b-c387-483f-b946-30a7e4e61458} not implemented, returning E_NOINTERFACE.
5525.785:0138:0198:warn:vkd3d-proton:d3d12_device_QueryInterface: {0742a90b-c387-483f-b946-30a7e4e61458} not implemented, returning E_NOINTERFACE.
5525.811:0138:0194:warn:vkd3d-proton:d3d12_device_QueryInterface: {0742a90b-c387-483f-b946-30a7e4e61458} not implemented, returning E_NOINTERFACE.
5525.845:0138:0198:warn:vkd3d-proton:d3d12_device_QueryInterface: {0742a90b-c387-483f-b946-30a7e4e61458} not implemented, returning E_NOINTERFACE.
5525.876:0138:01a0:warn:vkd3d-proton:d3d12_device_QueryInterface: {0742a90b-c387-483f-b946-30a7e4e61458} not implemented, returning E_NOINTERFACE.
5525.910:0138:0198:warn:vkd3d-proton:d3d12_device_QueryInterface: {0742a90b-c387-483f-b946-30a7e4e61458} not implemented, returning E_NOINTERFACE.
5525.944:0138:019c:warn:vkd3d-proton:d3d12_device_QueryInterface: {0742a90b-c387-483f-b946-30a7e4e61458} not implemented, returning E_NOINTERFACE.
5525.978:0138:0194:warn:vkd3d-proton:d3d12_device_QueryInterface: {0742a90b-c387-483f-b946-30a7e4e61458} not implemented, returning E_NOINTERFACE.
5526.089:0138:019c:warn:vkd3d-proton:d3d12_device_QueryInterface: {0742a90b-c387-483f-b946-30a7e4e61458} not implemented, returning E_NOINTERFACE.
5526.194:0138:0194:warn:vkd3d-proton:d3d12_device_QueryInterface: {0742a90b-c387-483f-b946-30a7e4e61458} not implemented, returning E_NOINTERFACE.
5526.298:0138:0194:warn:vkd3d-proton:d3d12_device_QueryInterface: {0742a90b-c387-483f-b946-30a7e4e61458} not implemented, returning E_NOINTERFACE.
5526.411:0138:019c:warn:vkd3d-proton:d3d12_device_QueryInterface: {0742a90b-c387-483f-b946-30a7e4e61458} not implemented, returning E_NOINTERFACE.
5526.522:0138:0194:warn:vkd3d-proton:d3d12_device_QueryInterface: {0742a90b-c387-483f-b946-30a7e4e61458} not implemented, returning E_NOINTERFACE.
5526.652:0138:0198:warn:vkd3d-proton:d3d12_device_QueryInterface: {0742a90b-c387-483f-b946-30a7e4e61458} not implemented, returning E_NOINTERFACE.
5526.769:0138:0194:warn:vkd3d-proton:d3d12_device_QueryInterface: {0742a90b-c387-483f-b946-30a7e4e61458} not implemented, returning E_NOINTERFACE.
5526.894:0138:019c:warn:vkd3d-proton:d3d12_device_QueryInterface: {0742a90b-c387-483f-b946-30a7e4e61458} not implemented, returning E_NOINTERFACE.
5527.106:0138:01a0:warn:vkd3d-proton:d3d12_device_QueryInterface: {0742a90b-c387-483f-b946-30a7e4e61458} not implemented, returning E_NOINTERFACE.
5527.244:0138:019c:warn:vkd3d-proton:d3d12_device_QueryInterface: {0742a90b-c387-483f-b946-30a7e4e61458} not implemented, returning E_NOINTERFACE.
5527.382:0138:0194:warn:vkd3d-proton:d3d12_device_QueryInterface: {0742a90b-c387-483f-b946-30a7e4e61458} not implemented, returning E_NOINTERFACE.
5527.533:0138:01a0:warn:vkd3d-proton:d3d12_device_QueryInterface: {0742a90b-c387-483f-b946-30a7e4e61458} not implemented, returning E_NOINTERFACE.
5527.679:0138:0198:warn:vkd3d-proton:d3d12_device_QueryInterface: {0742a90b-c387-483f-b946-30a7e4e61458} not implemented, returning E_NOINTERFACE.
5527.817:0138:019c:warn:vkd3d-proton:d3d12_device_QueryInterface: {0742a90b-c387-483f-b946-30a7e4e61458} not implemented, returning E_NOINTERFACE.
5527.967:0138:0198:warn:vkd3d-proton:d3d12_device_QueryInterface: {0742a90b-c387-483f-b946-30a7e4e61458} not implemented, returning E_NOINTERFACE.
5528.115:0138:01a0:warn:vkd3d-proton:d3d12_device_QueryInterface: {0742a90b-c387-483f-b946-30a7e4e61458} not implemented, returning E_NOINTERFACE.
5528.148:0138:019c:warn:vkd3d-proton:d3d12_device_QueryInterface: {0742a90b-c387-483f-b946-30a7e4e61458} not implemented, returning E_NOINTERFACE.
5528.178:0138:0198:warn:vkd3d-proton:d3d12_device_QueryInterface: {0742a90b-c387-483f-b946-30a7e4e61458} not implemented, returning E_NOINTERFACE.
5528.215:0138:019c:warn:vkd3d-proton:d3d12_device_QueryInterface: {0742a90b-c387-483f-b946-30a7e4e61458} not implemented, returning E_NOINTERFACE.
5528.245:0138:0194:warn:vkd3d-proton:d3d12_device_QueryInterface: {0742a90b-c387-483f-b946-30a7e4e61458} not implemented, returning E_NOINTERFACE.
5528.281:0138:01a0:warn:vkd3d-proton:d3d12_device_QueryInterface: {0742a90b-c387-483f-b946-30a7e4e61458} not implemented, returning E_NOINTERFACE.
5528.315:0138:0198:warn:vkd3d-proton:d3d12_device_QueryInterface: {0742a90b-c387-483f-b946-30a7e4e61458} not implemented, returning E_NOINTERFACE.
5528.347:0138:0194:warn:vkd3d-proton:d3d12_device_QueryInterface: {0742a90b-c387-483f-b946-30a7e4e61458} not implemented, returning E_NOINTERFACE.
5528.381:0138:019c:warn:vkd3d-proton:d3d12_device_QueryInterface: {0742a90b-c387-483f-b946-30a7e4e61458} not implemented, returning E_NOINTERFACE.
5528.410:0138:0198:warn:vkd3d-proton:d3d12_device_QueryInterface: {0742a90b-c387-483f-b946-30a7e4e61458} not implemented, returning E_NOINTERFACE.
5528.445:0138:0194:warn:vkd3d-proton:d3d12_device_QueryInterface: {0742a90b-c387-483f-b946-30a7e4e61458} not implemented, returning E_NOINTERFACE.
5528.476:0138:01a0:warn:vkd3d-proton:d3d12_device_QueryInterface: {0742a90b-c387-483f-b946-30a7e4e61458} not implemented, returning E_NOINTERFACE.
5528.520:0138:0198:warn:vkd3d-proton:d3d12_device_QueryInterface: {0742a90b-c387-483f-b946-30a7e4e61458} not implemented, returning E_NOINTERFACE.
5528.592:0138:01a0:warn:vkd3d-proton:d3d12_device_QueryInterface: {0742a90b-c387-483f-b946-30a7e4e61458} not implemented, returning E_NOINTERFACE.
5528.616:0138:0194:warn:vkd3d-proton:d3d12_device_QueryInterface: {0742a90b-c387-483f-b946-30a7e4e61458} not implemented, returning E_NOINTERFACE.
5528.656:0138:019c:warn:vkd3d-proton:d3d12_device_QueryInterface: {0742a90b-c387-483f-b946-30a7e4e61458} not implemented, returning E_NOINTERFACE.
5528.689:0138:0198:warn:vkd3d-proton:d3d12_device_QueryInterface: {0742a90b-c387-483f-b946-30a7e4e61458} not implemented, returning E_NOINTERFACE.
5528.727:0138:019c:warn:vkd3d-proton:d3d12_device_QueryInterface: {0742a90b-c387-483f-b946-30a7e4e61458} not implemented, returning E_NOINTERFACE.
5528.767:0138:0198:warn:vkd3d-proton:d3d12_device_QueryInterface: {0742a90b-c387-483f-b946-30a7e4e61458} not implemented, returning E_NOINTERFACE.
5528.805:0138:01a0:warn:vkd3d-proton:d3d12_device_QueryInterface: {0742a90b-c387-483f-b946-30a7e4e61458} not implemented, returning E_NOINTERFACE.
5528.813:0138:01a0:warn:vkd3d-proton:d3d12_device_QueryInterface: {0742a90b-c387-483f-b946-30a7e4e61458} not implemented, returning E_NOINTERFACE.
5528.837:0138:01a0:warn:vkd3d-proton:d3d12_device_QueryInterface: {0742a90b-c387-483f-b946-30a7e4e61458} not implemented, returning E_NOINTERFACE.
5528.865:0138:019c:warn:vkd3d-proton:d3d12_device_QueryInterface: {0742a90b-c387-483f-b946-30a7e4e61458} not implemented, returning E_NOINTERFACE.
5528.901:0138:0198:warn:vkd3d-proton:d3d12_device_QueryInterface: {0742a90b-c387-483f-b946-30a7e4e61458} not implemented, returning E_NOINTERFACE.
5528.942:0138:019c:warn:vkd3d-proton:d3d12_device_QueryInterface: {0742a90b-c387-483f-b946-30a7e4e61458} not implemented, returning E_NOINTERFACE.
5528.974:0138:0194:warn:vkd3d-proton:d3d12_device_QueryInterface: {0742a90b-c387-483f-b946-30a7e4e61458} not implemented, returning E_NOINTERFACE.
5529.009:0138:0194:warn:vkd3d-proton:d3d12_device_QueryInterface: {0742a90b-c387-483f-b946-30a7e4e61458} not implemented, returning E_NOINTERFACE.
5529.080:0138:0194:warn:vkd3d-proton:d3d12_device_QueryInterface: {0742a90b-c387-483f-b946-30a7e4e61458} not implemented, returning E_NOINTERFACE.
5529.112:0138:01a0:warn:vkd3d-proton:d3d12_device_QueryInterface: {0742a90b-c387-483f-b946-30a7e4e61458} not implemented, returning E_NOINTERFACE.
5529.152:0138:01a0:warn:vkd3d-proton:d3d12_device_QueryInterface: {0742a90b-c387-483f-b946-30a7e4e61458} not implemented, returning E_NOINTERFACE.
5529.194:0138:01a0:warn:vkd3d-proton:d3d12_device_QueryInterface: {0742a90b-c387-483f-b946-30a7e4e61458} not implemented, returning E_NOINTERFACE.
5529.285:0138:01a0:warn:vkd3d-proton:d3d12_device_QueryInterface: {0742a90b-c387-483f-b946-30a7e4e61458} not implemented, returning E_NOINTERFACE.
5529.319:0138:01a0:warn:vkd3d-proton:d3d12_device_QueryInterface: {0742a90b-c387-483f-b946-30a7e4e61458} not implemented, returning E_NOINTERFACE.
5529.352:0138:01a0:warn:vkd3d-proton:d3d12_device_QueryInterface: {0742a90b-c387-483f-b946-30a7e4e61458} not implemented, returning E_NOINTERFACE.
5529.387:0138:0198:warn:vkd3d-proton:d3d12_device_QueryInterface: {0742a90b-c387-483f-b946-30a7e4e61458} not implemented, returning E_NOINTERFACE.
5529.421:0138:0198:warn:vkd3d-proton:d3d12_device_QueryInterface: {0742a90b-c387-483f-b946-30a7e4e61458} not implemented, returning E_NOINTERFACE.
5529.458:0138:019c:warn:vkd3d-proton:d3d12_device_QueryInterface: {0742a90b-c387-483f-b946-30a7e4e61458} not implemented, returning E_NOINTERFACE.
5529.489:0138:0194:warn:vkd3d-proton:d3d12_device_QueryInterface: {0742a90b-c387-483f-b946-30a7e4e61458} not implemented, returning E_NOINTERFACE.
5529.532:0138:0198:warn:vkd3d-proton:d3d12_device_QueryInterface: {0742a90b-c387-483f-b946-30a7e4e61458} not implemented, returning E_NOINTERFACE.
5529.556:0138:0198:warn:vkd3d-proton:d3d12_device_QueryInterface: {0742a90b-c387-483f-b946-30a7e4e61458} not implemented, returning E_NOINTERFACE.
5529.587:0138:0194:warn:vkd3d-proton:d3d12_device_QueryInterface: {0742a90b-c387-483f-b946-30a7e4e61458} not implemented, returning E_NOINTERFACE.
5529.611:0138:01a0:warn:vkd3d-proton:d3d12_device_QueryInterface: {0742a90b-c387-483f-b946-30a7e4e61458} not implemented, returning E_NOINTERFACE.
5529.634:0138:0194:warn:vkd3d-proton:d3d12_device_QueryInterface: {0742a90b-c387-483f-b946-30a7e4e61458} not implemented, returning E_NOINTERFACE.
5529.664:0138:019c:warn:vkd3d-proton:d3d12_device_QueryInterface: {0742a90b-c387-483f-b946-30a7e4e61458} not implemented, returning E_NOINTERFACE.
5529.689:0138:01a0:warn:vkd3d-proton:d3d12_device_QueryInterface: {0742a90b-c387-483f-b946-30a7e4e61458} not implemented, returning E_NOINTERFACE.
5529.711:0138:0194:warn:vkd3d-proton:d3d12_device_QueryInterface: {0742a90b-c387-483f-b946-30a7e4e61458} not implemented, returning E_NOINTERFACE.
5529.741:0138:019c:warn:vkd3d-proton:d3d12_device_QueryInterface: {0742a90b-c387-483f-b946-30a7e4e61458} not implemented, returning E_NOINTERFACE.
5529.777:0138:0198:warn:vkd3d-proton:d3d12_device_QueryInterface: {0742a90b-c387-483f-b946-30a7e4e61458} not implemented, returning E_NOINTERFACE.
5529.805:0138:0194:warn:vkd3d-proton:d3d12_device_QueryInterface: {0742a90b-c387-483f-b946-30a7e4e61458} not implemented, returning E_NOINTERFACE.
5529.830:0138:0194:warn:vkd3d-proton:d3d12_device_QueryInterface: {0742a90b-c387-483f-b946-30a7e4e61458} not implemented, returning E_NOINTERFACE.
5529.864:0138:0198:warn:vkd3d-proton:d3d12_device_QueryInterface: {0742a90b-c387-483f-b946-30a7e4e61458} not implemented, returning E_NOINTERFACE.
5529.920:0138:019c:warn:vkd3d-proton:d3d12_device_QueryInterface: {0742a90b-c387-483f-b946-30a7e4e61458} not implemented, returning E_NOINTERFACE.
5529.939:0138:01a0:warn:vkd3d-proton:d3d12_device_QueryInterface: {0742a90b-c387-483f-b946-30a7e4e61458} not implemented, returning E_NOINTERFACE.
5529.984:0138:0194:warn:vkd3d-proton:d3d12_device_QueryInterface: {0742a90b-c387-483f-b946-30a7e4e61458} not implemented, returning E_NOINTERFACE.
5530.032:0138:0198:warn:vkd3d-proton:d3d12_device_QueryInterface: {0742a90b-c387-483f-b946-30a7e4e61458} not implemented, returning E_NOINTERFACE.
5530.069:0138:01a0:warn:vkd3d-proton:d3d12_device_QueryInterface: {0742a90b-c387-483f-b946-30a7e4e61458} not implemented, returning E_NOINTERFACE.
5530.117:0138:019c:warn:vkd3d-proton:d3d12_device_QueryInterface: {0742a90b-c387-483f-b946-30a7e4e61458} not implemented, returning E_NOINTERFACE.
5530.143:0138:0198:warn:vkd3d-proton:d3d12_device_QueryInterface: {0742a90b-c387-483f-b946-30a7e4e61458} not implemented, returning E_NOINTERFACE.
5530.165:0138:019c:warn:vkd3d-proton:d3d12_device_QueryInterface: {0742a90b-c387-483f-b946-30a7e4e61458} not implemented, returning E_NOINTERFACE.
5530.206:0138:019c:warn:vkd3d-proton:d3d12_device_QueryInterface: {0742a90b-c387-483f-b946-30a7e4e61458} not implemented, returning E_NOINTERFACE.
5530.222:0138:0198:warn:vkd3d-proton:d3d12_device_QueryInterface: {0742a90b-c387-483f-b946-30a7e4e61458} not implemented, returning E_NOINTERFACE.
5530.259:0138:01a0:warn:vkd3d-proton:d3d12_device_QueryInterface: {0742a90b-c387-483f-b946-30a7e4e61458} not implemented, returning E_NOINTERFACE.
5530.292:0138:0198:warn:vkd3d-proton:d3d12_device_QueryInterface: {0742a90b-c387-483f-b946-30a7e4e61458} not implemented, returning E_NOINTERFACE.
5530.317:0138:01a0:warn:vkd3d-proton:d3d12_device_QueryInterface: {0742a90b-c387-483f-b946-30a7e4e61458} not implemented, returning E_NOINTERFACE.
5530.356:0138:019c:warn:vkd3d-proton:d3d12_device_QueryInterface: {0742a90b-c387-483f-b946-30a7e4e61458} not implemented, returning E_NOINTERFACE.
5530.393:0138:01a0:warn:vkd3d-proton:d3d12_device_QueryInterface: {0742a90b-c387-483f-b946-30a7e4e61458} not implemented, returning E_NOINTERFACE.
5530.437:0138:01a0:warn:vkd3d-proton:d3d12_device_QueryInterface: {0742a90b-c387-483f-b946-30a7e4e61458} not implemented, returning E_NOINTERFACE.
5530.469:0138:0198:warn:vkd3d-proton:d3d12_device_QueryInterface: {0742a90b-c387-483f-b946-30a7e4e61458} not implemented, returning E_NOINTERFACE.
5530.511:0138:019c:warn:vkd3d-proton:d3d12_device_QueryInterface: {0742a90b-c387-483f-b946-30a7e4e61458} not implemented, returning E_NOINTERFACE.
5530.550:0138:01a0:warn:vkd3d-proton:d3d12_device_QueryInterface: {0742a90b-c387-483f-b946-30a7e4e61458} not implemented, returning E_NOINTERFACE.
5530.580:0138:0194:warn:vkd3d-proton:d3d12_device_QueryInterface: {0742a90b-c387-483f-b946-30a7e4e61458} not implemented, returning E_NOINTERFACE.
5530.619:0138:019c:warn:vkd3d-proton:d3d12_device_QueryInterface: {0742a90b-c387-483f-b946-30a7e4e61458} not implemented, returning E_NOINTERFACE.
5530.658:0138:019c:warn:vkd3d-proton:d3d12_device_QueryInterface: {0742a90b-c387-483f-b946-30a7e4e61458} not implemented, returning E_NOINTERFACE.
5530.696:0138:019c:warn:vkd3d-proton:d3d12_device_QueryInterface: {0742a90b-c387-483f-b946-30a7e4e61458} not implemented, returning E_NOINTERFACE.
5530.741:0138:019c:warn:vkd3d-proton:d3d12_device_QueryInterface: {0742a90b-c387-483f-b946-30a7e4e61458} not implemented, returning E_NOINTERFACE.
5530.749:0138:019c:warn:vkd3d-proton:d3d12_device_QueryInterface: {0742a90b-c387-483f-b946-30a7e4e61458} not implemented, returning E_NOINTERFACE.
5530.764:0138:019c:warn:vkd3d-proton:d3d12_device_QueryInterface: {0742a90b-c387-483f-b946-30a7e4e61458} not implemented, returning E_NOINTERFACE.
5530.779:0138:019c:warn:vkd3d-proton:d3d12_device_QueryInterface: {0742a90b-c387-483f-b946-30a7e4e61458} not implemented, returning E_NOINTERFACE.
5530.825:0138:019c:warn:vkd3d-proton:d3d12_device_QueryInterface: {0742a90b-c387-483f-b946-30a7e4e61458} not implemented, returning E_NOINTERFACE.
5530.869:0138:019c:warn:vkd3d-proton:d3d12_device_QueryInterface: {0742a90b-c387-483f-b946-30a7e4e61458} not implemented, returning E_NOINTERFACE.
5530.912:0138:01a0:warn:vkd3d-proton:d3d12_device_QueryInterface: {0742a90b-c387-483f-b946-30a7e4e61458} not implemented, returning E_NOINTERFACE.
5530.952:0138:01a0:warn:vkd3d-proton:d3d12_device_QueryInterface: {0742a90b-c387-483f-b946-30a7e4e61458} not implemented, returning E_NOINTERFACE.
5530.988:0138:0194:warn:vkd3d-proton:d3d12_device_QueryInterface: {0742a90b-c387-483f-b946-30a7e4e61458} not implemented, returning E_NOINTERFACE.
5531.032:0138:0194:warn:vkd3d-proton:d3d12_device_QueryInterface: {0742a90b-c387-483f-b946-30a7e4e61458} not implemented, returning E_NOINTERFACE.
5531.073:0138:019c:warn:vkd3d-proton:d3d12_device_QueryInterface: {0742a90b-c387-483f-b946-30a7e4e61458} not implemented, returning E_NOINTERFACE.
5531.109:0138:0198:warn:vkd3d-proton:d3d12_device_QueryInterface: {0742a90b-c387-483f-b946-30a7e4e61458} not implemented, returning E_NOINTERFACE.
5531.150:0138:0194:warn:vkd3d-proton:d3d12_device_QueryInterface: {0742a90b-c387-483f-b946-30a7e4e61458} not implemented, returning E_NOINTERFACE.
5531.192:0138:0194:warn:vkd3d-proton:d3d12_device_QueryInterface: {0742a90b-c387-483f-b946-30a7e4e61458} not implemented, returning E_NOINTERFACE.
5531.251:0138:0194:warn:vkd3d-proton:d3d12_device_QueryInterface: {0742a90b-c387-483f-b946-30a7e4e61458} not implemented, returning E_NOINTERFACE.
5531.300:0138:0198:warn:vkd3d-proton:d3d12_device_QueryInterface: {0742a90b-c387-483f-b946-30a7e4e61458} not implemented, returning E_NOINTERFACE.
5531.336:0138:0198:warn:vkd3d-proton:d3d12_device_QueryInterface: {0742a90b-c387-483f-b946-30a7e4e61458} not implemented, returning E_NOINTERFACE.
5531.387:0138:0198:warn:vkd3d-proton:d3d12_device_QueryInterface: {0742a90b-c387-483f-b946-30a7e4e61458} not implemented, returning E_NOINTERFACE.
5531.433:0138:01a0:warn:vkd3d-proton:d3d12_device_QueryInterface: {0742a90b-c387-483f-b946-30a7e4e61458} not implemented, returning E_NOINTERFACE.
5531.441:0138:01a0:warn:vkd3d-proton:d3d12_device_QueryInterface: {0742a90b-c387-483f-b946-30a7e4e61458} not implemented, returning E_NOINTERFACE.
5531.450:0138:01a0:warn:vkd3d-proton:d3d12_device_QueryInterface: {0742a90b-c387-483f-b946-30a7e4e61458} not implemented, returning E_NOINTERFACE.
5531.473:0138:01a0:warn:vkd3d-proton:d3d12_device_QueryInterface: {0742a90b-c387-483f-b946-30a7e4e61458} not implemented, returning E_NOINTERFACE.
5531.526:0138:01a0:warn:vkd3d-proton:d3d12_device_QueryInterface: {0742a90b-c387-483f-b946-30a7e4e61458} not implemented, returning E_NOINTERFACE.
5531.566:0138:0198:warn:vkd3d-proton:d3d12_device_QueryInterface: {0742a90b-c387-483f-b946-30a7e4e61458} not implemented, returning E_NOINTERFACE.
5531.603:0138:0194:warn:vkd3d-proton:d3d12_device_QueryInterface: {0742a90b-c387-483f-b946-30a7e4e61458} not implemented, returning E_NOINTERFACE.
5531.641:0138:0198:warn:vkd3d-proton:d3d12_device_QueryInterface: {0742a90b-c387-483f-b946-30a7e4e61458} not implemented, returning E_NOINTERFACE.
5531.662:0138:019c:warn:vkd3d-proton:d3d12_device_QueryInterface: {0742a90b-c387-483f-b946-30a7e4e61458} not implemented, returning E_NOINTERFACE.
5531.695:0138:0198:warn:vkd3d-proton:d3d12_device_QueryInterface: {0742a90b-c387-483f-b946-30a7e4e61458} not implemented, returning E_NOINTERFACE.
5531.732:0138:0194:warn:vkd3d-proton:d3d12_device_QueryInterface: {0742a90b-c387-483f-b946-30a7e4e61458} not implemented, returning E_NOINTERFACE.
5531.764:0138:019c:warn:vkd3d-proton:d3d12_device_QueryInterface: {0742a90b-c387-483f-b946-30a7e4e61458} not implemented, returning E_NOINTERFACE.
5531.789:0138:0194:warn:vkd3d-proton:d3d12_device_QueryInterface: {0742a90b-c387-483f-b946-30a7e4e61458} not implemented, returning E_NOINTERFACE.
5531.825:0138:019c:warn:vkd3d-proton:d3d12_device_QueryInterface: {0742a90b-c387-483f-b946-30a7e4e61458} not implemented, returning E_NOINTERFACE.
5531.850:0138:0198:warn:vkd3d-proton:d3d12_device_QueryInterface: {0742a90b-c387-483f-b946-30a7e4e61458} not implemented, returning E_NOINTERFACE.
5531.883:0138:019c:warn:vkd3d-proton:d3d12_device_QueryInterface: {0742a90b-c387-483f-b946-30a7e4e61458} not implemented, returning E_NOINTERFACE.
5531.916:0138:0198:warn:vkd3d-proton:d3d12_device_QueryInterface: {0742a90b-c387-483f-b946-30a7e4e61458} not implemented, returning E_NOINTERFACE.
5531.951:0138:019c:warn:vkd3d-proton:d3d12_device_QueryInterface: {0742a90b-c387-483f-b946-30a7e4e61458} not implemented, returning E_NOINTERFACE.
5531.977:0138:0198:warn:vkd3d-proton:d3d12_device_QueryInterface: {0742a90b-c387-483f-b946-30a7e4e61458} not implemented, returning E_NOINTERFACE.
5532.008:0138:01a0:warn:vkd3d-proton:d3d12_device_QueryInterface: {0742a90b-c387-483f-b946-30a7e4e61458} not implemented, returning E_NOINTERFACE.
5532.040:0138:0194:warn:vkd3d-proton:d3d12_device_QueryInterface: {0742a90b-c387-483f-b946-30a7e4e61458} not implemented, returning E_NOINTERFACE.
5532.077:0138:0194:warn:vkd3d-proton:d3d12_device_QueryInterface: {0742a90b-c387-483f-b946-30a7e4e61458} not implemented, returning E_NOINTERFACE.
5532.103:0138:019c:warn:vkd3d-proton:d3d12_device_QueryInterface: {0742a90b-c387-483f-b946-30a7e4e61458} not implemented, returning E_NOINTERFACE.
5532.144:0138:0198:warn:vkd3d-proton:d3d12_device_QueryInterface: {0742a90b-c387-483f-b946-30a7e4e61458} not implemented, returning E_NOINTERFACE.
5532.171:0138:01a0:warn:vkd3d-proton:d3d12_device_QueryInterface: {0742a90b-c387-483f-b946-30a7e4e61458} not implemented, returning E_NOINTERFACE.
5532.196:0138:0194:warn:vkd3d-proton:d3d12_device_QueryInterface: {0742a90b-c387-483f-b946-30a7e4e61458} not implemented, returning E_NOINTERFACE.
5532.239:0138:0198:warn:vkd3d-proton:d3d12_device_QueryInterface: {0742a90b-c387-483f-b946-30a7e4e61458} not implemented, returning E_NOINTERFACE.
5532.262:0138:0194:warn:vkd3d-proton:d3d12_device_QueryInterface: {0742a90b-c387-483f-b946-30a7e4e61458} not implemented, returning E_NOINTERFACE.
5532.300:0138:019c:warn:vkd3d-proton:d3d12_device_QueryInterface: {0742a90b-c387-483f-b946-30a7e4e61458} not implemented, returning E_NOINTERFACE.
5532.323:0138:0198:warn:vkd3d-proton:d3d12_device_QueryInterface: {0742a90b-c387-483f-b946-30a7e4e61458} not implemented, returning E_NOINTERFACE.
5532.325:0138:0198:warn:vkd3d-proton:d3d12_device_QueryInterface: {0742a90b-c387-483f-b946-30a7e4e61458} not implemented, returning E_NOINTERFACE.
5532.365:0138:019c:warn:vkd3d-proton:d3d12_device_QueryInterface: {0742a90b-c387-483f-b946-30a7e4e61458} not implemented, returning E_NOINTERFACE.
5532.402:0138:0194:warn:vkd3d-proton:d3d12_device_QueryInterface: {0742a90b-c387-483f-b946-30a7e4e61458} not implemented, returning E_NOINTERFACE.
5532.439:0138:01a0:warn:vkd3d-proton:d3d12_device_QueryInterface: {0742a90b-c387-483f-b946-30a7e4e61458} not implemented, returning E_NOINTERFACE.
5532.475:0138:0194:warn:vkd3d-proton:d3d12_device_QueryInterface: {0742a90b-c387-483f-b946-30a7e4e61458} not implemented, returning E_NOINTERFACE.
5532.510:0138:0198:warn:vkd3d-proton:d3d12_device_QueryInterface: {0742a90b-c387-483f-b946-30a7e4e61458} not implemented, returning E_NOINTERFACE.
5532.535:0138:01a0:warn:vkd3d-proton:d3d12_device_QueryInterface: {0742a90b-c387-483f-b946-30a7e4e61458} not implemented, returning E_NOINTERFACE.
5532.568:0138:0194:warn:vkd3d-proton:d3d12_device_QueryInterface: {0742a90b-c387-483f-b946-30a7e4e61458} not implemented, returning E_NOINTERFACE.
5532.603:0138:019c:warn:vkd3d-proton:d3d12_device_QueryInterface: {0742a90b-c387-483f-b946-30a7e4e61458} not implemented, returning E_NOINTERFACE.
5532.635:0138:0198:warn:vkd3d-proton:d3d12_device_QueryInterface: {0742a90b-c387-483f-b946-30a7e4e61458} not implemented, returning E_NOINTERFACE.
5532.668:0138:01a0:warn:vkd3d-proton:d3d12_device_QueryInterface: {0742a90b-c387-483f-b946-30a7e4e61458} not implemented, returning E_NOINTERFACE.
5532.708:0138:019c:warn:vkd3d-proton:d3d12_device_QueryInterface: {0742a90b-c387-483f-b946-30a7e4e61458} not implemented, returning E_NOINTERFACE.
5532.739:0138:0198:warn:vkd3d-proton:d3d12_device_QueryInterface: {0742a90b-c387-483f-b946-30a7e4e61458} not implemented, returning E_NOINTERFACE.
5532.763:0138:01a0:warn:vkd3d-proton:d3d12_device_QueryInterface: {0742a90b-c387-483f-b946-30a7e4e61458} not implemented, returning E_NOINTERFACE.
5532.802:0138:019c:warn:vkd3d-proton:d3d12_device_QueryInterface: {0742a90b-c387-483f-b946-30a7e4e61458} not implemented, returning E_NOINTERFACE.
5532.833:0138:0194:warn:vkd3d-proton:d3d12_device_QueryInterface: {0742a90b-c387-483f-b946-30a7e4e61458} not implemented, returning E_NOINTERFACE.
5532.873:0138:01a0:warn:vkd3d-proton:d3d12_device_QueryInterface: {0742a90b-c387-483f-b946-30a7e4e61458} not implemented, returning E_NOINTERFACE.
5532.910:0138:0194:warn:vkd3d-proton:d3d12_device_QueryInterface: {0742a90b-c387-483f-b946-30a7e4e61458} not implemented, returning E_NOINTERFACE.
5532.946:0138:019c:warn:vkd3d-proton:d3d12_device_QueryInterface: {0742a90b-c387-483f-b946-30a7e4e61458} not implemented, returning E_NOINTERFACE.
5533.079:0138:019c:warn:vkd3d-proton:d3d12_device_QueryInterface: {0742a90b-c387-483f-b946-30a7e4e61458} not implemented, returning E_NOINTERFACE.
5533.120:0138:0198:warn:vkd3d-proton:d3d12_device_QueryInterface: {0742a90b-c387-483f-b946-30a7e4e61458} not implemented, returning E_NOINTERFACE.
5533.152:0138:0194:warn:vkd3d-proton:d3d12_device_QueryInterface: {0742a90b-c387-483f-b946-30a7e4e61458} not implemented, returning E_NOINTERFACE.
5533.249:0138:01a0:warn:vkd3d-proton:d3d12_device_QueryInterface: {0742a90b-c387-483f-b946-30a7e4e61458} not implemented, returning E_NOINTERFACE.
5533.274:0138:019c:warn:vkd3d-proton:d3d12_device_QueryInterface: {0742a90b-c387-483f-b946-30a7e4e61458} not implemented, returning E_NOINTERFACE.
5533.278:0138:019c:warn:vkd3d-proton:d3d12_device_QueryInterface: {0742a90b-c387-483f-b946-30a7e4e61458} not implemented, returning E_NOINTERFACE.
5533.292:0138:01a0:warn:vkd3d-proton:d3d12_device_QueryInterface: {0742a90b-c387-483f-b946-30a7e4e61458} not implemented, returning E_NOINTERFACE.
5533.304:0138:01a0:warn:vkd3d-proton:d3d12_device_QueryInterface: {0742a90b-c387-483f-b946-30a7e4e61458} not implemented, returning E_NOINTERFACE.
5533.344:0138:019c:warn:vkd3d-proton:d3d12_device_QueryInterface: {0742a90b-c387-483f-b946-30a7e4e61458} not implemented, returning E_NOINTERFACE.
5533.391:0138:019c:warn:vkd3d-proton:d3d12_device_QueryInterface: {0742a90b-c387-483f-b946-30a7e4e61458} not implemented, returning E_NOINTERFACE.
5533.426:0138:01a0:warn:vkd3d-proton:d3d12_device_QueryInterface: {0742a90b-c387-483f-b946-30a7e4e61458} not implemented, returning E_NOINTERFACE.
5533.469:0138:01a0:warn:vkd3d-proton:d3d12_device_QueryInterface: {0742a90b-c387-483f-b946-30a7e4e61458} not implemented, returning E_NOINTERFACE.
5533.498:0138:01a0:warn:vkd3d-proton:d3d12_device_QueryInterface: {0742a90b-c387-483f-b946-30a7e4e61458} not implemented, returning E_NOINTERFACE.
5533.520:0138:01a0:warn:vkd3d-proton:d3d12_device_QueryInterface: {0742a90b-c387-483f-b946-30a7e4e61458} not implemented, returning E_NOINTERFACE.
5533.546:0138:01a0:warn:vkd3d-proton:d3d12_device_QueryInterface: {0742a90b-c387-483f-b946-30a7e4e61458} not implemented, returning E_NOINTERFACE.
5533.573:0138:019c:warn:vkd3d-proton:d3d12_device_QueryInterface: {0742a90b-c387-483f-b946-30a7e4e61458} not implemented, returning E_NOINTERFACE.
5533.612:0138:019c:warn:vkd3d-proton:d3d12_device_QueryInterface: {0742a90b-c387-483f-b946-30a7e4e61458} not implemented, returning E_NOINTERFACE.
5533.642:0138:019c:warn:vkd3d-proton:d3d12_device_QueryInterface: {0742a90b-c387-483f-b946-30a7e4e61458} not implemented, returning E_NOINTERFACE.
5533.683:0138:01a0:warn:vkd3d-proton:d3d12_device_QueryInterface: {0742a90b-c387-483f-b946-30a7e4e61458} not implemented, returning E_NOINTERFACE.
5533.710:0138:019c:warn:vkd3d-proton:d3d12_device_QueryInterface: {0742a90b-c387-483f-b946-30a7e4e61458} not implemented, returning E_NOINTERFACE.
5533.739:0138:0198:warn:vkd3d-proton:d3d12_device_QueryInterface: {0742a90b-c387-483f-b946-30a7e4e61458} not implemented, returning E_NOINTERFACE.
5533.771:0138:019c:warn:vkd3d-proton:d3d12_device_QueryInterface: {0742a90b-c387-483f-b946-30a7e4e61458} not implemented, returning E_NOINTERFACE.
5533.777:0138:019c:warn:vkd3d-proton:d3d12_device_QueryInterface: {0742a90b-c387-483f-b946-30a7e4e61458} not implemented, returning E_NOINTERFACE.
5533.839:0138:019c:warn:vkd3d-proton:d3d12_device_QueryInterface: {0742a90b-c387-483f-b946-30a7e4e61458} not implemented, returning E_NOINTERFACE.
5533.911:0138:019c:warn:vkd3d-proton:d3d12_device_QueryInterface: {0742a90b-c387-483f-b946-30a7e4e61458} not implemented, returning E_NOINTERFACE.
5533.948:0138:019c:warn:vkd3d-proton:d3d12_device_QueryInterface: {0742a90b-c387-483f-b946-30a7e4e61458} not implemented, returning E_NOINTERFACE.
5533.985:0138:01a0:warn:vkd3d-proton:d3d12_device_QueryInterface: {0742a90b-c387-483f-b946-30a7e4e61458} not implemented, returning E_NOINTERFACE.
5534.041:0138:01a0:warn:vkd3d-proton:d3d12_device_QueryInterface: {0742a90b-c387-483f-b946-30a7e4e61458} not implemented, returning E_NOINTERFACE.
5534.088:0138:01a0:warn:vkd3d-proton:d3d12_device_QueryInterface: {0742a90b-c387-483f-b946-30a7e4e61458} not implemented, returning E_NOINTERFACE.
5534.128:0138:0198:warn:vkd3d-proton:d3d12_device_QueryInterface: {0742a90b-c387-483f-b946-30a7e4e61458} not implemented, returning E_NOINTERFACE.
5534.169:0138:019c:warn:vkd3d-proton:d3d12_device_QueryInterface: {0742a90b-c387-483f-b946-30a7e4e61458} not implemented, returning E_NOINTERFACE.
5534.207:0138:0194:warn:vkd3d-proton:d3d12_device_QueryInterface: {0742a90b-c387-483f-b946-30a7e4e61458} not implemented, returning E_NOINTERFACE.
5534.255:0138:0198:warn:vkd3d-proton:d3d12_device_QueryInterface: {0742a90b-c387-483f-b946-30a7e4e61458} not implemented, returning E_NOINTERFACE.
5534.266:0138:0198:warn:vkd3d-proton:d3d12_device_QueryInterface: {0742a90b-c387-483f-b946-30a7e4e61458} not implemented, returning E_NOINTERFACE.
5534.271:0138:0198:warn:vkd3d-proton:d3d12_device_QueryInterface: {0742a90b-c387-483f-b946-30a7e4e61458} not implemented, returning E_NOINTERFACE.
5534.285:0138:019c:warn:vkd3d-proton:d3d12_device_QueryInterface: {0742a90b-c387-483f-b946-30a7e4e61458} not implemented, returning E_NOINTERFACE.
5534.331:0138:019c:warn:vkd3d-proton:d3d12_device_QueryInterface: {0742a90b-c387-483f-b946-30a7e4e61458} not implemented, returning E_NOINTERFACE.
5534.364:0138:019c:warn:vkd3d-proton:d3d12_device_QueryInterface: {0742a90b-c387-483f-b946-30a7e4e61458} not implemented, returning E_NOINTERFACE.
5534.394:0138:0198:warn:vkd3d-proton:d3d12_device_QueryInterface: {0742a90b-c387-483f-b946-30a7e4e61458} not implemented, returning E_NOINTERFACE.
5534.426:0138:0198:warn:vkd3d-proton:d3d12_device_QueryInterface: {0742a90b-c387-483f-b946-30a7e4e61458} not implemented, returning E_NOINTERFACE.
5534.458:0138:0198:warn:vkd3d-proton:d3d12_device_QueryInterface: {0742a90b-c387-483f-b946-30a7e4e61458} not implemented, returning E_NOINTERFACE.
5534.516:0138:019c:warn:vkd3d-proton:d3d12_device_QueryInterface: {0742a90b-c387-483f-b946-30a7e4e61458} not implemented, returning E_NOINTERFACE.
5534.553:0138:0194:warn:vkd3d-proton:d3d12_device_QueryInterface: {0742a90b-c387-483f-b946-30a7e4e61458} not implemented, returning E_NOINTERFACE.
5534.579:0138:0194:warn:vkd3d-proton:d3d12_device_QueryInterface: {0742a90b-c387-483f-b946-30a7e4e61458} not implemented, returning E_NOINTERFACE.
5534.613:0138:01a0:warn:vkd3d-proton:d3d12_device_QueryInterface: {0742a90b-c387-483f-b946-30a7e4e61458} not implemented, returning E_NOINTERFACE.
5534.666:0138:0198:warn:vkd3d-proton:d3d12_device_QueryInterface: {0742a90b-c387-483f-b946-30a7e4e61458} not implemented, returning E_NOINTERFACE.
5534.716:0138:019c:warn:vkd3d-proton:d3d12_device_QueryInterface: {0742a90b-c387-483f-b946-30a7e4e61458} not implemented, returning E_NOINTERFACE.
5534.754:0138:01a0:warn:vkd3d-proton:d3d12_device_QueryInterface: {0742a90b-c387-483f-b946-30a7e4e61458} not implemented, returning E_NOINTERFACE.
5534.782:0138:01a0:warn:vkd3d-proton:d3d12_device_QueryInterface: {0742a90b-c387-483f-b946-30a7e4e61458} not implemented, returning E_NOINTERFACE.
5534.824:0138:0194:warn:vkd3d-proton:d3d12_device_QueryInterface: {0742a90b-c387-483f-b946-30a7e4e61458} not implemented, returning E_NOINTERFACE.
5534.850:0138:019c:warn:vkd3d-proton:d3d12_device_QueryInterface: {0742a90b-c387-483f-b946-30a7e4e61458} not implemented, returning E_NOINTERFACE.
5534.876:0138:01a0:warn:vkd3d-proton:d3d12_device_QueryInterface: {0742a90b-c387-483f-b946-30a7e4e61458} not implemented, returning E_NOINTERFACE.
5534.911:0138:01a0:warn:vkd3d-proton:d3d12_device_QueryInterface: {0742a90b-c387-483f-b946-30a7e4e61458} not implemented, returning E_NOINTERFACE.
5534.948:0138:01a0:warn:vkd3d-proton:d3d12_device_QueryInterface: {0742a90b-c387-483f-b946-30a7e4e61458} not implemented, returning E_NOINTERFACE.
5534.974:0138:01a0:warn:vkd3d-proton:d3d12_device_QueryInterface: {0742a90b-c387-483f-b946-30a7e4e61458} not implemented, returning E_NOINTERFACE.
5535.093:0138:019c:warn:vkd3d-proton:d3d12_device_QueryInterface: {0742a90b-c387-483f-b946-30a7e4e61458} not implemented, returning E_NOINTERFACE.
5535.129:0138:01a0:warn:vkd3d-proton:d3d12_device_QueryInterface: {0742a90b-c387-483f-b946-30a7e4e61458} not implemented, returning E_NOINTERFACE.
5535.134:0138:01a0:warn:vkd3d-proton:d3d12_device_QueryInterface: {0742a90b-c387-483f-b946-30a7e4e61458} not implemented, returning E_NOINTERFACE.
5535.152:0138:019c:warn:vkd3d-proton:d3d12_device_QueryInterface: {0742a90b-c387-483f-b946-30a7e4e61458} not implemented, returning E_NOINTERFACE.
5535.167:0138:019c:warn:vkd3d-proton:d3d12_device_QueryInterface: {0742a90b-c387-483f-b946-30a7e4e61458} not implemented, returning E_NOINTERFACE.
5535.200:0138:019c:warn:vkd3d-proton:d3d12_device_QueryInterface: {0742a90b-c387-483f-b946-30a7e4e61458} not implemented, returning E_NOINTERFACE.
5535.271:0138:019c:warn:vkd3d-proton:d3d12_device_QueryInterface: {0742a90b-c387-483f-b946-30a7e4e61458} not implemented, returning E_NOINTERFACE.
5535.319:0138:0194:warn:vkd3d-proton:d3d12_device_QueryInterface: {0742a90b-c387-483f-b946-30a7e4e61458} not implemented, returning E_NOINTERFACE.
5535.346:0138:01a0:warn:vkd3d-proton:d3d12_device_QueryInterface: {0742a90b-c387-483f-b946-30a7e4e61458} not implemented, returning E_NOINTERFACE.
5535.375:0138:019c:warn:vkd3d-proton:d3d12_device_QueryInterface: {0742a90b-c387-483f-b946-30a7e4e61458} not implemented, returning E_NOINTERFACE.
5535.429:0138:019c:warn:vkd3d-proton:d3d12_device_QueryInterface: {0742a90b-c387-483f-b946-30a7e4e61458} not implemented, returning E_NOINTERFACE.
5535.462:0138:0198:warn:vkd3d-proton:d3d12_device_QueryInterface: {0742a90b-c387-483f-b946-30a7e4e61458} not implemented, returning E_NOINTERFACE.
5535.484:0138:0198:warn:vkd3d-proton:d3d12_device_QueryInterface: {0742a90b-c387-483f-b946-30a7e4e61458} not implemented, returning E_NOINTERFACE.
5535.508:0138:019c:warn:vkd3d-proton:d3d12_device_QueryInterface: {0742a90b-c387-483f-b946-30a7e4e61458} not implemented, returning E_NOINTERFACE.
5535.539:0138:01a0:warn:vkd3d-proton:d3d12_device_QueryInterface: {0742a90b-c387-483f-b946-30a7e4e61458} not implemented, returning E_NOINTERFACE.
5535.607:0138:019c:warn:vkd3d-proton:d3d12_device_QueryInterface: {0742a90b-c387-483f-b946-30a7e4e61458} not implemented, returning E_NOINTERFACE.
5535.652:0138:0198:warn:vkd3d-proton:d3d12_device_QueryInterface: {0742a90b-c387-483f-b946-30a7e4e61458} not implemented, returning E_NOINTERFACE.
5535.698:0138:019c:warn:vkd3d-proton:d3d12_device_QueryInterface: {0742a90b-c387-483f-b946-30a7e4e61458} not implemented, returning E_NOINTERFACE.
5535.737:0138:0198:warn:vkd3d-proton:d3d12_device_QueryInterface: {0742a90b-c387-483f-b946-30a7e4e61458} not implemented, returning E_NOINTERFACE.
5535.795:0138:019c:warn:vkd3d-proton:d3d12_device_QueryInterface: {0742a90b-c387-483f-b946-30a7e4e61458} not implemented, returning E_NOINTERFACE.
5535.826:0138:0198:warn:vkd3d-proton:d3d12_device_QueryInterface: {0742a90b-c387-483f-b946-30a7e4e61458} not implemented, returning E_NOINTERFACE.
5535.833:0138:0198:warn:vkd3d-proton:d3d12_device_QueryInterface: {0742a90b-c387-483f-b946-30a7e4e61458} not implemented, returning E_NOINTERFACE.
5535.839:0138:0198:warn:vkd3d-proton:d3d12_device_QueryInterface: {0742a90b-c387-483f-b946-30a7e4e61458} not implemented, returning E_NOINTERFACE.
5535.850:0138:0198:warn:vkd3d-proton:d3d12_device_QueryInterface: {0742a90b-c387-483f-b946-30a7e4e61458} not implemented, returning E_NOINTERFACE.
5535.872:0138:0198:warn:vkd3d-proton:d3d12_device_QueryInterface: {0742a90b-c387-483f-b946-30a7e4e61458} not implemented, returning E_NOINTERFACE.
5535.918:0138:01a0:warn:vkd3d-proton:d3d12_device_QueryInterface: {0742a90b-c387-483f-b946-30a7e4e61458} not implemented, returning E_NOINTERFACE.
5535.961:0138:0194:warn:vkd3d-proton:d3d12_device_QueryInterface: {0742a90b-c387-483f-b946-30a7e4e61458} not implemented, returning E_NOINTERFACE.
5535.998:0138:0194:warn:vkd3d-proton:d3d12_device_QueryInterface: {0742a90b-c387-483f-b946-30a7e4e61458} not implemented, returning E_NOINTERFACE.
5536.033:0138:0194:warn:vkd3d-proton:d3d12_device_QueryInterface: {0742a90b-c387-483f-b946-30a7e4e61458} not implemented, returning E_NOINTERFACE.
5536.071:0138:0194:warn:vkd3d-proton:d3d12_device_QueryInterface: {0742a90b-c387-483f-b946-30a7e4e61458} not implemented, returning E_NOINTERFACE.
5536.110:0138:0198:warn:vkd3d-proton:d3d12_device_QueryInterface: {0742a90b-c387-483f-b946-30a7e4e61458} not implemented, returning E_NOINTERFACE.
5536.135:0138:019c:warn:vkd3d-proton:d3d12_device_QueryInterface: {0742a90b-c387-483f-b946-30a7e4e61458} not implemented, returning E_NOINTERFACE.
5536.167:0138:0198:warn:vkd3d-proton:d3d12_device_QueryInterface: {0742a90b-c387-483f-b946-30a7e4e61458} not implemented, returning E_NOINTERFACE.
5536.198:0138:0194:warn:vkd3d-proton:d3d12_device_QueryInterface: {0742a90b-c387-483f-b946-30a7e4e61458} not implemented, returning E_NOINTERFACE.
5536.229:0138:0194:warn:vkd3d-proton:d3d12_device_QueryInterface: {0742a90b-c387-483f-b946-30a7e4e61458} not implemented, returning E_NOINTERFACE.
5536.313:0138:0198:warn:vkd3d-proton:d3d12_device_QueryInterface: {0742a90b-c387-483f-b946-30a7e4e61458} not implemented, returning E_NOINTERFACE.
5536.326:0138:019c:warn:vkd3d-proton:d3d12_device_QueryInterface: {0742a90b-c387-483f-b946-30a7e4e61458} not implemented, returning E_NOINTERFACE.
5536.388:0138:019c:warn:vkd3d-proton:d3d12_device_QueryInterface: {0742a90b-c387-483f-b946-30a7e4e61458} not implemented, returning E_NOINTERFACE.
5536.410:0138:01a0:warn:vkd3d-proton:d3d12_device_QueryInterface: {0742a90b-c387-483f-b946-30a7e4e61458} not implemented, returning E_NOINTERFACE.
5536.439:0138:019c:warn:vkd3d-proton:d3d12_device_QueryInterface: {0742a90b-c387-483f-b946-30a7e4e61458} not implemented, returning E_NOINTERFACE.
5536.466:0138:019c:warn:vkd3d-proton:d3d12_device_QueryInterface: {0742a90b-c387-483f-b946-30a7e4e61458} not implemented, returning E_NOINTERFACE.
5536.499:0138:0194:warn:vkd3d-proton:d3d12_device_QueryInterface: {0742a90b-c387-483f-b946-30a7e4e61458} not implemented, returning E_NOINTERFACE.
5536.527:0138:0194:warn:vkd3d-proton:d3d12_device_QueryInterface: {0742a90b-c387-483f-b946-30a7e4e61458} not implemented, returning E_NOINTERFACE.
5536.549:0138:019c:warn:vkd3d-proton:d3d12_device_QueryInterface: {0742a90b-c387-483f-b946-30a7e4e61458} not implemented, returning E_NOINTERFACE.
5536.623:0138:019c:warn:vkd3d-proton:d3d12_device_QueryInterface: {0742a90b-c387-483f-b946-30a7e4e61458} not implemented, returning E_NOINTERFACE.
5536.705:0138:0198:warn:vkd3d-proton:d3d12_device_QueryInterface: {0742a90b-c387-483f-b946-30a7e4e61458} not implemented, returning E_NOINTERFACE.
5536.735:0138:0194:warn:vkd3d-proton:d3d12_device_QueryInterface: {0742a90b-c387-483f-b946-30a7e4e61458} not implemented, returning E_NOINTERFACE.
5536.742:0138:0194:warn:vkd3d-proton:d3d12_device_QueryInterface: {0742a90b-c387-483f-b946-30a7e4e61458} not implemented, returning E_NOINTERFACE.
5536.759:0138:0194:warn:vkd3d-proton:d3d12_device_QueryInterface: {0742a90b-c387-483f-b946-30a7e4e61458} not implemented, returning E_NOINTERFACE.
5536.778:0138:0194:warn:vkd3d-proton:d3d12_device_QueryInterface: {0742a90b-c387-483f-b946-30a7e4e61458} not implemented, returning E_NOINTERFACE.
5536.815:0138:0198:warn:vkd3d-proton:d3d12_device_QueryInterface: {0742a90b-c387-483f-b946-30a7e4e61458} not implemented, returning E_NOINTERFACE.
5536.856:0138:0198:warn:vkd3d-proton:d3d12_device_QueryInterface: {0742a90b-c387-483f-b946-30a7e4e61458} not implemented, returning E_NOINTERFACE.
5536.883:0138:0194:warn:vkd3d-proton:d3d12_device_QueryInterface: {0742a90b-c387-483f-b946-30a7e4e61458} not implemented, returning E_NOINTERFACE.
5536.923:0138:01a0:warn:vkd3d-proton:d3d12_device_QueryInterface: {0742a90b-c387-483f-b946-30a7e4e61458} not implemented, returning E_NOINTERFACE.
5536.946:0138:0198:warn:vkd3d-proton:d3d12_device_QueryInterface: {0742a90b-c387-483f-b946-30a7e4e61458} not implemented, returning E_NOINTERFACE.
5536.975:0138:01a0:warn:vkd3d-proton:d3d12_device_QueryInterface: {0742a90b-c387-483f-b946-30a7e4e61458} not implemented, returning E_NOINTERFACE.
5537.002:0138:019c:warn:vkd3d-proton:d3d12_device_QueryInterface: {0742a90b-c387-483f-b946-30a7e4e61458} not implemented, returning E_NOINTERFACE.
5537.025:0138:0194:warn:vkd3d-proton:d3d12_device_QueryInterface: {0742a90b-c387-483f-b946-30a7e4e61458} not implemented, returning E_NOINTERFACE.
5537.028:0138:0194:warn:vkd3d-proton:d3d12_device_QueryInterface: {0742a90b-c387-483f-b946-30a7e4e61458} not implemented, returning E_NOINTERFACE.
5537.060:0138:0194:warn:vkd3d-proton:d3d12_device_QueryInterface: {0742a90b-c387-483f-b946-30a7e4e61458} not implemented, returning E_NOINTERFACE.
5537.072:0138:0194:warn:vkd3d-proton:d3d12_device_QueryInterface: {0742a90b-c387-483f-b946-30a7e4e61458} not implemented, returning E_NOINTERFACE.
5537.197:0138:0198:warn:vkd3d-proton:d3d12_device_QueryInterface: {0742a90b-c387-483f-b946-30a7e4e61458} not implemented, returning E_NOINTERFACE.
5537.286:0138:0198:warn:vkd3d-proton:d3d12_device_QueryInterface: {0742a90b-c387-483f-b946-30a7e4e61458} not implemented, returning E_NOINTERFACE.
5537.330:0138:019c:warn:vkd3d-proton:d3d12_device_QueryInterface: {0742a90b-c387-483f-b946-30a7e4e61458} not implemented, returning E_NOINTERFACE.
5537.335:0138:019c:warn:vkd3d-proton:d3d12_device_QueryInterface: {0742a90b-c387-483f-b946-30a7e4e61458} not implemented, returning E_NOINTERFACE.
5537.338:0138:019c:warn:vkd3d-proton:d3d12_device_QueryInterface: {0742a90b-c387-483f-b946-30a7e4e61458} not implemented, returning E_NOINTERFACE.
5537.354:0138:019c:warn:vkd3d-proton:d3d12_device_QueryInterface: {0742a90b-c387-483f-b946-30a7e4e61458} not implemented, returning E_NOINTERFACE.
5537.370:0138:019c:warn:vkd3d-proton:d3d12_device_QueryInterface: {0742a90b-c387-483f-b946-30a7e4e61458} not implemented, returning E_NOINTERFACE.
5537.394:0138:0198:warn:vkd3d-proton:d3d12_device_QueryInterface: {0742a90b-c387-483f-b946-30a7e4e61458} not implemented, returning E_NOINTERFACE.
5537.419:0138:01a0:warn:vkd3d-proton:d3d12_device_QueryInterface: {0742a90b-c387-483f-b946-30a7e4e61458} not implemented, returning E_NOINTERFACE.
5537.424:0138:01a0:warn:vkd3d-proton:d3d12_device_QueryInterface: {0742a90b-c387-483f-b946-30a7e4e61458} not implemented, returning E_NOINTERFACE.
5537.449:0138:019c:warn:vkd3d-proton:d3d12_device_QueryInterface: {0742a90b-c387-483f-b946-30a7e4e61458} not implemented, returning E_NOINTERFACE.
5537.453:0138:019c:warn:vkd3d-proton:d3d12_device_QueryInterface: {0742a90b-c387-483f-b946-30a7e4e61458} not implemented, returning E_NOINTERFACE.
5537.469:0138:0198:warn:vkd3d-proton:d3d12_device_QueryInterface: {0742a90b-c387-483f-b946-30a7e4e61458} not implemented, returning E_NOINTERFACE.
5537.495:0138:019c:warn:vkd3d-proton:d3d12_device_QueryInterface: {0742a90b-c387-483f-b946-30a7e4e61458} not implemented, returning E_NOINTERFACE.
5537.518:0138:0198:warn:vkd3d-proton:d3d12_device_QueryInterface: {0742a90b-c387-483f-b946-30a7e4e61458} not implemented, returning E_NOINTERFACE.
5537.521:0138:0198:warn:vkd3d-proton:d3d12_device_QueryInterface: {0742a90b-c387-483f-b946-30a7e4e61458} not implemented, returning E_NOINTERFACE.
5537.551:0138:0194:warn:vkd3d-proton:d3d12_device_QueryInterface: {0742a90b-c387-483f-b946-30a7e4e61458} not implemented, returning E_NOINTERFACE.
5537.555:0138:0194:warn:vkd3d-proton:d3d12_device_QueryInterface: {0742a90b-c387-483f-b946-30a7e4e61458} not implemented, returning E_NOINTERFACE.
5537.571:0138:0194:warn:vkd3d-proton:d3d12_device_QueryInterface: {0742a90b-c387-483f-b946-30a7e4e61458} not implemented, returning E_NOINTERFACE.
5537.605:0138:0194:warn:vkd3d-proton:d3d12_device_QueryInterface: {0742a90b-c387-483f-b946-30a7e4e61458} not implemented, returning E_NOINTERFACE.
5537.634:0138:019c:warn:vkd3d-proton:d3d12_device_QueryInterface: {0742a90b-c387-483f-b946-30a7e4e61458} not implemented, returning E_NOINTERFACE.
5537.660:0138:0198:warn:vkd3d-proton:d3d12_device_QueryInterface: {0742a90b-c387-483f-b946-30a7e4e61458} not implemented, returning E_NOINTERFACE.
5537.687:0138:0194:warn:vkd3d-proton:d3d12_device_QueryInterface: {0742a90b-c387-483f-b946-30a7e4e61458} not implemented, returning E_NOINTERFACE.
5537.695:0138:0194:warn:vkd3d-proton:d3d12_device_QueryInterface: {0742a90b-c387-483f-b946-30a7e4e61458} not implemented, returning E_NOINTERFACE.
5537.724:0138:01a0:warn:vkd3d-proton:d3d12_device_QueryInterface: {0742a90b-c387-483f-b946-30a7e4e61458} not implemented, returning E_NOINTERFACE.
5537.730:0138:01a0:warn:vkd3d-proton:d3d12_device_QueryInterface: {0742a90b-c387-483f-b946-30a7e4e61458} not implemented, returning E_NOINTERFACE.
5537.759:0138:0194:warn:vkd3d-proton:d3d12_device_QueryInterface: {0742a90b-c387-483f-b946-30a7e4e61458} not implemented, returning E_NOINTERFACE.
5537.769:0138:0194:warn:vkd3d-proton:d3d12_device_QueryInterface: {0742a90b-c387-483f-b946-30a7e4e61458} not implemented, returning E_NOINTERFACE.
5537.801:0138:019c:warn:vkd3d-proton:d3d12_device_QueryInterface: {0742a90b-c387-483f-b946-30a7e4e61458} not implemented, returning E_NOINTERFACE.
5537.830:0138:019c:warn:vkd3d-proton:d3d12_device_QueryInterface: {0742a90b-c387-483f-b946-30a7e4e61458} not implemented, returning E_NOINTERFACE.
5537.862:0138:0194:warn:vkd3d-proton:d3d12_device_QueryInterface: {0742a90b-c387-483f-b946-30a7e4e61458} not implemented, returning E_NOINTERFACE.
5537.885:0138:019c:warn:vkd3d-proton:d3d12_device_QueryInterface: {0742a90b-c387-483f-b946-30a7e4e61458} not implemented, returning E_NOINTERFACE.
5537.890:0138:019c:warn:vkd3d-proton:d3d12_device_QueryInterface: {0742a90b-c387-483f-b946-30a7e4e61458} not implemented, returning E_NOINTERFACE.
5537.908:0138:019c:warn:vkd3d-proton:d3d12_device_QueryInterface: {0742a90b-c387-483f-b946-30a7e4e61458} not implemented, returning E_NOINTERFACE.
5537.934:0138:01a0:warn:vkd3d-proton:d3d12_device_QueryInterface: {0742a90b-c387-483f-b946-30a7e4e61458} not implemented, returning E_NOINTERFACE.
5537.965:0138:019c:warn:vkd3d-proton:d3d12_device_QueryInterface: {0742a90b-c387-483f-b946-30a7e4e61458} not implemented, returning E_NOINTERFACE.
5537.988:0138:0198:warn:vkd3d-proton:d3d12_device_QueryInterface: {0742a90b-c387-483f-b946-30a7e4e61458} not implemented, returning E_NOINTERFACE.
5537.993:0138:0198:warn:vkd3d-proton:d3d12_device_QueryInterface: {0742a90b-c387-483f-b946-30a7e4e61458} not implemented, returning E_NOINTERFACE.
5538.021:0138:01a0:warn:vkd3d-proton:d3d12_device_QueryInterface: {0742a90b-c387-483f-b946-30a7e4e61458} not implemented, returning E_NOINTERFACE.
5538.030:0138:01a0:warn:vkd3d-proton:d3d12_device_QueryInterface: {0742a90b-c387-483f-b946-30a7e4e61458} not implemented, returning E_NOINTERFACE.
5538.071:0138:019c:warn:vkd3d-proton:d3d12_device_QueryInterface: {0742a90b-c387-483f-b946-30a7e4e61458} not implemented, returning E_NOINTERFACE.
5538.102:0138:0194:warn:vkd3d-proton:d3d12_device_QueryInterface: {0742a90b-c387-483f-b946-30a7e4e61458} not implemented, returning E_NOINTERFACE.
5538.133:0138:019c:warn:vkd3d-proton:d3d12_device_QueryInterface: {0742a90b-c387-483f-b946-30a7e4e61458} not implemented, returning E_NOINTERFACE.
5538.168:0138:019c:warn:vkd3d-proton:d3d12_device_QueryInterface: {0742a90b-c387-483f-b946-30a7e4e61458} not implemented, returning E_NOINTERFACE.
5538.287:0138:01a0:warn:vkd3d-proton:d3d12_device_QueryInterface: {0742a90b-c387-483f-b946-30a7e4e61458} not implemented, returning E_NOINTERFACE.
5538.351:0138:01a0:warn:vkd3d-proton:d3d12_device_QueryInterface: {0742a90b-c387-483f-b946-30a7e4e61458} not implemented, returning E_NOINTERFACE.
5538.377:0138:0194:warn:vkd3d-proton:d3d12_device_QueryInterface: {0742a90b-c387-483f-b946-30a7e4e61458} not implemented, returning E_NOINTERFACE.
5538.414:0138:0194:warn:vkd3d-proton:d3d12_device_QueryInterface: {0742a90b-c387-483f-b946-30a7e4e61458} not implemented, returning E_NOINTERFACE.
5538.451:0138:019c:warn:vkd3d-proton:d3d12_device_QueryInterface: {0742a90b-c387-483f-b946-30a7e4e61458} not implemented, returning E_NOINTERFACE.
5538.491:0138:01a0:warn:vkd3d-proton:d3d12_device_QueryInterface: {0742a90b-c387-483f-b946-30a7e4e61458} not implemented, returning E_NOINTERFACE.
5538.522:0138:0198:warn:vkd3d-proton:d3d12_device_QueryInterface: {0742a90b-c387-483f-b946-30a7e4e61458} not implemented, returning E_NOINTERFACE.
5538.555:0138:0194:warn:vkd3d-proton:d3d12_device_QueryInterface: {0742a90b-c387-483f-b946-30a7e4e61458} not implemented, returning E_NOINTERFACE.
5538.613:0138:01a0:warn:vkd3d-proton:d3d12_device_QueryInterface: {0742a90b-c387-483f-b946-30a7e4e61458} not implemented, returning E_NOINTERFACE.
5538.652:0138:0198:warn:vkd3d-proton:d3d12_device_QueryInterface: {0742a90b-c387-483f-b946-30a7e4e61458} not implemented, returning E_NOINTERFACE.
5538.657:0138:0198:warn:vkd3d-proton:d3d12_device_QueryInterface: {0742a90b-c387-483f-b946-30a7e4e61458} not implemented, returning E_NOINTERFACE.
5538.669:0138:0198:warn:vkd3d-proton:d3d12_device_QueryInterface: {0742a90b-c387-483f-b946-30a7e4e61458} not implemented, returning E_NOINTERFACE.
5538.693:0138:0198:warn:vkd3d-proton:d3d12_device_QueryInterface: {0742a90b-c387-483f-b946-30a7e4e61458} not implemented, returning E_NOINTERFACE.
5538.737:0138:0194:warn:vkd3d-proton:d3d12_device_QueryInterface: {0742a90b-c387-483f-b946-30a7e4e61458} not implemented, returning E_NOINTERFACE.
5538.763:0138:019c:warn:vkd3d-proton:d3d12_device_QueryInterface: {0742a90b-c387-483f-b946-30a7e4e61458} not implemented, returning E_NOINTERFACE.
5538.803:0138:0198:warn:vkd3d-proton:d3d12_device_QueryInterface: {0742a90b-c387-483f-b946-30a7e4e61458} not implemented, returning E_NOINTERFACE.
5538.844:0138:019c:warn:vkd3d-proton:d3d12_device_QueryInterface: {0742a90b-c387-483f-b946-30a7e4e61458} not implemented, returning E_NOINTERFACE.
5538.875:0138:0198:warn:vkd3d-proton:d3d12_device_QueryInterface: {0742a90b-c387-483f-b946-30a7e4e61458} not implemented, returning E_NOINTERFACE.
5538.903:0138:019c:warn:vkd3d-proton:d3d12_device_QueryInterface: {0742a90b-c387-483f-b946-30a7e4e61458} not implemented, returning E_NOINTERFACE.
5538.935:0138:019c:warn:vkd3d-proton:d3d12_device_QueryInterface: {0742a90b-c387-483f-b946-30a7e4e61458} not implemented, returning E_NOINTERFACE.
5538.969:0138:0198:warn:vkd3d-proton:d3d12_device_QueryInterface: {0742a90b-c387-483f-b946-30a7e4e61458} not implemented, returning E_NOINTERFACE.
5539.010:0138:01a0:warn:vkd3d-proton:d3d12_device_QueryInterface: {0742a90b-c387-483f-b946-30a7e4e61458} not implemented, returning E_NOINTERFACE.
5539.036:0138:0194:warn:vkd3d-proton:d3d12_device_QueryInterface: {0742a90b-c387-483f-b946-30a7e4e61458} not implemented, returning E_NOINTERFACE.
5539.069:0138:0198:warn:vkd3d-proton:d3d12_device_QueryInterface: {0742a90b-c387-483f-b946-30a7e4e61458} not implemented, returning E_NOINTERFACE.
5539.103:0138:019c:warn:vkd3d-proton:d3d12_device_QueryInterface: {0742a90b-c387-483f-b946-30a7e4e61458} not implemented, returning E_NOINTERFACE.
5539.130:0138:0194:warn:vkd3d-proton:d3d12_device_QueryInterface: {0742a90b-c387-483f-b946-30a7e4e61458} not implemented, returning E_NOINTERFACE.
5539.156:0138:019c:warn:vkd3d-proton:d3d12_device_QueryInterface: {0742a90b-c387-483f-b946-30a7e4e61458} not implemented, returning E_NOINTERFACE.
5539.188:0138:0194:warn:vkd3d-proton:d3d12_device_QueryInterface: {0742a90b-c387-483f-b946-30a7e4e61458} not implemented, returning E_NOINTERFACE.
5539.222:0138:0198:warn:vkd3d-proton:d3d12_device_QueryInterface: {0742a90b-c387-483f-b946-30a7e4e61458} not implemented, returning E_NOINTERFACE.
5539.262:0138:01a0:warn:vkd3d-proton:d3d12_device_QueryInterface: {0742a90b-c387-483f-b946-30a7e4e61458} not implemented, returning E_NOINTERFACE.
5539.305:0138:0194:warn:vkd3d-proton:d3d12_device_QueryInterface: {0742a90b-c387-483f-b946-30a7e4e61458} not implemented, returning E_NOINTERFACE.
5539.347:0138:01a0:warn:vkd3d-proton:d3d12_device_QueryInterface: {0742a90b-c387-483f-b946-30a7e4e61458} not implemented, returning E_NOINTERFACE.
5539.378:0138:019c:warn:vkd3d-proton:d3d12_device_QueryInterface: {0742a90b-c387-483f-b946-30a7e4e61458} not implemented, returning E_NOINTERFACE.
5539.423:0138:01a0:warn:vkd3d-proton:d3d12_device_QueryInterface: {0742a90b-c387-483f-b946-30a7e4e61458} not implemented, returning E_NOINTERFACE.
5539.453:0138:019c:warn:vkd3d-proton:d3d12_device_QueryInterface: {0742a90b-c387-483f-b946-30a7e4e61458} not implemented, returning E_NOINTERFACE.
5539.490:0138:0198:warn:vkd3d-proton:d3d12_device_QueryInterface: {0742a90b-c387-483f-b946-30a7e4e61458} not implemented, returning E_NOINTERFACE.
5539.524:0138:0194:warn:vkd3d-proton:d3d12_device_QueryInterface: {0742a90b-c387-483f-b946-30a7e4e61458} not implemented, returning E_NOINTERFACE.
5539.564:0138:019c:warn:vkd3d-proton:d3d12_device_QueryInterface: {0742a90b-c387-483f-b946-30a7e4e61458} not implemented, returning E_NOINTERFACE.
5539.607:0138:0198:warn:vkd3d-proton:d3d12_device_QueryInterface: {0742a90b-c387-483f-b946-30a7e4e61458} not implemented, returning E_NOINTERFACE.
5539.645:0138:019c:warn:vkd3d-proton:d3d12_device_QueryInterface: {0742a90b-c387-483f-b946-30a7e4e61458} not implemented, returning E_NOINTERFACE.
5539.682:0138:0194:warn:vkd3d-proton:d3d12_device_QueryInterface: {0742a90b-c387-483f-b946-30a7e4e61458} not implemented, returning E_NOINTERFACE.
5539.717:0138:0198:warn:vkd3d-proton:d3d12_device_QueryInterface: {0742a90b-c387-483f-b946-30a7e4e61458} not implemented, returning E_NOINTERFACE.
5539.755:0138:01a0:warn:vkd3d-proton:d3d12_device_QueryInterface: {0742a90b-c387-483f-b946-30a7e4e61458} not implemented, returning E_NOINTERFACE.
5539.790:0138:0194:warn:vkd3d-proton:d3d12_device_QueryInterface: {0742a90b-c387-483f-b946-30a7e4e61458} not implemented, returning E_NOINTERFACE.
5539.820:0138:01a0:warn:vkd3d-proton:d3d12_device_QueryInterface: {0742a90b-c387-483f-b946-30a7e4e61458} not implemented, returning E_NOINTERFACE.
5539.858:0138:01a0:warn:vkd3d-proton:d3d12_device_QueryInterface: {0742a90b-c387-483f-b946-30a7e4e61458} not implemented, returning E_NOINTERFACE.
5539.891:0138:0198:warn:vkd3d-proton:d3d12_device_QueryInterface: {0742a90b-c387-483f-b946-30a7e4e61458} not implemented, returning E_NOINTERFACE.
5539.927:0138:019c:warn:vkd3d-proton:d3d12_device_QueryInterface: {0742a90b-c387-483f-b946-30a7e4e61458} not implemented, returning E_NOINTERFACE.
5539.963:0138:0194:warn:vkd3d-proton:d3d12_device_QueryInterface: {0742a90b-c387-483f-b946-30a7e4e61458} not implemented, returning E_NOINTERFACE.
5540.000:0138:01a0:warn:vkd3d-proton:d3d12_device_QueryInterface: {0742a90b-c387-483f-b946-30a7e4e61458} not implemented, returning E_NOINTERFACE.
5540.036:0138:0198:warn:vkd3d-proton:d3d12_device_QueryInterface: {0742a90b-c387-483f-b946-30a7e4e61458} not implemented, returning E_NOINTERFACE.
5540.069:0138:0194:warn:vkd3d-proton:d3d12_device_QueryInterface: {0742a90b-c387-483f-b946-30a7e4e61458} not implemented, returning E_NOINTERFACE.
5540.104:0138:019c:warn:vkd3d-proton:d3d12_device_QueryInterface: {0742a90b-c387-483f-b946-30a7e4e61458} not implemented, returning E_NOINTERFACE.
5540.134:0138:0198:warn:vkd3d-proton:d3d12_device_QueryInterface: {0742a90b-c387-483f-b946-30a7e4e61458} not implemented, returning E_NOINTERFACE.
5540.168:0138:01a0:warn:vkd3d-proton:d3d12_device_QueryInterface: {0742a90b-c387-483f-b946-30a7e4e61458} not implemented, returning E_NOINTERFACE.
5540.199:0138:0198:warn:vkd3d-proton:d3d12_device_QueryInterface: {0742a90b-c387-483f-b946-30a7e4e61458} not implemented, returning E_NOINTERFACE.
5540.234:0138:019c:warn:vkd3d-proton:d3d12_device_QueryInterface: {0742a90b-c387-483f-b946-30a7e4e61458} not implemented, returning E_NOINTERFACE.
5540.275:0138:0198:warn:vkd3d-proton:d3d12_device_QueryInterface: {0742a90b-c387-483f-b946-30a7e4e61458} not implemented, returning E_NOINTERFACE.
5540.308:0138:0194:warn:vkd3d-proton:d3d12_device_QueryInterface: {0742a90b-c387-483f-b946-30a7e4e61458} not implemented, returning E_NOINTERFACE.
5540.342:0138:0198:warn:vkd3d-proton:d3d12_device_QueryInterface: {0742a90b-c387-483f-b946-30a7e4e61458} not implemented, returning E_NOINTERFACE.
5540.374:0138:0194:warn:vkd3d-proton:d3d12_device_QueryInterface: {0742a90b-c387-483f-b946-30a7e4e61458} not implemented, returning E_NOINTERFACE.
5540.412:0138:0198:warn:vkd3d-proton:d3d12_device_QueryInterface: {0742a90b-c387-483f-b946-30a7e4e61458} not implemented, returning E_NOINTERFACE.
5540.453:0138:019c:warn:vkd3d-proton:d3d12_device_QueryInterface: {0742a90b-c387-483f-b946-30a7e4e61458} not implemented, returning E_NOINTERFACE.
5540.493:0138:019c:warn:vkd3d-proton:d3d12_device_QueryInterface: {0742a90b-c387-483f-b946-30a7e4e61458} not implemented, returning E_NOINTERFACE.
5540.529:0138:0198:warn:vkd3d-proton:d3d12_device_QueryInterface: {0742a90b-c387-483f-b946-30a7e4e61458} not implemented, returning E_NOINTERFACE.
5540.560:0138:019c:warn:vkd3d-proton:d3d12_device_QueryInterface: {0742a90b-c387-483f-b946-30a7e4e61458} not implemented, returning E_NOINTERFACE.
5540.598:0138:0198:warn:vkd3d-proton:d3d12_device_QueryInterface: {0742a90b-c387-483f-b946-30a7e4e61458} not implemented, returning E_NOINTERFACE.
5540.636:0138:01a0:warn:vkd3d-proton:d3d12_device_QueryInterface: {0742a90b-c387-483f-b946-30a7e4e61458} not implemented, returning E_NOINTERFACE.
5540.669:0138:0198:warn:vkd3d-proton:d3d12_device_QueryInterface: {0742a90b-c387-483f-b946-30a7e4e61458} not implemented, returning E_NOINTERFACE.
5540.706:0138:0194:warn:vkd3d-proton:d3d12_device_QueryInterface: {0742a90b-c387-483f-b946-30a7e4e61458} not implemented, returning E_NOINTERFACE.
5540.744:0138:0198:warn:vkd3d-proton:d3d12_device_QueryInterface: {0742a90b-c387-483f-b946-30a7e4e61458} not implemented, returning E_NOINTERFACE.
5540.781:0138:0194:warn:vkd3d-proton:d3d12_device_QueryInterface: {0742a90b-c387-483f-b946-30a7e4e61458} not implemented, returning E_NOINTERFACE.
5540.815:0138:019c:warn:vkd3d-proton:d3d12_device_QueryInterface: {0742a90b-c387-483f-b946-30a7e4e61458} not implemented, returning E_NOINTERFACE.
5540.819:0138:019c:warn:vkd3d-proton:d3d12_device_QueryInterface: {0742a90b-c387-483f-b946-30a7e4e61458} not implemented, returning E_NOINTERFACE.
5540.840:0138:01a0:warn:vkd3d-proton:d3d12_device_QueryInterface: {0742a90b-c387-483f-b946-30a7e4e61458} not implemented, returning E_NOINTERFACE.
5540.856:0138:01a0:warn:vkd3d-proton:d3d12_device_QueryInterface: {0742a90b-c387-483f-b946-30a7e4e61458} not implemented, returning E_NOINTERFACE.
5540.901:0138:019c:warn:vkd3d-proton:d3d12_device_QueryInterface: {0742a90b-c387-483f-b946-30a7e4e61458} not implemented, returning E_NOINTERFACE.
5540.939:0138:0198:warn:vkd3d-proton:d3d12_device_QueryInterface: {0742a90b-c387-483f-b946-30a7e4e61458} not implemented, returning E_NOINTERFACE.
5540.978:0138:0194:warn:vkd3d-proton:d3d12_device_QueryInterface: {0742a90b-c387-483f-b946-30a7e4e61458} not implemented, returning E_NOINTERFACE.
5541.016:0138:0198:warn:vkd3d-proton:d3d12_device_QueryInterface: {0742a90b-c387-483f-b946-30a7e4e61458} not implemented, returning E_NOINTERFACE.
5541.050:0138:01a0:warn:vkd3d-proton:d3d12_device_QueryInterface: {0742a90b-c387-483f-b946-30a7e4e61458} not implemented, returning E_NOINTERFACE.
5541.096:0138:019c:warn:vkd3d-proton:d3d12_device_QueryInterface: {0742a90b-c387-483f-b946-30a7e4e61458} not implemented, returning E_NOINTERFACE.
5541.129:0138:019c:warn:vkd3d-proton:d3d12_device_QueryInterface: {0742a90b-c387-483f-b946-30a7e4e61458} not implemented, returning E_NOINTERFACE.
5541.166:0138:0194:warn:vkd3d-proton:d3d12_device_QueryInterface: {0742a90b-c387-483f-b946-30a7e4e61458} not implemented, returning E_NOINTERFACE.
5541.199:0138:01a0:warn:vkd3d-proton:d3d12_device_QueryInterface: {0742a90b-c387-483f-b946-30a7e4e61458} not implemented, returning E_NOINTERFACE.
5541.234:0138:019c:warn:vkd3d-proton:d3d12_device_QueryInterface: {0742a90b-c387-483f-b946-30a7e4e61458} not implemented, returning E_NOINTERFACE.
5541.273:0138:01a0:warn:vkd3d-proton:d3d12_device_QueryInterface: {0742a90b-c387-483f-b946-30a7e4e61458} not implemented, returning E_NOINTERFACE.
5541.306:0138:019c:warn:vkd3d-proton:d3d12_device_QueryInterface: {0742a90b-c387-483f-b946-30a7e4e61458} not implemented, returning E_NOINTERFACE.
5541.340:0138:01a0:warn:vkd3d-proton:d3d12_device_QueryInterface: {0742a90b-c387-483f-b946-30a7e4e61458} not implemented, returning E_NOINTERFACE.
5541.371:0138:0194:warn:vkd3d-proton:d3d12_device_QueryInterface: {0742a90b-c387-483f-b946-30a7e4e61458} not implemented, returning E_NOINTERFACE.
5541.405:0138:0198:warn:vkd3d-proton:d3d12_device_QueryInterface: {0742a90b-c387-483f-b946-30a7e4e61458} not implemented, returning E_NOINTERFACE.
5541.437:0138:0194:warn:vkd3d-proton:d3d12_device_QueryInterface: {0742a90b-c387-483f-b946-30a7e4e61458} not implemented, returning E_NOINTERFACE.
5541.471:0138:019c:warn:vkd3d-proton:d3d12_device_QueryInterface: {0742a90b-c387-483f-b946-30a7e4e61458} not implemented, returning E_NOINTERFACE.
5541.502:0138:01a0:warn:vkd3d-proton:d3d12_device_QueryInterface: {0742a90b-c387-483f-b946-30a7e4e61458} not implemented, returning E_NOINTERFACE.
5541.539:0138:0198:warn:vkd3d-proton:d3d12_device_QueryInterface: {0742a90b-c387-483f-b946-30a7e4e61458} not implemented, returning E_NOINTERFACE.
5541.584:0138:0194:warn:vkd3d-proton:d3d12_device_QueryInterface: {0742a90b-c387-483f-b946-30a7e4e61458} not implemented, returning E_NOINTERFACE.
5541.622:0138:019c:warn:vkd3d-proton:d3d12_device_QueryInterface: {0742a90b-c387-483f-b946-30a7e4e61458} not implemented, returning E_NOINTERFACE.
5541.666:0138:019c:warn:vkd3d-proton:d3d12_device_QueryInterface: {0742a90b-c387-483f-b946-30a7e4e61458} not implemented, returning E_NOINTERFACE.
5541.704:0138:0194:warn:vkd3d-proton:d3d12_device_QueryInterface: {0742a90b-c387-483f-b946-30a7e4e61458} not implemented, returning E_NOINTERFACE.
5541.739:0138:019c:warn:vkd3d-proton:d3d12_device_QueryInterface: {0742a90b-c387-483f-b946-30a7e4e61458} not implemented, returning E_NOINTERFACE.
5541.777:0138:0198:warn:vkd3d-proton:d3d12_device_QueryInterface: {0742a90b-c387-483f-b946-30a7e4e61458} not implemented, returning E_NOINTERFACE.
5541.814:0138:019c:warn:vkd3d-proton:d3d12_device_QueryInterface: {0742a90b-c387-483f-b946-30a7e4e61458} not implemented, returning E_NOINTERFACE.
5541.850:0138:0194:warn:vkd3d-proton:d3d12_device_QueryInterface: {0742a90b-c387-483f-b946-30a7e4e61458} not implemented, returning E_NOINTERFACE.
5541.887:0138:019c:warn:vkd3d-proton:d3d12_device_QueryInterface: {0742a90b-c387-483f-b946-30a7e4e61458} not implemented, returning E_NOINTERFACE.
5541.924:0138:01a0:warn:vkd3d-proton:d3d12_device_QueryInterface: {0742a90b-c387-483f-b946-30a7e4e61458} not implemented, returning E_NOINTERFACE.
5541.957:0138:0194:warn:vkd3d-proton:d3d12_device_QueryInterface: {0742a90b-c387-483f-b946-30a7e4e61458} not implemented, returning E_NOINTERFACE.
5541.996:0138:0198:warn:vkd3d-proton:d3d12_device_QueryInterface: {0742a90b-c387-483f-b946-30a7e4e61458} not implemented, returning E_NOINTERFACE.
5542.034:0138:01a0:warn:vkd3d-proton:d3d12_device_QueryInterface: {0742a90b-c387-483f-b946-30a7e4e61458} not implemented, returning E_NOINTERFACE.
5542.074:0138:0194:warn:vkd3d-proton:d3d12_device_QueryInterface: {0742a90b-c387-483f-b946-30a7e4e61458} not implemented, returning E_NOINTERFACE.
5542.108:0138:01a0:warn:vkd3d-proton:d3d12_device_QueryInterface: {0742a90b-c387-483f-b946-30a7e4e61458} not implemented, returning E_NOINTERFACE.
5542.142:0138:019c:warn:vkd3d-proton:d3d12_device_QueryInterface: {0742a90b-c387-483f-b946-30a7e4e61458} not implemented, returning E_NOINTERFACE.
5542.181:0138:0198:warn:vkd3d-proton:d3d12_device_QueryInterface: {0742a90b-c387-483f-b946-30a7e4e61458} not implemented, returning E_NOINTERFACE.
5542.222:0138:01a0:warn:vkd3d-proton:d3d12_device_QueryInterface: {0742a90b-c387-483f-b946-30a7e4e61458} not implemented, returning E_NOINTERFACE.
5542.226:0138:01a0:warn:vkd3d-proton:d3d12_device_QueryInterface: {0742a90b-c387-483f-b946-30a7e4e61458} not implemented, returning E_NOINTERFACE.
5542.241:0138:01a0:warn:vkd3d-proton:d3d12_device_QueryInterface: {0742a90b-c387-483f-b946-30a7e4e61458} not implemented, returning E_NOINTERFACE.
5542.258:0138:01a0:warn:vkd3d-proton:d3d12_device_QueryInterface: {0742a90b-c387-483f-b946-30a7e4e61458} not implemented, returning E_NOINTERFACE.
5542.296:0138:019c:warn:vkd3d-proton:d3d12_device_QueryInterface: {0742a90b-c387-483f-b946-30a7e4e61458} not implemented, returning E_NOINTERFACE.
5542.335:0138:0198:warn:vkd3d-proton:d3d12_device_QueryInterface: {0742a90b-c387-483f-b946-30a7e4e61458} not implemented, returning E_NOINTERFACE.
5542.371:0138:019c:warn:vkd3d-proton:d3d12_device_QueryInterface: {0742a90b-c387-483f-b946-30a7e4e61458} not implemented, returning E_NOINTERFACE.
5542.410:0138:0198:warn:vkd3d-proton:d3d12_device_QueryInterface: {0742a90b-c387-483f-b946-30a7e4e61458} not implemented, returning E_NOINTERFACE.
5542.445:0138:019c:warn:vkd3d-proton:d3d12_device_QueryInterface: {0742a90b-c387-483f-b946-30a7e4e61458} not implemented, returning E_NOINTERFACE.
5542.480:0138:0198:warn:vkd3d-proton:d3d12_device_QueryInterface: {0742a90b-c387-483f-b946-30a7e4e61458} not implemented, returning E_NOINTERFACE.
5542.516:0138:019c:warn:vkd3d-proton:d3d12_device_QueryInterface: {0742a90b-c387-483f-b946-30a7e4e61458} not implemented, returning E_NOINTERFACE.
5542.556:0138:0198:warn:vkd3d-proton:d3d12_device_QueryInterface: {0742a90b-c387-483f-b946-30a7e4e61458} not implemented, returning E_NOINTERFACE.
5542.593:0138:019c:warn:vkd3d-proton:d3d12_device_QueryInterface: {0742a90b-c387-483f-b946-30a7e4e61458} not implemented, returning E_NOINTERFACE.
5542.629:0138:0194:warn:vkd3d-proton:d3d12_device_QueryInterface: {0742a90b-c387-483f-b946-30a7e4e61458} not implemented, returning E_NOINTERFACE.
5542.666:0138:0198:warn:vkd3d-proton:d3d12_device_QueryInterface: {0742a90b-c387-483f-b946-30a7e4e61458} not implemented, returning E_NOINTERFACE.
5542.707:0138:01a0:warn:vkd3d-proton:d3d12_device_QueryInterface: {0742a90b-c387-483f-b946-30a7e4e61458} not implemented, returning E_NOINTERFACE.
5542.745:0138:019c:warn:vkd3d-proton:d3d12_device_QueryInterface: {0742a90b-c387-483f-b946-30a7e4e61458} not implemented, returning E_NOINTERFACE.
5542.776:0138:0194:warn:vkd3d-proton:d3d12_device_QueryInterface: {0742a90b-c387-483f-b946-30a7e4e61458} not implemented, returning E_NOINTERFACE.
5542.813:0138:0198:warn:vkd3d-proton:d3d12_device_QueryInterface: {0742a90b-c387-483f-b946-30a7e4e61458} not implemented, returning E_NOINTERFACE.
5542.845:0138:01a0:warn:vkd3d-proton:d3d12_device_QueryInterface: {0742a90b-c387-483f-b946-30a7e4e61458} not implemented, returning E_NOINTERFACE.
5542.884:0138:019c:warn:vkd3d-proton:d3d12_device_QueryInterface: {0742a90b-c387-483f-b946-30a7e4e61458} not implemented, returning E_NOINTERFACE.
5542.917:0138:01a0:warn:vkd3d-proton:d3d12_device_QueryInterface: {0742a90b-c387-483f-b946-30a7e4e61458} not implemented, returning E_NOINTERFACE.
5542.956:0138:0198:warn:vkd3d-proton:d3d12_device_QueryInterface: {0742a90b-c387-483f-b946-30a7e4e61458} not implemented, returning E_NOINTERFACE.
5542.987:0138:019c:warn:vkd3d-proton:d3d12_device_QueryInterface: {0742a90b-c387-483f-b946-30a7e4e61458} not implemented, returning E_NOINTERFACE.
5543.021:0138:01a0:warn:vkd3d-proton:d3d12_device_QueryInterface: {0742a90b-c387-483f-b946-30a7e4e61458} not implemented, returning E_NOINTERFACE.
5543.055:0138:0194:warn:vkd3d-proton:d3d12_device_QueryInterface: {0742a90b-c387-483f-b946-30a7e4e61458} not implemented, returning E_NOINTERFACE.
5543.094:0138:0198:warn:vkd3d-proton:d3d12_device_QueryInterface: {0742a90b-c387-483f-b946-30a7e4e61458} not implemented, returning E_NOINTERFACE.
5543.125:0138:01a0:warn:vkd3d-proton:d3d12_device_QueryInterface: {0742a90b-c387-483f-b946-30a7e4e61458} not implemented, returning E_NOINTERFACE.
5543.159:0138:0198:warn:vkd3d-proton:d3d12_device_QueryInterface: {0742a90b-c387-483f-b946-30a7e4e61458} not implemented, returning E_NOINTERFACE.
5543.193:0138:01a0:warn:vkd3d-proton:d3d12_device_QueryInterface: {0742a90b-c387-483f-b946-30a7e4e61458} not implemented, returning E_NOINTERFACE.
5543.233:0138:019c:warn:vkd3d-proton:d3d12_device_QueryInterface: {0742a90b-c387-483f-b946-30a7e4e61458} not implemented, returning E_NOINTERFACE.
5543.267:0138:0194:warn:vkd3d-proton:d3d12_device_QueryInterface: {0742a90b-c387-483f-b946-30a7e4e61458} not implemented, returning E_NOINTERFACE.
5543.302:0138:0198:warn:vkd3d-proton:d3d12_device_QueryInterface: {0742a90b-c387-483f-b946-30a7e4e61458} not implemented, returning E_NOINTERFACE.
5543.339:0138:019c:warn:vkd3d-proton:d3d12_device_QueryInterface: {0742a90b-c387-483f-b946-30a7e4e61458} not implemented, returning E_NOINTERFACE.
5543.372:0138:0194:warn:vkd3d-proton:d3d12_device_QueryInterface: {0742a90b-c387-483f-b946-30a7e4e61458} not implemented, returning E_NOINTERFACE.
5543.411:0138:0198:warn:vkd3d-proton:d3d12_device_QueryInterface: {0742a90b-c387-483f-b946-30a7e4e61458} not implemented, returning E_NOINTERFACE.
5543.449:0138:019c:warn:vkd3d-proton:d3d12_device_QueryInterface: {0742a90b-c387-483f-b946-30a7e4e61458} not implemented, returning E_NOINTERFACE.
5543.481:0138:0198:warn:vkd3d-proton:d3d12_device_QueryInterface: {0742a90b-c387-483f-b946-30a7e4e61458} not implemented, returning E_NOINTERFACE.
5543.520:0138:019c:warn:vkd3d-proton:d3d12_device_QueryInterface: {0742a90b-c387-483f-b946-30a7e4e61458} not implemented, returning E_NOINTERFACE.
5543.557:0138:0194:warn:vkd3d-proton:d3d12_device_QueryInterface: {0742a90b-c387-483f-b946-30a7e4e61458} not implemented, returning E_NOINTERFACE.
5543.592:0138:01a0:warn:vkd3d-proton:d3d12_device_QueryInterface: {0742a90b-c387-483f-b946-30a7e4e61458} not implemented, returning E_NOINTERFACE.
5543.632:0138:0194:warn:vkd3d-proton:d3d12_device_QueryInterface: {0742a90b-c387-483f-b946-30a7e4e61458} not implemented, returning E_NOINTERFACE.
5543.669:0138:0198:warn:vkd3d-proton:d3d12_device_QueryInterface: {0742a90b-c387-483f-b946-30a7e4e61458} not implemented, returning E_NOINTERFACE.
5543.705:0138:019c:warn:vkd3d-proton:d3d12_device_QueryInterface: {0742a90b-c387-483f-b946-30a7e4e61458} not implemented, returning E_NOINTERFACE.
5543.740:0138:01a0:warn:vkd3d-proton:d3d12_device_QueryInterface: {0742a90b-c387-483f-b946-30a7e4e61458} not implemented, returning E_NOINTERFACE.
5543.778:0138:0194:warn:vkd3d-proton:d3d12_device_QueryInterface: {0742a90b-c387-483f-b946-30a7e4e61458} not implemented, returning E_NOINTERFACE.
5543.809:0138:01a0:warn:vkd3d-proton:d3d12_device_QueryInterface: {0742a90b-c387-483f-b946-30a7e4e61458} not implemented, returning E_NOINTERFACE.
5543.844:0138:019c:warn:vkd3d-proton:d3d12_device_QueryInterface: {0742a90b-c387-483f-b946-30a7e4e61458} not implemented, returning E_NOINTERFACE.
5543.880:0138:01a0:warn:vkd3d-proton:d3d12_device_QueryInterface: {0742a90b-c387-483f-b946-30a7e4e61458} not implemented, returning E_NOINTERFACE.
5543.916:0138:0198:warn:vkd3d-proton:d3d12_device_QueryInterface: {0742a90b-c387-483f-b946-30a7e4e61458} not implemented, returning E_NOINTERFACE.
5543.955:0138:0194:warn:vkd3d-proton:d3d12_device_QueryInterface: {0742a90b-c387-483f-b946-30a7e4e61458} not implemented, returning E_NOINTERFACE.
5543.993:0138:019c:warn:vkd3d-proton:d3d12_device_QueryInterface: {0742a90b-c387-483f-b946-30a7e4e61458} not implemented, returning E_NOINTERFACE.
5543.997:0138:019c:warn:vkd3d-proton:d3d12_device_QueryInterface: {0742a90b-c387-483f-b946-30a7e4e61458} not implemented, returning E_NOINTERFACE.
5544.010:0138:019c:warn:vkd3d-proton:d3d12_device_QueryInterface: {0742a90b-c387-483f-b946-30a7e4e61458} not implemented, returning E_NOINTERFACE.
5544.026:0138:019c:warn:vkd3d-proton:d3d12_device_QueryInterface: {0742a90b-c387-483f-b946-30a7e4e61458} not implemented, returning E_NOINTERFACE.
5544.057:0138:0198:warn:vkd3d-proton:d3d12_device_QueryInterface: {0742a90b-c387-483f-b946-30a7e4e61458} not implemented, returning E_NOINTERFACE.
5544.098:0138:0194:warn:vkd3d-proton:d3d12_device_QueryInterface: {0742a90b-c387-483f-b946-30a7e4e61458} not implemented, returning E_NOINTERFACE.
5544.131:0138:01a0:warn:vkd3d-proton:d3d12_device_QueryInterface: {0742a90b-c387-483f-b946-30a7e4e61458} not implemented, returning E_NOINTERFACE.
5544.163:0138:0194:warn:vkd3d-proton:d3d12_device_QueryInterface: {0742a90b-c387-483f-b946-30a7e4e61458} not implemented, returning E_NOINTERFACE.
5544.196:0138:0198:warn:vkd3d-proton:d3d12_device_QueryInterface: {0742a90b-c387-483f-b946-30a7e4e61458} not implemented, returning E_NOINTERFACE.
5544.228:0138:0198:warn:vkd3d-proton:d3d12_device_QueryInterface: {0742a90b-c387-483f-b946-30a7e4e61458} not implemented, returning E_NOINTERFACE.
5544.260:0138:01a0:warn:vkd3d-proton:d3d12_device_QueryInterface: {0742a90b-c387-483f-b946-30a7e4e61458} not implemented, returning E_NOINTERFACE.
5544.295:0138:0198:warn:vkd3d-proton:d3d12_device_QueryInterface: {0742a90b-c387-483f-b946-30a7e4e61458} not implemented, returning E_NOINTERFACE.
5544.327:0138:019c:warn:vkd3d-proton:d3d12_device_QueryInterface: {0742a90b-c387-483f-b946-30a7e4e61458} not implemented, returning E_NOINTERFACE.
5544.360:0138:01a0:warn:vkd3d-proton:d3d12_device_QueryInterface: {0742a90b-c387-483f-b946-30a7e4e61458} not implemented, returning E_NOINTERFACE.
5544.401:0138:0194:warn:vkd3d-proton:d3d12_device_QueryInterface: {0742a90b-c387-483f-b946-30a7e4e61458} not implemented, returning E_NOINTERFACE.
5544.432:0138:0198:warn:vkd3d-proton:d3d12_device_QueryInterface: {0742a90b-c387-483f-b946-30a7e4e61458} not implemented, returning E_NOINTERFACE.
5544.473:0138:0194:warn:vkd3d-proton:d3d12_device_QueryInterface: {0742a90b-c387-483f-b946-30a7e4e61458} not implemented, returning E_NOINTERFACE.
5544.507:0138:0194:warn:vkd3d-proton:d3d12_device_QueryInterface: {0742a90b-c387-483f-b946-30a7e4e61458} not implemented, returning E_NOINTERFACE.
5544.540:0138:01a0:warn:vkd3d-proton:d3d12_device_QueryInterface: {0742a90b-c387-483f-b946-30a7e4e61458} not implemented, returning E_NOINTERFACE.
5544.581:0138:0198:warn:vkd3d-proton:d3d12_device_QueryInterface: {0742a90b-c387-483f-b946-30a7e4e61458} not implemented, returning E_NOINTERFACE.
5544.613:0138:01a0:warn:vkd3d-proton:d3d12_device_QueryInterface: {0742a90b-c387-483f-b946-30a7e4e61458} not implemented, returning E_NOINTERFACE.
5544.646:0138:0194:warn:vkd3d-proton:d3d12_device_QueryInterface: {0742a90b-c387-483f-b946-30a7e4e61458} not implemented, returning E_NOINTERFACE.
5544.686:0138:01a0:warn:vkd3d-proton:d3d12_device_QueryInterface: {0742a90b-c387-483f-b946-30a7e4e61458} not implemented, returning E_NOINTERFACE.
5544.720:0138:019c:warn:vkd3d-proton:d3d12_device_QueryInterface: {0742a90b-c387-483f-b946-30a7e4e61458} not implemented, returning E_NOINTERFACE.
5544.753:0138:01a0:warn:vkd3d-proton:d3d12_device_QueryInterface: {0742a90b-c387-483f-b946-30a7e4e61458} not implemented, returning E_NOINTERFACE.
5544.785:0138:0194:warn:vkd3d-proton:d3d12_device_QueryInterface: {0742a90b-c387-483f-b946-30a7e4e61458} not implemented, returning E_NOINTERFACE.
5544.816:0138:0198:warn:vkd3d-proton:d3d12_device_QueryInterface: {0742a90b-c387-483f-b946-30a7e4e61458} not implemented, returning E_NOINTERFACE.
5544.849:0138:019c:warn:vkd3d-proton:d3d12_device_QueryInterface: {0742a90b-c387-483f-b946-30a7e4e61458} not implemented, returning E_NOINTERFACE.
5544.881:0138:0198:warn:vkd3d-proton:d3d12_device_QueryInterface: {0742a90b-c387-483f-b946-30a7e4e61458} not implemented, returning E_NOINTERFACE.
5544.912:0138:01a0:warn:vkd3d-proton:d3d12_device_QueryInterface: {0742a90b-c387-483f-b946-30a7e4e61458} not implemented, returning E_NOINTERFACE.
5544.946:0138:0198:warn:vkd3d-proton:d3d12_device_QueryInterface: {0742a90b-c387-483f-b946-30a7e4e61458} not implemented, returning E_NOINTERFACE.
5544.981:0138:0194:warn:vkd3d-proton:d3d12_device_QueryInterface: {0742a90b-c387-483f-b946-30a7e4e61458} not implemented, returning E_NOINTERFACE.
5545.023:0138:019c:warn:vkd3d-proton:d3d12_device_QueryInterface: {0742a90b-c387-483f-b946-30a7e4e61458} not implemented, returning E_NOINTERFACE.
5545.053:0138:0194:warn:vkd3d-proton:d3d12_device_QueryInterface: {0742a90b-c387-483f-b946-30a7e4e61458} not implemented, returning E_NOINTERFACE.
5545.088:0138:01a0:warn:vkd3d-proton:d3d12_device_QueryInterface: {0742a90b-c387-483f-b946-30a7e4e61458} not implemented, returning E_NOINTERFACE.
5545.120:0138:0194:warn:vkd3d-proton:d3d12_device_QueryInterface: {0742a90b-c387-483f-b946-30a7e4e61458} not implemented, returning E_NOINTERFACE.
5545.150:0138:0198:warn:vkd3d-proton:d3d12_device_QueryInterface: {0742a90b-c387-483f-b946-30a7e4e61458} not implemented, returning E_NOINTERFACE.
5545.184:0138:019c:warn:vkd3d-proton:d3d12_device_QueryInterface: {0742a90b-c387-483f-b946-30a7e4e61458} not implemented, returning E_NOINTERFACE.
5545.215:0138:01a0:warn:vkd3d-proton:d3d12_device_QueryInterface: {0742a90b-c387-483f-b946-30a7e4e61458} not implemented, returning E_NOINTERFACE.
5545.251:0138:019c:warn:vkd3d-proton:d3d12_device_QueryInterface: {0742a90b-c387-483f-b946-30a7e4e61458} not implemented, returning E_NOINTERFACE.
5545.290:0138:0198:warn:vkd3d-proton:d3d12_device_QueryInterface: {0742a90b-c387-483f-b946-30a7e4e61458} not implemented, returning E_NOINTERFACE.
5545.325:0138:01a0:warn:vkd3d-proton:d3d12_device_QueryInterface: {0742a90b-c387-483f-b946-30a7e4e61458} not implemented, returning E_NOINTERFACE.
5545.367:0138:019c:warn:vkd3d-proton:d3d12_device_QueryInterface: {0742a90b-c387-483f-b946-30a7e4e61458} not implemented, returning E_NOINTERFACE.
5545.404:0138:01a0:warn:vkd3d-proton:d3d12_device_QueryInterface: {0742a90b-c387-483f-b946-30a7e4e61458} not implemented, returning E_NOINTERFACE.
5545.440:0138:0194:warn:vkd3d-proton:d3d12_device_QueryInterface: {0742a90b-c387-483f-b946-30a7e4e61458} not implemented, returning E_NOINTERFACE.
5545.484:0138:0194:warn:vkd3d-proton:d3d12_device_QueryInterface: {0742a90b-c387-483f-b946-30a7e4e61458} not implemented, returning E_NOINTERFACE.
5545.525:0138:01a0:warn:vkd3d-proton:d3d12_device_QueryInterface: {0742a90b-c387-483f-b946-30a7e4e61458} not implemented, returning E_NOINTERFACE.
5545.557:0138:0198:warn:vkd3d-proton:d3d12_device_QueryInterface: {0742a90b-c387-483f-b946-30a7e4e61458} not implemented, returning E_NOINTERFACE.
5545.596:0138:0194:warn:vkd3d-proton:d3d12_device_QueryInterface: {0742a90b-c387-483f-b946-30a7e4e61458} not implemented, returning E_NOINTERFACE.
5545.636:0138:0198:warn:vkd3d-proton:d3d12_device_QueryInterface: {0742a90b-c387-483f-b946-30a7e4e61458} not implemented, returning E_NOINTERFACE.
5545.669:0138:01a0:warn:vkd3d-proton:d3d12_device_QueryInterface: {0742a90b-c387-483f-b946-30a7e4e61458} not implemented, returning E_NOINTERFACE.
5545.705:0138:019c:warn:vkd3d-proton:d3d12_device_QueryInterface: {0742a90b-c387-483f-b946-30a7e4e61458} not implemented, returning E_NOINTERFACE.
5545.738:0138:019c:warn:vkd3d-proton:d3d12_device_QueryInterface: {0742a90b-c387-483f-b946-30a7e4e61458} not implemented, returning E_NOINTERFACE.
5545.772:0138:0194:warn:vkd3d-proton:d3d12_device_QueryInterface: {0742a90b-c387-483f-b946-30a7e4e61458} not implemented, returning E_NOINTERFACE.
5545.804:0138:01a0:warn:vkd3d-proton:d3d12_device_QueryInterface: {0742a90b-c387-483f-b946-30a7e4e61458} not implemented, returning E_NOINTERFACE.
5545.837:0138:0198:warn:vkd3d-proton:d3d12_device_QueryInterface: {0742a90b-c387-483f-b946-30a7e4e61458} not implemented, returning E_NOINTERFACE.
5545.866:0138:0194:warn:vkd3d-proton:d3d12_device_QueryInterface: {0742a90b-c387-483f-b946-30a7e4e61458} not implemented, returning E_NOINTERFACE.
5545.899:0138:01a0:warn:vkd3d-proton:d3d12_device_QueryInterface: {0742a90b-c387-483f-b946-30a7e4e61458} not implemented, returning E_NOINTERFACE.
5545.934:0138:0198:warn:vkd3d-proton:d3d12_device_QueryInterface: {0742a90b-c387-483f-b946-30a7e4e61458} not implemented, returning E_NOINTERFACE.
5545.966:0138:019c:warn:vkd3d-proton:d3d12_device_QueryInterface: {0742a90b-c387-483f-b946-30a7e4e61458} not implemented, returning E_NOINTERFACE.
5545.995:0138:0194:warn:vkd3d-proton:d3d12_device_QueryInterface: {0742a90b-c387-483f-b946-30a7e4e61458} not implemented, returning E_NOINTERFACE.
5546.029:0138:0198:warn:vkd3d-proton:d3d12_device_QueryInterface: {0742a90b-c387-483f-b946-30a7e4e61458} not implemented, returning E_NOINTERFACE.
5546.066:0138:01a0:warn:vkd3d-proton:d3d12_device_QueryInterface: {0742a90b-c387-483f-b946-30a7e4e61458} not implemented, returning E_NOINTERFACE.
5546.103:0138:019c:warn:vkd3d-proton:d3d12_device_QueryInterface: {0742a90b-c387-483f-b946-30a7e4e61458} not implemented, returning E_NOINTERFACE.
5546.135:0138:0198:warn:vkd3d-proton:d3d12_device_QueryInterface: {0742a90b-c387-483f-b946-30a7e4e61458} not implemented, returning E_NOINTERFACE.
5546.171:0138:019c:warn:vkd3d-proton:d3d12_device_QueryInterface: {0742a90b-c387-483f-b946-30a7e4e61458} not implemented, returning E_NOINTERFACE.
5546.204:0138:0198:warn:vkd3d-proton:d3d12_device_QueryInterface: {0742a90b-c387-483f-b946-30a7e4e61458} not implemented, returning E_NOINTERFACE.
5546.237:0138:0198:warn:vkd3d-proton:d3d12_device_QueryInterface: {0742a90b-c387-483f-b946-30a7e4e61458} not implemented, returning E_NOINTERFACE.
5546.271:0138:0194:warn:vkd3d-proton:d3d12_device_QueryInterface: {0742a90b-c387-483f-b946-30a7e4e61458} not implemented, returning E_NOINTERFACE.
5546.304:0138:0198:warn:vkd3d-proton:d3d12_device_QueryInterface: {0742a90b-c387-483f-b946-30a7e4e61458} not implemented, returning E_NOINTERFACE.
5546.341:0138:01a0:warn:vkd3d-proton:d3d12_device_QueryInterface: {0742a90b-c387-483f-b946-30a7e4e61458} not implemented, returning E_NOINTERFACE.
5546.382:0138:0194:warn:vkd3d-proton:d3d12_device_QueryInterface: {0742a90b-c387-483f-b946-30a7e4e61458} not implemented, returning E_NOINTERFACE.
5546.418:0138:019c:warn:vkd3d-proton:d3d12_device_QueryInterface: {0742a90b-c387-483f-b946-30a7e4e61458} not implemented, returning E_NOINTERFACE.
5546.457:0138:0198:warn:vkd3d-proton:d3d12_device_QueryInterface: {0742a90b-c387-483f-b946-30a7e4e61458} not implemented, returning E_NOINTERFACE.
5546.493:0138:0194:warn:vkd3d-proton:d3d12_device_QueryInterface: {0742a90b-c387-483f-b946-30a7e4e61458} not implemented, returning E_NOINTERFACE.
5546.528:0138:019c:warn:vkd3d-proton:d3d12_device_QueryInterface: {0742a90b-c387-483f-b946-30a7e4e61458} not implemented, returning E_NOINTERFACE.
5546.564:0138:0194:warn:vkd3d-proton:d3d12_device_QueryInterface: {0742a90b-c387-483f-b946-30a7e4e61458} not implemented, returning E_NOINTERFACE.
5546.594:0138:019c:warn:vkd3d-proton:d3d12_device_QueryInterface: {0742a90b-c387-483f-b946-30a7e4e61458} not implemented, returning E_NOINTERFACE.
5546.629:0138:0194:warn:vkd3d-proton:d3d12_device_QueryInterface: {0742a90b-c387-483f-b946-30a7e4e61458} not implemented, returning E_NOINTERFACE.
5546.662:0138:019c:warn:vkd3d-proton:d3d12_device_QueryInterface: {0742a90b-c387-483f-b946-30a7e4e61458} not implemented, returning E_NOINTERFACE.
5546.692:0138:0194:warn:vkd3d-proton:d3d12_device_QueryInterface: {0742a90b-c387-483f-b946-30a7e4e61458} not implemented, returning E_NOINTERFACE.
5546.726:0138:0198:warn:vkd3d-proton:d3d12_device_QueryInterface: {0742a90b-c387-483f-b946-30a7e4e61458} not implemented, returning E_NOINTERFACE.
5546.761:0138:01a0:warn:vkd3d-proton:d3d12_device_QueryInterface: {0742a90b-c387-483f-b946-30a7e4e61458} not implemented, returning E_NOINTERFACE.
5546.794:0138:019c:warn:vkd3d-proton:d3d12_device_QueryInterface: {0742a90b-c387-483f-b946-30a7e4e61458} not implemented, returning E_NOINTERFACE.
5546.828:0138:0198:warn:vkd3d-proton:d3d12_device_QueryInterface: {0742a90b-c387-483f-b946-30a7e4e61458} not implemented, returning E_NOINTERFACE.
5546.864:0138:019c:warn:vkd3d-proton:d3d12_device_QueryInterface: {0742a90b-c387-483f-b946-30a7e4e61458} not implemented, returning E_NOINTERFACE.
5546.893:0138:0198:warn:vkd3d-proton:d3d12_device_QueryInterface: {0742a90b-c387-483f-b946-30a7e4e61458} not implemented, returning E_NOINTERFACE.
5546.927:0138:019c:warn:vkd3d-proton:d3d12_device_QueryInterface: {0742a90b-c387-483f-b946-30a7e4e61458} not implemented, returning E_NOINTERFACE.
5546.959:0138:0198:warn:vkd3d-proton:d3d12_device_QueryInterface: {0742a90b-c387-483f-b946-30a7e4e61458} not implemented, returning E_NOINTERFACE.
5546.997:0138:019c:warn:vkd3d-proton:d3d12_device_QueryInterface: {0742a90b-c387-483f-b946-30a7e4e61458} not implemented, returning E_NOINTERFACE.
5547.027:0138:0198:warn:vkd3d-proton:d3d12_device_QueryInterface: {0742a90b-c387-483f-b946-30a7e4e61458} not implemented, returning E_NOINTERFACE.
5547.067:0138:01a0:warn:vkd3d-proton:d3d12_device_QueryInterface: {0742a90b-c387-483f-b946-30a7e4e61458} not implemented, returning E_NOINTERFACE.
5547.098:0138:019c:warn:vkd3d-proton:d3d12_device_QueryInterface: {0742a90b-c387-483f-b946-30a7e4e61458} not implemented, returning E_NOINTERFACE.
5547.132:0138:01a0:warn:vkd3d-proton:d3d12_device_QueryInterface: {0742a90b-c387-483f-b946-30a7e4e61458} not implemented, returning E_NOINTERFACE.
5547.172:0138:0194:warn:vkd3d-proton:d3d12_device_QueryInterface: {0742a90b-c387-483f-b946-30a7e4e61458} not implemented, returning E_NOINTERFACE.
5547.209:0138:01a0:warn:vkd3d-proton:d3d12_device_QueryInterface: {0742a90b-c387-483f-b946-30a7e4e61458} not implemented, returning E_NOINTERFACE.
5547.241:0138:0198:warn:vkd3d-proton:d3d12_device_QueryInterface: {0742a90b-c387-483f-b946-30a7e4e61458} not implemented, returning E_NOINTERFACE.
5547.278:0138:019c:warn:vkd3d-proton:d3d12_device_QueryInterface: {0742a90b-c387-483f-b946-30a7e4e61458} not implemented, returning E_NOINTERFACE.
5547.312:0138:0194:warn:vkd3d-proton:d3d12_device_QueryInterface: {0742a90b-c387-483f-b946-30a7e4e61458} not implemented, returning E_NOINTERFACE.
5547.347:0138:0198:warn:vkd3d-proton:d3d12_device_QueryInterface: {0742a90b-c387-483f-b946-30a7e4e61458} not implemented, returning E_NOINTERFACE.
5547.379:0138:0194:warn:vkd3d-proton:d3d12_device_QueryInterface: {0742a90b-c387-483f-b946-30a7e4e61458} not implemented, returning E_NOINTERFACE.
5547.418:0138:019c:warn:vkd3d-proton:d3d12_device_QueryInterface: {0742a90b-c387-483f-b946-30a7e4e61458} not implemented, returning E_NOINTERFACE.
5547.453:0138:01a0:warn:vkd3d-proton:d3d12_device_QueryInterface: {0742a90b-c387-483f-b946-30a7e4e61458} not implemented, returning E_NOINTERFACE.
5547.492:0138:01a0:warn:vkd3d-proton:d3d12_device_QueryInterface: {0742a90b-c387-483f-b946-30a7e4e61458} not implemented, returning E_NOINTERFACE.
5547.526:0138:0198:warn:vkd3d-proton:d3d12_device_QueryInterface: {0742a90b-c387-483f-b946-30a7e4e61458} not implemented, returning E_NOINTERFACE.
5547.564:0138:0198:warn:vkd3d-proton:d3d12_device_QueryInterface: {0742a90b-c387-483f-b946-30a7e4e61458} not implemented, returning E_NOINTERFACE.
5547.566:0138:0198:warn:vkd3d-proton:d3d12_device_QueryInterface: {0742a90b-c387-483f-b946-30a7e4e61458} not implemented, returning E_NOINTERFACE.
5547.577:0138:01a0:warn:vkd3d-proton:d3d12_device_QueryInterface: {0742a90b-c387-483f-b946-30a7e4e61458} not implemented, returning E_NOINTERFACE.
5547.595:0138:01a0:warn:vkd3d-proton:d3d12_device_QueryInterface: {0742a90b-c387-483f-b946-30a7e4e61458} not implemented, returning E_NOINTERFACE.
5547.625:0138:019c:warn:vkd3d-proton:d3d12_device_QueryInterface: {0742a90b-c387-483f-b946-30a7e4e61458} not implemented, returning E_NOINTERFACE.
5547.664:0138:0194:warn:vkd3d-proton:d3d12_device_QueryInterface: {0742a90b-c387-483f-b946-30a7e4e61458} not implemented, returning E_NOINTERFACE.
5547.705:0138:019c:warn:vkd3d-proton:d3d12_device_QueryInterface: {0742a90b-c387-483f-b946-30a7e4e61458} not implemented, returning E_NOINTERFACE.
5547.734:0138:0194:warn:vkd3d-proton:d3d12_device_QueryInterface: {0742a90b-c387-483f-b946-30a7e4e61458} not implemented, returning E_NOINTERFACE.
5547.769:0138:01a0:warn:vkd3d-proton:d3d12_device_QueryInterface: {0742a90b-c387-483f-b946-30a7e4e61458} not implemented, returning E_NOINTERFACE.
5547.801:0138:0194:warn:vkd3d-proton:d3d12_device_QueryInterface: {0742a90b-c387-483f-b946-30a7e4e61458} not implemented, returning E_NOINTERFACE.
5547.839:0138:0198:warn:vkd3d-proton:d3d12_device_QueryInterface: {0742a90b-c387-483f-b946-30a7e4e61458} not implemented, returning E_NOINTERFACE.
5547.878:0138:019c:warn:vkd3d-proton:d3d12_device_QueryInterface: {0742a90b-c387-483f-b946-30a7e4e61458} not implemented, returning E_NOINTERFACE.
5547.912:0138:0198:warn:vkd3d-proton:d3d12_device_QueryInterface: {0742a90b-c387-483f-b946-30a7e4e61458} not implemented, returning E_NOINTERFACE.
5547.951:0138:01a0:warn:vkd3d-proton:d3d12_device_QueryInterface: {0742a90b-c387-483f-b946-30a7e4e61458} not implemented, returning E_NOINTERFACE.
5547.984:0138:019c:warn:vkd3d-proton:d3d12_device_QueryInterface: {0742a90b-c387-483f-b946-30a7e4e61458} not implemented, returning E_NOINTERFACE.
5548.021:0138:0194:warn:vkd3d-proton:d3d12_device_QueryInterface: {0742a90b-c387-483f-b946-30a7e4e61458} not implemented, returning E_NOINTERFACE.
5548.058:0138:019c:warn:vkd3d-proton:d3d12_device_QueryInterface: {0742a90b-c387-483f-b946-30a7e4e61458} not implemented, returning E_NOINTERFACE.
5548.097:0138:019c:warn:vkd3d-proton:d3d12_device_QueryInterface: {0742a90b-c387-483f-b946-30a7e4e61458} not implemented, returning E_NOINTERFACE.
5548.128:0138:01a0:warn:vkd3d-proton:d3d12_device_QueryInterface: {0742a90b-c387-483f-b946-30a7e4e61458} not implemented, returning E_NOINTERFACE.
5548.165:0138:0194:warn:vkd3d-proton:d3d12_device_QueryInterface: {0742a90b-c387-483f-b946-30a7e4e61458} not implemented, returning E_NOINTERFACE.
5548.197:0138:019c:warn:vkd3d-proton:d3d12_device_QueryInterface: {0742a90b-c387-483f-b946-30a7e4e61458} not implemented, returning E_NOINTERFACE.
5548.230:0138:0198:warn:vkd3d-proton:d3d12_device_QueryInterface: {0742a90b-c387-483f-b946-30a7e4e61458} not implemented, returning E_NOINTERFACE.
5548.265:0138:019c:warn:vkd3d-proton:d3d12_device_QueryInterface: {0742a90b-c387-483f-b946-30a7e4e61458} not implemented, returning E_NOINTERFACE.
5548.297:0138:0194:warn:vkd3d-proton:d3d12_device_QueryInterface: {0742a90b-c387-483f-b946-30a7e4e61458} not implemented, returning E_NOINTERFACE.
5548.332:0138:019c:warn:vkd3d-proton:d3d12_device_QueryInterface: {0742a90b-c387-483f-b946-30a7e4e61458} not implemented, returning E_NOINTERFACE.
5548.365:0138:0194:warn:vkd3d-proton:d3d12_device_QueryInterface: {0742a90b-c387-483f-b946-30a7e4e61458} not implemented, returning E_NOINTERFACE.
5548.403:0138:0198:warn:vkd3d-proton:d3d12_device_QueryInterface: {0742a90b-c387-483f-b946-30a7e4e61458} not implemented, returning E_NOINTERFACE.
5548.441:0138:019c:warn:vkd3d-proton:d3d12_device_QueryInterface: {0742a90b-c387-483f-b946-30a7e4e61458} not implemented, returning E_NOINTERFACE.
5548.473:0138:0198:warn:vkd3d-proton:d3d12_device_QueryInterface: {0742a90b-c387-483f-b946-30a7e4e61458} not implemented, returning E_NOINTERFACE.
5548.512:0138:0194:warn:vkd3d-proton:d3d12_device_QueryInterface: {0742a90b-c387-483f-b946-30a7e4e61458} not implemented, returning E_NOINTERFACE.
5548.556:0138:0198:warn:vkd3d-proton:d3d12_device_QueryInterface: {0742a90b-c387-483f-b946-30a7e4e61458} not implemented, returning E_NOINTERFACE.
5548.589:0138:0194:warn:vkd3d-proton:d3d12_device_QueryInterface: {0742a90b-c387-483f-b946-30a7e4e61458} not implemented, returning E_NOINTERFACE.
5548.621:0138:019c:warn:vkd3d-proton:d3d12_device_QueryInterface: {0742a90b-c387-483f-b946-30a7e4e61458} not implemented, returning E_NOINTERFACE.
5548.653:0138:0198:warn:vkd3d-proton:d3d12_device_QueryInterface: {0742a90b-c387-483f-b946-30a7e4e61458} not implemented, returning E_NOINTERFACE.
5548.684:0138:01a0:warn:vkd3d-proton:d3d12_device_QueryInterface: {0742a90b-c387-483f-b946-30a7e4e61458} not implemented, returning E_NOINTERFACE.
5548.718:0138:01a0:warn:vkd3d-proton:d3d12_device_QueryInterface: {0742a90b-c387-483f-b946-30a7e4e61458} not implemented, returning E_NOINTERFACE.
5548.749:0138:0198:warn:vkd3d-proton:d3d12_device_QueryInterface: {0742a90b-c387-483f-b946-30a7e4e61458} not implemented, returning E_NOINTERFACE.
5548.791:0138:01a0:warn:vkd3d-proton:d3d12_device_QueryInterface: {0742a90b-c387-483f-b946-30a7e4e61458} not implemented, returning E_NOINTERFACE.
5548.825:0138:0194:warn:vkd3d-proton:d3d12_device_QueryInterface: {0742a90b-c387-483f-b946-30a7e4e61458} not implemented, returning E_NOINTERFACE.
5548.858:0138:01a0:warn:vkd3d-proton:d3d12_device_QueryInterface: {0742a90b-c387-483f-b946-30a7e4e61458} not implemented, returning E_NOINTERFACE.
5548.890:0138:0194:warn:vkd3d-proton:d3d12_device_QueryInterface: {0742a90b-c387-483f-b946-30a7e4e61458} not implemented, returning E_NOINTERFACE.
5548.920:0138:0198:warn:vkd3d-proton:d3d12_device_QueryInterface: {0742a90b-c387-483f-b946-30a7e4e61458} not implemented, returning E_NOINTERFACE.
5548.956:0138:01a0:warn:vkd3d-proton:d3d12_device_QueryInterface: {0742a90b-c387-483f-b946-30a7e4e61458} not implemented, returning E_NOINTERFACE.
5548.987:0138:0198:warn:vkd3d-proton:d3d12_device_QueryInterface: {0742a90b-c387-483f-b946-30a7e4e61458} not implemented, returning E_NOINTERFACE.
5549.017:0138:0194:warn:vkd3d-proton:d3d12_device_QueryInterface: {0742a90b-c387-483f-b946-30a7e4e61458} not implemented, returning E_NOINTERFACE.
5549.049:0138:019c:warn:vkd3d-proton:d3d12_device_QueryInterface: {0742a90b-c387-483f-b946-30a7e4e61458} not implemented, returning E_NOINTERFACE.
5549.083:0138:0198:warn:vkd3d-proton:d3d12_device_QueryInterface: {0742a90b-c387-483f-b946-30a7e4e61458} not implemented, returning E_NOINTERFACE.
5549.118:0138:01a0:warn:vkd3d-proton:d3d12_device_QueryInterface: {0742a90b-c387-483f-b946-30a7e4e61458} not implemented, returning E_NOINTERFACE.
5549.150:0138:0194:warn:vkd3d-proton:d3d12_device_QueryInterface: {0742a90b-c387-483f-b946-30a7e4e61458} not implemented, returning E_NOINTERFACE.
5549.182:0138:019c:warn:vkd3d-proton:d3d12_device_QueryInterface: {0742a90b-c387-483f-b946-30a7e4e61458} not implemented, returning E_NOINTERFACE.
5549.215:0138:0194:warn:vkd3d-proton:d3d12_device_QueryInterface: {0742a90b-c387-483f-b946-30a7e4e61458} not implemented, returning E_NOINTERFACE.
5549.245:0138:01a0:warn:vkd3d-proton:d3d12_device_QueryInterface: {0742a90b-c387-483f-b946-30a7e4e61458} not implemented, returning E_NOINTERFACE.
5549.284:0138:0194:warn:vkd3d-proton:d3d12_device_QueryInterface: {0742a90b-c387-483f-b946-30a7e4e61458} not implemented, returning E_NOINTERFACE.
5549.320:0138:019c:warn:vkd3d-proton:d3d12_device_QueryInterface: {0742a90b-c387-483f-b946-30a7e4e61458} not implemented, returning E_NOINTERFACE.
5549.359:0138:0194:warn:vkd3d-proton:d3d12_device_QueryInterface: {0742a90b-c387-483f-b946-30a7e4e61458} not implemented, returning E_NOINTERFACE.
5549.393:0138:01a0:warn:vkd3d-proton:d3d12_device_QueryInterface: {0742a90b-c387-483f-b946-30a7e4e61458} not implemented, returning E_NOINTERFACE.
5549.427:0138:0194:warn:vkd3d-proton:d3d12_device_QueryInterface: {0742a90b-c387-483f-b946-30a7e4e61458} not implemented, returning E_NOINTERFACE.
5549.458:0138:01a0:warn:vkd3d-proton:d3d12_device_QueryInterface: {0742a90b-c387-483f-b946-30a7e4e61458} not implemented, returning E_NOINTERFACE.
5549.492:0138:0194:warn:vkd3d-proton:d3d12_device_QueryInterface: {0742a90b-c387-483f-b946-30a7e4e61458} not implemented, returning E_NOINTERFACE.
5549.523:0138:0198:warn:vkd3d-proton:d3d12_device_QueryInterface: {0742a90b-c387-483f-b946-30a7e4e61458} not implemented, returning E_NOINTERFACE.
5549.557:0138:01a0:warn:vkd3d-proton:d3d12_device_QueryInterface: {0742a90b-c387-483f-b946-30a7e4e61458} not implemented, returning E_NOINTERFACE.
5549.588:0138:019c:warn:vkd3d-proton:d3d12_device_QueryInterface: {0742a90b-c387-483f-b946-30a7e4e61458} not implemented, returning E_NOINTERFACE.
5549.623:0138:0198:warn:vkd3d-proton:d3d12_device_QueryInterface: {0742a90b-c387-483f-b946-30a7e4e61458} not implemented, returning E_NOINTERFACE.
5549.655:0138:01a0:warn:vkd3d-proton:d3d12_device_QueryInterface: {0742a90b-c387-483f-b946-30a7e4e61458} not implemented, returning E_NOINTERFACE.
5549.691:0138:0194:warn:vkd3d-proton:d3d12_device_QueryInterface: {0742a90b-c387-483f-b946-30a7e4e61458} not implemented, returning E_NOINTERFACE.
5549.731:0138:019c:warn:vkd3d-proton:d3d12_device_QueryInterface: {0742a90b-c387-483f-b946-30a7e4e61458} not implemented, returning E_NOINTERFACE.
5549.764:0138:01a0:warn:vkd3d-proton:d3d12_device_QueryInterface: {0742a90b-c387-483f-b946-30a7e4e61458} not implemented, returning E_NOINTERFACE.
5549.797:0138:019c:warn:vkd3d-proton:d3d12_device_QueryInterface: {0742a90b-c387-483f-b946-30a7e4e61458} not implemented, returning E_NOINTERFACE.
5549.830:0138:0194:warn:vkd3d-proton:d3d12_device_QueryInterface: {0742a90b-c387-483f-b946-30a7e4e61458} not implemented, returning E_NOINTERFACE.
5549.860:0138:019c:warn:vkd3d-proton:d3d12_device_QueryInterface: {0742a90b-c387-483f-b946-30a7e4e61458} not implemented, returning E_NOINTERFACE.
5549.894:0138:0194:warn:vkd3d-proton:d3d12_device_QueryInterface: {0742a90b-c387-483f-b946-30a7e4e61458} not implemented, returning E_NOINTERFACE.
5549.925:0138:01a0:warn:vkd3d-proton:d3d12_device_QueryInterface: {0742a90b-c387-483f-b946-30a7e4e61458} not implemented, returning E_NOINTERFACE.
5549.960:0138:019c:warn:vkd3d-proton:d3d12_device_QueryInterface: {0742a90b-c387-483f-b946-30a7e4e61458} not implemented, returning E_NOINTERFACE.
5549.991:0138:01a0:warn:vkd3d-proton:d3d12_device_QueryInterface: {0742a90b-c387-483f-b946-30a7e4e61458} not implemented, returning E_NOINTERFACE.
5550.024:0138:019c:warn:vkd3d-proton:d3d12_device_QueryInterface: {0742a90b-c387-483f-b946-30a7e4e61458} not implemented, returning E_NOINTERFACE.
5550.060:0138:0198:warn:vkd3d-proton:d3d12_device_QueryInterface: {0742a90b-c387-483f-b946-30a7e4e61458} not implemented, returning E_NOINTERFACE.
5550.094:0138:019c:warn:vkd3d-proton:d3d12_device_QueryInterface: {0742a90b-c387-483f-b946-30a7e4e61458} not implemented, returning E_NOINTERFACE.
5550.126:0138:0198:warn:vkd3d-proton:d3d12_device_QueryInterface: {0742a90b-c387-483f-b946-30a7e4e61458} not implemented, returning E_NOINTERFACE.
5550.158:0138:0194:warn:vkd3d-proton:d3d12_device_QueryInterface: {0742a90b-c387-483f-b946-30a7e4e61458} not implemented, returning E_NOINTERFACE.
5550.189:0138:01a0:warn:vkd3d-proton:d3d12_device_QueryInterface: {0742a90b-c387-483f-b946-30a7e4e61458} not implemented, returning E_NOINTERFACE.
5550.224:0138:019c:warn:vkd3d-proton:d3d12_device_QueryInterface: {0742a90b-c387-483f-b946-30a7e4e61458} not implemented, returning E_NOINTERFACE.
5550.256:0138:0194:warn:vkd3d-proton:d3d12_device_QueryInterface: {0742a90b-c387-483f-b946-30a7e4e61458} not implemented, returning E_NOINTERFACE.
5550.286:0138:01a0:warn:vkd3d-proton:d3d12_device_QueryInterface: {0742a90b-c387-483f-b946-30a7e4e61458} not implemented, returning E_NOINTERFACE.
5550.319:0138:0198:warn:vkd3d-proton:d3d12_device_QueryInterface: {0742a90b-c387-483f-b946-30a7e4e61458} not implemented, returning E_NOINTERFACE.
5550.352:0138:01a0:warn:vkd3d-proton:d3d12_device_QueryInterface: {0742a90b-c387-483f-b946-30a7e4e61458} not implemented, returning E_NOINTERFACE.
5550.386:0138:0198:warn:vkd3d-proton:d3d12_device_QueryInterface: {0742a90b-c387-483f-b946-30a7e4e61458} not implemented, returning E_NOINTERFACE.
5550.419:0138:01a0:warn:vkd3d-proton:d3d12_device_QueryInterface: {0742a90b-c387-483f-b946-30a7e4e61458} not implemented, returning E_NOINTERFACE.
5550.451:0138:0198:warn:vkd3d-proton:d3d12_device_QueryInterface: {0742a90b-c387-483f-b946-30a7e4e61458} not implemented, returning E_NOINTERFACE.
5550.482:0138:019c:warn:vkd3d-proton:d3d12_device_QueryInterface: {0742a90b-c387-483f-b946-30a7e4e61458} not implemented, returning E_NOINTERFACE.
5550.516:0138:0194:warn:vkd3d-proton:d3d12_device_QueryInterface: {0742a90b-c387-483f-b946-30a7e4e61458} not implemented, returning E_NOINTERFACE.
5550.549:0138:0198:warn:vkd3d-proton:d3d12_device_QueryInterface: {0742a90b-c387-483f-b946-30a7e4e61458} not implemented, returning E_NOINTERFACE.
5550.581:0138:01a0:warn:vkd3d-proton:d3d12_device_QueryInterface: {0742a90b-c387-483f-b946-30a7e4e61458} not implemented, returning E_NOINTERFACE.
5550.616:0138:0198:warn:vkd3d-proton:d3d12_device_QueryInterface: {0742a90b-c387-483f-b946-30a7e4e61458} not implemented, returning E_NOINTERFACE.
5550.647:0138:0194:warn:vkd3d-proton:d3d12_device_QueryInterface: {0742a90b-c387-483f-b946-30a7e4e61458} not implemented, returning E_NOINTERFACE.
5550.685:0138:0198:warn:vkd3d-proton:d3d12_device_QueryInterface: {0742a90b-c387-483f-b946-30a7e4e61458} not implemented, returning E_NOINTERFACE.
5550.717:0138:019c:warn:vkd3d-proton:d3d12_device_QueryInterface: {0742a90b-c387-483f-b946-30a7e4e61458} not implemented, returning E_NOINTERFACE.
5550.749:0138:0198:warn:vkd3d-proton:d3d12_device_QueryInterface: {0742a90b-c387-483f-b946-30a7e4e61458} not implemented, returning E_NOINTERFACE.
5550.780:0138:019c:warn:vkd3d-proton:d3d12_device_QueryInterface: {0742a90b-c387-483f-b946-30a7e4e61458} not implemented, returning E_NOINTERFACE.
5550.815:0138:0194:warn:vkd3d-proton:d3d12_device_QueryInterface: {0742a90b-c387-483f-b946-30a7e4e61458} not implemented, returning E_NOINTERFACE.
5550.851:0138:01a0:warn:vkd3d-proton:d3d12_device_QueryInterface: {0742a90b-c387-483f-b946-30a7e4e61458} not implemented, returning E_NOINTERFACE.
5550.900:0138:0198:warn:vkd3d-proton:d3d12_device_QueryInterface: {0742a90b-c387-483f-b946-30a7e4e61458} not implemented, returning E_NOINTERFACE.
5550.936:0138:01a0:warn:vkd3d-proton:d3d12_device_QueryInterface: {0742a90b-c387-483f-b946-30a7e4e61458} not implemented, returning E_NOINTERFACE.
5550.972:0138:0198:warn:vkd3d-proton:d3d12_device_QueryInterface: {0742a90b-c387-483f-b946-30a7e4e61458} not implemented, returning E_NOINTERFACE.
5551.000:0138:0194:warn:vkd3d-proton:d3d12_device_QueryInterface: {0742a90b-c387-483f-b946-30a7e4e61458} not implemented, returning E_NOINTERFACE.
5551.040:0138:0194:warn:vkd3d-proton:d3d12_device_QueryInterface: {0742a90b-c387-483f-b946-30a7e4e61458} not implemented, returning E_NOINTERFACE.
5551.150:0138:0198:warn:vkd3d-proton:d3d12_device_QueryInterface: {0742a90b-c387-483f-b946-30a7e4e61458} not implemented, returning E_NOINTERFACE.
5551.184:0138:019c:warn:vkd3d-proton:d3d12_device_QueryInterface: {0742a90b-c387-483f-b946-30a7e4e61458} not implemented, returning E_NOINTERFACE.
5551.190:0138:019c:warn:vkd3d-proton:d3d12_device_QueryInterface: {0742a90b-c387-483f-b946-30a7e4e61458} not implemented, returning E_NOINTERFACE.
5551.203:0138:019c:warn:vkd3d-proton:d3d12_device_QueryInterface: {0742a90b-c387-483f-b946-30a7e4e61458} not implemented, returning E_NOINTERFACE.
5551.214:0138:019c:warn:vkd3d-proton:d3d12_device_QueryInterface: {0742a90b-c387-483f-b946-30a7e4e61458} not implemented, returning E_NOINTERFACE.
5551.338:0138:0198:warn:vkd3d-proton:d3d12_device_QueryInterface: {0742a90b-c387-483f-b946-30a7e4e61458} not implemented, returning E_NOINTERFACE.
5551.468:0138:0194:warn:vkd3d-proton:d3d12_device_QueryInterface: {0742a90b-c387-483f-b946-30a7e4e61458} not implemented, returning E_NOINTERFACE.
5551.596:0138:0194:warn:vkd3d-proton:d3d12_device_QueryInterface: {0742a90b-c387-483f-b946-30a7e4e61458} not implemented, returning E_NOINTERFACE.
5551.603:0138:0194:warn:vkd3d-proton:d3d12_device_QueryInterface: {0742a90b-c387-483f-b946-30a7e4e61458} not implemented, returning E_NOINTERFACE.
5551.622:0138:01a0:warn:vkd3d-proton:d3d12_device_QueryInterface: {0742a90b-c387-483f-b946-30a7e4e61458} not implemented, returning E_NOINTERFACE.
5551.636:0138:01a0:warn:vkd3d-proton:d3d12_device_QueryInterface: {0742a90b-c387-483f-b946-30a7e4e61458} not implemented, returning E_NOINTERFACE.
5551.772:0138:01a0:warn:vkd3d-proton:d3d12_device_QueryInterface: {0742a90b-c387-483f-b946-30a7e4e61458} not implemented, returning E_NOINTERFACE.
5551.859:0138:0194:warn:vkd3d-proton:d3d12_device_QueryInterface: {0742a90b-c387-483f-b946-30a7e4e61458} not implemented, returning E_NOINTERFACE.
5551.901:0138:0198:warn:vkd3d-proton:d3d12_device_QueryInterface: {0742a90b-c387-483f-b946-30a7e4e61458} not implemented, returning E_NOINTERFACE.
5551.906:0138:0198:warn:vkd3d-proton:d3d12_device_QueryInterface: {0742a90b-c387-483f-b946-30a7e4e61458} not implemented, returning E_NOINTERFACE.
5551.916:0138:0194:warn:vkd3d-proton:d3d12_device_QueryInterface: {0742a90b-c387-483f-b946-30a7e4e61458} not implemented, returning E_NOINTERFACE.
5551.934:0138:0198:warn:vkd3d-proton:d3d12_device_QueryInterface: {0742a90b-c387-483f-b946-30a7e4e61458} not implemented, returning E_NOINTERFACE.
5552.060:0138:0198:warn:vkd3d-proton:d3d12_device_QueryInterface: {0742a90b-c387-483f-b946-30a7e4e61458} not implemented, returning E_NOINTERFACE.
5552.177:0138:01a0:warn:vkd3d-proton:d3d12_device_QueryInterface: {0742a90b-c387-483f-b946-30a7e4e61458} not implemented, returning E_NOINTERFACE.
5552.221:0138:01a0:warn:vkd3d-proton:d3d12_device_QueryInterface: {0742a90b-c387-483f-b946-30a7e4e61458} not implemented, returning E_NOINTERFACE.
5552.231:0138:01a0:warn:vkd3d-proton:d3d12_device_QueryInterface: {0742a90b-c387-483f-b946-30a7e4e61458} not implemented, returning E_NOINTERFACE.
5552.242:0138:01a0:warn:vkd3d-proton:d3d12_device_QueryInterface: {0742a90b-c387-483f-b946-30a7e4e61458} not implemented, returning E_NOINTERFACE.
5552.364:0138:01a0:warn:vkd3d-proton:d3d12_device_QueryInterface: {0742a90b-c387-483f-b946-30a7e4e61458} not implemented, returning E_NOINTERFACE.
5552.485:0138:0198:warn:vkd3d-proton:d3d12_device_QueryInterface: {0742a90b-c387-483f-b946-30a7e4e61458} not implemented, returning E_NOINTERFACE.
5552.608:0138:0194:warn:vkd3d-proton:d3d12_device_QueryInterface: {0742a90b-c387-483f-b946-30a7e4e61458} not implemented, returning E_NOINTERFACE.
5552.623:0138:0194:warn:vkd3d-proton:d3d12_device_QueryInterface: {0742a90b-c387-483f-b946-30a7e4e61458} not implemented, returning E_NOINTERFACE.
5552.768:0138:0194:warn:vkd3d-proton:d3d12_device_QueryInterface: {0742a90b-c387-483f-b946-30a7e4e61458} not implemented, returning E_NOINTERFACE.
5552.889:0138:019c:warn:vkd3d-proton:d3d12_device_QueryInterface: {0742a90b-c387-483f-b946-30a7e4e61458} not implemented, returning E_NOINTERFACE.
5553.010:0138:0198:warn:vkd3d-proton:d3d12_device_QueryInterface: {0742a90b-c387-483f-b946-30a7e4e61458} not implemented, returning E_NOINTERFACE.
5553.025:0138:0198:warn:vkd3d-proton:d3d12_device_QueryInterface: {0742a90b-c387-483f-b946-30a7e4e61458} not implemented, returning E_NOINTERFACE.
5553.038:0138:0198:warn:vkd3d-proton:d3d12_device_QueryInterface: {0742a90b-c387-483f-b946-30a7e4e61458} not implemented, returning E_NOINTERFACE.
5553.166:0138:0198:warn:vkd3d-proton:d3d12_device_QueryInterface: {0742a90b-c387-483f-b946-30a7e4e61458} not implemented, returning E_NOINTERFACE.
5553.200:0138:01a0:warn:vkd3d-proton:d3d12_device_QueryInterface: {0742a90b-c387-483f-b946-30a7e4e61458} not implemented, returning E_NOINTERFACE.
5553.287:0138:01a0:warn:vkd3d-proton:d3d12_device_QueryInterface: {0742a90b-c387-483f-b946-30a7e4e61458} not implemented, returning E_NOINTERFACE.
5553.331:0138:01a0:warn:vkd3d-proton:d3d12_device_QueryInterface: {0742a90b-c387-483f-b946-30a7e4e61458} not implemented, returning E_NOINTERFACE.
5553.342:0138:01a0:warn:vkd3d-proton:d3d12_device_QueryInterface: {0742a90b-c387-483f-b946-30a7e4e61458} not implemented, returning E_NOINTERFACE.
5553.353:0138:01a0:warn:vkd3d-proton:d3d12_device_QueryInterface: {0742a90b-c387-483f-b946-30a7e4e61458} not implemented, returning E_NOINTERFACE.
5553.376:0138:01a0:warn:vkd3d-proton:d3d12_device_QueryInterface: {0742a90b-c387-483f-b946-30a7e4e61458} not implemented, returning E_NOINTERFACE.
5553.420:0138:0194:warn:vkd3d-proton:d3d12_device_QueryInterface: {0742a90b-c387-483f-b946-30a7e4e61458} not implemented, returning E_NOINTERFACE.
5553.448:0138:0194:warn:vkd3d-proton:d3d12_device_QueryInterface: {0742a90b-c387-483f-b946-30a7e4e61458} not implemented, returning E_NOINTERFACE.
5553.490:0138:0194:warn:vkd3d-proton:d3d12_device_QueryInterface: {0742a90b-c387-483f-b946-30a7e4e61458} not implemented, returning E_NOINTERFACE.
5553.531:0138:01a0:warn:vkd3d-proton:d3d12_device_QueryInterface: {0742a90b-c387-483f-b946-30a7e4e61458} not implemented, returning E_NOINTERFACE.
5553.584:0138:0198:warn:vkd3d-proton:d3d12_device_QueryInterface: {0742a90b-c387-483f-b946-30a7e4e61458} not implemented, returning E_NOINTERFACE.
5553.615:0138:019c:warn:vkd3d-proton:d3d12_device_QueryInterface: {0742a90b-c387-483f-b946-30a7e4e61458} not implemented, returning E_NOINTERFACE.
5553.695:0138:01a0:warn:vkd3d-proton:d3d12_device_QueryInterface: {0742a90b-c387-483f-b946-30a7e4e61458} not implemented, returning E_NOINTERFACE.
5553.702:0138:01a0:warn:vkd3d-proton:d3d12_device_QueryInterface: {0742a90b-c387-483f-b946-30a7e4e61458} not implemented, returning E_NOINTERFACE.
5553.763:0138:01a0:warn:vkd3d-proton:d3d12_device_QueryInterface: {0742a90b-c387-483f-b946-30a7e4e61458} not implemented, returning E_NOINTERFACE.
5553.801:0138:01a0:warn:vkd3d-proton:d3d12_device_QueryInterface: {0742a90b-c387-483f-b946-30a7e4e61458} not implemented, returning E_NOINTERFACE.
5553.845:0138:01a0:warn:vkd3d-proton:d3d12_device_QueryInterface: {0742a90b-c387-483f-b946-30a7e4e61458} not implemented, returning E_NOINTERFACE.
5553.869:0138:019c:warn:vkd3d-proton:d3d12_device_QueryInterface: {0742a90b-c387-483f-b946-30a7e4e61458} not implemented, returning E_NOINTERFACE.
5553.906:0138:0194:warn:vkd3d-proton:d3d12_device_QueryInterface: {0742a90b-c387-483f-b946-30a7e4e61458} not implemented, returning E_NOINTERFACE.
5553.932:0138:0194:warn:vkd3d-proton:d3d12_device_QueryInterface: {0742a90b-c387-483f-b946-30a7e4e61458} not implemented, returning E_NOINTERFACE.
5553.965:0138:0198:warn:vkd3d-proton:d3d12_device_QueryInterface: {0742a90b-c387-483f-b946-30a7e4e61458} not implemented, returning E_NOINTERFACE.
5554.012:0138:019c:warn:vkd3d-proton:d3d12_device_QueryInterface: {0742a90b-c387-483f-b946-30a7e4e61458} not implemented, returning E_NOINTERFACE.
5554.035:0138:0198:warn:vkd3d-proton:d3d12_device_QueryInterface: {0742a90b-c387-483f-b946-30a7e4e61458} not implemented, returning E_NOINTERFACE.
5554.076:0138:0198:warn:vkd3d-proton:d3d12_device_QueryInterface: {0742a90b-c387-483f-b946-30a7e4e61458} not implemented, returning E_NOINTERFACE.
5554.121:0138:01a0:warn:vkd3d-proton:d3d12_device_QueryInterface: {0742a90b-c387-483f-b946-30a7e4e61458} not implemented, returning E_NOINTERFACE.
5554.154:0138:0194:warn:vkd3d-proton:d3d12_device_QueryInterface: {0742a90b-c387-483f-b946-30a7e4e61458} not implemented, returning E_NOINTERFACE.
5554.186:0138:0194:warn:vkd3d-proton:d3d12_device_QueryInterface: {0742a90b-c387-483f-b946-30a7e4e61458} not implemented, returning E_NOINTERFACE.
5554.214:0138:01a0:warn:vkd3d-proton:d3d12_device_QueryInterface: {0742a90b-c387-483f-b946-30a7e4e61458} not implemented, returning E_NOINTERFACE.
5554.242:0138:0194:warn:vkd3d-proton:d3d12_device_QueryInterface: {0742a90b-c387-483f-b946-30a7e4e61458} not implemented, returning E_NOINTERFACE.
5554.271:0138:0194:warn:vkd3d-proton:d3d12_device_QueryInterface: {0742a90b-c387-483f-b946-30a7e4e61458} not implemented, returning E_NOINTERFACE.
5554.304:0138:019c:warn:vkd3d-proton:d3d12_device_QueryInterface: {0742a90b-c387-483f-b946-30a7e4e61458} not implemented, returning E_NOINTERFACE.
5554.332:0138:0194:warn:vkd3d-proton:d3d12_device_QueryInterface: {0742a90b-c387-483f-b946-30a7e4e61458} not implemented, returning E_NOINTERFACE.
5554.364:0138:0198:warn:vkd3d-proton:d3d12_device_QueryInterface: {0742a90b-c387-483f-b946-30a7e4e61458} not implemented, returning E_NOINTERFACE.
5554.389:0138:019c:warn:vkd3d-proton:d3d12_device_QueryInterface: {0742a90b-c387-483f-b946-30a7e4e61458} not implemented, returning E_NOINTERFACE.
5554.416:0138:0194:warn:vkd3d-proton:d3d12_device_QueryInterface: {0742a90b-c387-483f-b946-30a7e4e61458} not implemented, returning E_NOINTERFACE.
5554.440:0138:0198:warn:vkd3d-proton:d3d12_device_QueryInterface: {0742a90b-c387-483f-b946-30a7e4e61458} not implemented, returning E_NOINTERFACE.
5554.468:0138:01a0:warn:vkd3d-proton:d3d12_device_QueryInterface: {0742a90b-c387-483f-b946-30a7e4e61458} not implemented, returning E_NOINTERFACE.
5554.494:0138:0198:warn:vkd3d-proton:d3d12_device_QueryInterface: {0742a90b-c387-483f-b946-30a7e4e61458} not implemented, returning E_NOINTERFACE.
5554.521:0138:019c:warn:vkd3d-proton:d3d12_device_QueryInterface: {0742a90b-c387-483f-b946-30a7e4e61458} not implemented, returning E_NOINTERFACE.
5554.544:0138:0198:warn:vkd3d-proton:d3d12_device_QueryInterface: {0742a90b-c387-483f-b946-30a7e4e61458} not implemented, returning E_NOINTERFACE.
5554.572:0138:019c:warn:vkd3d-proton:d3d12_device_QueryInterface: {0742a90b-c387-483f-b946-30a7e4e61458} not implemented, returning E_NOINTERFACE.
5554.597:0138:0198:warn:vkd3d-proton:d3d12_device_QueryInterface: {0742a90b-c387-483f-b946-30a7e4e61458} not implemented, returning E_NOINTERFACE.
5554.628:0138:019c:warn:vkd3d-proton:d3d12_device_QueryInterface: {0742a90b-c387-483f-b946-30a7e4e61458} not implemented, returning E_NOINTERFACE.
5554.653:0138:0194:warn:vkd3d-proton:d3d12_device_QueryInterface: {0742a90b-c387-483f-b946-30a7e4e61458} not implemented, returning E_NOINTERFACE.
5554.678:0138:01a0:warn:vkd3d-proton:d3d12_device_QueryInterface: {0742a90b-c387-483f-b946-30a7e4e61458} not implemented, returning E_NOINTERFACE.
5554.707:0138:0194:warn:vkd3d-proton:d3d12_device_QueryInterface: {0742a90b-c387-483f-b946-30a7e4e61458} not implemented, returning E_NOINTERFACE.
5554.732:0138:0198:warn:vkd3d-proton:d3d12_device_QueryInterface: {0742a90b-c387-483f-b946-30a7e4e61458} not implemented, returning E_NOINTERFACE.
5554.762:0138:01a0:warn:vkd3d-proton:d3d12_device_QueryInterface: {0742a90b-c387-483f-b946-30a7e4e61458} not implemented, returning E_NOINTERFACE.
5554.787:0138:019c:warn:vkd3d-proton:d3d12_device_QueryInterface: {0742a90b-c387-483f-b946-30a7e4e61458} not implemented, returning E_NOINTERFACE.
5554.792:0138:019c:warn:vkd3d-proton:d3d12_device_QueryInterface: {0742a90b-c387-483f-b946-30a7e4e61458} not implemented, returning E_NOINTERFACE.
5554.822:0138:0194:warn:vkd3d-proton:d3d12_device_QueryInterface: {0742a90b-c387-483f-b946-30a7e4e61458} not implemented, returning E_NOINTERFACE.
5554.824:0138:0194:warn:vkd3d-proton:d3d12_device_QueryInterface: {0742a90b-c387-483f-b946-30a7e4e61458} not implemented, returning E_NOINTERFACE.
5554.856:0138:019c:warn:vkd3d-proton:d3d12_device_QueryInterface: {0742a90b-c387-483f-b946-30a7e4e61458} not implemented, returning E_NOINTERFACE.
5554.887:0138:0198:warn:vkd3d-proton:d3d12_device_QueryInterface: {0742a90b-c387-483f-b946-30a7e4e61458} not implemented, returning E_NOINTERFACE.
5554.891:0138:0198:warn:vkd3d-proton:d3d12_device_QueryInterface: {0742a90b-c387-483f-b946-30a7e4e61458} not implemented, returning E_NOINTERFACE.
5554.929:0138:0194:warn:vkd3d-proton:d3d12_device_QueryInterface: {0742a90b-c387-483f-b946-30a7e4e61458} not implemented, returning E_NOINTERFACE.
5554.965:0138:01a0:warn:vkd3d-proton:d3d12_device_QueryInterface: {0742a90b-c387-483f-b946-30a7e4e61458} not implemented, returning E_NOINTERFACE.
5554.993:0138:0194:warn:vkd3d-proton:d3d12_device_QueryInterface: {0742a90b-c387-483f-b946-30a7e4e61458} not implemented, returning E_NOINTERFACE.
5555.026:0138:019c:warn:vkd3d-proton:d3d12_device_QueryInterface: {0742a90b-c387-483f-b946-30a7e4e61458} not implemented, returning E_NOINTERFACE.
5555.029:0138:019c:warn:vkd3d-proton:d3d12_device_QueryInterface: {0742a90b-c387-483f-b946-30a7e4e61458} not implemented, returning E_NOINTERFACE.
5555.063:0138:01a0:warn:vkd3d-proton:d3d12_device_QueryInterface: {0742a90b-c387-483f-b946-30a7e4e61458} not implemented, returning E_NOINTERFACE.
5555.098:0138:0194:warn:vkd3d-proton:d3d12_device_QueryInterface: {0742a90b-c387-483f-b946-30a7e4e61458} not implemented, returning E_NOINTERFACE.
5555.122:0138:019c:warn:vkd3d-proton:d3d12_device_QueryInterface: {0742a90b-c387-483f-b946-30a7e4e61458} not implemented, returning E_NOINTERFACE.
5555.157:0138:0194:warn:vkd3d-proton:d3d12_device_QueryInterface: {0742a90b-c387-483f-b946-30a7e4e61458} not implemented, returning E_NOINTERFACE.
5555.192:0138:0198:warn:vkd3d-proton:d3d12_device_QueryInterface: {0742a90b-c387-483f-b946-30a7e4e61458} not implemented, returning E_NOINTERFACE.
5555.223:0138:01a0:warn:vkd3d-proton:d3d12_device_QueryInterface: {0742a90b-c387-483f-b946-30a7e4e61458} not implemented, returning E_NOINTERFACE.
5555.257:0138:0194:warn:vkd3d-proton:d3d12_device_QueryInterface: {0742a90b-c387-483f-b946-30a7e4e61458} not implemented, returning E_NOINTERFACE.
5555.262:0138:0194:warn:vkd3d-proton:d3d12_device_QueryInterface: {0742a90b-c387-483f-b946-30a7e4e61458} not implemented, returning E_NOINTERFACE.
5555.298:0138:019c:warn:vkd3d-proton:d3d12_device_QueryInterface: {0742a90b-c387-483f-b946-30a7e4e61458} not implemented, returning E_NOINTERFACE.
5555.332:0138:01a0:warn:vkd3d-proton:d3d12_device_QueryInterface: {0742a90b-c387-483f-b946-30a7e4e61458} not implemented, returning E_NOINTERFACE.
5555.365:0138:019c:warn:vkd3d-proton:d3d12_device_QueryInterface: {0742a90b-c387-483f-b946-30a7e4e61458} not implemented, returning E_NOINTERFACE.
5555.404:0138:0194:warn:vkd3d-proton:d3d12_device_QueryInterface: {0742a90b-c387-483f-b946-30a7e4e61458} not implemented, returning E_NOINTERFACE.
5555.446:0138:0198:warn:vkd3d-proton:d3d12_device_QueryInterface: {0742a90b-c387-483f-b946-30a7e4e61458} not implemented, returning E_NOINTERFACE.
5555.479:0138:01a0:warn:vkd3d-proton:d3d12_device_QueryInterface: {0742a90b-c387-483f-b946-30a7e4e61458} not implemented, returning E_NOINTERFACE.
5555.515:0138:019c:warn:vkd3d-proton:d3d12_device_QueryInterface: {0742a90b-c387-483f-b946-30a7e4e61458} not implemented, returning E_NOINTERFACE.
5555.549:0138:0194:warn:vkd3d-proton:d3d12_device_QueryInterface: {0742a90b-c387-483f-b946-30a7e4e61458} not implemented, returning E_NOINTERFACE.
5555.576:0138:019c:warn:vkd3d-proton:d3d12_device_QueryInterface: {0742a90b-c387-483f-b946-30a7e4e61458} not implemented, returning E_NOINTERFACE.
5555.612:0138:0194:warn:vkd3d-proton:d3d12_device_QueryInterface: {0742a90b-c387-483f-b946-30a7e4e61458} not implemented, returning E_NOINTERFACE.
5555.643:0138:01a0:warn:vkd3d-proton:d3d12_device_QueryInterface: {0742a90b-c387-483f-b946-30a7e4e61458} not implemented, returning E_NOINTERFACE.
5555.683:0138:019c:warn:vkd3d-proton:d3d12_device_QueryInterface: {0742a90b-c387-483f-b946-30a7e4e61458} not implemented, returning E_NOINTERFACE.
5555.720:0138:01a0:warn:vkd3d-proton:d3d12_device_QueryInterface: {0742a90b-c387-483f-b946-30a7e4e61458} not implemented, returning E_NOINTERFACE.
5555.761:0138:0194:warn:vkd3d-proton:d3d12_device_QueryInterface: {0742a90b-c387-483f-b946-30a7e4e61458} not implemented, returning E_NOINTERFACE.
5555.797:0138:01a0:warn:vkd3d-proton:d3d12_device_QueryInterface: {0742a90b-c387-483f-b946-30a7e4e61458} not implemented, returning E_NOINTERFACE.
5555.832:0138:0194:warn:vkd3d-proton:d3d12_device_QueryInterface: {0742a90b-c387-483f-b946-30a7e4e61458} not implemented, returning E_NOINTERFACE.
5555.858:0138:01a0:warn:vkd3d-proton:d3d12_device_QueryInterface: {0742a90b-c387-483f-b946-30a7e4e61458} not implemented, returning E_NOINTERFACE.
5555.896:0138:0194:warn:vkd3d-proton:d3d12_device_QueryInterface: {0742a90b-c387-483f-b946-30a7e4e61458} not implemented, returning E_NOINTERFACE.
5555.936:0138:0198:warn:vkd3d-proton:d3d12_device_QueryInterface: {0742a90b-c387-483f-b946-30a7e4e61458} not implemented, returning E_NOINTERFACE.
5555.972:0138:019c:warn:vkd3d-proton:d3d12_device_QueryInterface: {0742a90b-c387-483f-b946-30a7e4e61458} not implemented, returning E_NOINTERFACE.
5556.011:0138:0194:warn:vkd3d-proton:d3d12_device_QueryInterface: {0742a90b-c387-483f-b946-30a7e4e61458} not implemented, returning E_NOINTERFACE.
5556.044:0138:01a0:warn:vkd3d-proton:d3d12_device_QueryInterface: {0742a90b-c387-483f-b946-30a7e4e61458} not implemented, returning E_NOINTERFACE.
5556.077:0138:0198:warn:vkd3d-proton:d3d12_device_QueryInterface: {0742a90b-c387-483f-b946-30a7e4e61458} not implemented, returning E_NOINTERFACE.
5556.104:0138:01a0:warn:vkd3d-proton:d3d12_device_QueryInterface: {0742a90b-c387-483f-b946-30a7e4e61458} not implemented, returning E_NOINTERFACE.
5556.141:0138:0194:warn:vkd3d-proton:d3d12_device_QueryInterface: {0742a90b-c387-483f-b946-30a7e4e61458} not implemented, returning E_NOINTERFACE.
5556.178:0138:0198:warn:vkd3d-proton:d3d12_device_QueryInterface: {0742a90b-c387-483f-b946-30a7e4e61458} not implemented, returning E_NOINTERFACE.
5556.206:0138:01a0:warn:vkd3d-proton:d3d12_device_QueryInterface: {0742a90b-c387-483f-b946-30a7e4e61458} not implemented, returning E_NOINTERFACE.
5556.240:0138:0198:warn:vkd3d-proton:d3d12_device_QueryInterface: {0742a90b-c387-483f-b946-30a7e4e61458} not implemented, returning E_NOINTERFACE.
5556.280:0138:019c:warn:vkd3d-proton:d3d12_device_QueryInterface: {0742a90b-c387-483f-b946-30a7e4e61458} not implemented, returning E_NOINTERFACE.
5556.316:0138:0194:warn:vkd3d-proton:d3d12_device_QueryInterface: {0742a90b-c387-483f-b946-30a7e4e61458} not implemented, returning E_NOINTERFACE.
5556.354:0138:019c:warn:vkd3d-proton:d3d12_device_QueryInterface: {0742a90b-c387-483f-b946-30a7e4e61458} not implemented, returning E_NOINTERFACE.
5556.386:0138:01a0:warn:vkd3d-proton:d3d12_device_QueryInterface: {0742a90b-c387-483f-b946-30a7e4e61458} not implemented, returning E_NOINTERFACE.
5556.423:0138:0198:warn:vkd3d-proton:d3d12_device_QueryInterface: {0742a90b-c387-483f-b946-30a7e4e61458} not implemented, returning E_NOINTERFACE.
5556.459:0138:01a0:warn:vkd3d-proton:d3d12_device_QueryInterface: {0742a90b-c387-483f-b946-30a7e4e61458} not implemented, returning E_NOINTERFACE.
5556.500:0138:0198:warn:vkd3d-proton:d3d12_device_QueryInterface: {0742a90b-c387-483f-b946-30a7e4e61458} not implemented, returning E_NOINTERFACE.
5556.537:0138:0194:warn:vkd3d-proton:d3d12_device_QueryInterface: {0742a90b-c387-483f-b946-30a7e4e61458} not implemented, returning E_NOINTERFACE.
5556.575:0138:0198:warn:vkd3d-proton:d3d12_device_QueryInterface: {0742a90b-c387-483f-b946-30a7e4e61458} not implemented, returning E_NOINTERFACE.
5556.612:0138:019c:warn:vkd3d-proton:d3d12_device_QueryInterface: {0742a90b-c387-483f-b946-30a7e4e61458} not implemented, returning E_NOINTERFACE.
5556.650:0138:01a0:warn:vkd3d-proton:d3d12_device_QueryInterface: {0742a90b-c387-483f-b946-30a7e4e61458} not implemented, returning E_NOINTERFACE.
5556.682:0138:0198:warn:vkd3d-proton:d3d12_device_QueryInterface: {0742a90b-c387-483f-b946-30a7e4e61458} not implemented, returning E_NOINTERFACE.
5556.717:0138:01a0:warn:vkd3d-proton:d3d12_device_QueryInterface: {0742a90b-c387-483f-b946-30a7e4e61458} not implemented, returning E_NOINTERFACE.
5556.760:0138:0194:warn:vkd3d-proton:d3d12_device_QueryInterface: {0742a90b-c387-483f-b946-30a7e4e61458} not implemented, returning E_NOINTERFACE.
5556.791:0138:01a0:warn:vkd3d-proton:d3d12_device_QueryInterface: {0742a90b-c387-483f-b946-30a7e4e61458} not implemented, returning E_NOINTERFACE.
5556.825:0138:0198:warn:vkd3d-proton:d3d12_device_QueryInterface: {0742a90b-c387-483f-b946-30a7e4e61458} not implemented, returning E_NOINTERFACE.
5556.860:0138:019c:warn:vkd3d-proton:d3d12_device_QueryInterface: {0742a90b-c387-483f-b946-30a7e4e61458} not implemented, returning E_NOINTERFACE.
5556.893:0138:0194:warn:vkd3d-proton:d3d12_device_QueryInterface: {0742a90b-c387-483f-b946-30a7e4e61458} not implemented, returning E_NOINTERFACE.
5556.926:0138:01a0:warn:vkd3d-proton:d3d12_device_QueryInterface: {0742a90b-c387-483f-b946-30a7e4e61458} not implemented, returning E_NOINTERFACE.
5556.965:0138:019c:warn:vkd3d-proton:d3d12_device_QueryInterface: {0742a90b-c387-483f-b946-30a7e4e61458} not implemented, returning E_NOINTERFACE.
5557.001:0138:0194:warn:vkd3d-proton:d3d12_device_QueryInterface: {0742a90b-c387-483f-b946-30a7e4e61458} not implemented, returning E_NOINTERFACE.
5557.035:0138:019c:warn:vkd3d-proton:d3d12_device_QueryInterface: {0742a90b-c387-483f-b946-30a7e4e61458} not implemented, returning E_NOINTERFACE.
5557.070:0138:0198:warn:vkd3d-proton:d3d12_device_QueryInterface: {0742a90b-c387-483f-b946-30a7e4e61458} not implemented, returning E_NOINTERFACE.
5557.104:0138:019c:warn:vkd3d-proton:d3d12_device_QueryInterface: {0742a90b-c387-483f-b946-30a7e4e61458} not implemented, returning E_NOINTERFACE.
5557.138:0138:0198:warn:vkd3d-proton:d3d12_device_QueryInterface: {0742a90b-c387-483f-b946-30a7e4e61458} not implemented, returning E_NOINTERFACE.
5557.172:0138:0194:warn:vkd3d-proton:d3d12_device_QueryInterface: {0742a90b-c387-483f-b946-30a7e4e61458} not implemented, returning E_NOINTERFACE.
5557.210:0138:01a0:warn:vkd3d-proton:d3d12_device_QueryInterface: {0742a90b-c387-483f-b946-30a7e4e61458} not implemented, returning E_NOINTERFACE.
5557.244:0138:019c:warn:vkd3d-proton:d3d12_device_QueryInterface: {0742a90b-c387-483f-b946-30a7e4e61458} not implemented, returning E_NOINTERFACE.
5557.280:0138:0194:warn:vkd3d-proton:d3d12_device_QueryInterface: {0742a90b-c387-483f-b946-30a7e4e61458} not implemented, returning E_NOINTERFACE.
5557.316:0138:0198:warn:vkd3d-proton:d3d12_device_QueryInterface: {0742a90b-c387-483f-b946-30a7e4e61458} not implemented, returning E_NOINTERFACE.
5557.350:0138:01a0:warn:vkd3d-proton:d3d12_device_QueryInterface: {0742a90b-c387-483f-b946-30a7e4e61458} not implemented, returning E_NOINTERFACE.
5557.385:0138:019c:warn:vkd3d-proton:d3d12_device_QueryInterface: {0742a90b-c387-483f-b946-30a7e4e61458} not implemented, returning E_NOINTERFACE.
5557.420:0138:01a0:warn:vkd3d-proton:d3d12_device_QueryInterface: {0742a90b-c387-483f-b946-30a7e4e61458} not implemented, returning E_NOINTERFACE.
5557.455:0138:019c:warn:vkd3d-proton:d3d12_device_QueryInterface: {0742a90b-c387-483f-b946-30a7e4e61458} not implemented, returning E_NOINTERFACE.
5557.490:0138:0194:warn:vkd3d-proton:d3d12_device_QueryInterface: {0742a90b-c387-483f-b946-30a7e4e61458} not implemented, returning E_NOINTERFACE.
5557.525:0138:0198:warn:vkd3d-proton:d3d12_device_QueryInterface: {0742a90b-c387-483f-b946-30a7e4e61458} not implemented, returning E_NOINTERFACE.
5557.557:0138:019c:warn:vkd3d-proton:d3d12_device_QueryInterface: {0742a90b-c387-483f-b946-30a7e4e61458} not implemented, returning E_NOINTERFACE.
5557.592:0138:01a0:warn:vkd3d-proton:d3d12_device_QueryInterface: {0742a90b-c387-483f-b946-30a7e4e61458} not implemented, returning E_NOINTERFACE.
5557.628:0138:0194:warn:vkd3d-proton:d3d12_device_QueryInterface: {0742a90b-c387-483f-b946-30a7e4e61458} not implemented, returning E_NOINTERFACE.
5557.633:0138:0194:warn:vkd3d-proton:d3d12_device_QueryInterface: {0742a90b-c387-483f-b946-30a7e4e61458} not implemented, returning E_NOINTERFACE.
5557.655:0138:0194:warn:vkd3d-proton:d3d12_device_QueryInterface: {0742a90b-c387-483f-b946-30a7e4e61458} not implemented, returning E_NOINTERFACE.
5557.670:0138:0194:warn:vkd3d-proton:d3d12_device_QueryInterface: {0742a90b-c387-483f-b946-30a7e4e61458} not implemented, returning E_NOINTERFACE.
5557.704:0138:0198:warn:vkd3d-proton:d3d12_device_QueryInterface: {0742a90b-c387-483f-b946-30a7e4e61458} not implemented, returning E_NOINTERFACE.
5557.739:0138:01a0:warn:vkd3d-proton:d3d12_device_QueryInterface: {0742a90b-c387-483f-b946-30a7e4e61458} not implemented, returning E_NOINTERFACE.
5557.773:0138:0194:warn:vkd3d-proton:d3d12_device_QueryInterface: {0742a90b-c387-483f-b946-30a7e4e61458} not implemented, returning E_NOINTERFACE.
5557.811:0138:0198:warn:vkd3d-proton:d3d12_device_QueryInterface: {0742a90b-c387-483f-b946-30a7e4e61458} not implemented, returning E_NOINTERFACE.
5557.849:0138:0194:warn:vkd3d-proton:d3d12_device_QueryInterface: {0742a90b-c387-483f-b946-30a7e4e61458} not implemented, returning E_NOINTERFACE.
5557.891:0138:0198:warn:vkd3d-proton:d3d12_device_QueryInterface: {0742a90b-c387-483f-b946-30a7e4e61458} not implemented, returning E_NOINTERFACE.
5557.926:0138:0194:warn:vkd3d-proton:d3d12_device_QueryInterface: {0742a90b-c387-483f-b946-30a7e4e61458} not implemented, returning E_NOINTERFACE.
5557.951:0138:0198:warn:vkd3d-proton:d3d12_device_QueryInterface: {0742a90b-c387-483f-b946-30a7e4e61458} not implemented, returning E_NOINTERFACE.
5557.987:0138:019c:warn:vkd3d-proton:d3d12_device_QueryInterface: {0742a90b-c387-483f-b946-30a7e4e61458} not implemented, returning E_NOINTERFACE.
5558.022:0138:0198:warn:vkd3d-proton:d3d12_device_QueryInterface: {0742a90b-c387-483f-b946-30a7e4e61458} not implemented, returning E_NOINTERFACE.
5558.058:0138:0194:warn:vkd3d-proton:d3d12_device_QueryInterface: {0742a90b-c387-483f-b946-30a7e4e61458} not implemented, returning E_NOINTERFACE.
5558.097:0138:0198:warn:vkd3d-proton:d3d12_device_QueryInterface: {0742a90b-c387-483f-b946-30a7e4e61458} not implemented, returning E_NOINTERFACE.
5558.137:0138:0194:warn:vkd3d-proton:d3d12_device_QueryInterface: {0742a90b-c387-483f-b946-30a7e4e61458} not implemented, returning E_NOINTERFACE.
5558.175:0138:0198:warn:vkd3d-proton:d3d12_device_QueryInterface: {0742a90b-c387-483f-b946-30a7e4e61458} not implemented, returning E_NOINTERFACE.
5558.213:0138:0194:warn:vkd3d-proton:d3d12_device_QueryInterface: {0742a90b-c387-483f-b946-30a7e4e61458} not implemented, returning E_NOINTERFACE.
5558.254:0138:0198:warn:vkd3d-proton:d3d12_device_QueryInterface: {0742a90b-c387-483f-b946-30a7e4e61458} not implemented, returning E_NOINTERFACE.
5558.292:0138:01a0:warn:vkd3d-proton:d3d12_device_QueryInterface: {0742a90b-c387-483f-b946-30a7e4e61458} not implemented, returning E_NOINTERFACE.
5558.331:0138:0194:warn:vkd3d-proton:d3d12_device_QueryInterface: {0742a90b-c387-483f-b946-30a7e4e61458} not implemented, returning E_NOINTERFACE.
5558.367:0138:019c:warn:vkd3d-proton:d3d12_device_QueryInterface: {0742a90b-c387-483f-b946-30a7e4e61458} not implemented, returning E_NOINTERFACE.
5558.407:0138:0194:warn:vkd3d-proton:d3d12_device_QueryInterface: {0742a90b-c387-483f-b946-30a7e4e61458} not implemented, returning E_NOINTERFACE.
5558.440:0138:01a0:warn:vkd3d-proton:d3d12_device_QueryInterface: {0742a90b-c387-483f-b946-30a7e4e61458} not implemented, returning E_NOINTERFACE.
5558.475:0138:0194:warn:vkd3d-proton:d3d12_device_QueryInterface: {0742a90b-c387-483f-b946-30a7e4e61458} not implemented, returning E_NOINTERFACE.
5558.508:0138:019c:warn:vkd3d-proton:d3d12_device_QueryInterface: {0742a90b-c387-483f-b946-30a7e4e61458} not implemented, returning E_NOINTERFACE.
5558.545:0138:0198:warn:vkd3d-proton:d3d12_device_QueryInterface: {0742a90b-c387-483f-b946-30a7e4e61458} not implemented, returning E_NOINTERFACE.
5558.579:0138:0194:warn:vkd3d-proton:d3d12_device_QueryInterface: {0742a90b-c387-483f-b946-30a7e4e61458} not implemented, returning E_NOINTERFACE.
5558.614:0138:01a0:warn:vkd3d-proton:d3d12_device_QueryInterface: {0742a90b-c387-483f-b946-30a7e4e61458} not implemented, returning E_NOINTERFACE.
5558.647:0138:019c:warn:vkd3d-proton:d3d12_device_QueryInterface: {0742a90b-c387-483f-b946-30a7e4e61458} not implemented, returning E_NOINTERFACE.
5558.682:0138:0194:warn:vkd3d-proton:d3d12_device_QueryInterface: {0742a90b-c387-483f-b946-30a7e4e61458} not implemented, returning E_NOINTERFACE.
5558.716:0138:0198:warn:vkd3d-proton:d3d12_device_QueryInterface: {0742a90b-c387-483f-b946-30a7e4e61458} not implemented, returning E_NOINTERFACE.
5558.751:0138:019c:warn:vkd3d-proton:d3d12_device_QueryInterface: {0742a90b-c387-483f-b946-30a7e4e61458} not implemented, returning E_NOINTERFACE.
5558.785:0138:0198:warn:vkd3d-proton:d3d12_device_QueryInterface: {0742a90b-c387-483f-b946-30a7e4e61458} not implemented, returning E_NOINTERFACE.
5558.820:0138:019c:warn:vkd3d-proton:d3d12_device_QueryInterface: {0742a90b-c387-483f-b946-30a7e4e61458} not implemented, returning E_NOINTERFACE.
5558.859:0138:01a0:warn:vkd3d-proton:d3d12_device_QueryInterface: {0742a90b-c387-483f-b946-30a7e4e61458} not implemented, returning E_NOINTERFACE.
5558.900:0138:019c:warn:vkd3d-proton:d3d12_device_QueryInterface: {0742a90b-c387-483f-b946-30a7e4e61458} not implemented, returning E_NOINTERFACE.
5558.940:0138:0194:warn:vkd3d-proton:d3d12_device_QueryInterface: {0742a90b-c387-483f-b946-30a7e4e61458} not implemented, returning E_NOINTERFACE.
5558.973:0138:0198:warn:vkd3d-proton:d3d12_device_QueryInterface: {0742a90b-c387-483f-b946-30a7e4e61458} not implemented, returning E_NOINTERFACE.
5559.009:0138:0194:warn:vkd3d-proton:d3d12_device_QueryInterface: {0742a90b-c387-483f-b946-30a7e4e61458} not implemented, returning E_NOINTERFACE.
5559.044:0138:019c:warn:vkd3d-proton:d3d12_device_QueryInterface: {0742a90b-c387-483f-b946-30a7e4e61458} not implemented, returning E_NOINTERFACE.
5559.077:0138:01a0:warn:vkd3d-proton:d3d12_device_QueryInterface: {0742a90b-c387-483f-b946-30a7e4e61458} not implemented, returning E_NOINTERFACE.
5559.118:0138:019c:warn:vkd3d-proton:d3d12_device_QueryInterface: {0742a90b-c387-483f-b946-30a7e4e61458} not implemented, returning E_NOINTERFACE.
5559.156:0138:0194:warn:vkd3d-proton:d3d12_device_QueryInterface: {0742a90b-c387-483f-b946-30a7e4e61458} not implemented, returning E_NOINTERFACE.
5559.195:0138:01a0:warn:vkd3d-proton:d3d12_device_QueryInterface: {0742a90b-c387-483f-b946-30a7e4e61458} not implemented, returning E_NOINTERFACE.
5559.234:0138:019c:warn:vkd3d-proton:d3d12_device_QueryInterface: {0742a90b-c387-483f-b946-30a7e4e61458} not implemented, returning E_NOINTERFACE.
5559.240:0138:019c:warn:vkd3d-proton:d3d12_device_QueryInterface: {0742a90b-c387-483f-b946-30a7e4e61458} not implemented, returning E_NOINTERFACE.
5559.255:0138:019c:warn:vkd3d-proton:d3d12_device_QueryInterface: {0742a90b-c387-483f-b946-30a7e4e61458} not implemented, returning E_NOINTERFACE.
5559.270:0138:019c:warn:vkd3d-proton:d3d12_device_QueryInterface: {0742a90b-c387-483f-b946-30a7e4e61458} not implemented, returning E_NOINTERFACE.
5559.307:0138:0198:warn:vkd3d-proton:d3d12_device_QueryInterface: {0742a90b-c387-483f-b946-30a7e4e61458} not implemented, returning E_NOINTERFACE.
5559.339:0138:01a0:warn:vkd3d-proton:d3d12_device_QueryInterface: {0742a90b-c387-483f-b946-30a7e4e61458} not implemented, returning E_NOINTERFACE.
5559.379:0138:0194:warn:vkd3d-proton:d3d12_device_QueryInterface: {0742a90b-c387-483f-b946-30a7e4e61458} not implemented, returning E_NOINTERFACE.
5559.417:0138:01a0:warn:vkd3d-proton:d3d12_device_QueryInterface: {0742a90b-c387-483f-b946-30a7e4e61458} not implemented, returning E_NOINTERFACE.
5559.451:0138:019c:warn:vkd3d-proton:d3d12_device_QueryInterface: {0742a90b-c387-483f-b946-30a7e4e61458} not implemented, returning E_NOINTERFACE.
5559.486:0138:01a0:warn:vkd3d-proton:d3d12_device_QueryInterface: {0742a90b-c387-483f-b946-30a7e4e61458} not implemented, returning E_NOINTERFACE.
5559.530:0138:0198:warn:vkd3d-proton:d3d12_device_QueryInterface: {0742a90b-c387-483f-b946-30a7e4e61458} not implemented, returning E_NOINTERFACE.
5559.563:0138:019c:warn:vkd3d-proton:d3d12_device_QueryInterface: {0742a90b-c387-483f-b946-30a7e4e61458} not implemented, returning E_NOINTERFACE.
5559.602:0138:01a0:warn:vkd3d-proton:d3d12_device_QueryInterface: {0742a90b-c387-483f-b946-30a7e4e61458} not implemented, returning E_NOINTERFACE.
5559.635:0138:0194:warn:vkd3d-proton:d3d12_device_QueryInterface: {0742a90b-c387-483f-b946-30a7e4e61458} not implemented, returning E_NOINTERFACE.
5559.670:0138:019c:warn:vkd3d-proton:d3d12_device_QueryInterface: {0742a90b-c387-483f-b946-30a7e4e61458} not implemented, returning E_NOINTERFACE.
5559.706:0138:0198:warn:vkd3d-proton:d3d12_device_QueryInterface: {0742a90b-c387-483f-b946-30a7e4e61458} not implemented, returning E_NOINTERFACE.
5559.747:0138:0194:warn:vkd3d-proton:d3d12_device_QueryInterface: {0742a90b-c387-483f-b946-30a7e4e61458} not implemented, returning E_NOINTERFACE.
5559.782:0138:019c:warn:vkd3d-proton:d3d12_device_QueryInterface: {0742a90b-c387-483f-b946-30a7e4e61458} not implemented, returning E_NOINTERFACE.
5559.820:0138:01a0:warn:vkd3d-proton:d3d12_device_QueryInterface: {0742a90b-c387-483f-b946-30a7e4e61458} not implemented, returning E_NOINTERFACE.
5559.855:0138:0198:warn:vkd3d-proton:d3d12_device_QueryInterface: {0742a90b-c387-483f-b946-30a7e4e61458} not implemented, returning E_NOINTERFACE.
5559.893:0138:0194:warn:vkd3d-proton:d3d12_device_QueryInterface: {0742a90b-c387-483f-b946-30a7e4e61458} not implemented, returning E_NOINTERFACE.
5559.931:0138:01a0:warn:vkd3d-proton:d3d12_device_QueryInterface: {0742a90b-c387-483f-b946-30a7e4e61458} not implemented, returning E_NOINTERFACE.
5559.966:0138:0198:warn:vkd3d-proton:d3d12_device_QueryInterface: {0742a90b-c387-483f-b946-30a7e4e61458} not implemented, returning E_NOINTERFACE.
5560.008:0138:01a0:warn:vkd3d-proton:d3d12_device_QueryInterface: {0742a90b-c387-483f-b946-30a7e4e61458} not implemented, returning E_NOINTERFACE.
5560.047:0138:0198:warn:vkd3d-proton:d3d12_device_QueryInterface: {0742a90b-c387-483f-b946-30a7e4e61458} not implemented, returning E_NOINTERFACE.
5560.082:0138:0194:warn:vkd3d-proton:d3d12_device_QueryInterface: {0742a90b-c387-483f-b946-30a7e4e61458} not implemented, returning E_NOINTERFACE.
5560.115:0138:019c:warn:vkd3d-proton:d3d12_device_QueryInterface: {0742a90b-c387-483f-b946-30a7e4e61458} not implemented, returning E_NOINTERFACE.
5560.152:0138:0198:warn:vkd3d-proton:d3d12_device_QueryInterface: {0742a90b-c387-483f-b946-30a7e4e61458} not implemented, returning E_NOINTERFACE.
5560.189:0138:01a0:warn:vkd3d-proton:d3d12_device_QueryInterface: {0742a90b-c387-483f-b946-30a7e4e61458} not implemented, returning E_NOINTERFACE.
5560.224:0138:0194:warn:vkd3d-proton:d3d12_device_QueryInterface: {0742a90b-c387-483f-b946-30a7e4e61458} not implemented, returning E_NOINTERFACE.
5560.256:0138:0198:warn:vkd3d-proton:d3d12_device_QueryInterface: {0742a90b-c387-483f-b946-30a7e4e61458} not implemented, returning E_NOINTERFACE.
5560.291:0138:019c:warn:vkd3d-proton:d3d12_device_QueryInterface: {0742a90b-c387-483f-b946-30a7e4e61458} not implemented, returning E_NOINTERFACE.
5560.325:0138:0198:warn:vkd3d-proton:d3d12_device_QueryInterface: {0742a90b-c387-483f-b946-30a7e4e61458} not implemented, returning E_NOINTERFACE.
5560.362:0138:01a0:warn:vkd3d-proton:d3d12_device_QueryInterface: {0742a90b-c387-483f-b946-30a7e4e61458} not implemented, returning E_NOINTERFACE.
5560.393:0138:019c:warn:vkd3d-proton:d3d12_device_QueryInterface: {0742a90b-c387-483f-b946-30a7e4e61458} not implemented, returning E_NOINTERFACE.
5560.429:0138:0194:warn:vkd3d-proton:d3d12_device_QueryInterface: {0742a90b-c387-483f-b946-30a7e4e61458} not implemented, returning E_NOINTERFACE.
5560.465:0138:01a0:warn:vkd3d-proton:d3d12_device_QueryInterface: {0742a90b-c387-483f-b946-30a7e4e61458} not implemented, returning E_NOINTERFACE.
5560.501:0138:019c:warn:vkd3d-proton:d3d12_device_QueryInterface: {0742a90b-c387-483f-b946-30a7e4e61458} not implemented, returning E_NOINTERFACE.
5560.536:0138:0198:warn:vkd3d-proton:d3d12_device_QueryInterface: {0742a90b-c387-483f-b946-30a7e4e61458} not implemented, returning E_NOINTERFACE.
5560.569:0138:01a0:warn:vkd3d-proton:d3d12_device_QueryInterface: {0742a90b-c387-483f-b946-30a7e4e61458} not implemented, returning E_NOINTERFACE.
5560.602:0138:019c:warn:vkd3d-proton:d3d12_device_QueryInterface: {0742a90b-c387-483f-b946-30a7e4e61458} not implemented, returning E_NOINTERFACE.
5560.637:0138:0194:warn:vkd3d-proton:d3d12_device_QueryInterface: {0742a90b-c387-483f-b946-30a7e4e61458} not implemented, returning E_NOINTERFACE.
5560.672:0138:0198:warn:vkd3d-proton:d3d12_device_QueryInterface: {0742a90b-c387-483f-b946-30a7e4e61458} not implemented, returning E_NOINTERFACE.
5560.708:0138:0194:warn:vkd3d-proton:d3d12_device_QueryInterface: {0742a90b-c387-483f-b946-30a7e4e61458} not implemented, returning E_NOINTERFACE.
5560.745:0138:01a0:warn:vkd3d-proton:d3d12_device_QueryInterface: {0742a90b-c387-483f-b946-30a7e4e61458} not implemented, returning E_NOINTERFACE.
5560.779:0138:0194:warn:vkd3d-proton:d3d12_device_QueryInterface: {0742a90b-c387-483f-b946-30a7e4e61458} not implemented, returning E_NOINTERFACE.
5560.815:0138:019c:warn:vkd3d-proton:d3d12_device_QueryInterface: {0742a90b-c387-483f-b946-30a7e4e61458} not implemented, returning E_NOINTERFACE.
5560.852:0138:01a0:warn:vkd3d-proton:d3d12_device_QueryInterface: {0742a90b-c387-483f-b946-30a7e4e61458} not implemented, returning E_NOINTERFACE.
5560.893:0138:019c:warn:vkd3d-proton:d3d12_device_QueryInterface: {0742a90b-c387-483f-b946-30a7e4e61458} not implemented, returning E_NOINTERFACE.
5560.929:0138:01a0:warn:vkd3d-proton:d3d12_device_QueryInterface: {0742a90b-c387-483f-b946-30a7e4e61458} not implemented, returning E_NOINTERFACE.
5560.964:0138:0194:warn:vkd3d-proton:d3d12_device_QueryInterface: {0742a90b-c387-483f-b946-30a7e4e61458} not implemented, returning E_NOINTERFACE.
5560.967:0138:0194:warn:vkd3d-proton:d3d12_device_QueryInterface: {0742a90b-c387-483f-b946-30a7e4e61458} not implemented, returning E_NOINTERFACE.
5560.990:0138:01a0:warn:vkd3d-proton:d3d12_device_QueryInterface: {0742a90b-c387-483f-b946-30a7e4e61458} not implemented, returning E_NOINTERFACE.
5561.006:0138:01a0:warn:vkd3d-proton:d3d12_device_QueryInterface: {0742a90b-c387-483f-b946-30a7e4e61458} not implemented, returning E_NOINTERFACE.
5561.040:0138:0194:warn:vkd3d-proton:d3d12_device_QueryInterface: {0742a90b-c387-483f-b946-30a7e4e61458} not implemented, returning E_NOINTERFACE.
5561.074:0138:019c:warn:vkd3d-proton:d3d12_device_QueryInterface: {0742a90b-c387-483f-b946-30a7e4e61458} not implemented, returning E_NOINTERFACE.
5561.114:0138:0198:warn:vkd3d-proton:d3d12_device_QueryInterface: {0742a90b-c387-483f-b946-30a7e4e61458} not implemented, returning E_NOINTERFACE.
5561.154:0138:019c:warn:vkd3d-proton:d3d12_device_QueryInterface: {0742a90b-c387-483f-b946-30a7e4e61458} not implemented, returning E_NOINTERFACE.
5561.195:0138:0194:warn:vkd3d-proton:d3d12_device_QueryInterface: {0742a90b-c387-483f-b946-30a7e4e61458} not implemented, returning E_NOINTERFACE.
5561.229:0138:0198:warn:vkd3d-proton:d3d12_device_QueryInterface: {0742a90b-c387-483f-b946-30a7e4e61458} not implemented, returning E_NOINTERFACE.
5561.266:0138:01a0:warn:vkd3d-proton:d3d12_device_QueryInterface: {0742a90b-c387-483f-b946-30a7e4e61458} not implemented, returning E_NOINTERFACE.
5561.302:0138:019c:warn:vkd3d-proton:d3d12_device_QueryInterface: {0742a90b-c387-483f-b946-30a7e4e61458} not implemented, returning E_NOINTERFACE.
5561.336:0138:0194:warn:vkd3d-proton:d3d12_device_QueryInterface: {0742a90b-c387-483f-b946-30a7e4e61458} not implemented, returning E_NOINTERFACE.
5561.370:0138:019c:warn:vkd3d-proton:d3d12_device_QueryInterface: {0742a90b-c387-483f-b946-30a7e4e61458} not implemented, returning E_NOINTERFACE.
5561.405:0138:0194:warn:vkd3d-proton:d3d12_device_QueryInterface: {0742a90b-c387-483f-b946-30a7e4e61458} not implemented, returning E_NOINTERFACE.
5561.440:0138:0198:warn:vkd3d-proton:d3d12_device_QueryInterface: {0742a90b-c387-483f-b946-30a7e4e61458} not implemented, returning E_NOINTERFACE.
5561.481:0138:0194:warn:vkd3d-proton:d3d12_device_QueryInterface: {0742a90b-c387-483f-b946-30a7e4e61458} not implemented, returning E_NOINTERFACE.
5561.519:0138:01a0:warn:vkd3d-proton:d3d12_device_QueryInterface: {0742a90b-c387-483f-b946-30a7e4e61458} not implemented, returning E_NOINTERFACE.
5561.556:0138:0198:warn:vkd3d-proton:d3d12_device_QueryInterface: {0742a90b-c387-483f-b946-30a7e4e61458} not implemented, returning E_NOINTERFACE.
5561.595:0138:019c:warn:vkd3d-proton:d3d12_device_QueryInterface: {0742a90b-c387-483f-b946-30a7e4e61458} not implemented, returning E_NOINTERFACE.
5561.630:0138:0198:warn:vkd3d-proton:d3d12_device_QueryInterface: {0742a90b-c387-483f-b946-30a7e4e61458} not implemented, returning E_NOINTERFACE.
5561.669:0138:019c:warn:vkd3d-proton:d3d12_device_QueryInterface: {0742a90b-c387-483f-b946-30a7e4e61458} not implemented, returning E_NOINTERFACE.
5561.709:0138:01a0:warn:vkd3d-proton:d3d12_device_QueryInterface: {0742a90b-c387-483f-b946-30a7e4e61458} not implemented, returning E_NOINTERFACE.
5561.746:0138:019c:warn:vkd3d-proton:d3d12_device_QueryInterface: {0742a90b-c387-483f-b946-30a7e4e61458} not implemented, returning E_NOINTERFACE.
5561.786:0138:0198:warn:vkd3d-proton:d3d12_device_QueryInterface: {0742a90b-c387-483f-b946-30a7e4e61458} not implemented, returning E_NOINTERFACE.
5561.826:0138:019c:warn:vkd3d-proton:d3d12_device_QueryInterface: {0742a90b-c387-483f-b946-30a7e4e61458} not implemented, returning E_NOINTERFACE.
5561.864:0138:0198:warn:vkd3d-proton:d3d12_device_QueryInterface: {0742a90b-c387-483f-b946-30a7e4e61458} not implemented, returning E_NOINTERFACE.
5561.906:0138:01a0:warn:vkd3d-proton:d3d12_device_QueryInterface: {0742a90b-c387-483f-b946-30a7e4e61458} not implemented, returning E_NOINTERFACE.
5561.940:0138:019c:warn:vkd3d-proton:d3d12_device_QueryInterface: {0742a90b-c387-483f-b946-30a7e4e61458} not implemented, returning E_NOINTERFACE.
5561.974:0138:0198:warn:vkd3d-proton:d3d12_device_QueryInterface: {0742a90b-c387-483f-b946-30a7e4e61458} not implemented, returning E_NOINTERFACE.
5562.008:0138:019c:warn:vkd3d-proton:d3d12_device_QueryInterface: {0742a90b-c387-483f-b946-30a7e4e61458} not implemented, returning E_NOINTERFACE.
5562.048:0138:01a0:warn:vkd3d-proton:d3d12_device_QueryInterface: {0742a90b-c387-483f-b946-30a7e4e61458} not implemented, returning E_NOINTERFACE.
5562.083:0138:0194:warn:vkd3d-proton:d3d12_device_QueryInterface: {0742a90b-c387-483f-b946-30a7e4e61458} not implemented, returning E_NOINTERFACE.
5562.118:0138:019c:warn:vkd3d-proton:d3d12_device_QueryInterface: {0742a90b-c387-483f-b946-30a7e4e61458} not implemented, returning E_NOINTERFACE.
5562.150:0138:0194:warn:vkd3d-proton:d3d12_device_QueryInterface: {0742a90b-c387-483f-b946-30a7e4e61458} not implemented, returning E_NOINTERFACE.
5562.187:0138:0198:warn:vkd3d-proton:d3d12_device_QueryInterface: {0742a90b-c387-483f-b946-30a7e4e61458} not implemented, returning E_NOINTERFACE.
5562.224:0138:01a0:warn:vkd3d-proton:d3d12_device_QueryInterface: {0742a90b-c387-483f-b946-30a7e4e61458} not implemented, returning E_NOINTERFACE.
5562.260:0138:0198:warn:vkd3d-proton:d3d12_device_QueryInterface: {0742a90b-c387-483f-b946-30a7e4e61458} not implemented, returning E_NOINTERFACE.
5562.294:0138:01a0:warn:vkd3d-proton:d3d12_device_QueryInterface: {0742a90b-c387-483f-b946-30a7e4e61458} not implemented, returning E_NOINTERFACE.
5562.327:0138:019c:warn:vkd3d-proton:d3d12_device_QueryInterface: {0742a90b-c387-483f-b946-30a7e4e61458} not implemented, returning E_NOINTERFACE.
5562.361:0138:0198:warn:vkd3d-proton:d3d12_device_QueryInterface: {0742a90b-c387-483f-b946-30a7e4e61458} not implemented, returning E_NOINTERFACE.
5562.396:0138:01a0:warn:vkd3d-proton:d3d12_device_QueryInterface: {0742a90b-c387-483f-b946-30a7e4e61458} not implemented, returning E_NOINTERFACE.
5562.400:0138:01a0:warn:vkd3d-proton:d3d12_device_QueryInterface: {0742a90b-c387-483f-b946-30a7e4e61458} not implemented, returning E_NOINTERFACE.
5562.422:0138:01a0:warn:vkd3d-proton:d3d12_device_QueryInterface: {0742a90b-c387-483f-b946-30a7e4e61458} not implemented, returning E_NOINTERFACE.
5562.441:0138:01a0:warn:vkd3d-proton:d3d12_device_QueryInterface: {0742a90b-c387-483f-b946-30a7e4e61458} not implemented, returning E_NOINTERFACE.
5562.475:0138:0198:warn:vkd3d-proton:d3d12_device_QueryInterface: {0742a90b-c387-483f-b946-30a7e4e61458} not implemented, returning E_NOINTERFACE.
5562.508:0138:019c:warn:vkd3d-proton:d3d12_device_QueryInterface: {0742a90b-c387-483f-b946-30a7e4e61458} not implemented, returning E_NOINTERFACE.
5562.543:0138:0198:warn:vkd3d-proton:d3d12_device_QueryInterface: {0742a90b-c387-483f-b946-30a7e4e61458} not implemented, returning E_NOINTERFACE.
5562.577:0138:019c:warn:vkd3d-proton:d3d12_device_QueryInterface: {0742a90b-c387-483f-b946-30a7e4e61458} not implemented, returning E_NOINTERFACE.
5562.618:0138:0194:warn:vkd3d-proton:d3d12_device_QueryInterface: {0742a90b-c387-483f-b946-30a7e4e61458} not implemented, returning E_NOINTERFACE.
5562.651:0138:019c:warn:vkd3d-proton:d3d12_device_QueryInterface: {0742a90b-c387-483f-b946-30a7e4e61458} not implemented, returning E_NOINTERFACE.
5562.687:0138:0198:warn:vkd3d-proton:d3d12_device_QueryInterface: {0742a90b-c387-483f-b946-30a7e4e61458} not implemented, returning E_NOINTERFACE.
5562.720:0138:0194:warn:vkd3d-proton:d3d12_device_QueryInterface: {0742a90b-c387-483f-b946-30a7e4e61458} not implemented, returning E_NOINTERFACE.
5562.757:0138:019c:warn:vkd3d-proton:d3d12_device_QueryInterface: {0742a90b-c387-483f-b946-30a7e4e61458} not implemented, returning E_NOINTERFACE.
5562.790:0138:0198:warn:vkd3d-proton:d3d12_device_QueryInterface: {0742a90b-c387-483f-b946-30a7e4e61458} not implemented, returning E_NOINTERFACE.
5562.829:0138:0194:warn:vkd3d-proton:d3d12_device_QueryInterface: {0742a90b-c387-483f-b946-30a7e4e61458} not implemented, returning E_NOINTERFACE.
5562.864:0138:01a0:warn:vkd3d-proton:d3d12_device_QueryInterface: {0742a90b-c387-483f-b946-30a7e4e61458} not implemented, returning E_NOINTERFACE.
5562.898:0138:0194:warn:vkd3d-proton:d3d12_device_QueryInterface: {0742a90b-c387-483f-b946-30a7e4e61458} not implemented, returning E_NOINTERFACE.
5562.930:0138:01a0:warn:vkd3d-proton:d3d12_device_QueryInterface: {0742a90b-c387-483f-b946-30a7e4e61458} not implemented, returning E_NOINTERFACE.
5562.963:0138:0198:warn:vkd3d-proton:d3d12_device_QueryInterface: {0742a90b-c387-483f-b946-30a7e4e61458} not implemented, returning E_NOINTERFACE.
5562.997:0138:0194:warn:vkd3d-proton:d3d12_device_QueryInterface: {0742a90b-c387-483f-b946-30a7e4e61458} not implemented, returning E_NOINTERFACE.
5563.030:0138:01a0:warn:vkd3d-proton:d3d12_device_QueryInterface: {0742a90b-c387-483f-b946-30a7e4e61458} not implemented, returning E_NOINTERFACE.
5563.068:0138:019c:warn:vkd3d-proton:d3d12_device_QueryInterface: {0742a90b-c387-483f-b946-30a7e4e61458} not implemented, returning E_NOINTERFACE.
5563.105:0138:0198:warn:vkd3d-proton:d3d12_device_QueryInterface: {0742a90b-c387-483f-b946-30a7e4e61458} not implemented, returning E_NOINTERFACE.
5563.140:0138:01a0:warn:vkd3d-proton:d3d12_device_QueryInterface: {0742a90b-c387-483f-b946-30a7e4e61458} not implemented, returning E_NOINTERFACE.
5563.171:0138:019c:warn:vkd3d-proton:d3d12_device_QueryInterface: {0742a90b-c387-483f-b946-30a7e4e61458} not implemented, returning E_NOINTERFACE.
5563.204:0138:0198:warn:vkd3d-proton:d3d12_device_QueryInterface: {0742a90b-c387-483f-b946-30a7e4e61458} not implemented, returning E_NOINTERFACE.
5563.239:0138:0194:warn:vkd3d-proton:d3d12_device_QueryInterface: {0742a90b-c387-483f-b946-30a7e4e61458} not implemented, returning E_NOINTERFACE.
5563.273:0138:0198:warn:vkd3d-proton:d3d12_device_QueryInterface: {0742a90b-c387-483f-b946-30a7e4e61458} not implemented, returning E_NOINTERFACE.
5563.303:0138:01a0:warn:vkd3d-proton:d3d12_device_QueryInterface: {0742a90b-c387-483f-b946-30a7e4e61458} not implemented, returning E_NOINTERFACE.
5563.342:0138:019c:warn:vkd3d-proton:d3d12_device_QueryInterface: {0742a90b-c387-483f-b946-30a7e4e61458} not implemented, returning E_NOINTERFACE.
5563.384:0138:01a0:warn:vkd3d-proton:d3d12_device_QueryInterface: {0742a90b-c387-483f-b946-30a7e4e61458} not implemented, returning E_NOINTERFACE.
5563.413:0138:019c:warn:vkd3d-proton:d3d12_device_QueryInterface: {0742a90b-c387-483f-b946-30a7e4e61458} not implemented, returning E_NOINTERFACE.
5563.449:0138:0194:warn:vkd3d-proton:d3d12_device_QueryInterface: {0742a90b-c387-483f-b946-30a7e4e61458} not implemented, returning E_NOINTERFACE.
5563.483:0138:0198:warn:vkd3d-proton:d3d12_device_QueryInterface: {0742a90b-c387-483f-b946-30a7e4e61458} not implemented, returning E_NOINTERFACE.
5563.517:0138:01a0:warn:vkd3d-proton:d3d12_device_QueryInterface: {0742a90b-c387-483f-b946-30a7e4e61458} not implemented, returning E_NOINTERFACE.
5563.552:0138:0194:warn:vkd3d-proton:d3d12_device_QueryInterface: {0742a90b-c387-483f-b946-30a7e4e61458} not implemented, returning E_NOINTERFACE.
5563.584:0138:01a0:warn:vkd3d-proton:d3d12_device_QueryInterface: {0742a90b-c387-483f-b946-30a7e4e61458} not implemented, returning E_NOINTERFACE.
5563.618:0138:019c:warn:vkd3d-proton:d3d12_device_QueryInterface: {0742a90b-c387-483f-b946-30a7e4e61458} not implemented, returning E_NOINTERFACE.
5563.688:0138:0198:warn:vkd3d-proton:d3d12_device_QueryInterface: {0742a90b-c387-483f-b946-30a7e4e61458} not implemented, returning E_NOINTERFACE.
5563.727:0138:0194:warn:vkd3d-proton:d3d12_device_QueryInterface: {0742a90b-c387-483f-b946-30a7e4e61458} not implemented, returning E_NOINTERFACE.
5563.756:0138:019c:warn:vkd3d-proton:d3d12_device_QueryInterface: {0742a90b-c387-483f-b946-30a7e4e61458} not implemented, returning E_NOINTERFACE.
5563.799:0138:0198:warn:vkd3d-proton:d3d12_device_QueryInterface: {0742a90b-c387-483f-b946-30a7e4e61458} not implemented, returning E_NOINTERFACE.
5563.830:0138:0194:warn:vkd3d-proton:d3d12_device_QueryInterface: {0742a90b-c387-483f-b946-30a7e4e61458} not implemented, returning E_NOINTERFACE.
5563.867:0138:0198:warn:vkd3d-proton:d3d12_device_QueryInterface: {0742a90b-c387-483f-b946-30a7e4e61458} not implemented, returning E_NOINTERFACE.
5563.905:0138:0194:warn:vkd3d-proton:d3d12_device_QueryInterface: {0742a90b-c387-483f-b946-30a7e4e61458} not implemented, returning E_NOINTERFACE.
5563.945:0138:0198:warn:vkd3d-proton:d3d12_device_QueryInterface: {0742a90b-c387-483f-b946-30a7e4e61458} not implemented, returning E_NOINTERFACE.
5563.982:0138:0194:warn:vkd3d-proton:d3d12_device_QueryInterface: {0742a90b-c387-483f-b946-30a7e4e61458} not implemented, returning E_NOINTERFACE.
5564.018:0138:01a0:warn:vkd3d-proton:d3d12_device_QueryInterface: {0742a90b-c387-483f-b946-30a7e4e61458} not implemented, returning E_NOINTERFACE.
5564.058:0138:0198:warn:vkd3d-proton:d3d12_device_QueryInterface: {0742a90b-c387-483f-b946-30a7e4e61458} not implemented, returning E_NOINTERFACE.
5564.099:0138:0194:warn:vkd3d-proton:d3d12_device_QueryInterface: {0742a90b-c387-483f-b946-30a7e4e61458} not implemented, returning E_NOINTERFACE.
5564.139:0138:019c:warn:vkd3d-proton:d3d12_device_QueryInterface: {0742a90b-c387-483f-b946-30a7e4e61458} not implemented, returning E_NOINTERFACE.
5564.141:0138:019c:warn:vkd3d-proton:d3d12_device_QueryInterface: {0742a90b-c387-483f-b946-30a7e4e61458} not implemented, returning E_NOINTERFACE.
5564.157:0138:0198:warn:vkd3d-proton:d3d12_device_QueryInterface: {0742a90b-c387-483f-b946-30a7e4e61458} not implemented, returning E_NOINTERFACE.
5564.174:0138:0198:warn:vkd3d-proton:d3d12_device_QueryInterface: {0742a90b-c387-483f-b946-30a7e4e61458} not implemented, returning E_NOINTERFACE.
5564.211:0138:0194:warn:vkd3d-proton:d3d12_device_QueryInterface: {0742a90b-c387-483f-b946-30a7e4e61458} not implemented, returning E_NOINTERFACE.
5564.246:0138:0198:warn:vkd3d-proton:d3d12_device_QueryInterface: {0742a90b-c387-483f-b946-30a7e4e61458} not implemented, returning E_NOINTERFACE.
5564.280:0138:0194:warn:vkd3d-proton:d3d12_device_QueryInterface: {0742a90b-c387-483f-b946-30a7e4e61458} not implemented, returning E_NOINTERFACE.
5564.315:0138:0198:warn:vkd3d-proton:d3d12_device_QueryInterface: {0742a90b-c387-483f-b946-30a7e4e61458} not implemented, returning E_NOINTERFACE.
5564.354:0138:01a0:warn:vkd3d-proton:d3d12_device_QueryInterface: {0742a90b-c387-483f-b946-30a7e4e61458} not implemented, returning E_NOINTERFACE.
5564.394:0138:0194:warn:vkd3d-proton:d3d12_device_QueryInterface: {0742a90b-c387-483f-b946-30a7e4e61458} not implemented, returning E_NOINTERFACE.
5564.429:0138:0198:warn:vkd3d-proton:d3d12_device_QueryInterface: {0742a90b-c387-483f-b946-30a7e4e61458} not implemented, returning E_NOINTERFACE.
5564.460:0138:0194:warn:vkd3d-proton:d3d12_device_QueryInterface: {0742a90b-c387-483f-b946-30a7e4e61458} not implemented, returning E_NOINTERFACE.
5564.493:0138:0198:warn:vkd3d-proton:d3d12_device_QueryInterface: {0742a90b-c387-483f-b946-30a7e4e61458} not implemented, returning E_NOINTERFACE.
5564.523:0138:0194:warn:vkd3d-proton:d3d12_device_QueryInterface: {0742a90b-c387-483f-b946-30a7e4e61458} not implemented, returning E_NOINTERFACE.
5564.558:0138:0198:warn:vkd3d-proton:d3d12_device_QueryInterface: {0742a90b-c387-483f-b946-30a7e4e61458} not implemented, returning E_NOINTERFACE.
5564.588:0138:0194:warn:vkd3d-proton:d3d12_device_QueryInterface: {0742a90b-c387-483f-b946-30a7e4e61458} not implemented, returning E_NOINTERFACE.
5564.590:0138:0194:warn:vkd3d-proton:d3d12_device_QueryInterface: {0742a90b-c387-483f-b946-30a7e4e61458} not implemented, returning E_NOINTERFACE.
5564.608:0138:01a0:warn:vkd3d-proton:d3d12_device_QueryInterface: {0742a90b-c387-483f-b946-30a7e4e61458} not implemented, returning E_NOINTERFACE.
5564.649:0138:0198:warn:vkd3d-proton:d3d12_device_QueryInterface: {0742a90b-c387-483f-b946-30a7e4e61458} not implemented, returning E_NOINTERFACE.
5564.677:0138:01a0:warn:vkd3d-proton:d3d12_device_QueryInterface: {0742a90b-c387-483f-b946-30a7e4e61458} not implemented, returning E_NOINTERFACE.
5564.707:0138:0198:warn:vkd3d-proton:d3d12_device_QueryInterface: {0742a90b-c387-483f-b946-30a7e4e61458} not implemented, returning E_NOINTERFACE.
5564.736:0138:019c:warn:vkd3d-proton:d3d12_device_QueryInterface: {0742a90b-c387-483f-b946-30a7e4e61458} not implemented, returning E_NOINTERFACE.
5564.771:0138:01a0:warn:vkd3d-proton:d3d12_device_QueryInterface: {0742a90b-c387-483f-b946-30a7e4e61458} not implemented, returning E_NOINTERFACE.
5564.802:0138:0198:warn:vkd3d-proton:d3d12_device_QueryInterface: {0742a90b-c387-483f-b946-30a7e4e61458} not implemented, returning E_NOINTERFACE.
5564.836:0138:01a0:warn:vkd3d-proton:d3d12_device_QueryInterface: {0742a90b-c387-483f-b946-30a7e4e61458} not implemented, returning E_NOINTERFACE.
5564.868:0138:0198:warn:vkd3d-proton:d3d12_device_QueryInterface: {0742a90b-c387-483f-b946-30a7e4e61458} not implemented, returning E_NOINTERFACE.
5564.908:0138:01a0:warn:vkd3d-proton:d3d12_device_QueryInterface: {0742a90b-c387-483f-b946-30a7e4e61458} not implemented, returning E_NOINTERFACE.
5564.940:0138:019c:warn:vkd3d-proton:d3d12_device_QueryInterface: {0742a90b-c387-483f-b946-30a7e4e61458} not implemented, returning E_NOINTERFACE.
5564.972:0138:01a0:warn:vkd3d-proton:d3d12_device_QueryInterface: {0742a90b-c387-483f-b946-30a7e4e61458} not implemented, returning E_NOINTERFACE.
5565.008:0138:0194:warn:vkd3d-proton:d3d12_device_QueryInterface: {0742a90b-c387-483f-b946-30a7e4e61458} not implemented, returning E_NOINTERFACE.
5565.041:0138:0198:warn:vkd3d-proton:d3d12_device_QueryInterface: {0742a90b-c387-483f-b946-30a7e4e61458} not implemented, returning E_NOINTERFACE.
5565.077:0138:019c:warn:vkd3d-proton:d3d12_device_QueryInterface: {0742a90b-c387-483f-b946-30a7e4e61458} not implemented, returning E_NOINTERFACE.
5565.118:0138:0194:warn:vkd3d-proton:d3d12_device_QueryInterface: {0742a90b-c387-483f-b946-30a7e4e61458} not implemented, returning E_NOINTERFACE.
5565.156:0138:019c:warn:vkd3d-proton:d3d12_device_QueryInterface: {0742a90b-c387-483f-b946-30a7e4e61458} not implemented, returning E_NOINTERFACE.
5565.195:0138:0194:warn:vkd3d-proton:d3d12_device_QueryInterface: {0742a90b-c387-483f-b946-30a7e4e61458} not implemented, returning E_NOINTERFACE.
5565.233:0138:019c:warn:vkd3d-proton:d3d12_device_QueryInterface: {0742a90b-c387-483f-b946-30a7e4e61458} not implemented, returning E_NOINTERFACE.
5565.272:0138:01a0:warn:vkd3d-proton:d3d12_device_QueryInterface: {0742a90b-c387-483f-b946-30a7e4e61458} not implemented, returning E_NOINTERFACE.
5565.312:0138:019c:warn:vkd3d-proton:d3d12_device_QueryInterface: {0742a90b-c387-483f-b946-30a7e4e61458} not implemented, returning E_NOINTERFACE.
5565.349:0138:0194:warn:vkd3d-proton:d3d12_device_QueryInterface: {0742a90b-c387-483f-b946-30a7e4e61458} not implemented, returning E_NOINTERFACE.
5565.389:0138:019c:warn:vkd3d-proton:d3d12_device_QueryInterface: {0742a90b-c387-483f-b946-30a7e4e61458} not implemented, returning E_NOINTERFACE.
5565.426:0138:01a0:warn:vkd3d-proton:d3d12_device_QueryInterface: {0742a90b-c387-483f-b946-30a7e4e61458} not implemented, returning E_NOINTERFACE.
5565.465:0138:0194:warn:vkd3d-proton:d3d12_device_QueryInterface: {0742a90b-c387-483f-b946-30a7e4e61458} not implemented, returning E_NOINTERFACE.
5565.499:0138:01a0:warn:vkd3d-proton:d3d12_device_QueryInterface: {0742a90b-c387-483f-b946-30a7e4e61458} not implemented, returning E_NOINTERFACE.
5565.540:0138:0194:warn:vkd3d-proton:d3d12_device_QueryInterface: {0742a90b-c387-483f-b946-30a7e4e61458} not implemented, returning E_NOINTERFACE.
5565.575:0138:019c:warn:vkd3d-proton:d3d12_device_QueryInterface: {0742a90b-c387-483f-b946-30a7e4e61458} not implemented, returning E_NOINTERFACE.
5565.612:0138:01a0:warn:vkd3d-proton:d3d12_device_QueryInterface: {0742a90b-c387-483f-b946-30a7e4e61458} not implemented, returning E_NOINTERFACE.
5565.646:0138:0198:warn:vkd3d-proton:d3d12_device_QueryInterface: {0742a90b-c387-483f-b946-30a7e4e61458} not implemented, returning E_NOINTERFACE.
5565.687:0138:01a0:warn:vkd3d-proton:d3d12_device_QueryInterface: {0742a90b-c387-483f-b946-30a7e4e61458} not implemented, returning E_NOINTERFACE.
5565.721:0138:0198:warn:vkd3d-proton:d3d12_device_QueryInterface: {0742a90b-c387-483f-b946-30a7e4e61458} not implemented, returning E_NOINTERFACE.
5565.757:0138:0194:warn:vkd3d-proton:d3d12_device_QueryInterface: {0742a90b-c387-483f-b946-30a7e4e61458} not implemented, returning E_NOINTERFACE.
5565.797:0138:01a0:warn:vkd3d-proton:d3d12_device_QueryInterface: {0742a90b-c387-483f-b946-30a7e4e61458} not implemented, returning E_NOINTERFACE.
5565.832:0138:019c:warn:vkd3d-proton:d3d12_device_QueryInterface: {0742a90b-c387-483f-b946-30a7e4e61458} not implemented, returning E_NOINTERFACE.
5565.863:0138:01a0:warn:vkd3d-proton:d3d12_device_QueryInterface: {0742a90b-c387-483f-b946-30a7e4e61458} not implemented, returning E_NOINTERFACE.
5565.898:0138:0194:warn:vkd3d-proton:d3d12_device_QueryInterface: {0742a90b-c387-483f-b946-30a7e4e61458} not implemented, returning E_NOINTERFACE.
5565.930:0138:01a0:warn:vkd3d-proton:d3d12_device_QueryInterface: {0742a90b-c387-483f-b946-30a7e4e61458} not implemented, returning E_NOINTERFACE.
5565.965:0138:019c:warn:vkd3d-proton:d3d12_device_QueryInterface: {0742a90b-c387-483f-b946-30a7e4e61458} not implemented, returning E_NOINTERFACE.
5566.002:0138:0198:warn:vkd3d-proton:d3d12_device_QueryInterface: {0742a90b-c387-483f-b946-30a7e4e61458} not implemented, returning E_NOINTERFACE.
5566.039:0138:019c:warn:vkd3d-proton:d3d12_device_QueryInterface: {0742a90b-c387-483f-b946-30a7e4e61458} not implemented, returning E_NOINTERFACE.
5566.076:0138:0194:warn:vkd3d-proton:d3d12_device_QueryInterface: {0742a90b-c387-483f-b946-30a7e4e61458} not implemented, returning E_NOINTERFACE.
5566.078:0138:0194:warn:vkd3d-proton:d3d12_device_QueryInterface: {0742a90b-c387-483f-b946-30a7e4e61458} not implemented, returning E_NOINTERFACE.
5566.094:0138:0198:warn:vkd3d-proton:d3d12_device_QueryInterface: {0742a90b-c387-483f-b946-30a7e4e61458} not implemented, returning E_NOINTERFACE.
5566.111:0138:0198:warn:vkd3d-proton:d3d12_device_QueryInterface: {0742a90b-c387-483f-b946-30a7e4e61458} not implemented, returning E_NOINTERFACE.
5566.144:0138:0194:warn:vkd3d-proton:d3d12_device_QueryInterface: {0742a90b-c387-483f-b946-30a7e4e61458} not implemented, returning E_NOINTERFACE.
5566.178:0138:01a0:warn:vkd3d-proton:d3d12_device_QueryInterface: {0742a90b-c387-483f-b946-30a7e4e61458} not implemented, returning E_NOINTERFACE.
5566.214:0138:0194:warn:vkd3d-proton:d3d12_device_QueryInterface: {0742a90b-c387-483f-b946-30a7e4e61458} not implemented, returning E_NOINTERFACE.
5566.248:0138:0198:warn:vkd3d-proton:d3d12_device_QueryInterface: {0742a90b-c387-483f-b946-30a7e4e61458} not implemented, returning E_NOINTERFACE.
5566.284:0138:0194:warn:vkd3d-proton:d3d12_device_QueryInterface: {0742a90b-c387-483f-b946-30a7e4e61458} not implemented, returning E_NOINTERFACE.
5566.316:0138:019c:warn:vkd3d-proton:d3d12_device_QueryInterface: {0742a90b-c387-483f-b946-30a7e4e61458} not implemented, returning E_NOINTERFACE.
5566.351:0138:01a0:warn:vkd3d-proton:d3d12_device_QueryInterface: {0742a90b-c387-483f-b946-30a7e4e61458} not implemented, returning E_NOINTERFACE.
5566.386:0138:0198:warn:vkd3d-proton:d3d12_device_QueryInterface: {0742a90b-c387-483f-b946-30a7e4e61458} not implemented, returning E_NOINTERFACE.
5566.424:0138:0194:warn:vkd3d-proton:d3d12_device_QueryInterface: {0742a90b-c387-483f-b946-30a7e4e61458} not implemented, returning E_NOINTERFACE.
5566.456:0138:01a0:warn:vkd3d-proton:d3d12_device_QueryInterface: {0742a90b-c387-483f-b946-30a7e4e61458} not implemented, returning E_NOINTERFACE.
5566.490:0138:0198:warn:vkd3d-proton:d3d12_device_QueryInterface: {0742a90b-c387-483f-b946-30a7e4e61458} not implemented, returning E_NOINTERFACE.
5566.524:0138:019c:warn:vkd3d-proton:d3d12_device_QueryInterface: {0742a90b-c387-483f-b946-30a7e4e61458} not implemented, returning E_NOINTERFACE.
5566.556:0138:0198:warn:vkd3d-proton:d3d12_device_QueryInterface: {0742a90b-c387-483f-b946-30a7e4e61458} not implemented, returning E_NOINTERFACE.
5566.591:0138:019c:warn:vkd3d-proton:d3d12_device_QueryInterface: {0742a90b-c387-483f-b946-30a7e4e61458} not implemented, returning E_NOINTERFACE.
5566.629:0138:01a0:warn:vkd3d-proton:d3d12_device_QueryInterface: {0742a90b-c387-483f-b946-30a7e4e61458} not implemented, returning E_NOINTERFACE.
5566.662:0138:0194:warn:vkd3d-proton:d3d12_device_QueryInterface: {0742a90b-c387-483f-b946-30a7e4e61458} not implemented, returning E_NOINTERFACE.
5566.705:0138:019c:warn:vkd3d-proton:d3d12_device_QueryInterface: {0742a90b-c387-483f-b946-30a7e4e61458} not implemented, returning E_NOINTERFACE.
5566.740:0138:01a0:warn:vkd3d-proton:d3d12_device_QueryInterface: {0742a90b-c387-483f-b946-30a7e4e61458} not implemented, returning E_NOINTERFACE.
5566.774:0138:0194:warn:vkd3d-proton:d3d12_device_QueryInterface: {0742a90b-c387-483f-b946-30a7e4e61458} not implemented, returning E_NOINTERFACE.
5566.811:0138:0198:warn:vkd3d-proton:d3d12_device_QueryInterface: {0742a90b-c387-483f-b946-30a7e4e61458} not implemented, returning E_NOINTERFACE.
5566.844:0138:01a0:warn:vkd3d-proton:d3d12_device_QueryInterface: {0742a90b-c387-483f-b946-30a7e4e61458} not implemented, returning E_NOINTERFACE.
5566.883:0138:0194:warn:vkd3d-proton:d3d12_device_QueryInterface: {0742a90b-c387-483f-b946-30a7e4e61458} not implemented, returning E_NOINTERFACE.
5566.915:0138:019c:warn:vkd3d-proton:d3d12_device_QueryInterface: {0742a90b-c387-483f-b946-30a7e4e61458} not implemented, returning E_NOINTERFACE.
5566.951:0138:01a0:warn:vkd3d-proton:d3d12_device_QueryInterface: {0742a90b-c387-483f-b946-30a7e4e61458} not implemented, returning E_NOINTERFACE.
5566.988:0138:0198:warn:vkd3d-proton:d3d12_device_QueryInterface: {0742a90b-c387-483f-b946-30a7e4e61458} not implemented, returning E_NOINTERFACE.
5567.029:0138:01a0:warn:vkd3d-proton:d3d12_device_QueryInterface: {0742a90b-c387-483f-b946-30a7e4e61458} not implemented, returning E_NOINTERFACE.
5567.061:0138:019c:warn:vkd3d-proton:d3d12_device_QueryInterface: {0742a90b-c387-483f-b946-30a7e4e61458} not implemented, returning E_NOINTERFACE.
5567.099:0138:01a0:warn:vkd3d-proton:d3d12_device_QueryInterface: {0742a90b-c387-483f-b946-30a7e4e61458} not implemented, returning E_NOINTERFACE.
5567.131:0138:019c:warn:vkd3d-proton:d3d12_device_QueryInterface: {0742a90b-c387-483f-b946-30a7e4e61458} not implemented, returning E_NOINTERFACE.
5567.168:0138:0194:warn:vkd3d-proton:d3d12_device_QueryInterface: {0742a90b-c387-483f-b946-30a7e4e61458} not implemented, returning E_NOINTERFACE.
5567.203:0138:019c:warn:vkd3d-proton:d3d12_device_QueryInterface: {0742a90b-c387-483f-b946-30a7e4e61458} not implemented, returning E_NOINTERFACE.
5567.241:0138:0198:warn:vkd3d-proton:d3d12_device_QueryInterface: {0742a90b-c387-483f-b946-30a7e4e61458} not implemented, returning E_NOINTERFACE.
5567.277:0138:019c:warn:vkd3d-proton:d3d12_device_QueryInterface: {0742a90b-c387-483f-b946-30a7e4e61458} not implemented, returning E_NOINTERFACE.
5567.307:0138:01a0:warn:vkd3d-proton:d3d12_device_QueryInterface: {0742a90b-c387-483f-b946-30a7e4e61458} not implemented, returning E_NOINTERFACE.
5567.330:0138:0198:warn:vkd3d-proton:d3d12_device_QueryInterface: {0742a90b-c387-483f-b946-30a7e4e61458} not implemented, returning E_NOINTERFACE.
5567.355:0138:0194:warn:vkd3d-proton:d3d12_device_QueryInterface: {0742a90b-c387-483f-b946-30a7e4e61458} not implemented, returning E_NOINTERFACE.
5567.383:0138:019c:warn:vkd3d-proton:d3d12_device_QueryInterface: {0742a90b-c387-483f-b946-30a7e4e61458} not implemented, returning E_NOINTERFACE.
5567.412:0138:0198:warn:vkd3d-proton:d3d12_device_QueryInterface: {0742a90b-c387-483f-b946-30a7e4e61458} not implemented, returning E_NOINTERFACE.
5567.450:0138:019c:warn:vkd3d-proton:d3d12_device_QueryInterface: {0742a90b-c387-483f-b946-30a7e4e61458} not implemented, returning E_NOINTERFACE.
5567.486:0138:0194:warn:vkd3d-proton:d3d12_device_QueryInterface: {0742a90b-c387-483f-b946-30a7e4e61458} not implemented, returning E_NOINTERFACE.
5567.515:0138:0198:warn:vkd3d-proton:d3d12_device_QueryInterface: {0742a90b-c387-483f-b946-30a7e4e61458} not implemented, returning E_NOINTERFACE.
5567.552:0138:0194:warn:vkd3d-proton:d3d12_device_QueryInterface: {0742a90b-c387-483f-b946-30a7e4e61458} not implemented, returning E_NOINTERFACE.
5567.586:0138:0198:warn:vkd3d-proton:d3d12_device_QueryInterface: {0742a90b-c387-483f-b946-30a7e4e61458} not implemented, returning E_NOINTERFACE.
5567.621:0138:01a0:warn:vkd3d-proton:d3d12_device_QueryInterface: {0742a90b-c387-483f-b946-30a7e4e61458} not implemented, returning E_NOINTERFACE.
5567.655:0138:0198:warn:vkd3d-proton:d3d12_device_QueryInterface: {0742a90b-c387-483f-b946-30a7e4e61458} not implemented, returning E_NOINTERFACE.
5567.688:0138:0194:warn:vkd3d-proton:d3d12_device_QueryInterface: {0742a90b-c387-483f-b946-30a7e4e61458} not implemented, returning E_NOINTERFACE.
5567.723:0138:019c:warn:vkd3d-proton:d3d12_device_QueryInterface: {0742a90b-c387-483f-b946-30a7e4e61458} not implemented, returning E_NOINTERFACE.
5567.757:0138:0194:warn:vkd3d-proton:d3d12_device_QueryInterface: {0742a90b-c387-483f-b946-30a7e4e61458} not implemented, returning E_NOINTERFACE.
5567.789:0138:01a0:warn:vkd3d-proton:d3d12_device_QueryInterface: {0742a90b-c387-483f-b946-30a7e4e61458} not implemented, returning E_NOINTERFACE.
5567.825:0138:0198:warn:vkd3d-proton:d3d12_device_QueryInterface: {0742a90b-c387-483f-b946-30a7e4e61458} not implemented, returning E_NOINTERFACE.
5567.857:0138:019c:warn:vkd3d-proton:d3d12_device_QueryInterface: {0742a90b-c387-483f-b946-30a7e4e61458} not implemented, returning E_NOINTERFACE.
5567.891:0138:0198:warn:vkd3d-proton:d3d12_device_QueryInterface: {0742a90b-c387-483f-b946-30a7e4e61458} not implemented, returning E_NOINTERFACE.
5567.926:0138:019c:warn:vkd3d-proton:d3d12_device_QueryInterface: {0742a90b-c387-483f-b946-30a7e4e61458} not implemented, returning E_NOINTERFACE.
5567.958:0138:0198:warn:vkd3d-proton:d3d12_device_QueryInterface: {0742a90b-c387-483f-b946-30a7e4e61458} not implemented, returning E_NOINTERFACE.
5567.992:0138:01a0:warn:vkd3d-proton:d3d12_device_QueryInterface: {0742a90b-c387-483f-b946-30a7e4e61458} not implemented, returning E_NOINTERFACE.
5568.024:0138:0198:warn:vkd3d-proton:d3d12_device_QueryInterface: {0742a90b-c387-483f-b946-30a7e4e61458} not implemented, returning E_NOINTERFACE.
5568.065:0138:0194:warn:vkd3d-proton:d3d12_device_QueryInterface: {0742a90b-c387-483f-b946-30a7e4e61458} not implemented, returning E_NOINTERFACE.
5569.069:0138:0194:warn:vkd3d-proton:d3d12_device_QueryInterface: {0742a90b-c387-483f-b946-30a7e4e61458} not implemented, returning E_NOINTERFACE.
5569.156:0138:0198:warn:vkd3d-proton:d3d12_device_QueryInterface: {0742a90b-c387-483f-b946-30a7e4e61458} not implemented, returning E_NOINTERFACE.
5569.203:0138:019c:warn:vkd3d-proton:d3d12_device_QueryInterface: {0742a90b-c387-483f-b946-30a7e4e61458} not implemented, returning E_NOINTERFACE.
5569.244:0138:01a0:warn:vkd3d-proton:d3d12_device_QueryInterface: {0742a90b-c387-483f-b946-30a7e4e61458} not implemented, returning E_NOINTERFACE.
5569.277:0138:0194:warn:vkd3d-proton:d3d12_device_QueryInterface: {0742a90b-c387-483f-b946-30a7e4e61458} not implemented, returning E_NOINTERFACE.
5569.316:0138:0198:warn:vkd3d-proton:d3d12_device_QueryInterface: {0742a90b-c387-483f-b946-30a7e4e61458} not implemented, returning E_NOINTERFACE.
5569.353:0138:01a0:warn:vkd3d-proton:d3d12_device_QueryInterface: {0742a90b-c387-483f-b946-30a7e4e61458} not implemented, returning E_NOINTERFACE.
5569.388:0138:0198:warn:vkd3d-proton:d3d12_device_QueryInterface: {0742a90b-c387-483f-b946-30a7e4e61458} not implemented, returning E_NOINTERFACE.
5569.428:0138:0194:warn:vkd3d-proton:d3d12_device_QueryInterface: {0742a90b-c387-483f-b946-30a7e4e61458} not implemented, returning E_NOINTERFACE.
5569.464:0138:019c:warn:vkd3d-proton:d3d12_device_QueryInterface: {0742a90b-c387-483f-b946-30a7e4e61458} not implemented, returning E_NOINTERFACE.
5569.498:0138:0198:warn:vkd3d-proton:d3d12_device_QueryInterface: {0742a90b-c387-483f-b946-30a7e4e61458} not implemented, returning E_NOINTERFACE.
5569.534:0138:0194:warn:vkd3d-proton:d3d12_device_QueryInterface: {0742a90b-c387-483f-b946-30a7e4e61458} not implemented, returning E_NOINTERFACE.
5569.569:0138:019c:warn:vkd3d-proton:d3d12_device_QueryInterface: {0742a90b-c387-483f-b946-30a7e4e61458} not implemented, returning E_NOINTERFACE.
5569.601:0138:0194:warn:vkd3d-proton:d3d12_device_QueryInterface: {0742a90b-c387-483f-b946-30a7e4e61458} not implemented, returning E_NOINTERFACE.
5569.637:0138:01a0:warn:vkd3d-proton:d3d12_device_QueryInterface: {0742a90b-c387-483f-b946-30a7e4e61458} not implemented, returning E_NOINTERFACE.
5569.669:0138:0194:warn:vkd3d-proton:d3d12_device_QueryInterface: {0742a90b-c387-483f-b946-30a7e4e61458} not implemented, returning E_NOINTERFACE.
5569.707:0138:0198:warn:vkd3d-proton:d3d12_device_QueryInterface: {0742a90b-c387-483f-b946-30a7e4e61458} not implemented, returning E_NOINTERFACE.
5569.771:0138:0198:warn:vkd3d-proton:d3d12_device_QueryInterface: {0742a90b-c387-483f-b946-30a7e4e61458} not implemented, returning E_NOINTERFACE.
5569.860:0138:01a0:warn:vkd3d-proton:d3d12_device_QueryInterface: {0742a90b-c387-483f-b946-30a7e4e61458} not implemented, returning E_NOINTERFACE.
5569.961:0138:0194:warn:vkd3d-proton:d3d12_device_QueryInterface: {0742a90b-c387-483f-b946-30a7e4e61458} not implemented, returning E_NOINTERFACE.
5569.992:0138:019c:warn:vkd3d-proton:d3d12_device_QueryInterface: {0742a90b-c387-483f-b946-30a7e4e61458} not implemented, returning E_NOINTERFACE.
5570.027:0138:01a0:warn:vkd3d-proton:d3d12_device_QueryInterface: {0742a90b-c387-483f-b946-30a7e4e61458} not implemented, returning E_NOINTERFACE.
5570.067:0138:0194:warn:vkd3d-proton:d3d12_device_QueryInterface: {0742a90b-c387-483f-b946-30a7e4e61458} not implemented, returning E_NOINTERFACE.
5570.106:0138:01a0:warn:vkd3d-proton:d3d12_device_QueryInterface: {0742a90b-c387-483f-b946-30a7e4e61458} not implemented, returning E_NOINTERFACE.
5570.141:0138:019c:warn:vkd3d-proton:d3d12_device_QueryInterface: {0742a90b-c387-483f-b946-30a7e4e61458} not implemented, returning E_NOINTERFACE.
5570.186:0138:0198:warn:vkd3d-proton:d3d12_device_QueryInterface: {0742a90b-c387-483f-b946-30a7e4e61458} not implemented, returning E_NOINTERFACE.
5570.219:0138:01a0:warn:vkd3d-proton:d3d12_device_QueryInterface: {0742a90b-c387-483f-b946-30a7e4e61458} not implemented, returning E_NOINTERFACE.
5570.258:0138:019c:warn:vkd3d-proton:d3d12_device_QueryInterface: {0742a90b-c387-483f-b946-30a7e4e61458} not implemented, returning E_NOINTERFACE.
5570.290:0138:0194:warn:vkd3d-proton:d3d12_device_QueryInterface: {0742a90b-c387-483f-b946-30a7e4e61458} not implemented, returning E_NOINTERFACE.
5570.323:0138:019c:warn:vkd3d-proton:d3d12_device_QueryInterface: {0742a90b-c387-483f-b946-30a7e4e61458} not implemented, returning E_NOINTERFACE.
5570.362:0138:0198:warn:vkd3d-proton:d3d12_device_QueryInterface: {0742a90b-c387-483f-b946-30a7e4e61458} not implemented, returning E_NOINTERFACE.
5570.396:0138:01a0:warn:vkd3d-proton:d3d12_device_QueryInterface: {0742a90b-c387-483f-b946-30a7e4e61458} not implemented, returning E_NOINTERFACE.
5570.429:0138:0194:warn:vkd3d-proton:d3d12_device_QueryInterface: {0742a90b-c387-483f-b946-30a7e4e61458} not implemented, returning E_NOINTERFACE.
5570.467:0138:019c:warn:vkd3d-proton:d3d12_device_QueryInterface: {0742a90b-c387-483f-b946-30a7e4e61458} not implemented, returning E_NOINTERFACE.
D 194 Reconstructing context
D 194 pc: 7FFE78131E30 rip: 6FFFF50BFF11
D 194 Rethrowing onto guest stack: 7CACDF60
D 19C Reconstructing context
D 19C pc: 7FFE78131E30 rip: 6FFFF50BFF11
D 19C Rethrowing onto guest stack: 7CCCF5A0
D 198 Reconstructing context
D 198 pc: 7FFE78131E30 rip: 6FFFF50BFF11
D 198 Rethrowing onto guest stack: 7CBCF5A0
D 1A0 Reconstructing context
D 1A0 pc: 7FFE78131E30 rip: 6FFFF50BFF11
D 1A0 Rethrowing onto guest stack: 7CDCF5A0
D 160 Suspending: RIP: 140FBAB90 SP: 2B94F408
D 168 Suspending: RIP: 6FFFFFF14080 SP: 6FB6FB68
D 16C Suspending: RIP: 143456C36 SP: 6FC6FE10
D 170 Suspending: RIP: 1415E1217 SP: 6FD6E7D0
D 188 Suspending: RIP: 14079DB9C SP: 7C3CFD38
