# date: 2026-10-06T21:53:02+08:00
# mode: patched
# VK_DRIVER_FILES=/var/home/armada/opencode/turnip-a7xx-dx12/../build/out/freedreno_icd.json
# vkd3d-proton: master-сборка f1baafac44a21600 (native-override)
# devices (name | sparseResidencyImage2D):
#   Turnip Adreno (TM) 740  | true
# ---
ProtonFixes[43189] INFO: Running protonfixes on "cachyos-11.0-20260703-slr", build at 2026-07-21 23:36:49+00:00.
ProtonFixes[43189] INFO: Running checks
ProtonFixes[43189] INFO: All checks successful
ProtonFixes[43189] INFO: Using early stage global defaults for UNKNOWN (1716740)
ProtonFixes[43189] INFO: Using early stage global protonfix for UNKNOWN (1716740)
ProtonFixes[43189] INFO: Setting up FSR4 version default.
ProtonFixes[43189] INFO: Automatic FSR4 upgrade enabled.
ProtonFixes[43189] INFO: Running protonfixes on "cachyos-11.0-20260703-slr", build at 2026-07-21 23:36:49+00:00.
ProtonFixes[43189] INFO: Running checks
ProtonFixes[43189] INFO: All checks successful
ProtonFixes[43189] INFO: Using main stage global defaults for UNKNOWN (1716740)
ProtonFixes[43189] INFO: Using main stage global protonfix for UNKNOWN (1716740)
ntsync: up and running.
ATTENTION: default value of option tu_override_uncached_as_cache_coherent overridden by environment.
warn:  CreateDXGIFactory2: Ignoring flags
info:  Game: Starfield.exe
info:  DXVK: v3.0.2-2-g0ff9cd328ca23b4
info:  Build: aarch64 clang 22.1.8
info:  Vulkan: Found vkGetInstanceProcAddr in winevulkan.dll @ 0x6ffff57e0cc0
info:  Extension providers:
info:    Platform WSI
info:    OpenVR
info:  OpenVR: could not open registry key, status 2
warn:  OpenVR: Failed to initialize OpenVR
info:    OpenXR
warn:  OpenXR: Unable to get required Vulkan instance extensions size
info:  Enabled instance extensions:
info:    VK_KHR_get_surface_capabilities2
info:    VK_KHR_surface
info:    VK_KHR_surface_maintenance1
info:    VK_KHR_win32_surface
ATTENTION: default value of option tu_override_uncached_as_cache_coherent overridden by environment.
ATTENTION: default value of option tu_override_uncached_as_cache_coherent overridden by environment.
info:  Found device: Turnip Adreno (TM) 740 (turnip Mesa driver 26.2.99)
warn:  OpenXR: Unable to get required Vulkan Device extensions size
info:  XeSS: hiding Intel GPU Vendor ID
warn:  DxgiAdapter::QueryInterface: Unknown interface query
warn:  f0db4c7f-fe5a-42a2-bd62-f2a6cf6fc83e
12510.051:0138:013c:warn:vkd3d-proton:openvr_instance_extensions: Failed to open VR registry key, status 2.
12510.054:0138:013c:warn:vkd3d-proton:openxr_vulkan_extensions: Failed to get OpenXR extensions size from wineopenxr.
12510.074:0138:013c:info:vkd3d-proton:vkd3d_instance_apply_application_workarounds: Detected game Starfield.exe, adding 3 configs, removing 0 configs.
12510.075:0138:013c:info:vkd3d-proton:vkd3d_instance_apply_application_workarounds: Detected game Starfield.exe, adding shader quirks for specific shaders.
12510.075:0138:013c:info:vkd3d-proton:vkd3d_instance_deduce_config_flags_from_environment: shader_cache is used, global_pipeline_cache is enforced.
12510.075:0138:013c:info:vkd3d-proton:vkd3d_config_flags_init_once: VKD3D_CONFIG=''.
12510.078:0138:013c:info:vkd3d-proton:vkd3d_get_vk_version: vkd3d-proton - applicationVersion: 3.1.0.
12510.078:0138:013c:info:vkd3d-proton:vkd3d_instance_init: vkd3d-proton - build: 31d1f89ca5b3f2f+.
ATTENTION: default value of option tu_override_uncached_as_cache_coherent overridden by environment.
12510.084:0138:013c:warn:vkd3d-proton:openvr_device_extensions: Failed to open VR registry key, status 2.
12510.085:0138:013c:warn:vkd3d-proton:openxr_vulkan_extensions: Failed to get OpenXR extensions size from wineopenxr.
12510.185:0138:013c:info:vkd3d-proton:vkd3d_physical_device_info_init_maint9: Implementation supports eliding QFOT for non-compressed optimal images.
12510.209:0138:013c:info:vkd3d-proton:vkd3d_memory_info_decide_hvv_usage: Topology: UMA-like topology.
12510.209:0138:013c:info:vkd3d-proton:vkd3d_memory_info_upload_hvv_memory_properties: Topology: HVV usage is allowed, using DEVICE_LOCAL | HOST_COHERENT for UPLOAD.
12510.213:0138:013c:info:vkd3d-proton:vkd3d_bindless_state_get_bindless_flags: Enabling fast paths for advanced ExecuteIndirect() graphics and compute (EXT_dgc).
12510.214:0138:013c:info:vkd3d-proton:vkd3d_bindless_state_get_bindless_flags: Device supports VK_EXT_mutable_descriptor_type.
12510.214:0138:013c:info:vkd3d-proton:vkd3d_bindless_state_add_binding: Device supports VK_EXT_descriptor_buffer!
12510.215:0138:013c:info:vkd3d-proton:vkd3d_bindless_state_add_binding: Device supports VK_EXT_descriptor_buffer!
12510.215:0138:013c:info:vkd3d-proton:vkd3d_bindless_state_add_binding: Device supports VK_EXT_descriptor_buffer!
12510.241:0138:013c:info:vkd3d-proton:d3d12_device_caps_init_shader_model: Enabling support for SM 6.6.
12510.243:0138:013c:warn:vkd3d-proton:d3d12_device_caps_init_feature_options1: No device info available for TotalLaneCount = 4096.
12510.243:0138:013c:fixme:vkd3d-proton:d3d12_device_caps_init_feature_options1: TotalLaneCount = 4096, may be inaccurate.
12510.249:0138:013c:info:vkd3d-proton:vkd3d_pipeline_library_init_disk_cache: Remapping VKD3D_SHADER_CACHE to: vkd3d-proton.cache.
12510.249:0138:013c:info:vkd3d-proton:vkd3d_pipeline_library_init_disk_cache: Attempting to load disk cache from: vkd3d-proton.cache.
12510.250:0138:013c:warn:vkd3d-proton:d3d12_device_create: Feature level 0xc200 is not supported.
12510.268:0138:0148:info:vkd3d-proton:vkd3d_pipeline_library_disk_thread_main: Performing async setup of stream archive ...
12510.285:0138:0148:info:vkd3d-proton:vkd3d_pipeline_library_disk_cache_merge: No write cache exists. No need to merge any disk caches.
12510.288:0138:0148:info:vkd3d-proton:vkd3d_pipeline_library_disk_cache_initial_setup: Merging pipeline libraries took 12.958 ms.
12510.309:0138:0148:info:vkd3d-proton:vkd3d_pipeline_library_disk_cache_initial_setup: Mapping read-only cache took 1.526 ms.
12510.309:0138:0148:info:vkd3d-proton:d3d12_pipeline_library_read_blob_stream_format: Device teardown request received, stopping parse early.
12510.309:0138:0148:info:vkd3d-proton:vkd3d_pipeline_library_disk_cache_initial_setup: Parsing stream archive took 0.241 ms.
12510.309:0138:0148:info:vkd3d-proton:vkd3d_pipeline_library_disk_thread_main: Done performing async setup of stream archive.
12510.333:0138:013c:warn:vkd3d-proton:openvr_instance_extensions: Failed to open VR registry key, status 2.
12510.333:0138:013c:warn:vkd3d-proton:openxr_vulkan_extensions: Failed to get OpenXR extensions size from wineopenxr.
12510.337:0138:013c:info:vkd3d-proton:vkd3d_get_vk_version: vkd3d-proton - applicationVersion: 3.1.0.
12510.337:0138:013c:info:vkd3d-proton:vkd3d_instance_init: vkd3d-proton - build: 31d1f89ca5b3f2f+.
ATTENTION: default value of option tu_override_uncached_as_cache_coherent overridden by environment.
12510.343:0138:013c:warn:vkd3d-proton:openvr_device_extensions: Failed to open VR registry key, status 2.
12510.343:0138:013c:warn:vkd3d-proton:openxr_vulkan_extensions: Failed to get OpenXR extensions size from wineopenxr.
12510.454:0138:013c:info:vkd3d-proton:vkd3d_physical_device_info_init_maint9: Implementation supports eliding QFOT for non-compressed optimal images.
12510.463:0138:013c:info:vkd3d-proton:vkd3d_memory_info_decide_hvv_usage: Topology: UMA-like topology.
12510.463:0138:013c:info:vkd3d-proton:vkd3d_memory_info_upload_hvv_memory_properties: Topology: HVV usage is allowed, using DEVICE_LOCAL | HOST_COHERENT for UPLOAD.
12510.463:0138:013c:info:vkd3d-proton:vkd3d_bindless_state_get_bindless_flags: Enabling fast paths for advanced ExecuteIndirect() graphics and compute (EXT_dgc).
12510.463:0138:013c:info:vkd3d-proton:vkd3d_bindless_state_get_bindless_flags: Device supports VK_EXT_mutable_descriptor_type.
12510.463:0138:013c:info:vkd3d-proton:vkd3d_bindless_state_add_binding: Device supports VK_EXT_descriptor_buffer!
12510.463:0138:013c:info:vkd3d-proton:vkd3d_bindless_state_add_binding: Device supports VK_EXT_descriptor_buffer!
12510.463:0138:013c:info:vkd3d-proton:vkd3d_bindless_state_add_binding: Device supports VK_EXT_descriptor_buffer!
12510.464:0138:013c:info:vkd3d-proton:d3d12_device_caps_init_shader_model: Enabling support for SM 6.6.
12510.464:0138:013c:warn:vkd3d-proton:d3d12_device_caps_init_feature_options1: No device info available for TotalLaneCount = 4096.
12510.464:0138:013c:fixme:vkd3d-proton:d3d12_device_caps_init_feature_options1: TotalLaneCount = 4096, may be inaccurate.
12510.464:0138:013c:info:vkd3d-proton:vkd3d_pipeline_library_init_disk_cache: Remapping VKD3D_SHADER_CACHE to: vkd3d-proton.cache.
12510.464:0138:013c:info:vkd3d-proton:vkd3d_pipeline_library_init_disk_cache: Attempting to load disk cache from: vkd3d-proton.cache.
12510.465:0138:013c:warn:vkd3d-proton:d3d12_device_create: Feature level 0xc100 is not supported.
12510.466:0138:0150:info:vkd3d-proton:vkd3d_pipeline_library_disk_thread_main: Performing async setup of stream archive ...
12510.466:0138:0150:info:vkd3d-proton:vkd3d_pipeline_library_disk_cache_merge: No write cache exists. No need to merge any disk caches.
12510.467:0138:0150:info:vkd3d-proton:vkd3d_pipeline_library_disk_cache_initial_setup: Merging pipeline libraries took 0.408 ms.
12510.467:0138:0150:info:vkd3d-proton:vkd3d_pipeline_library_disk_cache_initial_setup: Mapping read-only cache took 0.444 ms.
12510.467:0138:0150:info:vkd3d-proton:d3d12_pipeline_library_read_blob_stream_format: Device teardown request received, stopping parse early.
12510.467:0138:0150:info:vkd3d-proton:vkd3d_pipeline_library_disk_cache_initial_setup: Parsing stream archive took 0.015 ms.
12510.467:0138:0150:info:vkd3d-proton:vkd3d_pipeline_library_disk_thread_main: Done performing async setup of stream archive.
12510.478:0138:013c:warn:vkd3d-proton:openvr_instance_extensions: Failed to open VR registry key, status 2.
12510.478:0138:013c:warn:vkd3d-proton:openxr_vulkan_extensions: Failed to get OpenXR extensions size from wineopenxr.
12510.480:0138:013c:info:vkd3d-proton:vkd3d_get_vk_version: vkd3d-proton - applicationVersion: 3.1.0.
12510.480:0138:013c:info:vkd3d-proton:vkd3d_instance_init: vkd3d-proton - build: 31d1f89ca5b3f2f+.
ATTENTION: default value of option tu_override_uncached_as_cache_coherent overridden by environment.
12510.483:0138:013c:warn:vkd3d-proton:openvr_device_extensions: Failed to open VR registry key, status 2.
12510.483:0138:013c:warn:vkd3d-proton:openxr_vulkan_extensions: Failed to get OpenXR extensions size from wineopenxr.
12510.568:0138:013c:info:vkd3d-proton:vkd3d_physical_device_info_init_maint9: Implementation supports eliding QFOT for non-compressed optimal images.
12510.576:0138:013c:info:vkd3d-proton:vkd3d_memory_info_decide_hvv_usage: Topology: UMA-like topology.
12510.576:0138:013c:info:vkd3d-proton:vkd3d_memory_info_upload_hvv_memory_properties: Topology: HVV usage is allowed, using DEVICE_LOCAL | HOST_COHERENT for UPLOAD.
12510.577:0138:013c:info:vkd3d-proton:vkd3d_bindless_state_get_bindless_flags: Enabling fast paths for advanced ExecuteIndirect() graphics and compute (EXT_dgc).
12510.577:0138:013c:info:vkd3d-proton:vkd3d_bindless_state_get_bindless_flags: Device supports VK_EXT_mutable_descriptor_type.
12510.577:0138:013c:info:vkd3d-proton:vkd3d_bindless_state_add_binding: Device supports VK_EXT_descriptor_buffer!
12510.577:0138:013c:info:vkd3d-proton:vkd3d_bindless_state_add_binding: Device supports VK_EXT_descriptor_buffer!
12510.577:0138:013c:info:vkd3d-proton:vkd3d_bindless_state_add_binding: Device supports VK_EXT_descriptor_buffer!
12510.578:0138:013c:info:vkd3d-proton:d3d12_device_caps_init_shader_model: Enabling support for SM 6.6.
12510.578:0138:013c:warn:vkd3d-proton:d3d12_device_caps_init_feature_options1: No device info available for TotalLaneCount = 4096.
12510.578:0138:013c:fixme:vkd3d-proton:d3d12_device_caps_init_feature_options1: TotalLaneCount = 4096, may be inaccurate.
12510.578:0138:013c:info:vkd3d-proton:vkd3d_pipeline_library_init_disk_cache: Remapping VKD3D_SHADER_CACHE to: vkd3d-proton.cache.
12510.578:0138:013c:info:vkd3d-proton:vkd3d_pipeline_library_init_disk_cache: Attempting to load disk cache from: vkd3d-proton.cache.
12510.580:0138:0158:info:vkd3d-proton:vkd3d_pipeline_library_disk_thread_main: Performing async setup of stream archive ...
12510.580:0138:0158:info:vkd3d-proton:vkd3d_pipeline_library_disk_cache_merge: No write cache exists. No need to merge any disk caches.
12510.580:0138:0158:info:vkd3d-proton:vkd3d_pipeline_library_disk_cache_initial_setup: Merging pipeline libraries took 0.317 ms.
12510.581:0138:0158:info:vkd3d-proton:vkd3d_pipeline_library_disk_cache_initial_setup: Mapping read-only cache took 0.451 ms.
12510.581:0138:0158:info:vkd3d-proton:d3d12_pipeline_library_read_blob_stream_format: Device teardown request received, stopping parse early.
12510.581:0138:0158:info:vkd3d-proton:vkd3d_pipeline_library_disk_cache_initial_setup: Parsing stream archive took 0.021 ms.
12510.581:0138:0158:info:vkd3d-proton:vkd3d_pipeline_library_disk_thread_main: Done performing async setup of stream archive.
warn:  CreateDXGIFactory2: Ignoring flags
12516.116:0138:013c:warn:vkd3d-proton:openvr_instance_extensions: Failed to open VR registry key, status 2.
12516.116:0138:013c:warn:vkd3d-proton:openxr_vulkan_extensions: Failed to get OpenXR extensions size from wineopenxr.
12516.119:0138:013c:info:vkd3d-proton:vkd3d_get_vk_version: vkd3d-proton - applicationVersion: 3.1.0.
12516.119:0138:013c:info:vkd3d-proton:vkd3d_instance_init: vkd3d-proton - build: 31d1f89ca5b3f2f+.
ATTENTION: default value of option tu_override_uncached_as_cache_coherent overridden by environment.
12516.122:0138:013c:warn:vkd3d-proton:openvr_device_extensions: Failed to open VR registry key, status 2.
12516.122:0138:013c:warn:vkd3d-proton:openxr_vulkan_extensions: Failed to get OpenXR extensions size from wineopenxr.
12516.205:0138:013c:info:vkd3d-proton:vkd3d_physical_device_info_init_maint9: Implementation supports eliding QFOT for non-compressed optimal images.
12516.215:0138:013c:info:vkd3d-proton:vkd3d_memory_info_decide_hvv_usage: Topology: UMA-like topology.
12516.215:0138:013c:info:vkd3d-proton:vkd3d_memory_info_upload_hvv_memory_properties: Topology: HVV usage is allowed, using DEVICE_LOCAL | HOST_COHERENT for UPLOAD.
12516.216:0138:013c:info:vkd3d-proton:vkd3d_bindless_state_get_bindless_flags: Enabling fast paths for advanced ExecuteIndirect() graphics and compute (EXT_dgc).
12516.216:0138:013c:info:vkd3d-proton:vkd3d_bindless_state_get_bindless_flags: Device supports VK_EXT_mutable_descriptor_type.
12516.216:0138:013c:info:vkd3d-proton:vkd3d_bindless_state_add_binding: Device supports VK_EXT_descriptor_buffer!
12516.216:0138:013c:info:vkd3d-proton:vkd3d_bindless_state_add_binding: Device supports VK_EXT_descriptor_buffer!
12516.216:0138:013c:info:vkd3d-proton:vkd3d_bindless_state_add_binding: Device supports VK_EXT_descriptor_buffer!
12516.217:0138:013c:info:vkd3d-proton:d3d12_device_caps_init_shader_model: Enabling support for SM 6.6.
12516.217:0138:013c:warn:vkd3d-proton:d3d12_device_caps_init_feature_options1: No device info available for TotalLaneCount = 4096.
12516.217:0138:013c:fixme:vkd3d-proton:d3d12_device_caps_init_feature_options1: TotalLaneCount = 4096, may be inaccurate.
12516.218:0138:013c:info:vkd3d-proton:vkd3d_pipeline_library_init_disk_cache: Remapping VKD3D_SHADER_CACHE to: vkd3d-proton.cache.
12516.218:0138:013c:info:vkd3d-proton:vkd3d_pipeline_library_init_disk_cache: Attempting to load disk cache from: vkd3d-proton.cache.
12516.229:0138:013c:warn:vkd3d-proton:d3d12_device_create: Feature level 0xc200 is not supported.
12516.238:0138:01a8:info:vkd3d-proton:vkd3d_pipeline_library_disk_thread_main: Performing async setup of stream archive ...
12516.238:0138:01a8:info:vkd3d-proton:vkd3d_pipeline_library_disk_cache_merge: No write cache exists. No need to merge any disk caches.
12516.239:0138:01a8:info:vkd3d-proton:vkd3d_pipeline_library_disk_cache_initial_setup: Merging pipeline libraries took 0.342 ms.
12516.240:0138:01a8:info:vkd3d-proton:vkd3d_pipeline_library_disk_cache_initial_setup: Mapping read-only cache took 1.244 ms.
12516.240:0138:01a8:info:vkd3d-proton:d3d12_pipeline_library_read_blob_stream_format: Device teardown request received, stopping parse early.
12516.240:0138:01a8:info:vkd3d-proton:vkd3d_pipeline_library_disk_cache_initial_setup: Parsing stream archive took 0.019 ms.
12516.240:0138:01a8:info:vkd3d-proton:vkd3d_pipeline_library_disk_thread_main: Done performing async setup of stream archive.
12516.254:0138:013c:warn:vkd3d-proton:openvr_instance_extensions: Failed to open VR registry key, status 2.
12516.254:0138:013c:warn:vkd3d-proton:openxr_vulkan_extensions: Failed to get OpenXR extensions size from wineopenxr.
12516.256:0138:013c:info:vkd3d-proton:vkd3d_get_vk_version: vkd3d-proton - applicationVersion: 3.1.0.
12516.256:0138:013c:info:vkd3d-proton:vkd3d_instance_init: vkd3d-proton - build: 31d1f89ca5b3f2f+.
ATTENTION: default value of option tu_override_uncached_as_cache_coherent overridden by environment.
12516.259:0138:013c:warn:vkd3d-proton:openvr_device_extensions: Failed to open VR registry key, status 2.
12516.259:0138:013c:warn:vkd3d-proton:openxr_vulkan_extensions: Failed to get OpenXR extensions size from wineopenxr.
12516.347:0138:013c:info:vkd3d-proton:vkd3d_physical_device_info_init_maint9: Implementation supports eliding QFOT for non-compressed optimal images.
12516.356:0138:013c:info:vkd3d-proton:vkd3d_memory_info_decide_hvv_usage: Topology: UMA-like topology.
12516.356:0138:013c:info:vkd3d-proton:vkd3d_memory_info_upload_hvv_memory_properties: Topology: HVV usage is allowed, using DEVICE_LOCAL | HOST_COHERENT for UPLOAD.
12516.356:0138:013c:info:vkd3d-proton:vkd3d_bindless_state_get_bindless_flags: Enabling fast paths for advanced ExecuteIndirect() graphics and compute (EXT_dgc).
12516.356:0138:013c:info:vkd3d-proton:vkd3d_bindless_state_get_bindless_flags: Device supports VK_EXT_mutable_descriptor_type.
12516.356:0138:013c:info:vkd3d-proton:vkd3d_bindless_state_add_binding: Device supports VK_EXT_descriptor_buffer!
12516.356:0138:013c:info:vkd3d-proton:vkd3d_bindless_state_add_binding: Device supports VK_EXT_descriptor_buffer!
12516.356:0138:013c:info:vkd3d-proton:vkd3d_bindless_state_add_binding: Device supports VK_EXT_descriptor_buffer!
12516.358:0138:013c:info:vkd3d-proton:d3d12_device_caps_init_shader_model: Enabling support for SM 6.6.
12516.358:0138:013c:warn:vkd3d-proton:d3d12_device_caps_init_feature_options1: No device info available for TotalLaneCount = 4096.
12516.358:0138:013c:fixme:vkd3d-proton:d3d12_device_caps_init_feature_options1: TotalLaneCount = 4096, may be inaccurate.
12516.358:0138:013c:info:vkd3d-proton:vkd3d_pipeline_library_init_disk_cache: Remapping VKD3D_SHADER_CACHE to: vkd3d-proton.cache.
12516.358:0138:013c:info:vkd3d-proton:vkd3d_pipeline_library_init_disk_cache: Attempting to load disk cache from: vkd3d-proton.cache.
12516.358:0138:013c:warn:vkd3d-proton:d3d12_device_create: Feature level 0xc100 is not supported.
12516.359:0138:01b0:info:vkd3d-proton:vkd3d_pipeline_library_disk_thread_main: Performing async setup of stream archive ...
12516.359:0138:01b0:info:vkd3d-proton:vkd3d_pipeline_library_disk_cache_merge: No write cache exists. No need to merge any disk caches.
12516.359:0138:01b0:info:vkd3d-proton:vkd3d_pipeline_library_disk_cache_initial_setup: Merging pipeline libraries took 0.327 ms.
12516.360:0138:01b0:info:vkd3d-proton:vkd3d_pipeline_library_disk_cache_initial_setup: Mapping read-only cache took 0.471 ms.
12516.360:0138:01b0:info:vkd3d-proton:d3d12_pipeline_library_read_blob_stream_format: Device teardown request received, stopping parse early.
12516.360:0138:01b0:info:vkd3d-proton:vkd3d_pipeline_library_disk_cache_initial_setup: Parsing stream archive took 0.021 ms.
12516.360:0138:01b0:info:vkd3d-proton:vkd3d_pipeline_library_disk_thread_main: Done performing async setup of stream archive.
12516.373:0138:013c:warn:vkd3d-proton:openvr_instance_extensions: Failed to open VR registry key, status 2.
12516.373:0138:013c:warn:vkd3d-proton:openxr_vulkan_extensions: Failed to get OpenXR extensions size from wineopenxr.
12516.375:0138:013c:info:vkd3d-proton:vkd3d_get_vk_version: vkd3d-proton - applicationVersion: 3.1.0.
12516.375:0138:013c:info:vkd3d-proton:vkd3d_instance_init: vkd3d-proton - build: 31d1f89ca5b3f2f+.
ATTENTION: default value of option tu_override_uncached_as_cache_coherent overridden by environment.
12516.378:0138:013c:warn:vkd3d-proton:openvr_device_extensions: Failed to open VR registry key, status 2.
12516.378:0138:013c:warn:vkd3d-proton:openxr_vulkan_extensions: Failed to get OpenXR extensions size from wineopenxr.
12516.461:0138:013c:info:vkd3d-proton:vkd3d_physical_device_info_init_maint9: Implementation supports eliding QFOT for non-compressed optimal images.
12516.471:0138:013c:info:vkd3d-proton:vkd3d_memory_info_decide_hvv_usage: Topology: UMA-like topology.
12516.471:0138:013c:info:vkd3d-proton:vkd3d_memory_info_upload_hvv_memory_properties: Topology: HVV usage is allowed, using DEVICE_LOCAL | HOST_COHERENT for UPLOAD.
12516.471:0138:013c:info:vkd3d-proton:vkd3d_bindless_state_get_bindless_flags: Enabling fast paths for advanced ExecuteIndirect() graphics and compute (EXT_dgc).
12516.471:0138:013c:info:vkd3d-proton:vkd3d_bindless_state_get_bindless_flags: Device supports VK_EXT_mutable_descriptor_type.
12516.471:0138:013c:info:vkd3d-proton:vkd3d_bindless_state_add_binding: Device supports VK_EXT_descriptor_buffer!
12516.471:0138:013c:info:vkd3d-proton:vkd3d_bindless_state_add_binding: Device supports VK_EXT_descriptor_buffer!
12516.471:0138:013c:info:vkd3d-proton:vkd3d_bindless_state_add_binding: Device supports VK_EXT_descriptor_buffer!
12516.472:0138:013c:info:vkd3d-proton:d3d12_device_caps_init_shader_model: Enabling support for SM 6.6.
12516.472:0138:013c:warn:vkd3d-proton:d3d12_device_caps_init_feature_options1: No device info available for TotalLaneCount = 4096.
12516.472:0138:013c:fixme:vkd3d-proton:d3d12_device_caps_init_feature_options1: TotalLaneCount = 4096, may be inaccurate.
12516.472:0138:013c:info:vkd3d-proton:vkd3d_pipeline_library_init_disk_cache: Remapping VKD3D_SHADER_CACHE to: vkd3d-proton.cache.
12516.472:0138:013c:info:vkd3d-proton:vkd3d_pipeline_library_init_disk_cache: Attempting to load disk cache from: vkd3d-proton.cache.
12516.474:0138:01b8:info:vkd3d-proton:vkd3d_pipeline_library_disk_thread_main: Performing async setup of stream archive ...
12516.474:0138:01b8:info:vkd3d-proton:vkd3d_pipeline_library_disk_cache_merge: No write cache exists. No need to merge any disk caches.
12516.475:0138:01b8:info:vkd3d-proton:vkd3d_pipeline_library_disk_cache_initial_setup: Merging pipeline libraries took 0.351 ms.
12516.475:0138:01b8:info:vkd3d-proton:vkd3d_pipeline_library_disk_cache_initial_setup: Mapping read-only cache took 0.509 ms.
12516.484:0138:01b8:info:vkd3d-proton:d3d12_pipeline_library_read_blob_stream_format: Device teardown request received, stopping parse early.
12516.484:0138:01b8:info:vkd3d-proton:vkd3d_pipeline_library_disk_cache_initial_setup: Parsing stream archive took 8.817 ms.
12516.484:0138:01b8:info:vkd3d-proton:vkd3d_pipeline_library_disk_thread_main: Done performing async setup of stream archive.
12516.498:0138:013c:warn:vkd3d-proton:openvr_instance_extensions: Failed to open VR registry key, status 2.
12516.498:0138:013c:warn:vkd3d-proton:openxr_vulkan_extensions: Failed to get OpenXR extensions size from wineopenxr.
12516.500:0138:013c:info:vkd3d-proton:vkd3d_get_vk_version: vkd3d-proton - applicationVersion: 3.1.0.
12516.500:0138:013c:info:vkd3d-proton:vkd3d_instance_init: vkd3d-proton - build: 31d1f89ca5b3f2f+.
ATTENTION: default value of option tu_override_uncached_as_cache_coherent overridden by environment.
12516.503:0138:013c:warn:vkd3d-proton:openvr_device_extensions: Failed to open VR registry key, status 2.
12516.503:0138:013c:warn:vkd3d-proton:openxr_vulkan_extensions: Failed to get OpenXR extensions size from wineopenxr.
12516.588:0138:013c:info:vkd3d-proton:vkd3d_physical_device_info_init_maint9: Implementation supports eliding QFOT for non-compressed optimal images.
12516.597:0138:013c:info:vkd3d-proton:vkd3d_memory_info_decide_hvv_usage: Topology: UMA-like topology.
12516.597:0138:013c:info:vkd3d-proton:vkd3d_memory_info_upload_hvv_memory_properties: Topology: HVV usage is allowed, using DEVICE_LOCAL | HOST_COHERENT for UPLOAD.
12516.597:0138:013c:info:vkd3d-proton:vkd3d_bindless_state_get_bindless_flags: Enabling fast paths for advanced ExecuteIndirect() graphics and compute (EXT_dgc).
12516.597:0138:013c:info:vkd3d-proton:vkd3d_bindless_state_get_bindless_flags: Device supports VK_EXT_mutable_descriptor_type.
12516.597:0138:013c:info:vkd3d-proton:vkd3d_bindless_state_add_binding: Device supports VK_EXT_descriptor_buffer!
12516.597:0138:013c:info:vkd3d-proton:vkd3d_bindless_state_add_binding: Device supports VK_EXT_descriptor_buffer!
12516.597:0138:013c:info:vkd3d-proton:vkd3d_bindless_state_add_binding: Device supports VK_EXT_descriptor_buffer!
12516.599:0138:013c:info:vkd3d-proton:d3d12_device_caps_init_shader_model: Enabling support for SM 6.6.
12516.599:0138:013c:warn:vkd3d-proton:d3d12_device_caps_init_feature_options1: No device info available for TotalLaneCount = 4096.
12516.599:0138:013c:fixme:vkd3d-proton:d3d12_device_caps_init_feature_options1: TotalLaneCount = 4096, may be inaccurate.
12516.599:0138:013c:info:vkd3d-proton:vkd3d_pipeline_library_init_disk_cache: Remapping VKD3D_SHADER_CACHE to: vkd3d-proton.cache.
12516.599:0138:013c:info:vkd3d-proton:vkd3d_pipeline_library_init_disk_cache: Attempting to load disk cache from: vkd3d-proton.cache.
12516.601:0138:01c0:info:vkd3d-proton:vkd3d_pipeline_library_disk_thread_main: Performing async setup of stream archive ...
warn:  CreateDXGIFactory2: Ignoring flags
12516.601:0138:01c0:info:vkd3d-proton:vkd3d_pipeline_library_disk_cache_merge: No write cache exists. No need to merge any disk caches.
12516.601:0138:01c0:info:vkd3d-proton:vkd3d_pipeline_library_disk_cache_initial_setup: Merging pipeline libraries took 0.404 ms.
12516.601:0138:01c0:info:vkd3d-proton:vkd3d_pipeline_library_disk_cache_initial_setup: Mapping read-only cache took 0.488 ms.
12516.604:0138:013c:warn:vkd3d-proton:d3d12_device_QueryInterface: {9727a022-cf1d-4dda-9eba-effa653fc506} not implemented, returning E_NOINTERFACE.
12516.604:0138:013c:warn:vkd3d-proton:d3d12_device_QueryInterface: {98931d33-5ae8-4791-aa3c-1a73a2934e71} not implemented, returning E_NOINTERFACE.
12516.605:0138:013c:warn:vkd3d-proton:d3d12_device_CheckFeatureSupport: Assuming device does not support tile based rendering.
12516.609:0138:01c0:info:vkd3d-proton:vkd3d_pipeline_library_disk_cache_initial_setup: Parsing stream archive took 7.322 ms.
12516.609:0138:01c0:info:vkd3d-proton:vkd3d_pipeline_library_disk_thread_main: Done performing async setup of stream archive.
12516.661:0138:013c:fixme:vkd3d-proton:vkd3d_memory_allocation_init: Requested alignment of 10000, but got GPU VA of 1013b3000 for intended start of heap, which is not aligned as expected. If application relies on this alignment, weird things might happen.
12516.668:0138:013c:info:vkd3d-proton:d3d12_command_signature_create: cmdsig-debug: nargs=1 ByteStride=16 action_offset=0 state_template=0 pipeline_type=1
12516.668:0138:013c:info:vkd3d-proton:d3d12_command_signature_create: cmdsig-debug:   arg[0] type=0
12516.668:0138:013c:info:vkd3d-proton:d3d12_command_signature_create: cmdsig-debug: nargs=1 ByteStride=32 action_offset=0 state_template=0 pipeline_type=1
12516.668:0138:013c:info:vkd3d-proton:d3d12_command_signature_create: cmdsig-debug:   arg[0] type=1
12516.668:0138:013c:info:vkd3d-proton:d3d12_command_signature_create: cmdsig-debug: nargs=1 ByteStride=16 action_offset=0 state_template=0 pipeline_type=3
12516.668:0138:013c:info:vkd3d-proton:d3d12_command_signature_create: cmdsig-debug:   arg[0] type=2
12519.514:0138:021c:info:vkd3d-proton:d3d12_command_signature_create: cmdsig-debug: nargs=2 ByteStride=32 action_offset=4 state_template=1 pipeline_type=3
12519.514:0138:021c:info:vkd3d-proton:d3d12_command_signature_create: cmdsig-debug:   arg[0] type=5
12519.514:0138:021c:info:vkd3d-proton:d3d12_command_signature_create: cmdsig-debug:   arg[1] type=2
12519.520:0138:01e4:info:vkd3d-proton:d3d12_command_signature_create: cmdsig-debug: nargs=2 ByteStride=32 action_offset=12 state_template=1 pipeline_type=3
12519.520:0138:01e4:info:vkd3d-proton:d3d12_command_signature_create: cmdsig-debug:   arg[0] type=5
12519.520:0138:01e4:info:vkd3d-proton:d3d12_command_signature_create: cmdsig-debug:   arg[1] type=2
12519.630:0138:0218:info:vkd3d-proton:d3d12_command_signature_create: cmdsig-debug: nargs=2 ByteStride=32 action_offset=4 state_template=1 pipeline_type=3
12519.630:0138:0218:info:vkd3d-proton:d3d12_command_signature_create: cmdsig-debug:   arg[0] type=5
12519.630:0138:0218:info:vkd3d-proton:d3d12_command_signature_create: cmdsig-debug:   arg[1] type=2
12519.635:0138:020c:info:vkd3d-proton:d3d12_command_signature_create: cmdsig-debug: nargs=2 ByteStride=32 action_offset=4 state_template=1 pipeline_type=3
12519.635:0138:020c:info:vkd3d-proton:d3d12_command_signature_create: cmdsig-debug:   arg[0] type=5
12519.635:0138:020c:info:vkd3d-proton:d3d12_command_signature_create: cmdsig-debug:   arg[1] type=2
12519.641:0138:020c:info:vkd3d-proton:d3d12_command_signature_create: cmdsig-debug: nargs=2 ByteStride=32 action_offset=4 state_template=1 pipeline_type=3
12519.641:0138:020c:info:vkd3d-proton:d3d12_command_signature_create: cmdsig-debug:   arg[0] type=5
12519.641:0138:020c:info:vkd3d-proton:d3d12_command_signature_create: cmdsig-debug:   arg[1] type=2
12519.643:0138:01ec:info:vkd3d-proton:d3d12_command_signature_create: cmdsig-debug: nargs=2 ByteStride=32 action_offset=4 state_template=1 pipeline_type=3
12519.643:0138:01ec:info:vkd3d-proton:d3d12_command_signature_create: cmdsig-debug:   arg[0] type=5
12519.643:0138:01ec:info:vkd3d-proton:d3d12_command_signature_create: cmdsig-debug:   arg[1] type=2
12519.644:0138:0218:info:vkd3d-proton:d3d12_command_signature_create: cmdsig-debug: nargs=2 ByteStride=32 action_offset=4 state_template=1 pipeline_type=3
12519.644:0138:0218:info:vkd3d-proton:d3d12_command_signature_create: cmdsig-debug:   arg[0] type=5
12519.644:0138:0218:info:vkd3d-proton:d3d12_command_signature_create: cmdsig-debug:   arg[1] type=2
12519.647:0138:01e8:info:vkd3d-proton:d3d12_command_signature_create: cmdsig-debug: nargs=2 ByteStride=32 action_offset=4 state_template=1 pipeline_type=3
12519.647:0138:01e8:info:vkd3d-proton:d3d12_command_signature_create: cmdsig-debug:   arg[0] type=5
12519.647:0138:01e8:info:vkd3d-proton:d3d12_command_signature_create: cmdsig-debug:   arg[1] type=2
12522.414:0138:0198:info:vkd3d-proton:dxgi_vk_swap_chain_init: Creating swapchain (2560 x 1440), BufferCount = 2.
12522.422:0138:0198:info:vkd3d-proton:dxgi_vk_swap_chain_init_sync_objects: Enabling frame latency handles.
12522.422:0138:0198:info:vkd3d-proton:dxgi_vk_swap_chain_init_sync_objects: Ensure maximum latency of 3 frames with KHR_present_wait.
12522.423:0138:0198:info:vkd3d-proton:dxgi_vk_swap_chain_init_sleep_state: Timer interval is 1.0 ms.
warn:  DXGI: MakeWindowAssociation: Ignoring flags
12522.809:0138:0198:warn:vkd3d-proton:d3d12_device_QueryInterface: {0742a90b-c387-483f-b946-30a7e4e61458} not implemented, returning E_NOINTERFACE.
12522.828:0138:0198:warn:vkd3d-proton:d3d12_device_QueryInterface: {0742a90b-c387-483f-b946-30a7e4e61458} not implemented, returning E_NOINTERFACE.
12522.947:0138:01cc:info:vkd3d-proton:dxgi_vk_swap_chain_recreate_swapchain_in_present_task: Got 3 swapchain images.
12522.954:0138:01a0:warn:vkd3d-proton:d3d12_device_QueryInterface: {0742a90b-c387-483f-b946-30a7e4e61458} not implemented, returning E_NOINTERFACE.
12523.174:0138:01a0:warn:vkd3d-proton:d3d12_device_QueryInterface: {0742a90b-c387-483f-b946-30a7e4e61458} not implemented, returning E_NOINTERFACE.
12523.215:0138:01cc:info:vkd3d-proton:dxgi_vk_swap_chain_recreate_swapchain_in_present_task: Got 3 swapchain images.
12523.238:0138:0194:warn:vkd3d-proton:d3d12_device_QueryInterface: {0742a90b-c387-483f-b946-30a7e4e61458} not implemented, returning E_NOINTERFACE.
12523.253:0138:0194:warn:vkd3d-proton:d3d12_device_QueryInterface: {0742a90b-c387-483f-b946-30a7e4e61458} not implemented, returning E_NOINTERFACE.
12523.268:0138:0194:warn:vkd3d-proton:d3d12_device_QueryInterface: {0742a90b-c387-483f-b946-30a7e4e61458} not implemented, returning E_NOINTERFACE.
12523.284:0138:0194:warn:vkd3d-proton:d3d12_device_QueryInterface: {0742a90b-c387-483f-b946-30a7e4e61458} not implemented, returning E_NOINTERFACE.
12523.301:0138:0194:warn:vkd3d-proton:d3d12_device_QueryInterface: {0742a90b-c387-483f-b946-30a7e4e61458} not implemented, returning E_NOINTERFACE.
12523.318:0138:0194:warn:vkd3d-proton:d3d12_device_QueryInterface: {0742a90b-c387-483f-b946-30a7e4e61458} not implemented, returning E_NOINTERFACE.
12523.339:0138:0194:warn:vkd3d-proton:d3d12_device_QueryInterface: {0742a90b-c387-483f-b946-30a7e4e61458} not implemented, returning E_NOINTERFACE.
12523.349:0138:0194:warn:vkd3d-proton:d3d12_device_QueryInterface: {0742a90b-c387-483f-b946-30a7e4e61458} not implemented, returning E_NOINTERFACE.
12523.369:0138:0194:warn:vkd3d-proton:d3d12_device_QueryInterface: {0742a90b-c387-483f-b946-30a7e4e61458} not implemented, returning E_NOINTERFACE.
12523.383:0138:0194:warn:vkd3d-proton:d3d12_device_QueryInterface: {0742a90b-c387-483f-b946-30a7e4e61458} not implemented, returning E_NOINTERFACE.
12523.397:0138:0194:warn:vkd3d-proton:d3d12_device_QueryInterface: {0742a90b-c387-483f-b946-30a7e4e61458} not implemented, returning E_NOINTERFACE.
12523.414:0138:0194:warn:vkd3d-proton:d3d12_device_QueryInterface: {0742a90b-c387-483f-b946-30a7e4e61458} not implemented, returning E_NOINTERFACE.
12523.433:0138:0194:warn:vkd3d-proton:d3d12_device_QueryInterface: {0742a90b-c387-483f-b946-30a7e4e61458} not implemented, returning E_NOINTERFACE.
12523.450:0138:0194:warn:vkd3d-proton:d3d12_device_QueryInterface: {0742a90b-c387-483f-b946-30a7e4e61458} not implemented, returning E_NOINTERFACE.
12523.466:0138:0194:warn:vkd3d-proton:d3d12_device_QueryInterface: {0742a90b-c387-483f-b946-30a7e4e61458} not implemented, returning E_NOINTERFACE.
12523.484:0138:0194:warn:vkd3d-proton:d3d12_device_QueryInterface: {0742a90b-c387-483f-b946-30a7e4e61458} not implemented, returning E_NOINTERFACE.
12523.500:0138:0194:warn:vkd3d-proton:d3d12_device_QueryInterface: {0742a90b-c387-483f-b946-30a7e4e61458} not implemented, returning E_NOINTERFACE.
12523.518:0138:0194:warn:vkd3d-proton:d3d12_device_QueryInterface: {0742a90b-c387-483f-b946-30a7e4e61458} not implemented, returning E_NOINTERFACE.
12523.533:0138:0194:warn:vkd3d-proton:d3d12_device_QueryInterface: {0742a90b-c387-483f-b946-30a7e4e61458} not implemented, returning E_NOINTERFACE.
12523.549:0138:0194:warn:vkd3d-proton:d3d12_device_QueryInterface: {0742a90b-c387-483f-b946-30a7e4e61458} not implemented, returning E_NOINTERFACE.
12523.566:0138:0194:warn:vkd3d-proton:d3d12_device_QueryInterface: {0742a90b-c387-483f-b946-30a7e4e61458} not implemented, returning E_NOINTERFACE.
12523.582:0138:0194:warn:vkd3d-proton:d3d12_device_QueryInterface: {0742a90b-c387-483f-b946-30a7e4e61458} not implemented, returning E_NOINTERFACE.
12523.598:0138:0194:warn:vkd3d-proton:d3d12_device_QueryInterface: {0742a90b-c387-483f-b946-30a7e4e61458} not implemented, returning E_NOINTERFACE.
12523.615:0138:0194:warn:vkd3d-proton:d3d12_device_QueryInterface: {0742a90b-c387-483f-b946-30a7e4e61458} not implemented, returning E_NOINTERFACE.
12523.633:0138:0194:warn:vkd3d-proton:d3d12_device_QueryInterface: {0742a90b-c387-483f-b946-30a7e4e61458} not implemented, returning E_NOINTERFACE.
12523.648:0138:0194:warn:vkd3d-proton:d3d12_device_QueryInterface: {0742a90b-c387-483f-b946-30a7e4e61458} not implemented, returning E_NOINTERFACE.
12523.665:0138:0194:warn:vkd3d-proton:d3d12_device_QueryInterface: {0742a90b-c387-483f-b946-30a7e4e61458} not implemented, returning E_NOINTERFACE.
12523.682:0138:0194:warn:vkd3d-proton:d3d12_device_QueryInterface: {0742a90b-c387-483f-b946-30a7e4e61458} not implemented, returning E_NOINTERFACE.
12523.701:0138:0194:warn:vkd3d-proton:d3d12_device_QueryInterface: {0742a90b-c387-483f-b946-30a7e4e61458} not implemented, returning E_NOINTERFACE.
12523.716:0138:0194:warn:vkd3d-proton:d3d12_device_QueryInterface: {0742a90b-c387-483f-b946-30a7e4e61458} not implemented, returning E_NOINTERFACE.
12523.730:0138:0194:warn:vkd3d-proton:d3d12_device_QueryInterface: {0742a90b-c387-483f-b946-30a7e4e61458} not implemented, returning E_NOINTERFACE.
12523.759:0138:0194:warn:vkd3d-proton:d3d12_device_QueryInterface: {0742a90b-c387-483f-b946-30a7e4e61458} not implemented, returning E_NOINTERFACE.
12523.766:0138:0194:warn:vkd3d-proton:d3d12_device_QueryInterface: {0742a90b-c387-483f-b946-30a7e4e61458} not implemented, returning E_NOINTERFACE.
12523.784:0138:0194:warn:vkd3d-proton:d3d12_device_QueryInterface: {0742a90b-c387-483f-b946-30a7e4e61458} not implemented, returning E_NOINTERFACE.
12523.798:0138:0194:warn:vkd3d-proton:d3d12_device_QueryInterface: {0742a90b-c387-483f-b946-30a7e4e61458} not implemented, returning E_NOINTERFACE.
12523.816:0138:0194:warn:vkd3d-proton:d3d12_device_QueryInterface: {0742a90b-c387-483f-b946-30a7e4e61458} not implemented, returning E_NOINTERFACE.
12523.833:0138:0194:warn:vkd3d-proton:d3d12_device_QueryInterface: {0742a90b-c387-483f-b946-30a7e4e61458} not implemented, returning E_NOINTERFACE.
12523.850:0138:0194:warn:vkd3d-proton:d3d12_device_QueryInterface: {0742a90b-c387-483f-b946-30a7e4e61458} not implemented, returning E_NOINTERFACE.
12523.864:0138:0194:warn:vkd3d-proton:d3d12_device_QueryInterface: {0742a90b-c387-483f-b946-30a7e4e61458} not implemented, returning E_NOINTERFACE.
12523.881:0138:0194:warn:vkd3d-proton:d3d12_device_QueryInterface: {0742a90b-c387-483f-b946-30a7e4e61458} not implemented, returning E_NOINTERFACE.
12523.898:0138:0194:warn:vkd3d-proton:d3d12_device_QueryInterface: {0742a90b-c387-483f-b946-30a7e4e61458} not implemented, returning E_NOINTERFACE.
12523.914:0138:0194:warn:vkd3d-proton:d3d12_device_QueryInterface: {0742a90b-c387-483f-b946-30a7e4e61458} not implemented, returning E_NOINTERFACE.
12523.931:0138:0194:warn:vkd3d-proton:d3d12_device_QueryInterface: {0742a90b-c387-483f-b946-30a7e4e61458} not implemented, returning E_NOINTERFACE.
12523.947:0138:0194:warn:vkd3d-proton:d3d12_device_QueryInterface: {0742a90b-c387-483f-b946-30a7e4e61458} not implemented, returning E_NOINTERFACE.
12523.967:0138:0198:warn:vkd3d-proton:d3d12_device_QueryInterface: {0742a90b-c387-483f-b946-30a7e4e61458} not implemented, returning E_NOINTERFACE.
12523.983:0138:0198:warn:vkd3d-proton:d3d12_device_QueryInterface: {0742a90b-c387-483f-b946-30a7e4e61458} not implemented, returning E_NOINTERFACE.
12524.001:0138:0198:warn:vkd3d-proton:d3d12_device_QueryInterface: {0742a90b-c387-483f-b946-30a7e4e61458} not implemented, returning E_NOINTERFACE.
12524.018:0138:0198:warn:vkd3d-proton:d3d12_device_QueryInterface: {0742a90b-c387-483f-b946-30a7e4e61458} not implemented, returning E_NOINTERFACE.
12524.033:0138:0198:warn:vkd3d-proton:d3d12_device_QueryInterface: {0742a90b-c387-483f-b946-30a7e4e61458} not implemented, returning E_NOINTERFACE.
12524.049:0138:0198:warn:vkd3d-proton:d3d12_device_QueryInterface: {0742a90b-c387-483f-b946-30a7e4e61458} not implemented, returning E_NOINTERFACE.
12524.067:0138:0198:warn:vkd3d-proton:d3d12_device_QueryInterface: {0742a90b-c387-483f-b946-30a7e4e61458} not implemented, returning E_NOINTERFACE.
12524.084:0138:0198:warn:vkd3d-proton:d3d12_device_QueryInterface: {0742a90b-c387-483f-b946-30a7e4e61458} not implemented, returning E_NOINTERFACE.
12524.102:0138:0198:warn:vkd3d-proton:d3d12_device_QueryInterface: {0742a90b-c387-483f-b946-30a7e4e61458} not implemented, returning E_NOINTERFACE.
12524.117:0138:0198:warn:vkd3d-proton:d3d12_device_QueryInterface: {0742a90b-c387-483f-b946-30a7e4e61458} not implemented, returning E_NOINTERFACE.
12524.134:0138:0198:warn:vkd3d-proton:d3d12_device_QueryInterface: {0742a90b-c387-483f-b946-30a7e4e61458} not implemented, returning E_NOINTERFACE.
12524.152:0138:0198:warn:vkd3d-proton:d3d12_device_QueryInterface: {0742a90b-c387-483f-b946-30a7e4e61458} not implemented, returning E_NOINTERFACE.
12524.170:0138:0198:warn:vkd3d-proton:d3d12_device_QueryInterface: {0742a90b-c387-483f-b946-30a7e4e61458} not implemented, returning E_NOINTERFACE.
12524.185:0138:0198:warn:vkd3d-proton:d3d12_device_QueryInterface: {0742a90b-c387-483f-b946-30a7e4e61458} not implemented, returning E_NOINTERFACE.
12524.202:0138:0198:warn:vkd3d-proton:d3d12_device_QueryInterface: {0742a90b-c387-483f-b946-30a7e4e61458} not implemented, returning E_NOINTERFACE.
12524.220:0138:0198:warn:vkd3d-proton:d3d12_device_QueryInterface: {0742a90b-c387-483f-b946-30a7e4e61458} not implemented, returning E_NOINTERFACE.
12524.236:0138:0198:warn:vkd3d-proton:d3d12_device_QueryInterface: {0742a90b-c387-483f-b946-30a7e4e61458} not implemented, returning E_NOINTERFACE.
12524.252:0138:0198:warn:vkd3d-proton:d3d12_device_QueryInterface: {0742a90b-c387-483f-b946-30a7e4e61458} not implemented, returning E_NOINTERFACE.
12524.268:0138:0198:warn:vkd3d-proton:d3d12_device_QueryInterface: {0742a90b-c387-483f-b946-30a7e4e61458} not implemented, returning E_NOINTERFACE.
12524.286:0138:0198:warn:vkd3d-proton:d3d12_device_QueryInterface: {0742a90b-c387-483f-b946-30a7e4e61458} not implemented, returning E_NOINTERFACE.
12524.302:0138:0198:warn:vkd3d-proton:d3d12_device_QueryInterface: {0742a90b-c387-483f-b946-30a7e4e61458} not implemented, returning E_NOINTERFACE.
12524.344:0138:01a0:warn:vkd3d-proton:d3d12_device_QueryInterface: {0742a90b-c387-483f-b946-30a7e4e61458} not implemented, returning E_NOINTERFACE.
12524.352:0138:01a0:warn:vkd3d-proton:d3d12_device_QueryInterface: {0742a90b-c387-483f-b946-30a7e4e61458} not implemented, returning E_NOINTERFACE.
12524.355:0138:01a0:warn:vkd3d-proton:d3d12_device_QueryInterface: {0742a90b-c387-483f-b946-30a7e4e61458} not implemented, returning E_NOINTERFACE.
12524.366:0138:01a0:warn:vkd3d-proton:d3d12_device_QueryInterface: {0742a90b-c387-483f-b946-30a7e4e61458} not implemented, returning E_NOINTERFACE.
12524.383:0138:01a0:warn:vkd3d-proton:d3d12_device_QueryInterface: {0742a90b-c387-483f-b946-30a7e4e61458} not implemented, returning E_NOINTERFACE.
12524.400:0138:01a0:warn:vkd3d-proton:d3d12_device_QueryInterface: {0742a90b-c387-483f-b946-30a7e4e61458} not implemented, returning E_NOINTERFACE.
12524.419:0138:01a0:warn:vkd3d-proton:d3d12_device_QueryInterface: {0742a90b-c387-483f-b946-30a7e4e61458} not implemented, returning E_NOINTERFACE.
12524.431:0138:01a0:warn:vkd3d-proton:d3d12_device_QueryInterface: {0742a90b-c387-483f-b946-30a7e4e61458} not implemented, returning E_NOINTERFACE.
12524.448:0138:01a0:warn:vkd3d-proton:d3d12_device_QueryInterface: {0742a90b-c387-483f-b946-30a7e4e61458} not implemented, returning E_NOINTERFACE.
12524.464:0138:01a0:warn:vkd3d-proton:d3d12_device_QueryInterface: {0742a90b-c387-483f-b946-30a7e4e61458} not implemented, returning E_NOINTERFACE.
12524.481:0138:01a0:warn:vkd3d-proton:d3d12_device_QueryInterface: {0742a90b-c387-483f-b946-30a7e4e61458} not implemented, returning E_NOINTERFACE.
12524.499:0138:01a0:warn:vkd3d-proton:d3d12_device_QueryInterface: {0742a90b-c387-483f-b946-30a7e4e61458} not implemented, returning E_NOINTERFACE.
12524.516:0138:0198:warn:vkd3d-proton:d3d12_device_QueryInterface: {0742a90b-c387-483f-b946-30a7e4e61458} not implemented, returning E_NOINTERFACE.
12524.531:0138:0198:warn:vkd3d-proton:d3d12_device_QueryInterface: {0742a90b-c387-483f-b946-30a7e4e61458} not implemented, returning E_NOINTERFACE.
12524.548:0138:0198:warn:vkd3d-proton:d3d12_device_QueryInterface: {0742a90b-c387-483f-b946-30a7e4e61458} not implemented, returning E_NOINTERFACE.
12524.566:0138:0198:warn:vkd3d-proton:d3d12_device_QueryInterface: {0742a90b-c387-483f-b946-30a7e4e61458} not implemented, returning E_NOINTERFACE.
12524.581:0138:0198:warn:vkd3d-proton:d3d12_device_QueryInterface: {0742a90b-c387-483f-b946-30a7e4e61458} not implemented, returning E_NOINTERFACE.
12524.598:0138:01a0:warn:vkd3d-proton:d3d12_device_QueryInterface: {0742a90b-c387-483f-b946-30a7e4e61458} not implemented, returning E_NOINTERFACE.
12524.615:0138:01a0:warn:vkd3d-proton:d3d12_device_QueryInterface: {0742a90b-c387-483f-b946-30a7e4e61458} not implemented, returning E_NOINTERFACE.
12524.637:0138:01a0:warn:vkd3d-proton:d3d12_device_QueryInterface: {0742a90b-c387-483f-b946-30a7e4e61458} not implemented, returning E_NOINTERFACE.
12524.652:0138:01a0:warn:vkd3d-proton:d3d12_device_QueryInterface: {0742a90b-c387-483f-b946-30a7e4e61458} not implemented, returning E_NOINTERFACE.
12524.668:0138:01a0:warn:vkd3d-proton:d3d12_device_QueryInterface: {0742a90b-c387-483f-b946-30a7e4e61458} not implemented, returning E_NOINTERFACE.
12524.685:0138:01a0:warn:vkd3d-proton:d3d12_device_QueryInterface: {0742a90b-c387-483f-b946-30a7e4e61458} not implemented, returning E_NOINTERFACE.
12524.703:0138:01a0:warn:vkd3d-proton:d3d12_device_QueryInterface: {0742a90b-c387-483f-b946-30a7e4e61458} not implemented, returning E_NOINTERFACE.
12524.717:0138:01a0:warn:vkd3d-proton:d3d12_device_QueryInterface: {0742a90b-c387-483f-b946-30a7e4e61458} not implemented, returning E_NOINTERFACE.
12524.732:0138:01a0:warn:vkd3d-proton:d3d12_device_QueryInterface: {0742a90b-c387-483f-b946-30a7e4e61458} not implemented, returning E_NOINTERFACE.
12524.749:0138:01a0:warn:vkd3d-proton:d3d12_device_QueryInterface: {0742a90b-c387-483f-b946-30a7e4e61458} not implemented, returning E_NOINTERFACE.
12524.768:0138:01a0:warn:vkd3d-proton:d3d12_device_QueryInterface: {0742a90b-c387-483f-b946-30a7e4e61458} not implemented, returning E_NOINTERFACE.
12524.782:0138:01a0:warn:vkd3d-proton:d3d12_device_QueryInterface: {0742a90b-c387-483f-b946-30a7e4e61458} not implemented, returning E_NOINTERFACE.
12524.798:0138:01a0:warn:vkd3d-proton:d3d12_device_QueryInterface: {0742a90b-c387-483f-b946-30a7e4e61458} not implemented, returning E_NOINTERFACE.
12524.816:0138:01a0:warn:vkd3d-proton:d3d12_device_QueryInterface: {0742a90b-c387-483f-b946-30a7e4e61458} not implemented, returning E_NOINTERFACE.
12524.834:0138:01a0:warn:vkd3d-proton:d3d12_device_QueryInterface: {0742a90b-c387-483f-b946-30a7e4e61458} not implemented, returning E_NOINTERFACE.
12524.850:0138:01a0:warn:vkd3d-proton:d3d12_device_QueryInterface: {0742a90b-c387-483f-b946-30a7e4e61458} not implemented, returning E_NOINTERFACE.
12524.865:0138:01a0:warn:vkd3d-proton:d3d12_device_QueryInterface: {0742a90b-c387-483f-b946-30a7e4e61458} not implemented, returning E_NOINTERFACE.
12524.884:0138:01a0:warn:vkd3d-proton:d3d12_device_QueryInterface: {0742a90b-c387-483f-b946-30a7e4e61458} not implemented, returning E_NOINTERFACE.
12524.912:0138:0198:warn:vkd3d-proton:d3d12_device_QueryInterface: {0742a90b-c387-483f-b946-30a7e4e61458} not implemented, returning E_NOINTERFACE.
12525.051:0138:0194:warn:vkd3d-proton:d3d12_device_QueryInterface: {0742a90b-c387-483f-b946-30a7e4e61458} not implemented, returning E_NOINTERFACE.
12525.054:0138:0194:warn:vkd3d-proton:d3d12_device_QueryInterface: {0742a90b-c387-483f-b946-30a7e4e61458} not implemented, returning E_NOINTERFACE.
12525.081:0138:019c:warn:vkd3d-proton:d3d12_device_QueryInterface: {0742a90b-c387-483f-b946-30a7e4e61458} not implemented, returning E_NOINTERFACE.
12525.083:0138:019c:warn:vkd3d-proton:d3d12_device_QueryInterface: {0742a90b-c387-483f-b946-30a7e4e61458} not implemented, returning E_NOINTERFACE.
12525.086:0138:019c:warn:vkd3d-proton:d3d12_device_QueryInterface: {0742a90b-c387-483f-b946-30a7e4e61458} not implemented, returning E_NOINTERFACE.
12525.098:0138:01a0:warn:vkd3d-proton:d3d12_device_QueryInterface: {0742a90b-c387-483f-b946-30a7e4e61458} not implemented, returning E_NOINTERFACE.
12525.115:0138:01a0:warn:vkd3d-proton:d3d12_device_QueryInterface: {0742a90b-c387-483f-b946-30a7e4e61458} not implemented, returning E_NOINTERFACE.
12525.133:0138:01a0:warn:vkd3d-proton:d3d12_device_QueryInterface: {0742a90b-c387-483f-b946-30a7e4e61458} not implemented, returning E_NOINTERFACE.
12525.149:0138:01a0:warn:vkd3d-proton:d3d12_device_QueryInterface: {0742a90b-c387-483f-b946-30a7e4e61458} not implemented, returning E_NOINTERFACE.
12525.165:0138:01a0:warn:vkd3d-proton:d3d12_device_QueryInterface: {0742a90b-c387-483f-b946-30a7e4e61458} not implemented, returning E_NOINTERFACE.
12525.182:0138:0194:warn:vkd3d-proton:d3d12_device_QueryInterface: {0742a90b-c387-483f-b946-30a7e4e61458} not implemented, returning E_NOINTERFACE.
12525.198:0138:0194:warn:vkd3d-proton:d3d12_device_QueryInterface: {0742a90b-c387-483f-b946-30a7e4e61458} not implemented, returning E_NOINTERFACE.
12525.217:0138:0194:warn:vkd3d-proton:d3d12_device_QueryInterface: {0742a90b-c387-483f-b946-30a7e4e61458} not implemented, returning E_NOINTERFACE.
12525.232:0138:0194:warn:vkd3d-proton:d3d12_device_QueryInterface: {0742a90b-c387-483f-b946-30a7e4e61458} not implemented, returning E_NOINTERFACE.
12525.248:0138:0194:warn:vkd3d-proton:d3d12_device_QueryInterface: {0742a90b-c387-483f-b946-30a7e4e61458} not implemented, returning E_NOINTERFACE.
12525.276:0138:0198:warn:vkd3d-proton:d3d12_device_QueryInterface: {0742a90b-c387-483f-b946-30a7e4e61458} not implemented, returning E_NOINTERFACE.
12525.283:0138:0198:warn:vkd3d-proton:d3d12_device_QueryInterface: {0742a90b-c387-483f-b946-30a7e4e61458} not implemented, returning E_NOINTERFACE.
12525.298:0138:0198:warn:vkd3d-proton:d3d12_device_QueryInterface: {0742a90b-c387-483f-b946-30a7e4e61458} not implemented, returning E_NOINTERFACE.
12525.318:0138:0198:warn:vkd3d-proton:d3d12_device_QueryInterface: {0742a90b-c387-483f-b946-30a7e4e61458} not implemented, returning E_NOINTERFACE.
12525.333:0138:0198:warn:vkd3d-proton:d3d12_device_QueryInterface: {0742a90b-c387-483f-b946-30a7e4e61458} not implemented, returning E_NOINTERFACE.
12525.349:0138:0198:warn:vkd3d-proton:d3d12_device_QueryInterface: {0742a90b-c387-483f-b946-30a7e4e61458} not implemented, returning E_NOINTERFACE.
12525.368:0138:0198:warn:vkd3d-proton:d3d12_device_QueryInterface: {0742a90b-c387-483f-b946-30a7e4e61458} not implemented, returning E_NOINTERFACE.
12525.385:0138:0198:warn:vkd3d-proton:d3d12_device_QueryInterface: {0742a90b-c387-483f-b946-30a7e4e61458} not implemented, returning E_NOINTERFACE.
12525.399:0138:0198:warn:vkd3d-proton:d3d12_device_QueryInterface: {0742a90b-c387-483f-b946-30a7e4e61458} not implemented, returning E_NOINTERFACE.
12525.416:0138:0198:warn:vkd3d-proton:d3d12_device_QueryInterface: {0742a90b-c387-483f-b946-30a7e4e61458} not implemented, returning E_NOINTERFACE.
12525.433:0138:019c:warn:vkd3d-proton:d3d12_device_QueryInterface: {0742a90b-c387-483f-b946-30a7e4e61458} not implemented, returning E_NOINTERFACE.
12525.450:0138:019c:warn:vkd3d-proton:d3d12_device_QueryInterface: {0742a90b-c387-483f-b946-30a7e4e61458} not implemented, returning E_NOINTERFACE.
12525.469:0138:019c:warn:vkd3d-proton:d3d12_device_QueryInterface: {0742a90b-c387-483f-b946-30a7e4e61458} not implemented, returning E_NOINTERFACE.
12525.484:0138:019c:warn:vkd3d-proton:d3d12_device_QueryInterface: {0742a90b-c387-483f-b946-30a7e4e61458} not implemented, returning E_NOINTERFACE.
12525.501:0138:019c:warn:vkd3d-proton:d3d12_device_QueryInterface: {0742a90b-c387-483f-b946-30a7e4e61458} not implemented, returning E_NOINTERFACE.
12525.517:0138:019c:warn:vkd3d-proton:d3d12_device_QueryInterface: {0742a90b-c387-483f-b946-30a7e4e61458} not implemented, returning E_NOINTERFACE.
12525.536:0138:019c:warn:vkd3d-proton:d3d12_device_QueryInterface: {0742a90b-c387-483f-b946-30a7e4e61458} not implemented, returning E_NOINTERFACE.
12525.551:0138:019c:warn:vkd3d-proton:d3d12_device_QueryInterface: {0742a90b-c387-483f-b946-30a7e4e61458} not implemented, returning E_NOINTERFACE.
12525.568:0138:019c:warn:vkd3d-proton:d3d12_device_QueryInterface: {0742a90b-c387-483f-b946-30a7e4e61458} not implemented, returning E_NOINTERFACE.
12525.584:0138:019c:warn:vkd3d-proton:d3d12_device_QueryInterface: {0742a90b-c387-483f-b946-30a7e4e61458} not implemented, returning E_NOINTERFACE.
12525.602:0138:019c:warn:vkd3d-proton:d3d12_device_QueryInterface: {0742a90b-c387-483f-b946-30a7e4e61458} not implemented, returning E_NOINTERFACE.
12525.619:0138:019c:warn:vkd3d-proton:d3d12_device_QueryInterface: {0742a90b-c387-483f-b946-30a7e4e61458} not implemented, returning E_NOINTERFACE.
12525.634:0138:019c:warn:vkd3d-proton:d3d12_device_QueryInterface: {0742a90b-c387-483f-b946-30a7e4e61458} not implemented, returning E_NOINTERFACE.
12525.651:0138:019c:warn:vkd3d-proton:d3d12_device_QueryInterface: {0742a90b-c387-483f-b946-30a7e4e61458} not implemented, returning E_NOINTERFACE.
12525.669:0138:019c:warn:vkd3d-proton:d3d12_device_QueryInterface: {0742a90b-c387-483f-b946-30a7e4e61458} not implemented, returning E_NOINTERFACE.
12525.687:0138:019c:warn:vkd3d-proton:d3d12_device_QueryInterface: {0742a90b-c387-483f-b946-30a7e4e61458} not implemented, returning E_NOINTERFACE.
12525.701:0138:019c:warn:vkd3d-proton:d3d12_device_QueryInterface: {0742a90b-c387-483f-b946-30a7e4e61458} not implemented, returning E_NOINTERFACE.
12525.717:0138:0194:warn:vkd3d-proton:d3d12_device_QueryInterface: {0742a90b-c387-483f-b946-30a7e4e61458} not implemented, returning E_NOINTERFACE.
12525.733:0138:0194:warn:vkd3d-proton:d3d12_device_QueryInterface: {0742a90b-c387-483f-b946-30a7e4e61458} not implemented, returning E_NOINTERFACE.
12525.749:0138:0194:warn:vkd3d-proton:d3d12_device_QueryInterface: {0742a90b-c387-483f-b946-30a7e4e61458} not implemented, returning E_NOINTERFACE.
12525.773:0138:0194:warn:vkd3d-proton:d3d12_device_QueryInterface: {0742a90b-c387-483f-b946-30a7e4e61458} not implemented, returning E_NOINTERFACE.
12525.785:0138:0194:warn:vkd3d-proton:d3d12_device_QueryInterface: {0742a90b-c387-483f-b946-30a7e4e61458} not implemented, returning E_NOINTERFACE.
12525.799:0138:0194:warn:vkd3d-proton:d3d12_device_QueryInterface: {0742a90b-c387-483f-b946-30a7e4e61458} not implemented, returning E_NOINTERFACE.
12525.816:0138:0194:warn:vkd3d-proton:d3d12_device_QueryInterface: {0742a90b-c387-483f-b946-30a7e4e61458} not implemented, returning E_NOINTERFACE.
12525.832:0138:0194:warn:vkd3d-proton:d3d12_device_QueryInterface: {0742a90b-c387-483f-b946-30a7e4e61458} not implemented, returning E_NOINTERFACE.
12525.854:0138:01a0:warn:vkd3d-proton:d3d12_device_QueryInterface: {0742a90b-c387-483f-b946-30a7e4e61458} not implemented, returning E_NOINTERFACE.
12525.869:0138:01a0:warn:vkd3d-proton:d3d12_device_QueryInterface: {0742a90b-c387-483f-b946-30a7e4e61458} not implemented, returning E_NOINTERFACE.
12525.886:0138:01a0:warn:vkd3d-proton:d3d12_device_QueryInterface: {0742a90b-c387-483f-b946-30a7e4e61458} not implemented, returning E_NOINTERFACE.
12525.902:0138:01a0:warn:vkd3d-proton:d3d12_device_QueryInterface: {0742a90b-c387-483f-b946-30a7e4e61458} not implemented, returning E_NOINTERFACE.
12525.921:0138:01a0:warn:vkd3d-proton:d3d12_device_QueryInterface: {0742a90b-c387-483f-b946-30a7e4e61458} not implemented, returning E_NOINTERFACE.
12525.934:0138:01a0:warn:vkd3d-proton:d3d12_device_QueryInterface: {0742a90b-c387-483f-b946-30a7e4e61458} not implemented, returning E_NOINTERFACE.
12525.951:0138:01a0:warn:vkd3d-proton:d3d12_device_QueryInterface: {0742a90b-c387-483f-b946-30a7e4e61458} not implemented, returning E_NOINTERFACE.
12525.968:0138:01a0:warn:vkd3d-proton:d3d12_device_QueryInterface: {0742a90b-c387-483f-b946-30a7e4e61458} not implemented, returning E_NOINTERFACE.
12525.987:0138:01a0:warn:vkd3d-proton:d3d12_device_QueryInterface: {0742a90b-c387-483f-b946-30a7e4e61458} not implemented, returning E_NOINTERFACE.
12526.003:0138:01a0:warn:vkd3d-proton:d3d12_device_QueryInterface: {0742a90b-c387-483f-b946-30a7e4e61458} not implemented, returning E_NOINTERFACE.
12526.019:0138:01a0:warn:vkd3d-proton:d3d12_device_QueryInterface: {0742a90b-c387-483f-b946-30a7e4e61458} not implemented, returning E_NOINTERFACE.
12526.036:0138:01a0:warn:vkd3d-proton:d3d12_device_QueryInterface: {0742a90b-c387-483f-b946-30a7e4e61458} not implemented, returning E_NOINTERFACE.
12526.052:0138:01a0:warn:vkd3d-proton:d3d12_device_QueryInterface: {0742a90b-c387-483f-b946-30a7e4e61458} not implemented, returning E_NOINTERFACE.
12526.071:0138:01a0:warn:vkd3d-proton:d3d12_device_QueryInterface: {0742a90b-c387-483f-b946-30a7e4e61458} not implemented, returning E_NOINTERFACE.
12526.088:0138:01a0:warn:vkd3d-proton:d3d12_device_QueryInterface: {0742a90b-c387-483f-b946-30a7e4e61458} not implemented, returning E_NOINTERFACE.
12526.104:0138:01a0:warn:vkd3d-proton:d3d12_device_QueryInterface: {0742a90b-c387-483f-b946-30a7e4e61458} not implemented, returning E_NOINTERFACE.
12526.122:0138:01a0:warn:vkd3d-proton:d3d12_device_QueryInterface: {0742a90b-c387-483f-b946-30a7e4e61458} not implemented, returning E_NOINTERFACE.
12526.138:0138:01a0:warn:vkd3d-proton:d3d12_device_QueryInterface: {0742a90b-c387-483f-b946-30a7e4e61458} not implemented, returning E_NOINTERFACE.
12526.153:0138:01a0:warn:vkd3d-proton:d3d12_device_QueryInterface: {0742a90b-c387-483f-b946-30a7e4e61458} not implemented, returning E_NOINTERFACE.
12526.169:0138:01a0:warn:vkd3d-proton:d3d12_device_QueryInterface: {0742a90b-c387-483f-b946-30a7e4e61458} not implemented, returning E_NOINTERFACE.
12526.187:0138:01a0:warn:vkd3d-proton:d3d12_device_QueryInterface: {0742a90b-c387-483f-b946-30a7e4e61458} not implemented, returning E_NOINTERFACE.
12526.202:0138:01a0:warn:vkd3d-proton:d3d12_device_QueryInterface: {0742a90b-c387-483f-b946-30a7e4e61458} not implemented, returning E_NOINTERFACE.
12526.217:0138:01a0:warn:vkd3d-proton:d3d12_device_QueryInterface: {0742a90b-c387-483f-b946-30a7e4e61458} not implemented, returning E_NOINTERFACE.
12526.235:0138:01a0:warn:vkd3d-proton:d3d12_device_QueryInterface: {0742a90b-c387-483f-b946-30a7e4e61458} not implemented, returning E_NOINTERFACE.
12526.254:0138:01a0:warn:vkd3d-proton:d3d12_device_QueryInterface: {0742a90b-c387-483f-b946-30a7e4e61458} not implemented, returning E_NOINTERFACE.
12526.268:0138:01a0:warn:vkd3d-proton:d3d12_device_QueryInterface: {0742a90b-c387-483f-b946-30a7e4e61458} not implemented, returning E_NOINTERFACE.
12526.686:0138:0194:warn:vkd3d-proton:d3d12_device_QueryInterface: {0742a90b-c387-483f-b946-30a7e4e61458} not implemented, returning E_NOINTERFACE.
12526.694:0138:0194:warn:vkd3d-proton:d3d12_device_QueryInterface: {0742a90b-c387-483f-b946-30a7e4e61458} not implemented, returning E_NOINTERFACE.
12526.702:0138:0194:warn:vkd3d-proton:d3d12_device_QueryInterface: {0742a90b-c387-483f-b946-30a7e4e61458} not implemented, returning E_NOINTERFACE.
12526.709:0138:0194:warn:vkd3d-proton:d3d12_device_QueryInterface: {0742a90b-c387-483f-b946-30a7e4e61458} not implemented, returning E_NOINTERFACE.
12526.721:0138:0194:warn:vkd3d-proton:d3d12_device_QueryInterface: {0742a90b-c387-483f-b946-30a7e4e61458} not implemented, returning E_NOINTERFACE.
12526.739:0138:0194:warn:vkd3d-proton:d3d12_device_QueryInterface: {0742a90b-c387-483f-b946-30a7e4e61458} not implemented, returning E_NOINTERFACE.
12526.755:0138:0194:warn:vkd3d-proton:d3d12_device_QueryInterface: {0742a90b-c387-483f-b946-30a7e4e61458} not implemented, returning E_NOINTERFACE.
12526.772:0138:0194:warn:vkd3d-proton:d3d12_device_QueryInterface: {0742a90b-c387-483f-b946-30a7e4e61458} not implemented, returning E_NOINTERFACE.
12526.791:0138:0194:warn:vkd3d-proton:d3d12_device_QueryInterface: {0742a90b-c387-483f-b946-30a7e4e61458} not implemented, returning E_NOINTERFACE.
12526.805:0138:0194:warn:vkd3d-proton:d3d12_device_QueryInterface: {0742a90b-c387-483f-b946-30a7e4e61458} not implemented, returning E_NOINTERFACE.
12526.819:0138:0194:warn:vkd3d-proton:d3d12_device_QueryInterface: {0742a90b-c387-483f-b946-30a7e4e61458} not implemented, returning E_NOINTERFACE.
12526.837:0138:0194:warn:vkd3d-proton:d3d12_device_QueryInterface: {0742a90b-c387-483f-b946-30a7e4e61458} not implemented, returning E_NOINTERFACE.
12526.879:0138:0194:warn:vkd3d-proton:d3d12_device_QueryInterface: {0742a90b-c387-483f-b946-30a7e4e61458} not implemented, returning E_NOINTERFACE.
12526.888:0138:0194:warn:vkd3d-proton:d3d12_device_QueryInterface: {0742a90b-c387-483f-b946-30a7e4e61458} not implemented, returning E_NOINTERFACE.
12526.902:0138:0194:warn:vkd3d-proton:d3d12_device_QueryInterface: {0742a90b-c387-483f-b946-30a7e4e61458} not implemented, returning E_NOINTERFACE.
12526.934:0138:01a0:warn:vkd3d-proton:d3d12_device_QueryInterface: {0742a90b-c387-483f-b946-30a7e4e61458} not implemented, returning E_NOINTERFACE.
12526.936:0138:01a0:warn:vkd3d-proton:d3d12_device_QueryInterface: {0742a90b-c387-483f-b946-30a7e4e61458} not implemented, returning E_NOINTERFACE.
12526.951:0138:0198:warn:vkd3d-proton:d3d12_device_QueryInterface: {0742a90b-c387-483f-b946-30a7e4e61458} not implemented, returning E_NOINTERFACE.
12526.968:0138:0198:warn:vkd3d-proton:d3d12_device_QueryInterface: {0742a90b-c387-483f-b946-30a7e4e61458} not implemented, returning E_NOINTERFACE.
12526.985:0138:0198:warn:vkd3d-proton:d3d12_device_QueryInterface: {0742a90b-c387-483f-b946-30a7e4e61458} not implemented, returning E_NOINTERFACE.
12527.001:0138:0198:warn:vkd3d-proton:d3d12_device_QueryInterface: {0742a90b-c387-483f-b946-30a7e4e61458} not implemented, returning E_NOINTERFACE.
12527.018:0138:0194:warn:vkd3d-proton:d3d12_device_QueryInterface: {0742a90b-c387-483f-b946-30a7e4e61458} not implemented, returning E_NOINTERFACE.
12527.037:0138:019c:warn:vkd3d-proton:d3d12_device_QueryInterface: {0742a90b-c387-483f-b946-30a7e4e61458} not implemented, returning E_NOINTERFACE.
12527.053:0138:019c:warn:vkd3d-proton:d3d12_device_QueryInterface: {0742a90b-c387-483f-b946-30a7e4e61458} not implemented, returning E_NOINTERFACE.
12527.069:0138:019c:warn:vkd3d-proton:d3d12_device_QueryInterface: {0742a90b-c387-483f-b946-30a7e4e61458} not implemented, returning E_NOINTERFACE.
12527.086:0138:019c:warn:vkd3d-proton:d3d12_device_QueryInterface: {0742a90b-c387-483f-b946-30a7e4e61458} not implemented, returning E_NOINTERFACE.
12527.103:0138:019c:warn:vkd3d-proton:d3d12_device_QueryInterface: {0742a90b-c387-483f-b946-30a7e4e61458} not implemented, returning E_NOINTERFACE.
12527.120:0138:019c:warn:vkd3d-proton:d3d12_device_QueryInterface: {0742a90b-c387-483f-b946-30a7e4e61458} not implemented, returning E_NOINTERFACE.
12527.136:0138:019c:warn:vkd3d-proton:d3d12_device_QueryInterface: {0742a90b-c387-483f-b946-30a7e4e61458} not implemented, returning E_NOINTERFACE.
12527.152:0138:019c:warn:vkd3d-proton:d3d12_device_QueryInterface: {0742a90b-c387-483f-b946-30a7e4e61458} not implemented, returning E_NOINTERFACE.
12527.169:0138:019c:warn:vkd3d-proton:d3d12_device_QueryInterface: {0742a90b-c387-483f-b946-30a7e4e61458} not implemented, returning E_NOINTERFACE.
12527.186:0138:019c:warn:vkd3d-proton:d3d12_device_QueryInterface: {0742a90b-c387-483f-b946-30a7e4e61458} not implemented, returning E_NOINTERFACE.
12527.203:0138:019c:warn:vkd3d-proton:d3d12_device_QueryInterface: {0742a90b-c387-483f-b946-30a7e4e61458} not implemented, returning E_NOINTERFACE.
12527.220:0138:019c:warn:vkd3d-proton:d3d12_device_QueryInterface: {0742a90b-c387-483f-b946-30a7e4e61458} not implemented, returning E_NOINTERFACE.
12527.237:0138:019c:warn:vkd3d-proton:d3d12_device_QueryInterface: {0742a90b-c387-483f-b946-30a7e4e61458} not implemented, returning E_NOINTERFACE.
12527.254:0138:019c:warn:vkd3d-proton:d3d12_device_QueryInterface: {0742a90b-c387-483f-b946-30a7e4e61458} not implemented, returning E_NOINTERFACE.
12527.270:0138:019c:warn:vkd3d-proton:d3d12_device_QueryInterface: {0742a90b-c387-483f-b946-30a7e4e61458} not implemented, returning E_NOINTERFACE.
12527.289:0138:019c:warn:vkd3d-proton:d3d12_device_QueryInterface: {0742a90b-c387-483f-b946-30a7e4e61458} not implemented, returning E_NOINTERFACE.
12527.304:0138:019c:warn:vkd3d-proton:d3d12_device_QueryInterface: {0742a90b-c387-483f-b946-30a7e4e61458} not implemented, returning E_NOINTERFACE.
12527.320:0138:019c:warn:vkd3d-proton:d3d12_device_QueryInterface: {0742a90b-c387-483f-b946-30a7e4e61458} not implemented, returning E_NOINTERFACE.
12527.336:0138:019c:warn:vkd3d-proton:d3d12_device_QueryInterface: {0742a90b-c387-483f-b946-30a7e4e61458} not implemented, returning E_NOINTERFACE.
12527.353:0138:019c:warn:vkd3d-proton:d3d12_device_QueryInterface: {0742a90b-c387-483f-b946-30a7e4e61458} not implemented, returning E_NOINTERFACE.
12527.369:0138:019c:warn:vkd3d-proton:d3d12_device_QueryInterface: {0742a90b-c387-483f-b946-30a7e4e61458} not implemented, returning E_NOINTERFACE.
12527.388:0138:019c:warn:vkd3d-proton:d3d12_device_QueryInterface: {0742a90b-c387-483f-b946-30a7e4e61458} not implemented, returning E_NOINTERFACE.
12527.402:0138:019c:warn:vkd3d-proton:d3d12_device_QueryInterface: {0742a90b-c387-483f-b946-30a7e4e61458} not implemented, returning E_NOINTERFACE.
12527.419:0138:019c:warn:vkd3d-proton:d3d12_device_QueryInterface: {0742a90b-c387-483f-b946-30a7e4e61458} not implemented, returning E_NOINTERFACE.
12527.436:0138:019c:warn:vkd3d-proton:d3d12_device_QueryInterface: {0742a90b-c387-483f-b946-30a7e4e61458} not implemented, returning E_NOINTERFACE.
12527.454:0138:019c:warn:vkd3d-proton:d3d12_device_QueryInterface: {0742a90b-c387-483f-b946-30a7e4e61458} not implemented, returning E_NOINTERFACE.
12527.477:0138:019c:warn:vkd3d-proton:d3d12_device_QueryInterface: {0742a90b-c387-483f-b946-30a7e4e61458} not implemented, returning E_NOINTERFACE.
12527.487:0138:019c:warn:vkd3d-proton:d3d12_device_QueryInterface: {0742a90b-c387-483f-b946-30a7e4e61458} not implemented, returning E_NOINTERFACE.
12527.504:0138:019c:warn:vkd3d-proton:d3d12_device_QueryInterface: {0742a90b-c387-483f-b946-30a7e4e61458} not implemented, returning E_NOINTERFACE.
12527.520:0138:019c:warn:vkd3d-proton:d3d12_device_QueryInterface: {0742a90b-c387-483f-b946-30a7e4e61458} not implemented, returning E_NOINTERFACE.
12527.536:0138:019c:warn:vkd3d-proton:d3d12_device_QueryInterface: {0742a90b-c387-483f-b946-30a7e4e61458} not implemented, returning E_NOINTERFACE.
12527.553:0138:019c:warn:vkd3d-proton:d3d12_device_QueryInterface: {0742a90b-c387-483f-b946-30a7e4e61458} not implemented, returning E_NOINTERFACE.
12527.570:0138:019c:warn:vkd3d-proton:d3d12_device_QueryInterface: {0742a90b-c387-483f-b946-30a7e4e61458} not implemented, returning E_NOINTERFACE.
12527.587:0138:019c:warn:vkd3d-proton:d3d12_device_QueryInterface: {0742a90b-c387-483f-b946-30a7e4e61458} not implemented, returning E_NOINTERFACE.
12527.603:0138:019c:warn:vkd3d-proton:d3d12_device_QueryInterface: {0742a90b-c387-483f-b946-30a7e4e61458} not implemented, returning E_NOINTERFACE.
12527.622:0138:019c:warn:vkd3d-proton:d3d12_device_QueryInterface: {0742a90b-c387-483f-b946-30a7e4e61458} not implemented, returning E_NOINTERFACE.
12527.638:0138:019c:warn:vkd3d-proton:d3d12_device_QueryInterface: {0742a90b-c387-483f-b946-30a7e4e61458} not implemented, returning E_NOINTERFACE.
12527.655:0138:019c:warn:vkd3d-proton:d3d12_device_QueryInterface: {0742a90b-c387-483f-b946-30a7e4e61458} not implemented, returning E_NOINTERFACE.
12527.672:0138:019c:warn:vkd3d-proton:d3d12_device_QueryInterface: {0742a90b-c387-483f-b946-30a7e4e61458} not implemented, returning E_NOINTERFACE.
12527.689:0138:019c:warn:vkd3d-proton:d3d12_device_QueryInterface: {0742a90b-c387-483f-b946-30a7e4e61458} not implemented, returning E_NOINTERFACE.
12527.706:0138:019c:warn:vkd3d-proton:d3d12_device_QueryInterface: {0742a90b-c387-483f-b946-30a7e4e61458} not implemented, returning E_NOINTERFACE.
12527.722:0138:019c:warn:vkd3d-proton:d3d12_device_QueryInterface: {0742a90b-c387-483f-b946-30a7e4e61458} not implemented, returning E_NOINTERFACE.
12527.739:0138:019c:warn:vkd3d-proton:d3d12_device_QueryInterface: {0742a90b-c387-483f-b946-30a7e4e61458} not implemented, returning E_NOINTERFACE.
12527.755:0138:019c:warn:vkd3d-proton:d3d12_device_QueryInterface: {0742a90b-c387-483f-b946-30a7e4e61458} not implemented, returning E_NOINTERFACE.
12527.771:0138:019c:warn:vkd3d-proton:d3d12_device_QueryInterface: {0742a90b-c387-483f-b946-30a7e4e61458} not implemented, returning E_NOINTERFACE.
12527.789:0138:019c:warn:vkd3d-proton:d3d12_device_QueryInterface: {0742a90b-c387-483f-b946-30a7e4e61458} not implemented, returning E_NOINTERFACE.
12527.803:0138:019c:warn:vkd3d-proton:d3d12_device_QueryInterface: {0742a90b-c387-483f-b946-30a7e4e61458} not implemented, returning E_NOINTERFACE.
12527.820:0138:019c:warn:vkd3d-proton:d3d12_device_QueryInterface: {0742a90b-c387-483f-b946-30a7e4e61458} not implemented, returning E_NOINTERFACE.
12527.837:0138:019c:warn:vkd3d-proton:d3d12_device_QueryInterface: {0742a90b-c387-483f-b946-30a7e4e61458} not implemented, returning E_NOINTERFACE.
12527.855:0138:019c:warn:vkd3d-proton:d3d12_device_QueryInterface: {0742a90b-c387-483f-b946-30a7e4e61458} not implemented, returning E_NOINTERFACE.
12527.871:0138:019c:warn:vkd3d-proton:d3d12_device_QueryInterface: {0742a90b-c387-483f-b946-30a7e4e61458} not implemented, returning E_NOINTERFACE.
12527.889:0138:019c:warn:vkd3d-proton:d3d12_device_QueryInterface: {0742a90b-c387-483f-b946-30a7e4e61458} not implemented, returning E_NOINTERFACE.
12527.905:0138:019c:warn:vkd3d-proton:d3d12_device_QueryInterface: {0742a90b-c387-483f-b946-30a7e4e61458} not implemented, returning E_NOINTERFACE.
12527.922:0138:019c:warn:vkd3d-proton:d3d12_device_QueryInterface: {0742a90b-c387-483f-b946-30a7e4e61458} not implemented, returning E_NOINTERFACE.
12527.938:0138:019c:warn:vkd3d-proton:d3d12_device_QueryInterface: {0742a90b-c387-483f-b946-30a7e4e61458} not implemented, returning E_NOINTERFACE.
12527.955:0138:019c:warn:vkd3d-proton:d3d12_device_QueryInterface: {0742a90b-c387-483f-b946-30a7e4e61458} not implemented, returning E_NOINTERFACE.
12527.973:0138:019c:warn:vkd3d-proton:d3d12_device_QueryInterface: {0742a90b-c387-483f-b946-30a7e4e61458} not implemented, returning E_NOINTERFACE.
12527.991:0138:019c:warn:vkd3d-proton:d3d12_device_QueryInterface: {0742a90b-c387-483f-b946-30a7e4e61458} not implemented, returning E_NOINTERFACE.
12528.006:0138:019c:warn:vkd3d-proton:d3d12_device_QueryInterface: {0742a90b-c387-483f-b946-30a7e4e61458} not implemented, returning E_NOINTERFACE.
12528.020:0138:019c:warn:vkd3d-proton:d3d12_device_QueryInterface: {0742a90b-c387-483f-b946-30a7e4e61458} not implemented, returning E_NOINTERFACE.
12528.036:0138:019c:warn:vkd3d-proton:d3d12_device_QueryInterface: {0742a90b-c387-483f-b946-30a7e4e61458} not implemented, returning E_NOINTERFACE.
12528.053:0138:01a0:warn:vkd3d-proton:d3d12_device_QueryInterface: {0742a90b-c387-483f-b946-30a7e4e61458} not implemented, returning E_NOINTERFACE.
12528.068:0138:01a0:warn:vkd3d-proton:d3d12_device_QueryInterface: {0742a90b-c387-483f-b946-30a7e4e61458} not implemented, returning E_NOINTERFACE.
12528.090:0138:0198:warn:vkd3d-proton:d3d12_device_QueryInterface: {0742a90b-c387-483f-b946-30a7e4e61458} not implemented, returning E_NOINTERFACE.
12528.103:0138:0198:warn:vkd3d-proton:d3d12_device_QueryInterface: {0742a90b-c387-483f-b946-30a7e4e61458} not implemented, returning E_NOINTERFACE.
12528.120:0138:0198:warn:vkd3d-proton:d3d12_device_QueryInterface: {0742a90b-c387-483f-b946-30a7e4e61458} not implemented, returning E_NOINTERFACE.
12528.138:0138:0198:warn:vkd3d-proton:d3d12_device_QueryInterface: {0742a90b-c387-483f-b946-30a7e4e61458} not implemented, returning E_NOINTERFACE.
12528.153:0138:0198:warn:vkd3d-proton:d3d12_device_QueryInterface: {0742a90b-c387-483f-b946-30a7e4e61458} not implemented, returning E_NOINTERFACE.
12528.169:0138:019c:warn:vkd3d-proton:d3d12_device_QueryInterface: {0742a90b-c387-483f-b946-30a7e4e61458} not implemented, returning E_NOINTERFACE.
12528.185:0138:0198:warn:vkd3d-proton:d3d12_device_QueryInterface: {0742a90b-c387-483f-b946-30a7e4e61458} not implemented, returning E_NOINTERFACE.
12528.203:0138:0198:warn:vkd3d-proton:d3d12_device_QueryInterface: {0742a90b-c387-483f-b946-30a7e4e61458} not implemented, returning E_NOINTERFACE.
12528.220:0138:0198:warn:vkd3d-proton:d3d12_device_QueryInterface: {0742a90b-c387-483f-b946-30a7e4e61458} not implemented, returning E_NOINTERFACE.
12528.235:0138:0198:warn:vkd3d-proton:d3d12_device_QueryInterface: {0742a90b-c387-483f-b946-30a7e4e61458} not implemented, returning E_NOINTERFACE.
12528.252:0138:0198:warn:vkd3d-proton:d3d12_device_QueryInterface: {0742a90b-c387-483f-b946-30a7e4e61458} not implemented, returning E_NOINTERFACE.
12528.270:0138:0198:warn:vkd3d-proton:d3d12_device_QueryInterface: {0742a90b-c387-483f-b946-30a7e4e61458} not implemented, returning E_NOINTERFACE.
12528.285:0138:01a0:warn:vkd3d-proton:d3d12_device_QueryInterface: {0742a90b-c387-483f-b946-30a7e4e61458} not implemented, returning E_NOINTERFACE.
12528.302:0138:01a0:warn:vkd3d-proton:d3d12_device_QueryInterface: {0742a90b-c387-483f-b946-30a7e4e61458} not implemented, returning E_NOINTERFACE.
12528.320:0138:01a0:warn:vkd3d-proton:d3d12_device_QueryInterface: {0742a90b-c387-483f-b946-30a7e4e61458} not implemented, returning E_NOINTERFACE.
12528.337:0138:01a0:warn:vkd3d-proton:d3d12_device_QueryInterface: {0742a90b-c387-483f-b946-30a7e4e61458} not implemented, returning E_NOINTERFACE.
12528.357:0138:01a0:warn:vkd3d-proton:d3d12_device_QueryInterface: {0742a90b-c387-483f-b946-30a7e4e61458} not implemented, returning E_NOINTERFACE.
12528.369:0138:01a0:warn:vkd3d-proton:d3d12_device_QueryInterface: {0742a90b-c387-483f-b946-30a7e4e61458} not implemented, returning E_NOINTERFACE.
12528.386:0138:01a0:warn:vkd3d-proton:d3d12_device_QueryInterface: {0742a90b-c387-483f-b946-30a7e4e61458} not implemented, returning E_NOINTERFACE.
12528.410:0138:0194:warn:vkd3d-proton:d3d12_device_QueryInterface: {0742a90b-c387-483f-b946-30a7e4e61458} not implemented, returning E_NOINTERFACE.
12528.424:0138:0194:warn:vkd3d-proton:d3d12_device_QueryInterface: {0742a90b-c387-483f-b946-30a7e4e61458} not implemented, returning E_NOINTERFACE.
12528.441:0138:0194:warn:vkd3d-proton:d3d12_device_QueryInterface: {0742a90b-c387-483f-b946-30a7e4e61458} not implemented, returning E_NOINTERFACE.
12528.456:0138:0194:warn:vkd3d-proton:d3d12_device_QueryInterface: {0742a90b-c387-483f-b946-30a7e4e61458} not implemented, returning E_NOINTERFACE.
12528.469:0138:0194:warn:vkd3d-proton:d3d12_device_QueryInterface: {0742a90b-c387-483f-b946-30a7e4e61458} not implemented, returning E_NOINTERFACE.
12528.490:0138:0198:warn:vkd3d-proton:d3d12_device_QueryInterface: {0742a90b-c387-483f-b946-30a7e4e61458} not implemented, returning E_NOINTERFACE.
12528.506:0138:0198:warn:vkd3d-proton:d3d12_device_QueryInterface: {0742a90b-c387-483f-b946-30a7e4e61458} not implemented, returning E_NOINTERFACE.
12528.524:0138:0198:warn:vkd3d-proton:d3d12_device_QueryInterface: {0742a90b-c387-483f-b946-30a7e4e61458} not implemented, returning E_NOINTERFACE.
12528.536:0138:0198:warn:vkd3d-proton:d3d12_device_QueryInterface: {0742a90b-c387-483f-b946-30a7e4e61458} not implemented, returning E_NOINTERFACE.
12528.552:0138:0198:warn:vkd3d-proton:d3d12_device_QueryInterface: {0742a90b-c387-483f-b946-30a7e4e61458} not implemented, returning E_NOINTERFACE.
12528.569:0138:0198:warn:vkd3d-proton:d3d12_device_QueryInterface: {0742a90b-c387-483f-b946-30a7e4e61458} not implemented, returning E_NOINTERFACE.
12528.586:0138:0198:warn:vkd3d-proton:d3d12_device_QueryInterface: {0742a90b-c387-483f-b946-30a7e4e61458} not implemented, returning E_NOINTERFACE.
12528.603:0138:0198:warn:vkd3d-proton:d3d12_device_QueryInterface: {0742a90b-c387-483f-b946-30a7e4e61458} not implemented, returning E_NOINTERFACE.
12528.624:0138:0198:warn:vkd3d-proton:d3d12_device_QueryInterface: {0742a90b-c387-483f-b946-30a7e4e61458} not implemented, returning E_NOINTERFACE.
12528.639:0138:0198:warn:vkd3d-proton:d3d12_device_QueryInterface: {0742a90b-c387-483f-b946-30a7e4e61458} not implemented, returning E_NOINTERFACE.
12528.657:0138:0198:warn:vkd3d-proton:d3d12_device_QueryInterface: {0742a90b-c387-483f-b946-30a7e4e61458} not implemented, returning E_NOINTERFACE.
12528.675:0138:0198:warn:vkd3d-proton:d3d12_device_QueryInterface: {0742a90b-c387-483f-b946-30a7e4e61458} not implemented, returning E_NOINTERFACE.
12528.690:0138:0198:warn:vkd3d-proton:d3d12_device_QueryInterface: {0742a90b-c387-483f-b946-30a7e4e61458} not implemented, returning E_NOINTERFACE.
12528.705:0138:0198:warn:vkd3d-proton:d3d12_device_QueryInterface: {0742a90b-c387-483f-b946-30a7e4e61458} not implemented, returning E_NOINTERFACE.
12528.720:0138:0198:warn:vkd3d-proton:d3d12_device_QueryInterface: {0742a90b-c387-483f-b946-30a7e4e61458} not implemented, returning E_NOINTERFACE.
12528.736:0138:0198:warn:vkd3d-proton:d3d12_device_QueryInterface: {0742a90b-c387-483f-b946-30a7e4e61458} not implemented, returning E_NOINTERFACE.
12528.752:0138:0198:warn:vkd3d-proton:d3d12_device_QueryInterface: {0742a90b-c387-483f-b946-30a7e4e61458} not implemented, returning E_NOINTERFACE.
12528.773:0138:0198:warn:vkd3d-proton:d3d12_device_QueryInterface: {0742a90b-c387-483f-b946-30a7e4e61458} not implemented, returning E_NOINTERFACE.
12528.787:0138:0198:warn:vkd3d-proton:d3d12_device_QueryInterface: {0742a90b-c387-483f-b946-30a7e4e61458} not implemented, returning E_NOINTERFACE.
12528.803:0138:0198:warn:vkd3d-proton:d3d12_device_QueryInterface: {0742a90b-c387-483f-b946-30a7e4e61458} not implemented, returning E_NOINTERFACE.
12528.819:0138:0198:warn:vkd3d-proton:d3d12_device_QueryInterface: {0742a90b-c387-483f-b946-30a7e4e61458} not implemented, returning E_NOINTERFACE.
12528.837:0138:0194:warn:vkd3d-proton:d3d12_device_QueryInterface: {0742a90b-c387-483f-b946-30a7e4e61458} not implemented, returning E_NOINTERFACE.
12528.852:0138:0194:warn:vkd3d-proton:d3d12_device_QueryInterface: {0742a90b-c387-483f-b946-30a7e4e61458} not implemented, returning E_NOINTERFACE.
12528.869:0138:0194:warn:vkd3d-proton:d3d12_device_QueryInterface: {0742a90b-c387-483f-b946-30a7e4e61458} not implemented, returning E_NOINTERFACE.
12528.886:0138:0194:warn:vkd3d-proton:d3d12_device_QueryInterface: {0742a90b-c387-483f-b946-30a7e4e61458} not implemented, returning E_NOINTERFACE.
12528.902:0138:0194:warn:vkd3d-proton:d3d12_device_QueryInterface: {0742a90b-c387-483f-b946-30a7e4e61458} not implemented, returning E_NOINTERFACE.
12528.919:0138:0198:warn:vkd3d-proton:d3d12_device_QueryInterface: {0742a90b-c387-483f-b946-30a7e4e61458} not implemented, returning E_NOINTERFACE.
12528.938:0138:0198:warn:vkd3d-proton:d3d12_device_QueryInterface: {0742a90b-c387-483f-b946-30a7e4e61458} not implemented, returning E_NOINTERFACE.
12528.954:0138:0198:warn:vkd3d-proton:d3d12_device_QueryInterface: {0742a90b-c387-483f-b946-30a7e4e61458} not implemented, returning E_NOINTERFACE.
12528.969:0138:0198:warn:vkd3d-proton:d3d12_device_QueryInterface: {0742a90b-c387-483f-b946-30a7e4e61458} not implemented, returning E_NOINTERFACE.
12528.986:0138:0198:warn:vkd3d-proton:d3d12_device_QueryInterface: {0742a90b-c387-483f-b946-30a7e4e61458} not implemented, returning E_NOINTERFACE.
12529.004:0138:0198:warn:vkd3d-proton:d3d12_device_QueryInterface: {0742a90b-c387-483f-b946-30a7e4e61458} not implemented, returning E_NOINTERFACE.
12529.020:0138:0198:warn:vkd3d-proton:d3d12_device_QueryInterface: {0742a90b-c387-483f-b946-30a7e4e61458} not implemented, returning E_NOINTERFACE.
12529.037:0138:0198:warn:vkd3d-proton:d3d12_device_QueryInterface: {0742a90b-c387-483f-b946-30a7e4e61458} not implemented, returning E_NOINTERFACE.
12529.055:0138:0198:warn:vkd3d-proton:d3d12_device_QueryInterface: {0742a90b-c387-483f-b946-30a7e4e61458} not implemented, returning E_NOINTERFACE.
12529.069:0138:0198:warn:vkd3d-proton:d3d12_device_QueryInterface: {0742a90b-c387-483f-b946-30a7e4e61458} not implemented, returning E_NOINTERFACE.
12529.088:0138:01a0:warn:vkd3d-proton:d3d12_device_QueryInterface: {0742a90b-c387-483f-b946-30a7e4e61458} not implemented, returning E_NOINTERFACE.
12529.103:0138:01a0:warn:vkd3d-proton:d3d12_device_QueryInterface: {0742a90b-c387-483f-b946-30a7e4e61458} not implemented, returning E_NOINTERFACE.
12529.120:0138:01a0:warn:vkd3d-proton:d3d12_device_QueryInterface: {0742a90b-c387-483f-b946-30a7e4e61458} not implemented, returning E_NOINTERFACE.
12529.136:0138:01a0:warn:vkd3d-proton:d3d12_device_QueryInterface: {0742a90b-c387-483f-b946-30a7e4e61458} not implemented, returning E_NOINTERFACE.
12529.153:0138:01a0:warn:vkd3d-proton:d3d12_device_QueryInterface: {0742a90b-c387-483f-b946-30a7e4e61458} not implemented, returning E_NOINTERFACE.
12529.169:0138:01a0:warn:vkd3d-proton:d3d12_device_QueryInterface: {0742a90b-c387-483f-b946-30a7e4e61458} not implemented, returning E_NOINTERFACE.
12529.194:0138:019c:warn:vkd3d-proton:d3d12_device_QueryInterface: {0742a90b-c387-483f-b946-30a7e4e61458} not implemented, returning E_NOINTERFACE.
12529.207:0138:019c:warn:vkd3d-proton:d3d12_device_QueryInterface: {0742a90b-c387-483f-b946-30a7e4e61458} not implemented, returning E_NOINTERFACE.
12529.226:0138:019c:warn:vkd3d-proton:d3d12_device_QueryInterface: {0742a90b-c387-483f-b946-30a7e4e61458} not implemented, returning E_NOINTERFACE.
12529.242:0138:019c:warn:vkd3d-proton:d3d12_device_QueryInterface: {0742a90b-c387-483f-b946-30a7e4e61458} not implemented, returning E_NOINTERFACE.
12529.257:0138:019c:warn:vkd3d-proton:d3d12_device_QueryInterface: {0742a90b-c387-483f-b946-30a7e4e61458} not implemented, returning E_NOINTERFACE.
12529.274:0138:019c:warn:vkd3d-proton:d3d12_device_QueryInterface: {0742a90b-c387-483f-b946-30a7e4e61458} not implemented, returning E_NOINTERFACE.
12529.286:0138:019c:warn:vkd3d-proton:d3d12_device_QueryInterface: {0742a90b-c387-483f-b946-30a7e4e61458} not implemented, returning E_NOINTERFACE.
12529.304:0138:019c:warn:vkd3d-proton:d3d12_device_QueryInterface: {0742a90b-c387-483f-b946-30a7e4e61458} not implemented, returning E_NOINTERFACE.
12529.319:0138:019c:warn:vkd3d-proton:d3d12_device_QueryInterface: {0742a90b-c387-483f-b946-30a7e4e61458} not implemented, returning E_NOINTERFACE.
12529.336:0138:0194:warn:vkd3d-proton:d3d12_device_QueryInterface: {0742a90b-c387-483f-b946-30a7e4e61458} not implemented, returning E_NOINTERFACE.
12529.354:0138:019c:warn:vkd3d-proton:d3d12_device_QueryInterface: {0742a90b-c387-483f-b946-30a7e4e61458} not implemented, returning E_NOINTERFACE.
12529.371:0138:0194:warn:vkd3d-proton:d3d12_device_QueryInterface: {0742a90b-c387-483f-b946-30a7e4e61458} not implemented, returning E_NOINTERFACE.
12529.387:0138:019c:warn:vkd3d-proton:d3d12_device_QueryInterface: {0742a90b-c387-483f-b946-30a7e4e61458} not implemented, returning E_NOINTERFACE.
12529.403:0138:0198:warn:vkd3d-proton:d3d12_device_QueryInterface: {0742a90b-c387-483f-b946-30a7e4e61458} not implemented, returning E_NOINTERFACE.
12529.420:0138:0198:warn:vkd3d-proton:d3d12_device_QueryInterface: {0742a90b-c387-483f-b946-30a7e4e61458} not implemented, returning E_NOINTERFACE.
12529.437:0138:0198:warn:vkd3d-proton:d3d12_device_QueryInterface: {0742a90b-c387-483f-b946-30a7e4e61458} not implemented, returning E_NOINTERFACE.
12529.453:0138:0194:warn:vkd3d-proton:d3d12_device_QueryInterface: {0742a90b-c387-483f-b946-30a7e4e61458} not implemented, returning E_NOINTERFACE.
12529.469:0138:0194:warn:vkd3d-proton:d3d12_device_QueryInterface: {0742a90b-c387-483f-b946-30a7e4e61458} not implemented, returning E_NOINTERFACE.
12529.487:0138:0198:warn:vkd3d-proton:d3d12_device_QueryInterface: {0742a90b-c387-483f-b946-30a7e4e61458} not implemented, returning E_NOINTERFACE.
12529.503:0138:0198:warn:vkd3d-proton:d3d12_device_QueryInterface: {0742a90b-c387-483f-b946-30a7e4e61458} not implemented, returning E_NOINTERFACE.
12529.521:0138:0198:warn:vkd3d-proton:d3d12_device_QueryInterface: {0742a90b-c387-483f-b946-30a7e4e61458} not implemented, returning E_NOINTERFACE.
12529.538:0138:0198:warn:vkd3d-proton:d3d12_device_QueryInterface: {0742a90b-c387-483f-b946-30a7e4e61458} not implemented, returning E_NOINTERFACE.
12529.554:0138:0198:warn:vkd3d-proton:d3d12_device_QueryInterface: {0742a90b-c387-483f-b946-30a7e4e61458} not implemented, returning E_NOINTERFACE.
12529.575:0138:0198:warn:vkd3d-proton:d3d12_device_QueryInterface: {0742a90b-c387-483f-b946-30a7e4e61458} not implemented, returning E_NOINTERFACE.
12529.587:0138:0198:warn:vkd3d-proton:d3d12_device_QueryInterface: {0742a90b-c387-483f-b946-30a7e4e61458} not implemented, returning E_NOINTERFACE.
12529.606:0138:019c:warn:vkd3d-proton:d3d12_device_QueryInterface: {0742a90b-c387-483f-b946-30a7e4e61458} not implemented, returning E_NOINTERFACE.
12529.622:0138:019c:warn:vkd3d-proton:d3d12_device_QueryInterface: {0742a90b-c387-483f-b946-30a7e4e61458} not implemented, returning E_NOINTERFACE.
12529.638:0138:019c:warn:vkd3d-proton:d3d12_device_QueryInterface: {0742a90b-c387-483f-b946-30a7e4e61458} not implemented, returning E_NOINTERFACE.
12529.654:0138:019c:warn:vkd3d-proton:d3d12_device_QueryInterface: {0742a90b-c387-483f-b946-30a7e4e61458} not implemented, returning E_NOINTERFACE.
12529.671:0138:019c:warn:vkd3d-proton:d3d12_device_QueryInterface: {0742a90b-c387-483f-b946-30a7e4e61458} not implemented, returning E_NOINTERFACE.
12529.686:0138:019c:warn:vkd3d-proton:d3d12_device_QueryInterface: {0742a90b-c387-483f-b946-30a7e4e61458} not implemented, returning E_NOINTERFACE.
12529.708:0138:01a0:warn:vkd3d-proton:d3d12_device_QueryInterface: {0742a90b-c387-483f-b946-30a7e4e61458} not implemented, returning E_NOINTERFACE.
12529.725:0138:01a0:warn:vkd3d-proton:d3d12_device_QueryInterface: {0742a90b-c387-483f-b946-30a7e4e61458} not implemented, returning E_NOINTERFACE.
12529.743:0138:01a0:warn:vkd3d-proton:d3d12_device_QueryInterface: {0742a90b-c387-483f-b946-30a7e4e61458} not implemented, returning E_NOINTERFACE.
12529.754:0138:01a0:warn:vkd3d-proton:d3d12_device_QueryInterface: {0742a90b-c387-483f-b946-30a7e4e61458} not implemented, returning E_NOINTERFACE.
12529.770:0138:01a0:warn:vkd3d-proton:d3d12_device_QueryInterface: {0742a90b-c387-483f-b946-30a7e4e61458} not implemented, returning E_NOINTERFACE.
12529.788:0138:01a0:warn:vkd3d-proton:d3d12_device_QueryInterface: {0742a90b-c387-483f-b946-30a7e4e61458} not implemented, returning E_NOINTERFACE.
12529.804:0138:01a0:warn:vkd3d-proton:d3d12_device_QueryInterface: {0742a90b-c387-483f-b946-30a7e4e61458} not implemented, returning E_NOINTERFACE.
12529.821:0138:01a0:warn:vkd3d-proton:d3d12_device_QueryInterface: {0742a90b-c387-483f-b946-30a7e4e61458} not implemented, returning E_NOINTERFACE.
12529.837:0138:01a0:warn:vkd3d-proton:d3d12_device_QueryInterface: {0742a90b-c387-483f-b946-30a7e4e61458} not implemented, returning E_NOINTERFACE.
12529.854:0138:01a0:warn:vkd3d-proton:d3d12_device_QueryInterface: {0742a90b-c387-483f-b946-30a7e4e61458} not implemented, returning E_NOINTERFACE.
12529.870:0138:01a0:warn:vkd3d-proton:d3d12_device_QueryInterface: {0742a90b-c387-483f-b946-30a7e4e61458} not implemented, returning E_NOINTERFACE.
12529.886:0138:01a0:warn:vkd3d-proton:d3d12_device_QueryInterface: {0742a90b-c387-483f-b946-30a7e4e61458} not implemented, returning E_NOINTERFACE.
12529.903:0138:01a0:warn:vkd3d-proton:d3d12_device_QueryInterface: {0742a90b-c387-483f-b946-30a7e4e61458} not implemented, returning E_NOINTERFACE.
12529.919:0138:01a0:warn:vkd3d-proton:d3d12_device_QueryInterface: {0742a90b-c387-483f-b946-30a7e4e61458} not implemented, returning E_NOINTERFACE.
12529.937:0138:0198:warn:vkd3d-proton:d3d12_device_QueryInterface: {0742a90b-c387-483f-b946-30a7e4e61458} not implemented, returning E_NOINTERFACE.
12529.955:0138:0198:warn:vkd3d-proton:d3d12_device_QueryInterface: {0742a90b-c387-483f-b946-30a7e4e61458} not implemented, returning E_NOINTERFACE.
12529.970:0138:0198:warn:vkd3d-proton:d3d12_device_QueryInterface: {0742a90b-c387-483f-b946-30a7e4e61458} not implemented, returning E_NOINTERFACE.
12529.986:0138:0198:warn:vkd3d-proton:d3d12_device_QueryInterface: {0742a90b-c387-483f-b946-30a7e4e61458} not implemented, returning E_NOINTERFACE.
12530.004:0138:019c:warn:vkd3d-proton:d3d12_device_QueryInterface: {0742a90b-c387-483f-b946-30a7e4e61458} not implemented, returning E_NOINTERFACE.
12530.020:0138:01a0:warn:vkd3d-proton:d3d12_device_QueryInterface: {0742a90b-c387-483f-b946-30a7e4e61458} not implemented, returning E_NOINTERFACE.
12530.038:0138:01a0:warn:vkd3d-proton:d3d12_device_QueryInterface: {0742a90b-c387-483f-b946-30a7e4e61458} not implemented, returning E_NOINTERFACE.
12530.055:0138:01a0:warn:vkd3d-proton:d3d12_device_QueryInterface: {0742a90b-c387-483f-b946-30a7e4e61458} not implemented, returning E_NOINTERFACE.
12530.070:0138:01a0:warn:vkd3d-proton:d3d12_device_QueryInterface: {0742a90b-c387-483f-b946-30a7e4e61458} not implemented, returning E_NOINTERFACE.
12530.087:0138:0198:warn:vkd3d-proton:d3d12_device_QueryInterface: {0742a90b-c387-483f-b946-30a7e4e61458} not implemented, returning E_NOINTERFACE.
12530.103:0138:019c:warn:vkd3d-proton:d3d12_device_QueryInterface: {0742a90b-c387-483f-b946-30a7e4e61458} not implemented, returning E_NOINTERFACE.
12530.120:0138:0198:warn:vkd3d-proton:d3d12_device_QueryInterface: {0742a90b-c387-483f-b946-30a7e4e61458} not implemented, returning E_NOINTERFACE.
12530.139:0138:0198:warn:vkd3d-proton:d3d12_device_QueryInterface: {0742a90b-c387-483f-b946-30a7e4e61458} not implemented, returning E_NOINTERFACE.
12530.154:0138:0198:warn:vkd3d-proton:d3d12_device_QueryInterface: {0742a90b-c387-483f-b946-30a7e4e61458} not implemented, returning E_NOINTERFACE.
12530.171:0138:0198:warn:vkd3d-proton:d3d12_device_QueryInterface: {0742a90b-c387-483f-b946-30a7e4e61458} not implemented, returning E_NOINTERFACE.
12530.187:0138:0198:warn:vkd3d-proton:d3d12_device_QueryInterface: {0742a90b-c387-483f-b946-30a7e4e61458} not implemented, returning E_NOINTERFACE.
12530.204:0138:0198:warn:vkd3d-proton:d3d12_device_QueryInterface: {0742a90b-c387-483f-b946-30a7e4e61458} not implemented, returning E_NOINTERFACE.
12530.222:0138:0198:warn:vkd3d-proton:d3d12_device_QueryInterface: {0742a90b-c387-483f-b946-30a7e4e61458} not implemented, returning E_NOINTERFACE.
12530.237:0138:0198:warn:vkd3d-proton:d3d12_device_QueryInterface: {0742a90b-c387-483f-b946-30a7e4e61458} not implemented, returning E_NOINTERFACE.
12530.255:0138:0194:warn:vkd3d-proton:d3d12_device_QueryInterface: {0742a90b-c387-483f-b946-30a7e4e61458} not implemented, returning E_NOINTERFACE.
12530.271:0138:0194:warn:vkd3d-proton:d3d12_device_QueryInterface: {0742a90b-c387-483f-b946-30a7e4e61458} not implemented, returning E_NOINTERFACE.
12530.287:0138:0194:warn:vkd3d-proton:d3d12_device_QueryInterface: {0742a90b-c387-483f-b946-30a7e4e61458} not implemented, returning E_NOINTERFACE.
12530.304:0138:01a0:warn:vkd3d-proton:d3d12_device_QueryInterface: {0742a90b-c387-483f-b946-30a7e4e61458} not implemented, returning E_NOINTERFACE.
12530.321:0138:01a0:warn:vkd3d-proton:d3d12_device_QueryInterface: {0742a90b-c387-483f-b946-30a7e4e61458} not implemented, returning E_NOINTERFACE.
12530.337:0138:01a0:warn:vkd3d-proton:d3d12_device_QueryInterface: {0742a90b-c387-483f-b946-30a7e4e61458} not implemented, returning E_NOINTERFACE.
12530.354:0138:01a0:warn:vkd3d-proton:d3d12_device_QueryInterface: {0742a90b-c387-483f-b946-30a7e4e61458} not implemented, returning E_NOINTERFACE.
12530.371:0138:01a0:warn:vkd3d-proton:d3d12_device_QueryInterface: {0742a90b-c387-483f-b946-30a7e4e61458} not implemented, returning E_NOINTERFACE.
12530.387:0138:01a0:warn:vkd3d-proton:d3d12_device_QueryInterface: {0742a90b-c387-483f-b946-30a7e4e61458} not implemented, returning E_NOINTERFACE.
12530.404:0138:01a0:warn:vkd3d-proton:d3d12_device_QueryInterface: {0742a90b-c387-483f-b946-30a7e4e61458} not implemented, returning E_NOINTERFACE.
12530.421:0138:01a0:warn:vkd3d-proton:d3d12_device_QueryInterface: {0742a90b-c387-483f-b946-30a7e4e61458} not implemented, returning E_NOINTERFACE.
12530.437:0138:01a0:warn:vkd3d-proton:d3d12_device_QueryInterface: {0742a90b-c387-483f-b946-30a7e4e61458} not implemented, returning E_NOINTERFACE.
12530.454:0138:01a0:warn:vkd3d-proton:d3d12_device_QueryInterface: {0742a90b-c387-483f-b946-30a7e4e61458} not implemented, returning E_NOINTERFACE.
12530.471:0138:01a0:warn:vkd3d-proton:d3d12_device_QueryInterface: {0742a90b-c387-483f-b946-30a7e4e61458} not implemented, returning E_NOINTERFACE.
12530.488:0138:01a0:warn:vkd3d-proton:d3d12_device_QueryInterface: {0742a90b-c387-483f-b946-30a7e4e61458} not implemented, returning E_NOINTERFACE.
12530.504:0138:01a0:warn:vkd3d-proton:d3d12_device_QueryInterface: {0742a90b-c387-483f-b946-30a7e4e61458} not implemented, returning E_NOINTERFACE.
12530.520:0138:01a0:warn:vkd3d-proton:d3d12_device_QueryInterface: {0742a90b-c387-483f-b946-30a7e4e61458} not implemented, returning E_NOINTERFACE.
12530.538:0138:01a0:warn:vkd3d-proton:d3d12_device_QueryInterface: {0742a90b-c387-483f-b946-30a7e4e61458} not implemented, returning E_NOINTERFACE.
12530.555:0138:0198:warn:vkd3d-proton:d3d12_device_QueryInterface: {0742a90b-c387-483f-b946-30a7e4e61458} not implemented, returning E_NOINTERFACE.
12530.570:0138:0198:warn:vkd3d-proton:d3d12_device_QueryInterface: {0742a90b-c387-483f-b946-30a7e4e61458} not implemented, returning E_NOINTERFACE.
12530.588:0138:0198:warn:vkd3d-proton:d3d12_device_QueryInterface: {0742a90b-c387-483f-b946-30a7e4e61458} not implemented, returning E_NOINTERFACE.
12530.605:0138:0198:warn:vkd3d-proton:d3d12_device_QueryInterface: {0742a90b-c387-483f-b946-30a7e4e61458} not implemented, returning E_NOINTERFACE.
12530.620:0138:0198:warn:vkd3d-proton:d3d12_device_QueryInterface: {0742a90b-c387-483f-b946-30a7e4e61458} not implemented, returning E_NOINTERFACE.
12530.639:0138:0198:warn:vkd3d-proton:d3d12_device_QueryInterface: {0742a90b-c387-483f-b946-30a7e4e61458} not implemented, returning E_NOINTERFACE.
12530.653:0138:0198:warn:vkd3d-proton:d3d12_device_QueryInterface: {0742a90b-c387-483f-b946-30a7e4e61458} not implemented, returning E_NOINTERFACE.
12530.671:0138:0194:warn:vkd3d-proton:d3d12_device_QueryInterface: {0742a90b-c387-483f-b946-30a7e4e61458} not implemented, returning E_NOINTERFACE.
12530.687:0138:019c:warn:vkd3d-proton:d3d12_device_QueryInterface: {0742a90b-c387-483f-b946-30a7e4e61458} not implemented, returning E_NOINTERFACE.
12530.704:0138:019c:warn:vkd3d-proton:d3d12_device_QueryInterface: {0742a90b-c387-483f-b946-30a7e4e61458} not implemented, returning E_NOINTERFACE.
12530.721:0138:0194:warn:vkd3d-proton:d3d12_device_QueryInterface: {0742a90b-c387-483f-b946-30a7e4e61458} not implemented, returning E_NOINTERFACE.
12530.737:0138:0194:warn:vkd3d-proton:d3d12_device_QueryInterface: {0742a90b-c387-483f-b946-30a7e4e61458} not implemented, returning E_NOINTERFACE.
12530.753:0138:01a0:warn:vkd3d-proton:d3d12_device_QueryInterface: {0742a90b-c387-483f-b946-30a7e4e61458} not implemented, returning E_NOINTERFACE.
12530.770:0138:0194:warn:vkd3d-proton:d3d12_device_QueryInterface: {0742a90b-c387-483f-b946-30a7e4e61458} not implemented, returning E_NOINTERFACE.
12530.789:0138:019c:warn:vkd3d-proton:d3d12_device_QueryInterface: {0742a90b-c387-483f-b946-30a7e4e61458} not implemented, returning E_NOINTERFACE.
12530.805:0138:019c:warn:vkd3d-proton:d3d12_device_QueryInterface: {0742a90b-c387-483f-b946-30a7e4e61458} not implemented, returning E_NOINTERFACE.
12530.820:0138:019c:warn:vkd3d-proton:d3d12_device_QueryInterface: {0742a90b-c387-483f-b946-30a7e4e61458} not implemented, returning E_NOINTERFACE.
12530.838:0138:019c:warn:vkd3d-proton:d3d12_device_QueryInterface: {0742a90b-c387-483f-b946-30a7e4e61458} not implemented, returning E_NOINTERFACE.
12531.103:0138:0198:warn:vkd3d-proton:d3d12_device_QueryInterface: {0742a90b-c387-483f-b946-30a7e4e61458} not implemented, returning E_NOINTERFACE.
12531.109:0138:0198:warn:vkd3d-proton:d3d12_device_QueryInterface: {0742a90b-c387-483f-b946-30a7e4e61458} not implemented, returning E_NOINTERFACE.
12531.121:0138:0194:warn:vkd3d-proton:d3d12_device_QueryInterface: {0742a90b-c387-483f-b946-30a7e4e61458} not implemented, returning E_NOINTERFACE.
12531.133:0138:01a0:warn:vkd3d-proton:d3d12_device_QueryInterface: {0742a90b-c387-483f-b946-30a7e4e61458} not implemented, returning E_NOINTERFACE.
12531.137:0138:01a0:warn:vkd3d-proton:d3d12_device_QueryInterface: {0742a90b-c387-483f-b946-30a7e4e61458} not implemented, returning E_NOINTERFACE.
12531.155:0138:0198:warn:vkd3d-proton:d3d12_device_QueryInterface: {0742a90b-c387-483f-b946-30a7e4e61458} not implemented, returning E_NOINTERFACE.
12531.175:0138:01a0:warn:vkd3d-proton:d3d12_device_QueryInterface: {0742a90b-c387-483f-b946-30a7e4e61458} not implemented, returning E_NOINTERFACE.
12531.189:0138:01a0:warn:vkd3d-proton:d3d12_device_QueryInterface: {0742a90b-c387-483f-b946-30a7e4e61458} not implemented, returning E_NOINTERFACE.
12531.208:0138:0198:warn:vkd3d-proton:d3d12_device_QueryInterface: {0742a90b-c387-483f-b946-30a7e4e61458} not implemented, returning E_NOINTERFACE.
12531.221:0138:0198:warn:vkd3d-proton:d3d12_device_QueryInterface: {0742a90b-c387-483f-b946-30a7e4e61458} not implemented, returning E_NOINTERFACE.
12531.238:0138:019c:warn:vkd3d-proton:d3d12_device_QueryInterface: {0742a90b-c387-483f-b946-30a7e4e61458} not implemented, returning E_NOINTERFACE.
12531.255:0138:019c:warn:vkd3d-proton:d3d12_device_QueryInterface: {0742a90b-c387-483f-b946-30a7e4e61458} not implemented, returning E_NOINTERFACE.
12531.271:0138:01a0:warn:vkd3d-proton:d3d12_device_QueryInterface: {0742a90b-c387-483f-b946-30a7e4e61458} not implemented, returning E_NOINTERFACE.
12531.289:0138:01a0:warn:vkd3d-proton:d3d12_device_QueryInterface: {0742a90b-c387-483f-b946-30a7e4e61458} not implemented, returning E_NOINTERFACE.
12531.308:0138:0198:warn:vkd3d-proton:d3d12_device_QueryInterface: {0742a90b-c387-483f-b946-30a7e4e61458} not implemented, returning E_NOINTERFACE.
12531.322:0138:0198:warn:vkd3d-proton:d3d12_device_QueryInterface: {0742a90b-c387-483f-b946-30a7e4e61458} not implemented, returning E_NOINTERFACE.
12531.338:0138:019c:warn:vkd3d-proton:d3d12_device_QueryInterface: {0742a90b-c387-483f-b946-30a7e4e61458} not implemented, returning E_NOINTERFACE.
12531.355:0138:019c:warn:vkd3d-proton:d3d12_device_QueryInterface: {0742a90b-c387-483f-b946-30a7e4e61458} not implemented, returning E_NOINTERFACE.
12531.383:0138:019c:warn:vkd3d-proton:d3d12_device_QueryInterface: {0742a90b-c387-483f-b946-30a7e4e61458} not implemented, returning E_NOINTERFACE.
12531.390:0138:0198:warn:vkd3d-proton:d3d12_device_QueryInterface: {0742a90b-c387-483f-b946-30a7e4e61458} not implemented, returning E_NOINTERFACE.
12531.407:0138:0198:warn:vkd3d-proton:d3d12_device_QueryInterface: {0742a90b-c387-483f-b946-30a7e4e61458} not implemented, returning E_NOINTERFACE.
12531.421:0138:0198:warn:vkd3d-proton:d3d12_device_QueryInterface: {0742a90b-c387-483f-b946-30a7e4e61458} not implemented, returning E_NOINTERFACE.
12531.437:0138:019c:warn:vkd3d-proton:d3d12_device_QueryInterface: {0742a90b-c387-483f-b946-30a7e4e61458} not implemented, returning E_NOINTERFACE.
12531.454:0138:019c:warn:vkd3d-proton:d3d12_device_QueryInterface: {0742a90b-c387-483f-b946-30a7e4e61458} not implemented, returning E_NOINTERFACE.
12531.471:0138:0194:warn:vkd3d-proton:d3d12_device_QueryInterface: {0742a90b-c387-483f-b946-30a7e4e61458} not implemented, returning E_NOINTERFACE.
12531.488:0138:0194:warn:vkd3d-proton:d3d12_device_QueryInterface: {0742a90b-c387-483f-b946-30a7e4e61458} not implemented, returning E_NOINTERFACE.
12531.507:0138:0198:warn:vkd3d-proton:d3d12_device_QueryInterface: {0742a90b-c387-483f-b946-30a7e4e61458} not implemented, returning E_NOINTERFACE.
12531.521:0138:0198:warn:vkd3d-proton:d3d12_device_QueryInterface: {0742a90b-c387-483f-b946-30a7e4e61458} not implemented, returning E_NOINTERFACE.
12531.539:0138:019c:warn:vkd3d-proton:d3d12_device_QueryInterface: {0742a90b-c387-483f-b946-30a7e4e61458} not implemented, returning E_NOINTERFACE.
12531.555:0138:019c:warn:vkd3d-proton:d3d12_device_QueryInterface: {0742a90b-c387-483f-b946-30a7e4e61458} not implemented, returning E_NOINTERFACE.
12531.574:0138:0194:warn:vkd3d-proton:d3d12_device_QueryInterface: {0742a90b-c387-483f-b946-30a7e4e61458} not implemented, returning E_NOINTERFACE.
12531.587:0138:0194:warn:vkd3d-proton:d3d12_device_QueryInterface: {0742a90b-c387-483f-b946-30a7e4e61458} not implemented, returning E_NOINTERFACE.
12531.605:0138:019c:warn:vkd3d-proton:d3d12_device_QueryInterface: {0742a90b-c387-483f-b946-30a7e4e61458} not implemented, returning E_NOINTERFACE.
12531.622:0138:019c:warn:vkd3d-proton:d3d12_device_QueryInterface: {0742a90b-c387-483f-b946-30a7e4e61458} not implemented, returning E_NOINTERFACE.
12531.641:0138:0194:warn:vkd3d-proton:d3d12_device_QueryInterface: {0742a90b-c387-483f-b946-30a7e4e61458} not implemented, returning E_NOINTERFACE.
12531.657:0138:0194:warn:vkd3d-proton:d3d12_device_QueryInterface: {0742a90b-c387-483f-b946-30a7e4e61458} not implemented, returning E_NOINTERFACE.
12531.674:0138:01a0:warn:vkd3d-proton:d3d12_device_QueryInterface: {0742a90b-c387-483f-b946-30a7e4e61458} not implemented, returning E_NOINTERFACE.
12531.690:0138:01a0:warn:vkd3d-proton:d3d12_device_QueryInterface: {0742a90b-c387-483f-b946-30a7e4e61458} not implemented, returning E_NOINTERFACE.
12531.705:0138:0198:warn:vkd3d-proton:d3d12_device_QueryInterface: {0742a90b-c387-483f-b946-30a7e4e61458} not implemented, returning E_NOINTERFACE.
12531.721:0138:0198:warn:vkd3d-proton:d3d12_device_QueryInterface: {0742a90b-c387-483f-b946-30a7e4e61458} not implemented, returning E_NOINTERFACE.
12531.741:0138:0194:warn:vkd3d-proton:d3d12_device_QueryInterface: {0742a90b-c387-483f-b946-30a7e4e61458} not implemented, returning E_NOINTERFACE.
12531.757:0138:0194:warn:vkd3d-proton:d3d12_device_QueryInterface: {0742a90b-c387-483f-b946-30a7e4e61458} not implemented, returning E_NOINTERFACE.
12531.776:0138:019c:warn:vkd3d-proton:d3d12_device_QueryInterface: {0742a90b-c387-483f-b946-30a7e4e61458} not implemented, returning E_NOINTERFACE.
12531.788:0138:019c:warn:vkd3d-proton:d3d12_device_QueryInterface: {0742a90b-c387-483f-b946-30a7e4e61458} not implemented, returning E_NOINTERFACE.
12531.805:0138:0194:warn:vkd3d-proton:d3d12_device_QueryInterface: {0742a90b-c387-483f-b946-30a7e4e61458} not implemented, returning E_NOINTERFACE.
12531.822:0138:0194:warn:vkd3d-proton:d3d12_device_QueryInterface: {0742a90b-c387-483f-b946-30a7e4e61458} not implemented, returning E_NOINTERFACE.
12531.838:0138:0198:warn:vkd3d-proton:d3d12_device_QueryInterface: {0742a90b-c387-483f-b946-30a7e4e61458} not implemented, returning E_NOINTERFACE.
12531.855:0138:0198:warn:vkd3d-proton:d3d12_device_QueryInterface: {0742a90b-c387-483f-b946-30a7e4e61458} not implemented, returning E_NOINTERFACE.
12531.874:0138:0194:warn:vkd3d-proton:d3d12_device_QueryInterface: {0742a90b-c387-483f-b946-30a7e4e61458} not implemented, returning E_NOINTERFACE.
12531.888:0138:0194:warn:vkd3d-proton:d3d12_device_QueryInterface: {0742a90b-c387-483f-b946-30a7e4e61458} not implemented, returning E_NOINTERFACE.
12531.905:0138:019c:warn:vkd3d-proton:d3d12_device_QueryInterface: {0742a90b-c387-483f-b946-30a7e4e61458} not implemented, returning E_NOINTERFACE.
12531.925:0138:019c:warn:vkd3d-proton:d3d12_device_QueryInterface: {0742a90b-c387-483f-b946-30a7e4e61458} not implemented, returning E_NOINTERFACE.
12531.941:0138:0194:warn:vkd3d-proton:d3d12_device_QueryInterface: {0742a90b-c387-483f-b946-30a7e4e61458} not implemented, returning E_NOINTERFACE.
12531.957:0138:0194:warn:vkd3d-proton:d3d12_device_QueryInterface: {0742a90b-c387-483f-b946-30a7e4e61458} not implemented, returning E_NOINTERFACE.
12531.971:0138:0198:warn:vkd3d-proton:d3d12_device_QueryInterface: {0742a90b-c387-483f-b946-30a7e4e61458} not implemented, returning E_NOINTERFACE.
12531.988:0138:0198:warn:vkd3d-proton:d3d12_device_QueryInterface: {0742a90b-c387-483f-b946-30a7e4e61458} not implemented, returning E_NOINTERFACE.
12532.005:0138:019c:warn:vkd3d-proton:d3d12_device_QueryInterface: {0742a90b-c387-483f-b946-30a7e4e61458} not implemented, returning E_NOINTERFACE.
12532.025:0138:019c:warn:vkd3d-proton:d3d12_device_QueryInterface: {0742a90b-c387-483f-b946-30a7e4e61458} not implemented, returning E_NOINTERFACE.
12532.041:0138:01a0:warn:vkd3d-proton:d3d12_device_QueryInterface: {0742a90b-c387-483f-b946-30a7e4e61458} not implemented, returning E_NOINTERFACE.
12532.055:0138:01a0:warn:vkd3d-proton:d3d12_device_QueryInterface: {0742a90b-c387-483f-b946-30a7e4e61458} not implemented, returning E_NOINTERFACE.
12532.071:0138:019c:warn:vkd3d-proton:d3d12_device_QueryInterface: {0742a90b-c387-483f-b946-30a7e4e61458} not implemented, returning E_NOINTERFACE.
12532.088:0138:019c:warn:vkd3d-proton:d3d12_device_QueryInterface: {0742a90b-c387-483f-b946-30a7e4e61458} not implemented, returning E_NOINTERFACE.
12532.106:0138:01a0:warn:vkd3d-proton:d3d12_device_QueryInterface: {0742a90b-c387-483f-b946-30a7e4e61458} not implemented, returning E_NOINTERFACE.
12532.121:0138:01a0:warn:vkd3d-proton:d3d12_device_QueryInterface: {0742a90b-c387-483f-b946-30a7e4e61458} not implemented, returning E_NOINTERFACE.
12532.140:0138:0194:warn:vkd3d-proton:d3d12_device_QueryInterface: {0742a90b-c387-483f-b946-30a7e4e61458} not implemented, returning E_NOINTERFACE.
12532.155:0138:0194:warn:vkd3d-proton:d3d12_device_QueryInterface: {0742a90b-c387-483f-b946-30a7e4e61458} not implemented, returning E_NOINTERFACE.
12532.171:0138:0198:warn:vkd3d-proton:d3d12_device_QueryInterface: {0742a90b-c387-483f-b946-30a7e4e61458} not implemented, returning E_NOINTERFACE.
12532.192:0138:0198:warn:vkd3d-proton:d3d12_device_QueryInterface: {0742a90b-c387-483f-b946-30a7e4e61458} not implemented, returning E_NOINTERFACE.
12532.205:0138:01a0:warn:vkd3d-proton:d3d12_device_QueryInterface: {0742a90b-c387-483f-b946-30a7e4e61458} not implemented, returning E_NOINTERFACE.
12532.221:0138:01a0:warn:vkd3d-proton:d3d12_device_QueryInterface: {0742a90b-c387-483f-b946-30a7e4e61458} not implemented, returning E_NOINTERFACE.
12532.238:0138:0194:warn:vkd3d-proton:d3d12_device_QueryInterface: {0742a90b-c387-483f-b946-30a7e4e61458} not implemented, returning E_NOINTERFACE.
12532.255:0138:0194:warn:vkd3d-proton:d3d12_device_QueryInterface: {0742a90b-c387-483f-b946-30a7e4e61458} not implemented, returning E_NOINTERFACE.
12532.272:0138:019c:warn:vkd3d-proton:d3d12_device_QueryInterface: {0742a90b-c387-483f-b946-30a7e4e61458} not implemented, returning E_NOINTERFACE.
12532.288:0138:019c:warn:vkd3d-proton:d3d12_device_QueryInterface: {0742a90b-c387-483f-b946-30a7e4e61458} not implemented, returning E_NOINTERFACE.
12532.305:0138:0198:warn:vkd3d-proton:d3d12_device_QueryInterface: {0742a90b-c387-483f-b946-30a7e4e61458} not implemented, returning E_NOINTERFACE.
12532.322:0138:0198:warn:vkd3d-proton:d3d12_device_QueryInterface: {0742a90b-c387-483f-b946-30a7e4e61458} not implemented, returning E_NOINTERFACE.
12532.338:0138:0194:warn:vkd3d-proton:d3d12_device_QueryInterface: {0742a90b-c387-483f-b946-30a7e4e61458} not implemented, returning E_NOINTERFACE.
12532.355:0138:0194:warn:vkd3d-proton:d3d12_device_QueryInterface: {0742a90b-c387-483f-b946-30a7e4e61458} not implemented, returning E_NOINTERFACE.
12532.372:0138:01a0:warn:vkd3d-proton:d3d12_device_QueryInterface: {0742a90b-c387-483f-b946-30a7e4e61458} not implemented, returning E_NOINTERFACE.
12532.388:0138:01a0:warn:vkd3d-proton:d3d12_device_QueryInterface: {0742a90b-c387-483f-b946-30a7e4e61458} not implemented, returning E_NOINTERFACE.
12532.405:0138:0198:warn:vkd3d-proton:d3d12_device_QueryInterface: {0742a90b-c387-483f-b946-30a7e4e61458} not implemented, returning E_NOINTERFACE.
12532.422:0138:0198:warn:vkd3d-proton:d3d12_device_QueryInterface: {0742a90b-c387-483f-b946-30a7e4e61458} not implemented, returning E_NOINTERFACE.
12532.438:0138:01a0:warn:vkd3d-proton:d3d12_device_QueryInterface: {0742a90b-c387-483f-b946-30a7e4e61458} not implemented, returning E_NOINTERFACE.
12532.455:0138:01a0:warn:vkd3d-proton:d3d12_device_QueryInterface: {0742a90b-c387-483f-b946-30a7e4e61458} not implemented, returning E_NOINTERFACE.
12532.471:0138:019c:warn:vkd3d-proton:d3d12_device_QueryInterface: {0742a90b-c387-483f-b946-30a7e4e61458} not implemented, returning E_NOINTERFACE.
12532.489:0138:019c:warn:vkd3d-proton:d3d12_device_QueryInterface: {0742a90b-c387-483f-b946-30a7e4e61458} not implemented, returning E_NOINTERFACE.
12532.509:0138:01a0:warn:vkd3d-proton:d3d12_device_QueryInterface: {0742a90b-c387-483f-b946-30a7e4e61458} not implemented, returning E_NOINTERFACE.
12532.523:0138:01a0:warn:vkd3d-proton:d3d12_device_QueryInterface: {0742a90b-c387-483f-b946-30a7e4e61458} not implemented, returning E_NOINTERFACE.
12532.542:0138:0198:warn:vkd3d-proton:d3d12_device_QueryInterface: {0742a90b-c387-483f-b946-30a7e4e61458} not implemented, returning E_NOINTERFACE.
12532.557:0138:0198:warn:vkd3d-proton:d3d12_device_QueryInterface: {0742a90b-c387-483f-b946-30a7e4e61458} not implemented, returning E_NOINTERFACE.
12532.572:0138:01a0:warn:vkd3d-proton:d3d12_device_QueryInterface: {0742a90b-c387-483f-b946-30a7e4e61458} not implemented, returning E_NOINTERFACE.
12532.591:0138:01a0:warn:vkd3d-proton:d3d12_device_QueryInterface: {0742a90b-c387-483f-b946-30a7e4e61458} not implemented, returning E_NOINTERFACE.
12532.606:0138:019c:warn:vkd3d-proton:d3d12_device_QueryInterface: {0742a90b-c387-483f-b946-30a7e4e61458} not implemented, returning E_NOINTERFACE.
12532.622:0138:019c:warn:vkd3d-proton:d3d12_device_QueryInterface: {0742a90b-c387-483f-b946-30a7e4e61458} not implemented, returning E_NOINTERFACE.
12532.639:0138:0194:warn:vkd3d-proton:d3d12_device_QueryInterface: {0742a90b-c387-483f-b946-30a7e4e61458} not implemented, returning E_NOINTERFACE.
12532.655:0138:0194:warn:vkd3d-proton:d3d12_device_QueryInterface: {0742a90b-c387-483f-b946-30a7e4e61458} not implemented, returning E_NOINTERFACE.
12532.674:0138:0198:warn:vkd3d-proton:d3d12_device_QueryInterface: {0742a90b-c387-483f-b946-30a7e4e61458} not implemented, returning E_NOINTERFACE.
12532.689:0138:0198:warn:vkd3d-proton:d3d12_device_QueryInterface: {0742a90b-c387-483f-b946-30a7e4e61458} not implemented, returning E_NOINTERFACE.
12532.706:0138:0194:warn:vkd3d-proton:d3d12_device_QueryInterface: {0742a90b-c387-483f-b946-30a7e4e61458} not implemented, returning E_NOINTERFACE.
12532.723:0138:0194:warn:vkd3d-proton:d3d12_device_QueryInterface: {0742a90b-c387-483f-b946-30a7e4e61458} not implemented, returning E_NOINTERFACE.
12532.739:0138:0198:warn:vkd3d-proton:d3d12_device_QueryInterface: {0742a90b-c387-483f-b946-30a7e4e61458} not implemented, returning E_NOINTERFACE.
12532.755:0138:0198:warn:vkd3d-proton:d3d12_device_QueryInterface: {0742a90b-c387-483f-b946-30a7e4e61458} not implemented, returning E_NOINTERFACE.
12532.772:0138:0194:warn:vkd3d-proton:d3d12_device_QueryInterface: {0742a90b-c387-483f-b946-30a7e4e61458} not implemented, returning E_NOINTERFACE.
12532.788:0138:0194:warn:vkd3d-proton:d3d12_device_QueryInterface: {0742a90b-c387-483f-b946-30a7e4e61458} not implemented, returning E_NOINTERFACE.
12532.805:0138:019c:warn:vkd3d-proton:d3d12_device_QueryInterface: {0742a90b-c387-483f-b946-30a7e4e61458} not implemented, returning E_NOINTERFACE.
12532.822:0138:019c:warn:vkd3d-proton:d3d12_device_QueryInterface: {0742a90b-c387-483f-b946-30a7e4e61458} not implemented, returning E_NOINTERFACE.
12532.840:0138:0194:warn:vkd3d-proton:d3d12_device_QueryInterface: {0742a90b-c387-483f-b946-30a7e4e61458} not implemented, returning E_NOINTERFACE.
12532.856:0138:0194:warn:vkd3d-proton:d3d12_device_QueryInterface: {0742a90b-c387-483f-b946-30a7e4e61458} not implemented, returning E_NOINTERFACE.
12532.876:0138:019c:warn:vkd3d-proton:d3d12_device_QueryInterface: {0742a90b-c387-483f-b946-30a7e4e61458} not implemented, returning E_NOINTERFACE.
12532.889:0138:019c:warn:vkd3d-proton:d3d12_device_QueryInterface: {0742a90b-c387-483f-b946-30a7e4e61458} not implemented, returning E_NOINTERFACE.
12532.907:0138:0198:warn:vkd3d-proton:d3d12_device_QueryInterface: {0742a90b-c387-483f-b946-30a7e4e61458} not implemented, returning E_NOINTERFACE.
12533.324:0138:019c:warn:vkd3d-proton:d3d12_device_QueryInterface: {0742a90b-c387-483f-b946-30a7e4e61458} not implemented, returning E_NOINTERFACE.
12533.327:0138:019c:warn:vkd3d-proton:d3d12_device_QueryInterface: {0742a90b-c387-483f-b946-30a7e4e61458} not implemented, returning E_NOINTERFACE.
12533.337:0138:019c:warn:vkd3d-proton:d3d12_device_QueryInterface: {0742a90b-c387-483f-b946-30a7e4e61458} not implemented, returning E_NOINTERFACE.
12533.341:0138:019c:warn:vkd3d-proton:d3d12_device_QueryInterface: {0742a90b-c387-483f-b946-30a7e4e61458} not implemented, returning E_NOINTERFACE.
12533.357:0138:019c:warn:vkd3d-proton:d3d12_device_QueryInterface: {0742a90b-c387-483f-b946-30a7e4e61458} not implemented, returning E_NOINTERFACE.
12533.376:0138:01a0:warn:vkd3d-proton:d3d12_device_QueryInterface: {0742a90b-c387-483f-b946-30a7e4e61458} not implemented, returning E_NOINTERFACE.
12533.389:0138:01a0:warn:vkd3d-proton:d3d12_device_QueryInterface: {0742a90b-c387-483f-b946-30a7e4e61458} not implemented, returning E_NOINTERFACE.
12533.408:0138:0198:warn:vkd3d-proton:d3d12_device_QueryInterface: {0742a90b-c387-483f-b946-30a7e4e61458} not implemented, returning E_NOINTERFACE.
12533.424:0138:0198:warn:vkd3d-proton:d3d12_device_QueryInterface: {0742a90b-c387-483f-b946-30a7e4e61458} not implemented, returning E_NOINTERFACE.
12533.459:0138:0194:warn:vkd3d-proton:d3d12_device_QueryInterface: {0742a90b-c387-483f-b946-30a7e4e61458} not implemented, returning E_NOINTERFACE.
12533.472:0138:0198:warn:vkd3d-proton:d3d12_device_QueryInterface: {0742a90b-c387-483f-b946-30a7e4e61458} not implemented, returning E_NOINTERFACE.
12533.473:0138:0198:warn:vkd3d-proton:d3d12_device_QueryInterface: {0742a90b-c387-483f-b946-30a7e4e61458} not implemented, returning E_NOINTERFACE.
12533.490:0138:0194:warn:vkd3d-proton:d3d12_device_QueryInterface: {0742a90b-c387-483f-b946-30a7e4e61458} not implemented, returning E_NOINTERFACE.
12533.515:0138:019c:warn:vkd3d-proton:d3d12_device_QueryInterface: {0742a90b-c387-483f-b946-30a7e4e61458} not implemented, returning E_NOINTERFACE.
12533.522:0138:019c:warn:vkd3d-proton:d3d12_device_QueryInterface: {0742a90b-c387-483f-b946-30a7e4e61458} not implemented, returning E_NOINTERFACE.
12533.542:0138:0194:warn:vkd3d-proton:d3d12_device_QueryInterface: {0742a90b-c387-483f-b946-30a7e4e61458} not implemented, returning E_NOINTERFACE.
12533.567:0138:01a0:warn:vkd3d-proton:d3d12_device_QueryInterface: {0742a90b-c387-483f-b946-30a7e4e61458} not implemented, returning E_NOINTERFACE.
12533.574:0138:01a0:warn:vkd3d-proton:d3d12_device_QueryInterface: {0742a90b-c387-483f-b946-30a7e4e61458} not implemented, returning E_NOINTERFACE.
12533.589:0138:01a0:warn:vkd3d-proton:d3d12_device_QueryInterface: {0742a90b-c387-483f-b946-30a7e4e61458} not implemented, returning E_NOINTERFACE.
12533.609:0138:0194:warn:vkd3d-proton:d3d12_device_QueryInterface: {0742a90b-c387-483f-b946-30a7e4e61458} not implemented, returning E_NOINTERFACE.
12533.623:0138:01a0:warn:vkd3d-proton:d3d12_device_QueryInterface: {0742a90b-c387-483f-b946-30a7e4e61458} not implemented, returning E_NOINTERFACE.
12533.644:0138:0194:warn:vkd3d-proton:d3d12_device_QueryInterface: {0742a90b-c387-483f-b946-30a7e4e61458} not implemented, returning E_NOINTERFACE.
12533.695:0138:019c:warn:vkd3d-proton:d3d12_device_QueryInterface: {0742a90b-c387-483f-b946-30a7e4e61458} not implemented, returning E_NOINTERFACE.
12533.701:0138:0198:warn:vkd3d-proton:d3d12_device_QueryInterface: {0742a90b-c387-483f-b946-30a7e4e61458} not implemented, returning E_NOINTERFACE.
12533.704:0138:0198:warn:vkd3d-proton:d3d12_device_QueryInterface: {0742a90b-c387-483f-b946-30a7e4e61458} not implemented, returning E_NOINTERFACE.
12533.710:0138:0194:warn:vkd3d-proton:d3d12_device_QueryInterface: {0742a90b-c387-483f-b946-30a7e4e61458} not implemented, returning E_NOINTERFACE.
12533.722:0138:0198:warn:vkd3d-proton:d3d12_device_QueryInterface: {0742a90b-c387-483f-b946-30a7e4e61458} not implemented, returning E_NOINTERFACE.
12533.740:0138:0194:warn:vkd3d-proton:d3d12_device_QueryInterface: {0742a90b-c387-483f-b946-30a7e4e61458} not implemented, returning E_NOINTERFACE.
12533.756:0138:0198:warn:vkd3d-proton:d3d12_device_QueryInterface: {0742a90b-c387-483f-b946-30a7e4e61458} not implemented, returning E_NOINTERFACE.
12533.777:0138:01a0:warn:vkd3d-proton:d3d12_device_QueryInterface: {0742a90b-c387-483f-b946-30a7e4e61458} not implemented, returning E_NOINTERFACE.
12533.791:0138:01a0:warn:vkd3d-proton:d3d12_device_QueryInterface: {0742a90b-c387-483f-b946-30a7e4e61458} not implemented, returning E_NOINTERFACE.
12533.809:0138:0194:warn:vkd3d-proton:d3d12_device_QueryInterface: {0742a90b-c387-483f-b946-30a7e4e61458} not implemented, returning E_NOINTERFACE.
12533.823:0138:0194:warn:vkd3d-proton:d3d12_device_QueryInterface: {0742a90b-c387-483f-b946-30a7e4e61458} not implemented, returning E_NOINTERFACE.
12533.842:0138:019c:warn:vkd3d-proton:d3d12_device_QueryInterface: {0742a90b-c387-483f-b946-30a7e4e61458} not implemented, returning E_NOINTERFACE.
12533.858:0138:019c:warn:vkd3d-proton:d3d12_device_QueryInterface: {0742a90b-c387-483f-b946-30a7e4e61458} not implemented, returning E_NOINTERFACE.
12533.873:0138:01a0:warn:vkd3d-proton:d3d12_device_QueryInterface: {0742a90b-c387-483f-b946-30a7e4e61458} not implemented, returning E_NOINTERFACE.
12533.902:0138:0198:warn:vkd3d-proton:d3d12_device_QueryInterface: {0742a90b-c387-483f-b946-30a7e4e61458} not implemented, returning E_NOINTERFACE.
12533.909:0138:0198:warn:vkd3d-proton:d3d12_device_QueryInterface: {0742a90b-c387-483f-b946-30a7e4e61458} not implemented, returning E_NOINTERFACE.
12533.923:0138:0198:warn:vkd3d-proton:d3d12_device_QueryInterface: {0742a90b-c387-483f-b946-30a7e4e61458} not implemented, returning E_NOINTERFACE.
12533.942:0138:01a0:warn:vkd3d-proton:d3d12_device_QueryInterface: {0742a90b-c387-483f-b946-30a7e4e61458} not implemented, returning E_NOINTERFACE.
12533.969:0138:0198:warn:vkd3d-proton:d3d12_device_QueryInterface: {0742a90b-c387-483f-b946-30a7e4e61458} not implemented, returning E_NOINTERFACE.
12533.973:0138:0198:warn:vkd3d-proton:d3d12_device_QueryInterface: {0742a90b-c387-483f-b946-30a7e4e61458} not implemented, returning E_NOINTERFACE.
12533.990:0138:0194:warn:vkd3d-proton:d3d12_device_QueryInterface: {0742a90b-c387-483f-b946-30a7e4e61458} not implemented, returning E_NOINTERFACE.
12534.009:0138:01a0:warn:vkd3d-proton:d3d12_device_QueryInterface: {0742a90b-c387-483f-b946-30a7e4e61458} not implemented, returning E_NOINTERFACE.
12534.024:0138:0194:warn:vkd3d-proton:d3d12_device_QueryInterface: {0742a90b-c387-483f-b946-30a7e4e61458} not implemented, returning E_NOINTERFACE.
12534.040:0138:01a0:warn:vkd3d-proton:d3d12_device_QueryInterface: {0742a90b-c387-483f-b946-30a7e4e61458} not implemented, returning E_NOINTERFACE.
12534.060:0138:0198:warn:vkd3d-proton:d3d12_device_QueryInterface: {0742a90b-c387-483f-b946-30a7e4e61458} not implemented, returning E_NOINTERFACE.
12534.073:0138:019c:warn:vkd3d-proton:d3d12_device_QueryInterface: {0742a90b-c387-483f-b946-30a7e4e61458} not implemented, returning E_NOINTERFACE.
12534.090:0138:019c:warn:vkd3d-proton:d3d12_device_QueryInterface: {0742a90b-c387-483f-b946-30a7e4e61458} not implemented, returning E_NOINTERFACE.
12534.107:0138:0194:warn:vkd3d-proton:d3d12_device_QueryInterface: {0742a90b-c387-483f-b946-30a7e4e61458} not implemented, returning E_NOINTERFACE.
12534.123:0138:0194:warn:vkd3d-proton:d3d12_device_QueryInterface: {0742a90b-c387-483f-b946-30a7e4e61458} not implemented, returning E_NOINTERFACE.
12534.143:0138:01a0:warn:vkd3d-proton:d3d12_device_QueryInterface: {0742a90b-c387-483f-b946-30a7e4e61458} not implemented, returning E_NOINTERFACE.
12534.159:0138:01a0:warn:vkd3d-proton:d3d12_device_QueryInterface: {0742a90b-c387-483f-b946-30a7e4e61458} not implemented, returning E_NOINTERFACE.
12534.173:0138:0198:warn:vkd3d-proton:d3d12_device_QueryInterface: {0742a90b-c387-483f-b946-30a7e4e61458} not implemented, returning E_NOINTERFACE.
12534.190:0138:0198:warn:vkd3d-proton:d3d12_device_QueryInterface: {0742a90b-c387-483f-b946-30a7e4e61458} not implemented, returning E_NOINTERFACE.
12534.207:0138:0194:warn:vkd3d-proton:d3d12_device_QueryInterface: {0742a90b-c387-483f-b946-30a7e4e61458} not implemented, returning E_NOINTERFACE.
12534.224:0138:0194:warn:vkd3d-proton:d3d12_device_QueryInterface: {0742a90b-c387-483f-b946-30a7e4e61458} not implemented, returning E_NOINTERFACE.
12534.241:0138:0198:warn:vkd3d-proton:d3d12_device_QueryInterface: {0742a90b-c387-483f-b946-30a7e4e61458} not implemented, returning E_NOINTERFACE.
12534.258:0138:0198:warn:vkd3d-proton:d3d12_device_QueryInterface: {0742a90b-c387-483f-b946-30a7e4e61458} not implemented, returning E_NOINTERFACE.
12534.274:0138:0194:warn:vkd3d-proton:d3d12_device_QueryInterface: {0742a90b-c387-483f-b946-30a7e4e61458} not implemented, returning E_NOINTERFACE.
12534.290:0138:0194:warn:vkd3d-proton:d3d12_device_QueryInterface: {0742a90b-c387-483f-b946-30a7e4e61458} not implemented, returning E_NOINTERFACE.
12534.311:0138:01a0:warn:vkd3d-proton:d3d12_device_QueryInterface: {0742a90b-c387-483f-b946-30a7e4e61458} not implemented, returning E_NOINTERFACE.
12534.327:0138:01a0:warn:vkd3d-proton:d3d12_device_QueryInterface: {0742a90b-c387-483f-b946-30a7e4e61458} not implemented, returning E_NOINTERFACE.
12534.345:0138:019c:warn:vkd3d-proton:d3d12_device_QueryInterface: {0742a90b-c387-483f-b946-30a7e4e61458} not implemented, returning E_NOINTERFACE.
12534.360:0138:019c:warn:vkd3d-proton:d3d12_device_QueryInterface: {0742a90b-c387-483f-b946-30a7e4e61458} not implemented, returning E_NOINTERFACE.
12534.374:0138:0198:warn:vkd3d-proton:d3d12_device_QueryInterface: {0742a90b-c387-483f-b946-30a7e4e61458} not implemented, returning E_NOINTERFACE.
12534.390:0138:0198:warn:vkd3d-proton:d3d12_device_QueryInterface: {0742a90b-c387-483f-b946-30a7e4e61458} not implemented, returning E_NOINTERFACE.
12534.407:0138:01a0:warn:vkd3d-proton:d3d12_device_QueryInterface: {0742a90b-c387-483f-b946-30a7e4e61458} not implemented, returning E_NOINTERFACE.
12534.425:0138:01a0:warn:vkd3d-proton:d3d12_device_QueryInterface: {0742a90b-c387-483f-b946-30a7e4e61458} not implemented, returning E_NOINTERFACE.
12534.440:0138:0198:warn:vkd3d-proton:d3d12_device_QueryInterface: {0742a90b-c387-483f-b946-30a7e4e61458} not implemented, returning E_NOINTERFACE.
12534.457:0138:0198:warn:vkd3d-proton:d3d12_device_QueryInterface: {0742a90b-c387-483f-b946-30a7e4e61458} not implemented, returning E_NOINTERFACE.
12534.474:0138:019c:warn:vkd3d-proton:d3d12_device_QueryInterface: {0742a90b-c387-483f-b946-30a7e4e61458} not implemented, returning E_NOINTERFACE.
12534.491:0138:019c:warn:vkd3d-proton:d3d12_device_QueryInterface: {0742a90b-c387-483f-b946-30a7e4e61458} not implemented, returning E_NOINTERFACE.
12534.507:0138:0198:warn:vkd3d-proton:d3d12_device_QueryInterface: {0742a90b-c387-483f-b946-30a7e4e61458} not implemented, returning E_NOINTERFACE.
12534.523:0138:0198:warn:vkd3d-proton:d3d12_device_QueryInterface: {0742a90b-c387-483f-b946-30a7e4e61458} not implemented, returning E_NOINTERFACE.
12534.541:0138:019c:warn:vkd3d-proton:d3d12_device_QueryInterface: {0742a90b-c387-483f-b946-30a7e4e61458} not implemented, returning E_NOINTERFACE.
12534.558:0138:019c:warn:vkd3d-proton:d3d12_device_QueryInterface: {0742a90b-c387-483f-b946-30a7e4e61458} not implemented, returning E_NOINTERFACE.
12534.573:0138:01a0:warn:vkd3d-proton:d3d12_device_QueryInterface: {0742a90b-c387-483f-b946-30a7e4e61458} not implemented, returning E_NOINTERFACE.
12534.590:0138:01a0:warn:vkd3d-proton:d3d12_device_QueryInterface: {0742a90b-c387-483f-b946-30a7e4e61458} not implemented, returning E_NOINTERFACE.
12534.608:0138:019c:warn:vkd3d-proton:d3d12_device_QueryInterface: {0742a90b-c387-483f-b946-30a7e4e61458} not implemented, returning E_NOINTERFACE.
12534.626:0138:019c:warn:vkd3d-proton:d3d12_device_QueryInterface: {0742a90b-c387-483f-b946-30a7e4e61458} not implemented, returning E_NOINTERFACE.
12534.642:0138:0194:warn:vkd3d-proton:d3d12_device_QueryInterface: {0742a90b-c387-483f-b946-30a7e4e61458} not implemented, returning E_NOINTERFACE.
12534.662:0138:0194:warn:vkd3d-proton:d3d12_device_QueryInterface: {0742a90b-c387-483f-b946-30a7e4e61458} not implemented, returning E_NOINTERFACE.
12534.680:0138:0198:warn:vkd3d-proton:d3d12_device_QueryInterface: {0742a90b-c387-483f-b946-30a7e4e61458} not implemented, returning E_NOINTERFACE.
12534.691:0138:0198:warn:vkd3d-proton:d3d12_device_QueryInterface: {0742a90b-c387-483f-b946-30a7e4e61458} not implemented, returning E_NOINTERFACE.
12534.707:0138:0194:warn:vkd3d-proton:d3d12_device_QueryInterface: {0742a90b-c387-483f-b946-30a7e4e61458} not implemented, returning E_NOINTERFACE.
12534.724:0138:0194:warn:vkd3d-proton:d3d12_device_QueryInterface: {0742a90b-c387-483f-b946-30a7e4e61458} not implemented, returning E_NOINTERFACE.
12534.746:0138:0198:warn:vkd3d-proton:d3d12_device_QueryInterface: {0742a90b-c387-483f-b946-30a7e4e61458} not implemented, returning E_NOINTERFACE.
12534.761:0138:0198:warn:vkd3d-proton:d3d12_device_QueryInterface: {0742a90b-c387-483f-b946-30a7e4e61458} not implemented, returning E_NOINTERFACE.
12534.776:0138:0194:warn:vkd3d-proton:d3d12_device_QueryInterface: {0742a90b-c387-483f-b946-30a7e4e61458} not implemented, returning E_NOINTERFACE.
12534.791:0138:0194:warn:vkd3d-proton:d3d12_device_QueryInterface: {0742a90b-c387-483f-b946-30a7e4e61458} not implemented, returning E_NOINTERFACE.
12534.812:0138:019c:warn:vkd3d-proton:d3d12_device_QueryInterface: {0742a90b-c387-483f-b946-30a7e4e61458} not implemented, returning E_NOINTERFACE.
12534.824:0138:019c:warn:vkd3d-proton:d3d12_device_QueryInterface: {0742a90b-c387-483f-b946-30a7e4e61458} not implemented, returning E_NOINTERFACE.
12534.841:0138:01a0:warn:vkd3d-proton:d3d12_device_QueryInterface: {0742a90b-c387-483f-b946-30a7e4e61458} not implemented, returning E_NOINTERFACE.
12534.861:0138:01a0:warn:vkd3d-proton:d3d12_device_QueryInterface: {0742a90b-c387-483f-b946-30a7e4e61458} not implemented, returning E_NOINTERFACE.
12534.877:0138:0194:warn:vkd3d-proton:d3d12_device_QueryInterface: {0742a90b-c387-483f-b946-30a7e4e61458} not implemented, returning E_NOINTERFACE.
12534.890:0138:0194:warn:vkd3d-proton:d3d12_device_QueryInterface: {0742a90b-c387-483f-b946-30a7e4e61458} not implemented, returning E_NOINTERFACE.
12534.913:0138:0198:warn:vkd3d-proton:d3d12_device_QueryInterface: {0742a90b-c387-483f-b946-30a7e4e61458} not implemented, returning E_NOINTERFACE.
12534.924:0138:0198:warn:vkd3d-proton:d3d12_device_QueryInterface: {0742a90b-c387-483f-b946-30a7e4e61458} not implemented, returning E_NOINTERFACE.
12534.943:0138:019c:warn:vkd3d-proton:d3d12_device_QueryInterface: {0742a90b-c387-483f-b946-30a7e4e61458} not implemented, returning E_NOINTERFACE.
12534.961:0138:019c:warn:vkd3d-proton:d3d12_device_QueryInterface: {0742a90b-c387-483f-b946-30a7e4e61458} not implemented, returning E_NOINTERFACE.
12534.975:0138:01a0:warn:vkd3d-proton:d3d12_device_QueryInterface: {0742a90b-c387-483f-b946-30a7e4e61458} not implemented, returning E_NOINTERFACE.
12534.991:0138:01a0:warn:vkd3d-proton:d3d12_device_QueryInterface: {0742a90b-c387-483f-b946-30a7e4e61458} not implemented, returning E_NOINTERFACE.
12535.007:0138:0194:warn:vkd3d-proton:d3d12_device_QueryInterface: {0742a90b-c387-483f-b946-30a7e4e61458} not implemented, returning E_NOINTERFACE.
12535.025:0138:0194:warn:vkd3d-proton:d3d12_device_QueryInterface: {0742a90b-c387-483f-b946-30a7e4e61458} not implemented, returning E_NOINTERFACE.
12535.041:0138:01a0:warn:vkd3d-proton:d3d12_device_QueryInterface: {0742a90b-c387-483f-b946-30a7e4e61458} not implemented, returning E_NOINTERFACE.
12535.057:0138:01a0:warn:vkd3d-proton:d3d12_device_QueryInterface: {0742a90b-c387-483f-b946-30a7e4e61458} not implemented, returning E_NOINTERFACE.
12535.079:0138:0194:warn:vkd3d-proton:d3d12_device_QueryInterface: {0742a90b-c387-483f-b946-30a7e4e61458} not implemented, returning E_NOINTERFACE.
12535.095:0138:0194:warn:vkd3d-proton:d3d12_device_QueryInterface: {0742a90b-c387-483f-b946-30a7e4e61458} not implemented, returning E_NOINTERFACE.
12535.109:0138:0198:warn:vkd3d-proton:d3d12_device_QueryInterface: {0742a90b-c387-483f-b946-30a7e4e61458} not implemented, returning E_NOINTERFACE.
12535.124:0138:0198:warn:vkd3d-proton:d3d12_device_QueryInterface: {0742a90b-c387-483f-b946-30a7e4e61458} not implemented, returning E_NOINTERFACE.
12535.141:0138:0194:warn:vkd3d-proton:d3d12_device_QueryInterface: {0742a90b-c387-483f-b946-30a7e4e61458} not implemented, returning E_NOINTERFACE.
12535.159:0138:0194:warn:vkd3d-proton:d3d12_device_QueryInterface: {0742a90b-c387-483f-b946-30a7e4e61458} not implemented, returning E_NOINTERFACE.
12535.174:0138:01a0:warn:vkd3d-proton:d3d12_device_QueryInterface: {0742a90b-c387-483f-b946-30a7e4e61458} not implemented, returning E_NOINTERFACE.
12535.191:0138:01a0:warn:vkd3d-proton:d3d12_device_QueryInterface: {0742a90b-c387-483f-b946-30a7e4e61458} not implemented, returning E_NOINTERFACE.
12535.209:0138:019c:warn:vkd3d-proton:d3d12_device_QueryInterface: {0742a90b-c387-483f-b946-30a7e4e61458} not implemented, returning E_NOINTERFACE.
12535.224:0138:019c:warn:vkd3d-proton:d3d12_device_QueryInterface: {0742a90b-c387-483f-b946-30a7e4e61458} not implemented, returning E_NOINTERFACE.
12535.246:0138:0194:warn:vkd3d-proton:d3d12_device_QueryInterface: {0742a90b-c387-483f-b946-30a7e4e61458} not implemented, returning E_NOINTERFACE.
12535.263:0138:0194:warn:vkd3d-proton:d3d12_device_QueryInterface: {0742a90b-c387-483f-b946-30a7e4e61458} not implemented, returning E_NOINTERFACE.
12535.275:0138:01a0:warn:vkd3d-proton:d3d12_device_QueryInterface: {0742a90b-c387-483f-b946-30a7e4e61458} not implemented, returning E_NOINTERFACE.
12535.291:0138:01a0:warn:vkd3d-proton:d3d12_device_QueryInterface: {0742a90b-c387-483f-b946-30a7e4e61458} not implemented, returning E_NOINTERFACE.
12535.308:0138:0198:warn:vkd3d-proton:d3d12_device_QueryInterface: {0742a90b-c387-483f-b946-30a7e4e61458} not implemented, returning E_NOINTERFACE.
12535.330:0138:0198:warn:vkd3d-proton:d3d12_device_QueryInterface: {0742a90b-c387-483f-b946-30a7e4e61458} not implemented, returning E_NOINTERFACE.
12535.342:0138:0194:warn:vkd3d-proton:d3d12_device_QueryInterface: {0742a90b-c387-483f-b946-30a7e4e61458} not implemented, returning E_NOINTERFACE.
12535.358:0138:0194:warn:vkd3d-proton:d3d12_device_QueryInterface: {0742a90b-c387-483f-b946-30a7e4e61458} not implemented, returning E_NOINTERFACE.
12535.374:0138:0198:warn:vkd3d-proton:d3d12_device_QueryInterface: {0742a90b-c387-483f-b946-30a7e4e61458} not implemented, returning E_NOINTERFACE.
12535.392:0138:0198:warn:vkd3d-proton:d3d12_device_QueryInterface: {0742a90b-c387-483f-b946-30a7e4e61458} not implemented, returning E_NOINTERFACE.
12535.408:0138:0194:warn:vkd3d-proton:d3d12_device_QueryInterface: {0742a90b-c387-483f-b946-30a7e4e61458} not implemented, returning E_NOINTERFACE.
12535.428:0138:0194:warn:vkd3d-proton:d3d12_device_QueryInterface: {0742a90b-c387-483f-b946-30a7e4e61458} not implemented, returning E_NOINTERFACE.
12535.441:0138:01a0:warn:vkd3d-proton:d3d12_device_QueryInterface: {0742a90b-c387-483f-b946-30a7e4e61458} not implemented, returning E_NOINTERFACE.
12535.457:0138:01a0:warn:vkd3d-proton:d3d12_device_QueryInterface: {0742a90b-c387-483f-b946-30a7e4e61458} not implemented, returning E_NOINTERFACE.
12535.478:0138:0194:warn:vkd3d-proton:d3d12_device_QueryInterface: {0742a90b-c387-483f-b946-30a7e4e61458} not implemented, returning E_NOINTERFACE.
12535.495:0138:0194:warn:vkd3d-proton:d3d12_device_QueryInterface: {0742a90b-c387-483f-b946-30a7e4e61458} not implemented, returning E_NOINTERFACE.
12535.508:0138:01a0:warn:vkd3d-proton:d3d12_device_QueryInterface: {0742a90b-c387-483f-b946-30a7e4e61458} not implemented, returning E_NOINTERFACE.
12535.524:0138:01a0:warn:vkd3d-proton:d3d12_device_QueryInterface: {0742a90b-c387-483f-b946-30a7e4e61458} not implemented, returning E_NOINTERFACE.
12535.545:0138:0198:warn:vkd3d-proton:d3d12_device_QueryInterface: {0742a90b-c387-483f-b946-30a7e4e61458} not implemented, returning E_NOINTERFACE.
12535.559:0138:0198:warn:vkd3d-proton:d3d12_device_QueryInterface: {0742a90b-c387-483f-b946-30a7e4e61458} not implemented, returning E_NOINTERFACE.
12535.574:0138:0194:warn:vkd3d-proton:d3d12_device_QueryInterface: {0742a90b-c387-483f-b946-30a7e4e61458} not implemented, returning E_NOINTERFACE.
12535.590:0138:0194:warn:vkd3d-proton:d3d12_device_QueryInterface: {0742a90b-c387-483f-b946-30a7e4e61458} not implemented, returning E_NOINTERFACE.
12535.609:0138:019c:warn:vkd3d-proton:d3d12_device_QueryInterface: {0742a90b-c387-483f-b946-30a7e4e61458} not implemented, returning E_NOINTERFACE.
12535.626:0138:019c:warn:vkd3d-proton:d3d12_device_QueryInterface: {0742a90b-c387-483f-b946-30a7e4e61458} not implemented, returning E_NOINTERFACE.
12535.679:0138:0198:warn:vkd3d-proton:d3d12_device_QueryInterface: {0742a90b-c387-483f-b946-30a7e4e61458} not implemented, returning E_NOINTERFACE.
12535.691:0138:01a0:warn:vkd3d-proton:d3d12_device_QueryInterface: {0742a90b-c387-483f-b946-30a7e4e61458} not implemented, returning E_NOINTERFACE.
12535.698:0138:0194:warn:vkd3d-proton:d3d12_device_QueryInterface: {0742a90b-c387-483f-b946-30a7e4e61458} not implemented, returning E_NOINTERFACE.
12535.700:0138:0194:warn:vkd3d-proton:d3d12_device_QueryInterface: {0742a90b-c387-483f-b946-30a7e4e61458} not implemented, returning E_NOINTERFACE.
12535.707:0138:0198:warn:vkd3d-proton:d3d12_device_QueryInterface: {0742a90b-c387-483f-b946-30a7e4e61458} not implemented, returning E_NOINTERFACE.
12535.724:0138:0194:warn:vkd3d-proton:d3d12_device_QueryInterface: {0742a90b-c387-483f-b946-30a7e4e61458} not implemented, returning E_NOINTERFACE.
12535.741:0138:019c:warn:vkd3d-proton:d3d12_device_QueryInterface: {0742a90b-c387-483f-b946-30a7e4e61458} not implemented, returning E_NOINTERFACE.
12535.759:0138:019c:warn:vkd3d-proton:d3d12_device_QueryInterface: {0742a90b-c387-483f-b946-30a7e4e61458} not implemented, returning E_NOINTERFACE.
12535.776:0138:0198:warn:vkd3d-proton:d3d12_device_QueryInterface: {0742a90b-c387-483f-b946-30a7e4e61458} not implemented, returning E_NOINTERFACE.
12535.791:0138:0198:warn:vkd3d-proton:d3d12_device_QueryInterface: {0742a90b-c387-483f-b946-30a7e4e61458} not implemented, returning E_NOINTERFACE.
12535.808:0138:0194:warn:vkd3d-proton:d3d12_device_QueryInterface: {0742a90b-c387-483f-b946-30a7e4e61458} not implemented, returning E_NOINTERFACE.
12535.826:0138:0194:warn:vkd3d-proton:d3d12_device_QueryInterface: {0742a90b-c387-483f-b946-30a7e4e61458} not implemented, returning E_NOINTERFACE.
12535.843:0138:0198:warn:vkd3d-proton:d3d12_device_QueryInterface: {0742a90b-c387-483f-b946-30a7e4e61458} not implemented, returning E_NOINTERFACE.
12535.861:0138:0198:warn:vkd3d-proton:d3d12_device_QueryInterface: {0742a90b-c387-483f-b946-30a7e4e61458} not implemented, returning E_NOINTERFACE.
12535.875:0138:0194:warn:vkd3d-proton:d3d12_device_QueryInterface: {0742a90b-c387-483f-b946-30a7e4e61458} not implemented, returning E_NOINTERFACE.
12535.895:0138:0194:warn:vkd3d-proton:d3d12_device_QueryInterface: {0742a90b-c387-483f-b946-30a7e4e61458} not implemented, returning E_NOINTERFACE.
12535.908:0138:0198:warn:vkd3d-proton:d3d12_device_QueryInterface: {0742a90b-c387-483f-b946-30a7e4e61458} not implemented, returning E_NOINTERFACE.
12535.925:0138:0198:warn:vkd3d-proton:d3d12_device_QueryInterface: {0742a90b-c387-483f-b946-30a7e4e61458} not implemented, returning E_NOINTERFACE.
12535.942:0138:019c:warn:vkd3d-proton:d3d12_device_QueryInterface: {0742a90b-c387-483f-b946-30a7e4e61458} not implemented, returning E_NOINTERFACE.
12535.958:0138:019c:warn:vkd3d-proton:d3d12_device_QueryInterface: {0742a90b-c387-483f-b946-30a7e4e61458} not implemented, returning E_NOINTERFACE.
12535.975:0138:0198:warn:vkd3d-proton:d3d12_device_QueryInterface: {0742a90b-c387-483f-b946-30a7e4e61458} not implemented, returning E_NOINTERFACE.
12535.992:0138:0198:warn:vkd3d-proton:d3d12_device_QueryInterface: {0742a90b-c387-483f-b946-30a7e4e61458} not implemented, returning E_NOINTERFACE.
12536.029:0138:01a0:warn:vkd3d-proton:d3d12_device_QueryInterface: {0742a90b-c387-483f-b946-30a7e4e61458} not implemented, returning E_NOINTERFACE.
12536.041:0138:0198:warn:vkd3d-proton:d3d12_device_QueryInterface: {0742a90b-c387-483f-b946-30a7e4e61458} not implemented, returning E_NOINTERFACE.
12536.043:0138:0198:warn:vkd3d-proton:d3d12_device_QueryInterface: {0742a90b-c387-483f-b946-30a7e4e61458} not implemented, returning E_NOINTERFACE.
12536.059:0138:0194:warn:vkd3d-proton:d3d12_device_QueryInterface: {0742a90b-c387-483f-b946-30a7e4e61458} not implemented, returning E_NOINTERFACE.
12536.075:0138:01a0:warn:vkd3d-proton:d3d12_device_QueryInterface: {0742a90b-c387-483f-b946-30a7e4e61458} not implemented, returning E_NOINTERFACE.
12536.092:0138:01a0:warn:vkd3d-proton:d3d12_device_QueryInterface: {0742a90b-c387-483f-b946-30a7e4e61458} not implemented, returning E_NOINTERFACE.
12536.111:0138:019c:warn:vkd3d-proton:d3d12_device_QueryInterface: {0742a90b-c387-483f-b946-30a7e4e61458} not implemented, returning E_NOINTERFACE.
12536.127:0138:019c:warn:vkd3d-proton:d3d12_device_QueryInterface: {0742a90b-c387-483f-b946-30a7e4e61458} not implemented, returning E_NOINTERFACE.
12536.145:0138:0198:warn:vkd3d-proton:d3d12_device_QueryInterface: {0742a90b-c387-483f-b946-30a7e4e61458} not implemented, returning E_NOINTERFACE.
12536.161:0138:0198:warn:vkd3d-proton:d3d12_device_QueryInterface: {0742a90b-c387-483f-b946-30a7e4e61458} not implemented, returning E_NOINTERFACE.
12536.176:0138:019c:warn:vkd3d-proton:d3d12_device_QueryInterface: {0742a90b-c387-483f-b946-30a7e4e61458} not implemented, returning E_NOINTERFACE.
12536.192:0138:019c:warn:vkd3d-proton:d3d12_device_QueryInterface: {0742a90b-c387-483f-b946-30a7e4e61458} not implemented, returning E_NOINTERFACE.
12536.209:0138:0198:warn:vkd3d-proton:d3d12_device_QueryInterface: {0742a90b-c387-483f-b946-30a7e4e61458} not implemented, returning E_NOINTERFACE.
12536.225:0138:0198:warn:vkd3d-proton:d3d12_device_QueryInterface: {0742a90b-c387-483f-b946-30a7e4e61458} not implemented, returning E_NOINTERFACE.
12536.242:0138:0194:warn:vkd3d-proton:d3d12_device_QueryInterface: {0742a90b-c387-483f-b946-30a7e4e61458} not implemented, returning E_NOINTERFACE.
12536.258:0138:0194:warn:vkd3d-proton:d3d12_device_QueryInterface: {0742a90b-c387-483f-b946-30a7e4e61458} not implemented, returning E_NOINTERFACE.
12536.280:0138:01a0:warn:vkd3d-proton:d3d12_device_QueryInterface: {0742a90b-c387-483f-b946-30a7e4e61458} not implemented, returning E_NOINTERFACE.
12536.296:0138:01a0:warn:vkd3d-proton:d3d12_device_QueryInterface: {0742a90b-c387-483f-b946-30a7e4e61458} not implemented, returning E_NOINTERFACE.
12536.309:0138:0198:warn:vkd3d-proton:d3d12_device_QueryInterface: {0742a90b-c387-483f-b946-30a7e4e61458} not implemented, returning E_NOINTERFACE.
12536.325:0138:0198:warn:vkd3d-proton:d3d12_device_QueryInterface: {0742a90b-c387-483f-b946-30a7e4e61458} not implemented, returning E_NOINTERFACE.
12536.342:0138:019c:warn:vkd3d-proton:d3d12_device_QueryInterface: {0742a90b-c387-483f-b946-30a7e4e61458} not implemented, returning E_NOINTERFACE.
12536.359:0138:019c:warn:vkd3d-proton:d3d12_device_QueryInterface: {0742a90b-c387-483f-b946-30a7e4e61458} not implemented, returning E_NOINTERFACE.
12536.375:0138:0198:warn:vkd3d-proton:d3d12_device_QueryInterface: {0742a90b-c387-483f-b946-30a7e4e61458} not implemented, returning E_NOINTERFACE.
12536.392:0138:0198:warn:vkd3d-proton:d3d12_device_QueryInterface: {0742a90b-c387-483f-b946-30a7e4e61458} not implemented, returning E_NOINTERFACE.
12536.411:0138:01a0:warn:vkd3d-proton:d3d12_device_QueryInterface: {0742a90b-c387-483f-b946-30a7e4e61458} not implemented, returning E_NOINTERFACE.
12536.427:0138:01a0:warn:vkd3d-proton:d3d12_device_QueryInterface: {0742a90b-c387-483f-b946-30a7e4e61458} not implemented, returning E_NOINTERFACE.
12536.443:0138:0194:warn:vkd3d-proton:d3d12_device_QueryInterface: {0742a90b-c387-483f-b946-30a7e4e61458} not implemented, returning E_NOINTERFACE.
12536.460:0138:0194:warn:vkd3d-proton:d3d12_device_QueryInterface: {0742a90b-c387-483f-b946-30a7e4e61458} not implemented, returning E_NOINTERFACE.
12536.478:0138:019c:warn:vkd3d-proton:d3d12_device_QueryInterface: {0742a90b-c387-483f-b946-30a7e4e61458} not implemented, returning E_NOINTERFACE.
12536.494:0138:019c:warn:vkd3d-proton:d3d12_device_QueryInterface: {0742a90b-c387-483f-b946-30a7e4e61458} not implemented, returning E_NOINTERFACE.
12536.509:0138:0198:warn:vkd3d-proton:d3d12_device_QueryInterface: {0742a90b-c387-483f-b946-30a7e4e61458} not implemented, returning E_NOINTERFACE.
12536.525:0138:0198:warn:vkd3d-proton:d3d12_device_QueryInterface: {0742a90b-c387-483f-b946-30a7e4e61458} not implemented, returning E_NOINTERFACE.
12536.542:0138:01a0:warn:vkd3d-proton:d3d12_device_QueryInterface: {0742a90b-c387-483f-b946-30a7e4e61458} not implemented, returning E_NOINTERFACE.
12536.558:0138:01a0:warn:vkd3d-proton:d3d12_device_QueryInterface: {0742a90b-c387-483f-b946-30a7e4e61458} not implemented, returning E_NOINTERFACE.
12536.575:0138:019c:warn:vkd3d-proton:d3d12_device_QueryInterface: {0742a90b-c387-483f-b946-30a7e4e61458} not implemented, returning E_NOINTERFACE.
12536.592:0138:019c:warn:vkd3d-proton:d3d12_device_QueryInterface: {0742a90b-c387-483f-b946-30a7e4e61458} not implemented, returning E_NOINTERFACE.
12536.609:0138:01a0:warn:vkd3d-proton:d3d12_device_QueryInterface: {0742a90b-c387-483f-b946-30a7e4e61458} not implemented, returning E_NOINTERFACE.
12536.626:0138:01a0:warn:vkd3d-proton:d3d12_device_QueryInterface: {0742a90b-c387-483f-b946-30a7e4e61458} not implemented, returning E_NOINTERFACE.
12536.642:0138:0198:warn:vkd3d-proton:d3d12_device_QueryInterface: {0742a90b-c387-483f-b946-30a7e4e61458} not implemented, returning E_NOINTERFACE.
12536.659:0138:0198:warn:vkd3d-proton:d3d12_device_QueryInterface: {0742a90b-c387-483f-b946-30a7e4e61458} not implemented, returning E_NOINTERFACE.
12536.677:0138:0194:warn:vkd3d-proton:d3d12_device_QueryInterface: {0742a90b-c387-483f-b946-30a7e4e61458} not implemented, returning E_NOINTERFACE.
12536.692:0138:0194:warn:vkd3d-proton:d3d12_device_QueryInterface: {0742a90b-c387-483f-b946-30a7e4e61458} not implemented, returning E_NOINTERFACE.
12536.726:0138:019c:warn:vkd3d-proton:d3d12_device_QueryInterface: {0742a90b-c387-483f-b946-30a7e4e61458} not implemented, returning E_NOINTERFACE.
12536.740:0138:01a0:warn:vkd3d-proton:d3d12_device_QueryInterface: {0742a90b-c387-483f-b946-30a7e4e61458} not implemented, returning E_NOINTERFACE.
12536.744:0138:01a0:warn:vkd3d-proton:d3d12_device_QueryInterface: {0742a90b-c387-483f-b946-30a7e4e61458} not implemented, returning E_NOINTERFACE.
12536.758:0138:01a0:warn:vkd3d-proton:d3d12_device_QueryInterface: {0742a90b-c387-483f-b946-30a7e4e61458} not implemented, returning E_NOINTERFACE.
12536.776:0138:019c:warn:vkd3d-proton:d3d12_device_QueryInterface: {0742a90b-c387-483f-b946-30a7e4e61458} not implemented, returning E_NOINTERFACE.
12536.793:0138:019c:warn:vkd3d-proton:d3d12_device_QueryInterface: {0742a90b-c387-483f-b946-30a7e4e61458} not implemented, returning E_NOINTERFACE.
12536.809:0138:0198:warn:vkd3d-proton:d3d12_device_QueryInterface: {0742a90b-c387-483f-b946-30a7e4e61458} not implemented, returning E_NOINTERFACE.
12536.825:0138:0198:warn:vkd3d-proton:d3d12_device_QueryInterface: {0742a90b-c387-483f-b946-30a7e4e61458} not implemented, returning E_NOINTERFACE.
12536.845:0138:019c:warn:vkd3d-proton:d3d12_device_QueryInterface: {0742a90b-c387-483f-b946-30a7e4e61458} not implemented, returning E_NOINTERFACE.
12536.862:0138:019c:warn:vkd3d-proton:d3d12_device_QueryInterface: {0742a90b-c387-483f-b946-30a7e4e61458} not implemented, returning E_NOINTERFACE.
12536.876:0138:0194:warn:vkd3d-proton:d3d12_device_QueryInterface: {0742a90b-c387-483f-b946-30a7e4e61458} not implemented, returning E_NOINTERFACE.
12536.893:0138:0194:warn:vkd3d-proton:d3d12_device_QueryInterface: {0742a90b-c387-483f-b946-30a7e4e61458} not implemented, returning E_NOINTERFACE.
12536.909:0138:01a0:warn:vkd3d-proton:d3d12_device_QueryInterface: {0742a90b-c387-483f-b946-30a7e4e61458} not implemented, returning E_NOINTERFACE.
12536.925:0138:01a0:warn:vkd3d-proton:d3d12_device_QueryInterface: {0742a90b-c387-483f-b946-30a7e4e61458} not implemented, returning E_NOINTERFACE.
12536.942:0138:019c:warn:vkd3d-proton:d3d12_device_QueryInterface: {0742a90b-c387-483f-b946-30a7e4e61458} not implemented, returning E_NOINTERFACE.
12537.081:0138:01a0:warn:vkd3d-proton:d3d12_device_QueryInterface: {0742a90b-c387-483f-b946-30a7e4e61458} not implemented, returning E_NOINTERFACE.
12537.089:0138:0194:warn:vkd3d-proton:d3d12_device_QueryInterface: {0742a90b-c387-483f-b946-30a7e4e61458} not implemented, returning E_NOINTERFACE.
12537.103:0138:01a0:warn:vkd3d-proton:d3d12_device_QueryInterface: {0742a90b-c387-483f-b946-30a7e4e61458} not implemented, returning E_NOINTERFACE.
12537.108:0138:0198:warn:vkd3d-proton:d3d12_device_QueryInterface: {0742a90b-c387-483f-b946-30a7e4e61458} not implemented, returning E_NOINTERFACE.
12537.129:0138:01a0:warn:vkd3d-proton:d3d12_device_QueryInterface: {0742a90b-c387-483f-b946-30a7e4e61458} not implemented, returning E_NOINTERFACE.
12537.144:0138:019c:warn:vkd3d-proton:d3d12_device_QueryInterface: {0742a90b-c387-483f-b946-30a7e4e61458} not implemented, returning E_NOINTERFACE.
12537.161:0138:019c:warn:vkd3d-proton:d3d12_device_QueryInterface: {0742a90b-c387-483f-b946-30a7e4e61458} not implemented, returning E_NOINTERFACE.
12537.178:0138:0198:warn:vkd3d-proton:d3d12_device_QueryInterface: {0742a90b-c387-483f-b946-30a7e4e61458} not implemented, returning E_NOINTERFACE.
12537.192:0138:0198:warn:vkd3d-proton:d3d12_device_QueryInterface: {0742a90b-c387-483f-b946-30a7e4e61458} not implemented, returning E_NOINTERFACE.
12537.209:0138:01a0:warn:vkd3d-proton:d3d12_device_QueryInterface: {0742a90b-c387-483f-b946-30a7e4e61458} not implemented, returning E_NOINTERFACE.
12537.226:0138:01a0:warn:vkd3d-proton:d3d12_device_QueryInterface: {0742a90b-c387-483f-b946-30a7e4e61458} not implemented, returning E_NOINTERFACE.
12537.243:0138:019c:warn:vkd3d-proton:d3d12_device_QueryInterface: {0742a90b-c387-483f-b946-30a7e4e61458} not implemented, returning E_NOINTERFACE.
12537.259:0138:019c:warn:vkd3d-proton:d3d12_device_QueryInterface: {0742a90b-c387-483f-b946-30a7e4e61458} not implemented, returning E_NOINTERFACE.
12537.278:0138:0198:warn:vkd3d-proton:d3d12_device_QueryInterface: {0742a90b-c387-483f-b946-30a7e4e61458} not implemented, returning E_NOINTERFACE.
12537.294:0138:0198:warn:vkd3d-proton:d3d12_device_QueryInterface: {0742a90b-c387-483f-b946-30a7e4e61458} not implemented, returning E_NOINTERFACE.
12537.312:0138:019c:warn:vkd3d-proton:d3d12_device_QueryInterface: {0742a90b-c387-483f-b946-30a7e4e61458} not implemented, returning E_NOINTERFACE.
12537.327:0138:019c:warn:vkd3d-proton:d3d12_device_QueryInterface: {0742a90b-c387-483f-b946-30a7e4e61458} not implemented, returning E_NOINTERFACE.
12537.347:0138:0198:warn:vkd3d-proton:d3d12_device_QueryInterface: {0742a90b-c387-483f-b946-30a7e4e61458} not implemented, returning E_NOINTERFACE.
12537.362:0138:0198:warn:vkd3d-proton:d3d12_device_QueryInterface: {0742a90b-c387-483f-b946-30a7e4e61458} not implemented, returning E_NOINTERFACE.
12537.381:0138:01a0:warn:vkd3d-proton:d3d12_device_QueryInterface: {0742a90b-c387-483f-b946-30a7e4e61458} not implemented, returning E_NOINTERFACE.
12537.502:0138:01a0:warn:vkd3d-proton:d3d12_device_QueryInterface: {0742a90b-c387-483f-b946-30a7e4e61458} not implemented, returning E_NOINTERFACE.
12537.508:0138:01a0:warn:vkd3d-proton:d3d12_device_QueryInterface: {0742a90b-c387-483f-b946-30a7e4e61458} not implemented, returning E_NOINTERFACE.
12537.517:0138:019c:warn:vkd3d-proton:d3d12_device_QueryInterface: {0742a90b-c387-483f-b946-30a7e4e61458} not implemented, returning E_NOINTERFACE.
12537.525:0138:01a0:warn:vkd3d-proton:d3d12_device_QueryInterface: {0742a90b-c387-483f-b946-30a7e4e61458} not implemented, returning E_NOINTERFACE.
12537.536:0138:019c:warn:vkd3d-proton:d3d12_device_QueryInterface: {0742a90b-c387-483f-b946-30a7e4e61458} not implemented, returning E_NOINTERFACE.
12537.548:0138:01a0:warn:vkd3d-proton:d3d12_device_QueryInterface: {0742a90b-c387-483f-b946-30a7e4e61458} not implemented, returning E_NOINTERFACE.
12537.562:0138:01a0:warn:vkd3d-proton:d3d12_device_QueryInterface: {0742a90b-c387-483f-b946-30a7e4e61458} not implemented, returning E_NOINTERFACE.
12537.577:0138:019c:warn:vkd3d-proton:d3d12_device_QueryInterface: {0742a90b-c387-483f-b946-30a7e4e61458} not implemented, returning E_NOINTERFACE.
12537.585:0138:0180:info:vkd3d-proton:d3d12_command_signature_create: cmdsig-debug: nargs=2 ByteStride=32 action_offset=8 state_template=1 pipeline_type=1
12537.585:0138:0180:info:vkd3d-proton:d3d12_command_signature_create: cmdsig-debug:   arg[0] type=5
12537.585:0138:0180:info:vkd3d-proton:d3d12_command_signature_create: cmdsig-debug:   arg[1] type=1
12537.596:0138:019c:warn:vkd3d-proton:d3d12_device_QueryInterface: {0742a90b-c387-483f-b946-30a7e4e61458} not implemented, returning E_NOINTERFACE.
12537.601:0138:018c:info:vkd3d-proton:d3d12_command_signature_create: cmdsig-debug: nargs=2 ByteStride=32 action_offset=8 state_template=1 pipeline_type=1
12537.601:0138:018c:info:vkd3d-proton:d3d12_command_signature_create: cmdsig-debug:   arg[0] type=5
12537.601:0138:018c:info:vkd3d-proton:d3d12_command_signature_create: cmdsig-debug:   arg[1] type=1
12537.609:0138:018c:info:vkd3d-proton:d3d12_command_signature_create: cmdsig-debug: nargs=2 ByteStride=32 action_offset=8 state_template=1 pipeline_type=1
12537.609:0138:018c:info:vkd3d-proton:d3d12_command_signature_create: cmdsig-debug:   arg[0] type=5
12537.609:0138:018c:info:vkd3d-proton:d3d12_command_signature_create: cmdsig-debug:   arg[1] type=1
12537.616:0138:018c:info:vkd3d-proton:d3d12_command_signature_create: cmdsig-debug: nargs=2 ByteStride=32 action_offset=8 state_template=1 pipeline_type=1
12537.616:0138:018c:info:vkd3d-proton:d3d12_command_signature_create: cmdsig-debug:   arg[0] type=5
12537.616:0138:018c:info:vkd3d-proton:d3d12_command_signature_create: cmdsig-debug:   arg[1] type=1
12537.617:0138:01a0:warn:vkd3d-proton:d3d12_device_QueryInterface: {0742a90b-c387-483f-b946-30a7e4e61458} not implemented, returning E_NOINTERFACE.
12537.624:0138:018c:info:vkd3d-proton:d3d12_command_signature_create: cmdsig-debug: nargs=2 ByteStride=32 action_offset=8 state_template=1 pipeline_type=1
12537.624:0138:018c:info:vkd3d-proton:d3d12_command_signature_create: cmdsig-debug:   arg[0] type=5
12537.624:0138:018c:info:vkd3d-proton:d3d12_command_signature_create: cmdsig-debug:   arg[1] type=1
12537.627:0138:0180:info:vkd3d-proton:d3d12_command_signature_create: cmdsig-debug: nargs=2 ByteStride=32 action_offset=8 state_template=1 pipeline_type=1
12537.628:0138:0180:info:vkd3d-proton:d3d12_command_signature_create: cmdsig-debug:   arg[0] type=5
12537.628:0138:0180:info:vkd3d-proton:d3d12_command_signature_create: cmdsig-debug:   arg[1] type=1
12537.631:0138:01a0:warn:vkd3d-proton:d3d12_device_QueryInterface: {0742a90b-c387-483f-b946-30a7e4e61458} not implemented, returning E_NOINTERFACE.
12537.647:0138:01a0:warn:vkd3d-proton:d3d12_device_QueryInterface: {0742a90b-c387-483f-b946-30a7e4e61458} not implemented, returning E_NOINTERFACE.
12537.661:0138:01a0:warn:vkd3d-proton:d3d12_device_QueryInterface: {0742a90b-c387-483f-b946-30a7e4e61458} not implemented, returning E_NOINTERFACE.
12537.679:0138:0198:warn:vkd3d-proton:d3d12_device_QueryInterface: {0742a90b-c387-483f-b946-30a7e4e61458} not implemented, returning E_NOINTERFACE.
12537.697:0138:0198:warn:vkd3d-proton:d3d12_device_QueryInterface: {0742a90b-c387-483f-b946-30a7e4e61458} not implemented, returning E_NOINTERFACE.
12537.711:0138:0198:warn:vkd3d-proton:d3d12_device_QueryInterface: {0742a90b-c387-483f-b946-30a7e4e61458} not implemented, returning E_NOINTERFACE.
12537.721:0138:0188:info:vkd3d-proton:d3d12_command_signature_create: cmdsig-debug: nargs=2 ByteStride=32 action_offset=8 state_template=1 pipeline_type=1
12537.721:0138:0188:info:vkd3d-proton:d3d12_command_signature_create: cmdsig-debug:   arg[0] type=5
12537.721:0138:0188:info:vkd3d-proton:d3d12_command_signature_create: cmdsig-debug:   arg[1] type=1
12537.727:0138:0198:warn:vkd3d-proton:d3d12_device_QueryInterface: {0742a90b-c387-483f-b946-30a7e4e61458} not implemented, returning E_NOINTERFACE.
12537.745:0138:01a0:warn:vkd3d-proton:d3d12_device_QueryInterface: {0742a90b-c387-483f-b946-30a7e4e61458} not implemented, returning E_NOINTERFACE.
12537.762:0138:01a0:warn:vkd3d-proton:d3d12_device_QueryInterface: {0742a90b-c387-483f-b946-30a7e4e61458} not implemented, returning E_NOINTERFACE.
12537.780:0138:019c:warn:vkd3d-proton:d3d12_device_QueryInterface: {0742a90b-c387-483f-b946-30a7e4e61458} not implemented, returning E_NOINTERFACE.
12537.796:0138:019c:warn:vkd3d-proton:d3d12_device_QueryInterface: {0742a90b-c387-483f-b946-30a7e4e61458} not implemented, returning E_NOINTERFACE.
12537.814:0138:01a0:warn:vkd3d-proton:d3d12_device_QueryInterface: {0742a90b-c387-483f-b946-30a7e4e61458} not implemented, returning E_NOINTERFACE.
12537.827:0138:01a0:warn:vkd3d-proton:d3d12_device_QueryInterface: {0742a90b-c387-483f-b946-30a7e4e61458} not implemented, returning E_NOINTERFACE.
12537.845:0138:019c:warn:vkd3d-proton:d3d12_device_QueryInterface: {0742a90b-c387-483f-b946-30a7e4e61458} not implemented, returning E_NOINTERFACE.
12537.865:0138:019c:warn:vkd3d-proton:d3d12_device_QueryInterface: {0742a90b-c387-483f-b946-30a7e4e61458} not implemented, returning E_NOINTERFACE.
12537.880:0138:01a0:warn:vkd3d-proton:d3d12_device_QueryInterface: {0742a90b-c387-483f-b946-30a7e4e61458} not implemented, returning E_NOINTERFACE.
12537.897:0138:01a0:warn:vkd3d-proton:d3d12_device_QueryInterface: {0742a90b-c387-483f-b946-30a7e4e61458} not implemented, returning E_NOINTERFACE.
12537.904:0138:0188:info:vkd3d-proton:d3d12_command_signature_create: cmdsig-debug: nargs=2 ByteStride=32 action_offset=8 state_template=1 pipeline_type=1
12537.904:0138:0188:info:vkd3d-proton:d3d12_command_signature_create: cmdsig-debug:   arg[0] type=5
12537.904:0138:0188:info:vkd3d-proton:d3d12_command_signature_create: cmdsig-debug:   arg[1] type=1
12537.913:0138:0198:warn:vkd3d-proton:d3d12_device_QueryInterface: {0742a90b-c387-483f-b946-30a7e4e61458} not implemented, returning E_NOINTERFACE.
12537.927:0138:0198:warn:vkd3d-proton:d3d12_device_QueryInterface: {0742a90b-c387-483f-b946-30a7e4e61458} not implemented, returning E_NOINTERFACE.
12537.948:0138:01a0:warn:vkd3d-proton:d3d12_device_QueryInterface: {0742a90b-c387-483f-b946-30a7e4e61458} not implemented, returning E_NOINTERFACE.
12537.961:0138:01a0:warn:vkd3d-proton:d3d12_device_QueryInterface: {0742a90b-c387-483f-b946-30a7e4e61458} not implemented, returning E_NOINTERFACE.
12537.977:0138:0198:warn:vkd3d-proton:d3d12_device_QueryInterface: {0742a90b-c387-483f-b946-30a7e4e61458} not implemented, returning E_NOINTERFACE.
12537.996:0138:0198:warn:vkd3d-proton:d3d12_device_QueryInterface: {0742a90b-c387-483f-b946-30a7e4e61458} not implemented, returning E_NOINTERFACE.
12538.010:0138:01a0:warn:vkd3d-proton:d3d12_device_QueryInterface: {0742a90b-c387-483f-b946-30a7e4e61458} not implemented, returning E_NOINTERFACE.
12538.029:0138:019c:warn:vkd3d-proton:d3d12_device_QueryInterface: {0742a90b-c387-483f-b946-30a7e4e61458} not implemented, returning E_NOINTERFACE.
12538.044:0138:019c:warn:vkd3d-proton:d3d12_device_QueryInterface: {0742a90b-c387-483f-b946-30a7e4e61458} not implemented, returning E_NOINTERFACE.
12538.062:0138:019c:warn:vkd3d-proton:d3d12_device_QueryInterface: {0742a90b-c387-483f-b946-30a7e4e61458} not implemented, returning E_NOINTERFACE.
12538.064:0138:0188:info:vkd3d-proton:d3d12_command_signature_create: cmdsig-debug: nargs=2 ByteStride=32 action_offset=8 state_template=1 pipeline_type=1
12538.064:0138:0188:info:vkd3d-proton:d3d12_command_signature_create: cmdsig-debug:   arg[0] type=5
12538.064:0138:0188:info:vkd3d-proton:d3d12_command_signature_create: cmdsig-debug:   arg[1] type=1
12538.080:0138:01a0:warn:vkd3d-proton:d3d12_device_QueryInterface: {0742a90b-c387-483f-b946-30a7e4e61458} not implemented, returning E_NOINTERFACE.
12538.094:0138:01a0:warn:vkd3d-proton:d3d12_device_QueryInterface: {0742a90b-c387-483f-b946-30a7e4e61458} not implemented, returning E_NOINTERFACE.
12538.096:0138:0180:info:vkd3d-proton:d3d12_command_signature_create: cmdsig-debug: nargs=2 ByteStride=32 action_offset=8 state_template=1 pipeline_type=1
12538.096:0138:0180:info:vkd3d-proton:d3d12_command_signature_create: cmdsig-debug:   arg[0] type=5
12538.096:0138:0180:info:vkd3d-proton:d3d12_command_signature_create: cmdsig-debug:   arg[1] type=1
12538.112:0138:019c:warn:vkd3d-proton:d3d12_device_QueryInterface: {0742a90b-c387-483f-b946-30a7e4e61458} not implemented, returning E_NOINTERFACE.
12538.128:0138:019c:warn:vkd3d-proton:d3d12_device_QueryInterface: {0742a90b-c387-483f-b946-30a7e4e61458} not implemented, returning E_NOINTERFACE.
12538.145:0138:0198:warn:vkd3d-proton:d3d12_device_QueryInterface: {0742a90b-c387-483f-b946-30a7e4e61458} not implemented, returning E_NOINTERFACE.
12538.162:0138:0198:warn:vkd3d-proton:d3d12_device_QueryInterface: {0742a90b-c387-483f-b946-30a7e4e61458} not implemented, returning E_NOINTERFACE.
12538.178:0138:01a0:warn:vkd3d-proton:d3d12_device_QueryInterface: {0742a90b-c387-483f-b946-30a7e4e61458} not implemented, returning E_NOINTERFACE.
12538.197:0138:019c:warn:vkd3d-proton:d3d12_device_QueryInterface: {0742a90b-c387-483f-b946-30a7e4e61458} not implemented, returning E_NOINTERFACE.
12538.214:0138:01a0:warn:vkd3d-proton:d3d12_device_QueryInterface: {0742a90b-c387-483f-b946-30a7e4e61458} not implemented, returning E_NOINTERFACE.
12538.228:0138:01a0:warn:vkd3d-proton:d3d12_device_QueryInterface: {0742a90b-c387-483f-b946-30a7e4e61458} not implemented, returning E_NOINTERFACE.
12538.230:0138:0180:info:vkd3d-proton:d3d12_command_signature_create: cmdsig-debug: nargs=2 ByteStride=32 action_offset=4 state_template=1 pipeline_type=1
12538.230:0138:0180:info:vkd3d-proton:d3d12_command_signature_create: cmdsig-debug:   arg[0] type=5
12538.230:0138:0180:info:vkd3d-proton:d3d12_command_signature_create: cmdsig-debug:   arg[1] type=1
12538.248:0138:01a0:warn:vkd3d-proton:d3d12_device_QueryInterface: {0742a90b-c387-483f-b946-30a7e4e61458} not implemented, returning E_NOINTERFACE.
12538.250:0138:0190:info:vkd3d-proton:d3d12_command_signature_create: cmdsig-debug: nargs=2 ByteStride=32 action_offset=4 state_template=1 pipeline_type=1
12538.250:0138:0190:info:vkd3d-proton:d3d12_command_signature_create: cmdsig-debug:   arg[0] type=5
12538.250:0138:0190:info:vkd3d-proton:d3d12_command_signature_create: cmdsig-debug:   arg[1] type=1
12538.263:0138:01a0:warn:vkd3d-proton:d3d12_device_QueryInterface: {0742a90b-c387-483f-b946-30a7e4e61458} not implemented, returning E_NOINTERFACE.
12538.280:0138:019c:warn:vkd3d-proton:d3d12_device_QueryInterface: {0742a90b-c387-483f-b946-30a7e4e61458} not implemented, returning E_NOINTERFACE.
12538.294:0138:019c:warn:vkd3d-proton:d3d12_device_QueryInterface: {0742a90b-c387-483f-b946-30a7e4e61458} not implemented, returning E_NOINTERFACE.
12538.313:0138:01a0:warn:vkd3d-proton:d3d12_device_QueryInterface: {0742a90b-c387-483f-b946-30a7e4e61458} not implemented, returning E_NOINTERFACE.
12538.319:0138:018c:info:vkd3d-proton:d3d12_command_signature_create: cmdsig-debug: nargs=2 ByteStride=32 action_offset=8 state_template=1 pipeline_type=1
12538.319:0138:018c:info:vkd3d-proton:d3d12_command_signature_create: cmdsig-debug:   arg[0] type=5
12538.319:0138:018c:info:vkd3d-proton:d3d12_command_signature_create: cmdsig-debug:   arg[1] type=1
12538.320:0138:0188:info:vkd3d-proton:d3d12_command_signature_create: cmdsig-debug: nargs=2 ByteStride=32 action_offset=8 state_template=1 pipeline_type=1
12538.320:0138:0188:info:vkd3d-proton:d3d12_command_signature_create: cmdsig-debug:   arg[0] type=5
12538.320:0138:0188:info:vkd3d-proton:d3d12_command_signature_create: cmdsig-debug:   arg[1] type=1
12538.333:0138:01a0:warn:vkd3d-proton:d3d12_device_QueryInterface: {0742a90b-c387-483f-b946-30a7e4e61458} not implemented, returning E_NOINTERFACE.
12538.348:0138:0198:warn:vkd3d-proton:d3d12_device_QueryInterface: {0742a90b-c387-483f-b946-30a7e4e61458} not implemented, returning E_NOINTERFACE.
12538.362:0138:0198:warn:vkd3d-proton:d3d12_device_QueryInterface: {0742a90b-c387-483f-b946-30a7e4e61458} not implemented, returning E_NOINTERFACE.
12538.378:0138:0198:warn:vkd3d-proton:d3d12_device_QueryInterface: {0742a90b-c387-483f-b946-30a7e4e61458} not implemented, returning E_NOINTERFACE.
12538.394:0138:0198:warn:vkd3d-proton:d3d12_device_QueryInterface: {0742a90b-c387-483f-b946-30a7e4e61458} not implemented, returning E_NOINTERFACE.
12538.413:0138:01a0:warn:vkd3d-proton:d3d12_device_QueryInterface: {0742a90b-c387-483f-b946-30a7e4e61458} not implemented, returning E_NOINTERFACE.
12538.430:0138:01a0:warn:vkd3d-proton:d3d12_device_QueryInterface: {0742a90b-c387-483f-b946-30a7e4e61458} not implemented, returning E_NOINTERFACE.
12538.446:0138:019c:warn:vkd3d-proton:d3d12_device_QueryInterface: {0742a90b-c387-483f-b946-30a7e4e61458} not implemented, returning E_NOINTERFACE.
12538.461:0138:019c:warn:vkd3d-proton:d3d12_device_QueryInterface: {0742a90b-c387-483f-b946-30a7e4e61458} not implemented, returning E_NOINTERFACE.
12538.478:0138:019c:warn:vkd3d-proton:d3d12_device_QueryInterface: {0742a90b-c387-483f-b946-30a7e4e61458} not implemented, returning E_NOINTERFACE.
12538.496:0138:019c:warn:vkd3d-proton:d3d12_device_QueryInterface: {0742a90b-c387-483f-b946-30a7e4e61458} not implemented, returning E_NOINTERFACE.
12538.511:0138:01a0:warn:vkd3d-proton:d3d12_device_QueryInterface: {0742a90b-c387-483f-b946-30a7e4e61458} not implemented, returning E_NOINTERFACE.
12538.531:0138:01a0:warn:vkd3d-proton:d3d12_device_QueryInterface: {0742a90b-c387-483f-b946-30a7e4e61458} not implemented, returning E_NOINTERFACE.
12538.546:0138:019c:warn:vkd3d-proton:d3d12_device_QueryInterface: {0742a90b-c387-483f-b946-30a7e4e61458} not implemented, returning E_NOINTERFACE.
12538.564:0138:019c:warn:vkd3d-proton:d3d12_device_QueryInterface: {0742a90b-c387-483f-b946-30a7e4e61458} not implemented, returning E_NOINTERFACE.
12538.599:0138:0198:warn:vkd3d-proton:d3d12_device_QueryInterface: {0742a90b-c387-483f-b946-30a7e4e61458} not implemented, returning E_NOINTERFACE.
12538.612:0138:019c:warn:vkd3d-proton:d3d12_device_QueryInterface: {0742a90b-c387-483f-b946-30a7e4e61458} not implemented, returning E_NOINTERFACE.
12538.628:0138:019c:warn:vkd3d-proton:d3d12_device_QueryInterface: {0742a90b-c387-483f-b946-30a7e4e61458} not implemented, returning E_NOINTERFACE.
12538.647:0138:019c:warn:vkd3d-proton:d3d12_device_QueryInterface: {0742a90b-c387-483f-b946-30a7e4e61458} not implemented, returning E_NOINTERFACE.
12538.667:0138:019c:warn:vkd3d-proton:d3d12_device_QueryInterface: {0742a90b-c387-483f-b946-30a7e4e61458} not implemented, returning E_NOINTERFACE.
12538.679:0138:019c:warn:vkd3d-proton:d3d12_device_QueryInterface: {0742a90b-c387-483f-b946-30a7e4e61458} not implemented, returning E_NOINTERFACE.
12538.696:0138:019c:warn:vkd3d-proton:d3d12_device_QueryInterface: {0742a90b-c387-483f-b946-30a7e4e61458} not implemented, returning E_NOINTERFACE.
12538.715:0138:01a0:warn:vkd3d-proton:d3d12_device_QueryInterface: {0742a90b-c387-483f-b946-30a7e4e61458} not implemented, returning E_NOINTERFACE.
12538.730:0138:01a0:warn:vkd3d-proton:d3d12_device_QueryInterface: {0742a90b-c387-483f-b946-30a7e4e61458} not implemented, returning E_NOINTERFACE.
12538.737:0138:0188:info:vkd3d-proton:d3d12_command_signature_create: cmdsig-debug: nargs=2 ByteStride=32 action_offset=8 state_template=1 pipeline_type=1
12538.737:0138:0188:info:vkd3d-proton:d3d12_command_signature_create: cmdsig-debug:   arg[0] type=5
12538.737:0138:0188:info:vkd3d-proton:d3d12_command_signature_create: cmdsig-debug:   arg[1] type=1
12538.747:0138:0198:warn:vkd3d-proton:d3d12_device_QueryInterface: {0742a90b-c387-483f-b946-30a7e4e61458} not implemented, returning E_NOINTERFACE.
12538.763:0138:0198:warn:vkd3d-proton:d3d12_device_QueryInterface: {0742a90b-c387-483f-b946-30a7e4e61458} not implemented, returning E_NOINTERFACE.
12538.785:0138:0198:warn:vkd3d-proton:d3d12_device_QueryInterface: {0742a90b-c387-483f-b946-30a7e4e61458} not implemented, returning E_NOINTERFACE.
12538.892:0138:01a0:warn:vkd3d-proton:d3d12_device_QueryInterface: {0742a90b-c387-483f-b946-30a7e4e61458} not implemented, returning E_NOINTERFACE.
12538.899:0138:01a0:warn:vkd3d-proton:d3d12_device_QueryInterface: {0742a90b-c387-483f-b946-30a7e4e61458} not implemented, returning E_NOINTERFACE.
12538.951:0138:019c:warn:vkd3d-proton:d3d12_device_QueryInterface: {0742a90b-c387-483f-b946-30a7e4e61458} not implemented, returning E_NOINTERFACE.
12538.973:0138:01a0:warn:vkd3d-proton:d3d12_device_QueryInterface: {0742a90b-c387-483f-b946-30a7e4e61458} not implemented, returning E_NOINTERFACE.
12539.015:0138:0198:warn:vkd3d-proton:d3d12_device_QueryInterface: {0742a90b-c387-483f-b946-30a7e4e61458} not implemented, returning E_NOINTERFACE.
12539.057:0138:0198:warn:vkd3d-proton:d3d12_device_QueryInterface: {0742a90b-c387-483f-b946-30a7e4e61458} not implemented, returning E_NOINTERFACE.
12539.107:0138:019c:warn:vkd3d-proton:d3d12_device_QueryInterface: {0742a90b-c387-483f-b946-30a7e4e61458} not implemented, returning E_NOINTERFACE.
12539.120:0138:0180:info:vkd3d-proton:d3d12_command_signature_create: cmdsig-debug: nargs=2 ByteStride=32 action_offset=8 state_template=1 pipeline_type=1
12539.121:0138:0180:info:vkd3d-proton:d3d12_command_signature_create: cmdsig-debug:   arg[0] type=5
12539.121:0138:0180:info:vkd3d-proton:d3d12_command_signature_create: cmdsig-debug:   arg[1] type=1
12539.172:0138:0198:warn:vkd3d-proton:d3d12_device_QueryInterface: {0742a90b-c387-483f-b946-30a7e4e61458} not implemented, returning E_NOINTERFACE.
12539.214:0138:01a0:warn:vkd3d-proton:d3d12_device_QueryInterface: {0742a90b-c387-483f-b946-30a7e4e61458} not implemented, returning E_NOINTERFACE.
12539.262:0138:019c:warn:vkd3d-proton:d3d12_device_QueryInterface: {0742a90b-c387-483f-b946-30a7e4e61458} not implemented, returning E_NOINTERFACE.
12539.321:0138:0198:warn:vkd3d-proton:d3d12_device_QueryInterface: {0742a90b-c387-483f-b946-30a7e4e61458} not implemented, returning E_NOINTERFACE.
12539.368:0138:019c:warn:vkd3d-proton:d3d12_device_QueryInterface: {0742a90b-c387-483f-b946-30a7e4e61458} not implemented, returning E_NOINTERFACE.
12539.375:0138:019c:warn:vkd3d-proton:d3d12_device_QueryInterface: {0742a90b-c387-483f-b946-30a7e4e61458} not implemented, returning E_NOINTERFACE.
12539.380:0138:019c:warn:vkd3d-proton:d3d12_device_QueryInterface: {0742a90b-c387-483f-b946-30a7e4e61458} not implemented, returning E_NOINTERFACE.
12539.397:0138:01a0:warn:vkd3d-proton:d3d12_device_QueryInterface: {0742a90b-c387-483f-b946-30a7e4e61458} not implemented, returning E_NOINTERFACE.
12539.435:0138:01a0:warn:vkd3d-proton:d3d12_device_QueryInterface: {0742a90b-c387-483f-b946-30a7e4e61458} not implemented, returning E_NOINTERFACE.
12539.524:0138:0198:warn:vkd3d-proton:d3d12_device_QueryInterface: {0742a90b-c387-483f-b946-30a7e4e61458} not implemented, returning E_NOINTERFACE.
12539.568:0138:01a0:warn:vkd3d-proton:d3d12_device_QueryInterface: {0742a90b-c387-483f-b946-30a7e4e61458} not implemented, returning E_NOINTERFACE.
12539.611:0138:019c:warn:vkd3d-proton:d3d12_device_QueryInterface: {0742a90b-c387-483f-b946-30a7e4e61458} not implemented, returning E_NOINTERFACE.
12539.642:0138:01a0:warn:vkd3d-proton:d3d12_device_QueryInterface: {0742a90b-c387-483f-b946-30a7e4e61458} not implemented, returning E_NOINTERFACE.
12539.685:0138:01a0:warn:vkd3d-proton:d3d12_device_QueryInterface: {0742a90b-c387-483f-b946-30a7e4e61458} not implemented, returning E_NOINTERFACE.
12539.718:0138:0194:warn:vkd3d-proton:d3d12_device_QueryInterface: {0742a90b-c387-483f-b946-30a7e4e61458} not implemented, returning E_NOINTERFACE.
12539.764:0138:0198:warn:vkd3d-proton:d3d12_device_QueryInterface: {0742a90b-c387-483f-b946-30a7e4e61458} not implemented, returning E_NOINTERFACE.
12539.795:0138:019c:warn:vkd3d-proton:d3d12_device_QueryInterface: {0742a90b-c387-483f-b946-30a7e4e61458} not implemented, returning E_NOINTERFACE.
12539.829:0138:019c:warn:vkd3d-proton:d3d12_device_QueryInterface: {0742a90b-c387-483f-b946-30a7e4e61458} not implemented, returning E_NOINTERFACE.
12539.860:0138:01a0:warn:vkd3d-proton:d3d12_device_QueryInterface: {0742a90b-c387-483f-b946-30a7e4e61458} not implemented, returning E_NOINTERFACE.
12539.896:0138:019c:warn:vkd3d-proton:d3d12_device_QueryInterface: {0742a90b-c387-483f-b946-30a7e4e61458} not implemented, returning E_NOINTERFACE.
12539.928:0138:0198:warn:vkd3d-proton:d3d12_device_QueryInterface: {0742a90b-c387-483f-b946-30a7e4e61458} not implemented, returning E_NOINTERFACE.
12539.964:0138:0198:warn:vkd3d-proton:d3d12_device_QueryInterface: {0742a90b-c387-483f-b946-30a7e4e61458} not implemented, returning E_NOINTERFACE.
12540.001:0138:019c:warn:vkd3d-proton:d3d12_device_QueryInterface: {0742a90b-c387-483f-b946-30a7e4e61458} not implemented, returning E_NOINTERFACE.
12540.034:0138:0194:warn:vkd3d-proton:d3d12_device_QueryInterface: {0742a90b-c387-483f-b946-30a7e4e61458} not implemented, returning E_NOINTERFACE.
12540.067:0138:01a0:warn:vkd3d-proton:d3d12_device_QueryInterface: {0742a90b-c387-483f-b946-30a7e4e61458} not implemented, returning E_NOINTERFACE.
12540.102:0138:0194:warn:vkd3d-proton:d3d12_device_QueryInterface: {0742a90b-c387-483f-b946-30a7e4e61458} not implemented, returning E_NOINTERFACE.
12540.132:0138:01a0:warn:vkd3d-proton:d3d12_device_QueryInterface: {0742a90b-c387-483f-b946-30a7e4e61458} not implemented, returning E_NOINTERFACE.
12540.164:0138:0198:warn:vkd3d-proton:d3d12_device_QueryInterface: {0742a90b-c387-483f-b946-30a7e4e61458} not implemented, returning E_NOINTERFACE.
12540.193:0138:01a0:warn:vkd3d-proton:d3d12_device_QueryInterface: {0742a90b-c387-483f-b946-30a7e4e61458} not implemented, returning E_NOINTERFACE.
12540.228:0138:019c:warn:vkd3d-proton:d3d12_device_QueryInterface: {0742a90b-c387-483f-b946-30a7e4e61458} not implemented, returning E_NOINTERFACE.
12540.263:0138:0198:warn:vkd3d-proton:d3d12_device_QueryInterface: {0742a90b-c387-483f-b946-30a7e4e61458} not implemented, returning E_NOINTERFACE.
12540.298:0138:01a0:warn:vkd3d-proton:d3d12_device_QueryInterface: {0742a90b-c387-483f-b946-30a7e4e61458} not implemented, returning E_NOINTERFACE.
12540.338:0138:0198:warn:vkd3d-proton:d3d12_device_QueryInterface: {0742a90b-c387-483f-b946-30a7e4e61458} not implemented, returning E_NOINTERFACE.
12540.368:0138:01a0:warn:vkd3d-proton:d3d12_device_QueryInterface: {0742a90b-c387-483f-b946-30a7e4e61458} not implemented, returning E_NOINTERFACE.
12540.409:0138:0194:warn:vkd3d-proton:d3d12_device_QueryInterface: {0742a90b-c387-483f-b946-30a7e4e61458} not implemented, returning E_NOINTERFACE.
12540.450:0138:019c:warn:vkd3d-proton:d3d12_device_QueryInterface: {0742a90b-c387-483f-b946-30a7e4e61458} not implemented, returning E_NOINTERFACE.
12540.469:0138:0198:warn:vkd3d-proton:d3d12_device_QueryInterface: {0742a90b-c387-483f-b946-30a7e4e61458} not implemented, returning E_NOINTERFACE.
12540.499:0138:01a0:warn:vkd3d-proton:d3d12_device_QueryInterface: {0742a90b-c387-483f-b946-30a7e4e61458} not implemented, returning E_NOINTERFACE.
12540.536:0138:0198:warn:vkd3d-proton:d3d12_device_QueryInterface: {0742a90b-c387-483f-b946-30a7e4e61458} not implemented, returning E_NOINTERFACE.
12540.566:0138:0194:warn:vkd3d-proton:d3d12_device_QueryInterface: {0742a90b-c387-483f-b946-30a7e4e61458} not implemented, returning E_NOINTERFACE.
12540.607:0138:01a0:warn:vkd3d-proton:d3d12_device_QueryInterface: {0742a90b-c387-483f-b946-30a7e4e61458} not implemented, returning E_NOINTERFACE.
12540.632:0138:0198:warn:vkd3d-proton:d3d12_device_QueryInterface: {0742a90b-c387-483f-b946-30a7e4e61458} not implemented, returning E_NOINTERFACE.
12540.657:0138:01a0:warn:vkd3d-proton:d3d12_device_QueryInterface: {0742a90b-c387-483f-b946-30a7e4e61458} not implemented, returning E_NOINTERFACE.
12540.692:0138:0198:warn:vkd3d-proton:d3d12_device_QueryInterface: {0742a90b-c387-483f-b946-30a7e4e61458} not implemented, returning E_NOINTERFACE.
12540.727:0138:0194:warn:vkd3d-proton:d3d12_device_QueryInterface: {0742a90b-c387-483f-b946-30a7e4e61458} not implemented, returning E_NOINTERFACE.
12540.761:0138:01a0:warn:vkd3d-proton:d3d12_device_QueryInterface: {0742a90b-c387-483f-b946-30a7e4e61458} not implemented, returning E_NOINTERFACE.
12540.794:0138:0198:warn:vkd3d-proton:d3d12_device_QueryInterface: {0742a90b-c387-483f-b946-30a7e4e61458} not implemented, returning E_NOINTERFACE.
12540.829:0138:019c:warn:vkd3d-proton:d3d12_device_QueryInterface: {0742a90b-c387-483f-b946-30a7e4e61458} not implemented, returning E_NOINTERFACE.
12540.864:0138:01a0:warn:vkd3d-proton:d3d12_device_QueryInterface: {0742a90b-c387-483f-b946-30a7e4e61458} not implemented, returning E_NOINTERFACE.
12540.897:0138:019c:warn:vkd3d-proton:d3d12_device_QueryInterface: {0742a90b-c387-483f-b946-30a7e4e61458} not implemented, returning E_NOINTERFACE.
12540.931:0138:019c:warn:vkd3d-proton:d3d12_device_QueryInterface: {0742a90b-c387-483f-b946-30a7e4e61458} not implemented, returning E_NOINTERFACE.
12540.963:0138:01a0:warn:vkd3d-proton:d3d12_device_QueryInterface: {0742a90b-c387-483f-b946-30a7e4e61458} not implemented, returning E_NOINTERFACE.
12541.001:0138:01a0:warn:vkd3d-proton:d3d12_device_QueryInterface: {0742a90b-c387-483f-b946-30a7e4e61458} not implemented, returning E_NOINTERFACE.
12541.036:0138:019c:warn:vkd3d-proton:d3d12_device_QueryInterface: {0742a90b-c387-483f-b946-30a7e4e61458} not implemented, returning E_NOINTERFACE.
12541.071:0138:0194:warn:vkd3d-proton:d3d12_device_QueryInterface: {0742a90b-c387-483f-b946-30a7e4e61458} not implemented, returning E_NOINTERFACE.
12541.104:0138:01a0:warn:vkd3d-proton:d3d12_device_QueryInterface: {0742a90b-c387-483f-b946-30a7e4e61458} not implemented, returning E_NOINTERFACE.
12541.149:0138:019c:warn:vkd3d-proton:d3d12_device_QueryInterface: {0742a90b-c387-483f-b946-30a7e4e61458} not implemented, returning E_NOINTERFACE.
12541.180:0138:0194:warn:vkd3d-proton:d3d12_device_QueryInterface: {0742a90b-c387-483f-b946-30a7e4e61458} not implemented, returning E_NOINTERFACE.
12541.221:0138:019c:warn:vkd3d-proton:d3d12_device_QueryInterface: {0742a90b-c387-483f-b946-30a7e4e61458} not implemented, returning E_NOINTERFACE.
12541.254:0138:0198:warn:vkd3d-proton:d3d12_device_QueryInterface: {0742a90b-c387-483f-b946-30a7e4e61458} not implemented, returning E_NOINTERFACE.
12541.289:0138:01a0:warn:vkd3d-proton:d3d12_device_QueryInterface: {0742a90b-c387-483f-b946-30a7e4e61458} not implemented, returning E_NOINTERFACE.
12541.320:0138:019c:warn:vkd3d-proton:d3d12_device_QueryInterface: {0742a90b-c387-483f-b946-30a7e4e61458} not implemented, returning E_NOINTERFACE.
12541.353:0138:0198:warn:vkd3d-proton:d3d12_device_QueryInterface: {0742a90b-c387-483f-b946-30a7e4e61458} not implemented, returning E_NOINTERFACE.
12541.397:0138:01a0:warn:vkd3d-proton:d3d12_device_QueryInterface: {0742a90b-c387-483f-b946-30a7e4e61458} not implemented, returning E_NOINTERFACE.
12541.426:0138:0194:warn:vkd3d-proton:d3d12_device_QueryInterface: {0742a90b-c387-483f-b946-30a7e4e61458} not implemented, returning E_NOINTERFACE.
12541.459:0138:019c:warn:vkd3d-proton:d3d12_device_QueryInterface: {0742a90b-c387-483f-b946-30a7e4e61458} not implemented, returning E_NOINTERFACE.
12541.461:0138:019c:warn:vkd3d-proton:d3d12_device_QueryInterface: {0742a90b-c387-483f-b946-30a7e4e61458} not implemented, returning E_NOINTERFACE.
12541.475:0138:01a0:warn:vkd3d-proton:d3d12_device_QueryInterface: {0742a90b-c387-483f-b946-30a7e4e61458} not implemented, returning E_NOINTERFACE.
12541.480:0138:01a0:warn:vkd3d-proton:d3d12_device_QueryInterface: {0742a90b-c387-483f-b946-30a7e4e61458} not implemented, returning E_NOINTERFACE.
12541.500:0138:01a0:warn:vkd3d-proton:d3d12_device_QueryInterface: {0742a90b-c387-483f-b946-30a7e4e61458} not implemented, returning E_NOINTERFACE.
12541.533:0138:0194:warn:vkd3d-proton:d3d12_device_QueryInterface: {0742a90b-c387-483f-b946-30a7e4e61458} not implemented, returning E_NOINTERFACE.
12541.569:0138:0198:warn:vkd3d-proton:d3d12_device_QueryInterface: {0742a90b-c387-483f-b946-30a7e4e61458} not implemented, returning E_NOINTERFACE.
12541.600:0138:0194:warn:vkd3d-proton:d3d12_device_QueryInterface: {0742a90b-c387-483f-b946-30a7e4e61458} not implemented, returning E_NOINTERFACE.
12541.641:0138:019c:warn:vkd3d-proton:d3d12_device_QueryInterface: {0742a90b-c387-483f-b946-30a7e4e61458} not implemented, returning E_NOINTERFACE.
12541.674:0138:0194:warn:vkd3d-proton:d3d12_device_QueryInterface: {0742a90b-c387-483f-b946-30a7e4e61458} not implemented, returning E_NOINTERFACE.
12541.718:0138:0198:warn:vkd3d-proton:d3d12_device_QueryInterface: {0742a90b-c387-483f-b946-30a7e4e61458} not implemented, returning E_NOINTERFACE.
12541.752:0138:01a0:warn:vkd3d-proton:d3d12_device_QueryInterface: {0742a90b-c387-483f-b946-30a7e4e61458} not implemented, returning E_NOINTERFACE.
12541.785:0138:0194:warn:vkd3d-proton:d3d12_device_QueryInterface: {0742a90b-c387-483f-b946-30a7e4e61458} not implemented, returning E_NOINTERFACE.
12541.821:0138:019c:warn:vkd3d-proton:d3d12_device_QueryInterface: {0742a90b-c387-483f-b946-30a7e4e61458} not implemented, returning E_NOINTERFACE.
12541.856:0138:0194:warn:vkd3d-proton:d3d12_device_QueryInterface: {0742a90b-c387-483f-b946-30a7e4e61458} not implemented, returning E_NOINTERFACE.
12541.887:0138:01a0:warn:vkd3d-proton:d3d12_device_QueryInterface: {0742a90b-c387-483f-b946-30a7e4e61458} not implemented, returning E_NOINTERFACE.
12541.922:0138:0198:warn:vkd3d-proton:d3d12_device_QueryInterface: {0742a90b-c387-483f-b946-30a7e4e61458} not implemented, returning E_NOINTERFACE.
12541.956:0138:019c:warn:vkd3d-proton:d3d12_device_QueryInterface: {0742a90b-c387-483f-b946-30a7e4e61458} not implemented, returning E_NOINTERFACE.
12541.986:0138:01a0:warn:vkd3d-proton:d3d12_device_QueryInterface: {0742a90b-c387-483f-b946-30a7e4e61458} not implemented, returning E_NOINTERFACE.
12542.026:0138:019c:warn:vkd3d-proton:d3d12_device_QueryInterface: {0742a90b-c387-483f-b946-30a7e4e61458} not implemented, returning E_NOINTERFACE.
12542.062:0138:01a0:warn:vkd3d-proton:d3d12_device_QueryInterface: {0742a90b-c387-483f-b946-30a7e4e61458} not implemented, returning E_NOINTERFACE.
12542.101:0138:0194:warn:vkd3d-proton:d3d12_device_QueryInterface: {0742a90b-c387-483f-b946-30a7e4e61458} not implemented, returning E_NOINTERFACE.
12542.140:0138:0198:warn:vkd3d-proton:d3d12_device_QueryInterface: {0742a90b-c387-483f-b946-30a7e4e61458} not implemented, returning E_NOINTERFACE.
12542.184:0138:0194:warn:vkd3d-proton:d3d12_device_QueryInterface: {0742a90b-c387-483f-b946-30a7e4e61458} not implemented, returning E_NOINTERFACE.
12542.218:0138:0198:warn:vkd3d-proton:d3d12_device_QueryInterface: {0742a90b-c387-483f-b946-30a7e4e61458} not implemented, returning E_NOINTERFACE.
12542.253:0138:019c:warn:vkd3d-proton:d3d12_device_QueryInterface: {0742a90b-c387-483f-b946-30a7e4e61458} not implemented, returning E_NOINTERFACE.
12542.286:0138:0198:warn:vkd3d-proton:d3d12_device_QueryInterface: {0742a90b-c387-483f-b946-30a7e4e61458} not implemented, returning E_NOINTERFACE.
12542.320:0138:019c:warn:vkd3d-proton:d3d12_device_QueryInterface: {0742a90b-c387-483f-b946-30a7e4e61458} not implemented, returning E_NOINTERFACE.
12542.357:0138:0194:warn:vkd3d-proton:d3d12_device_QueryInterface: {0742a90b-c387-483f-b946-30a7e4e61458} not implemented, returning E_NOINTERFACE.
12542.384:0138:0198:warn:vkd3d-proton:d3d12_device_QueryInterface: {0742a90b-c387-483f-b946-30a7e4e61458} not implemented, returning E_NOINTERFACE.
12542.416:0138:019c:warn:vkd3d-proton:d3d12_device_QueryInterface: {0742a90b-c387-483f-b946-30a7e4e61458} not implemented, returning E_NOINTERFACE.
12542.453:0138:0198:warn:vkd3d-proton:d3d12_device_QueryInterface: {0742a90b-c387-483f-b946-30a7e4e61458} not implemented, returning E_NOINTERFACE.
12542.484:0138:019c:warn:vkd3d-proton:d3d12_device_QueryInterface: {0742a90b-c387-483f-b946-30a7e4e61458} not implemented, returning E_NOINTERFACE.
12542.516:0138:0194:warn:vkd3d-proton:d3d12_device_QueryInterface: {0742a90b-c387-483f-b946-30a7e4e61458} not implemented, returning E_NOINTERFACE.
12542.551:0138:0194:warn:vkd3d-proton:d3d12_device_QueryInterface: {0742a90b-c387-483f-b946-30a7e4e61458} not implemented, returning E_NOINTERFACE.
12542.591:0138:01a0:warn:vkd3d-proton:d3d12_device_QueryInterface: {0742a90b-c387-483f-b946-30a7e4e61458} not implemented, returning E_NOINTERFACE.
12542.622:0138:0198:warn:vkd3d-proton:d3d12_device_QueryInterface: {0742a90b-c387-483f-b946-30a7e4e61458} not implemented, returning E_NOINTERFACE.
12542.657:0138:01a0:warn:vkd3d-proton:d3d12_device_QueryInterface: {0742a90b-c387-483f-b946-30a7e4e61458} not implemented, returning E_NOINTERFACE.
12542.691:0138:0194:warn:vkd3d-proton:d3d12_device_QueryInterface: {0742a90b-c387-483f-b946-30a7e4e61458} not implemented, returning E_NOINTERFACE.
12542.719:0138:019c:warn:vkd3d-proton:d3d12_device_QueryInterface: {0742a90b-c387-483f-b946-30a7e4e61458} not implemented, returning E_NOINTERFACE.
12542.755:0138:019c:warn:vkd3d-proton:d3d12_device_QueryInterface: {0742a90b-c387-483f-b946-30a7e4e61458} not implemented, returning E_NOINTERFACE.
12542.797:0138:0194:warn:vkd3d-proton:d3d12_device_QueryInterface: {0742a90b-c387-483f-b946-30a7e4e61458} not implemented, returning E_NOINTERFACE.
12542.829:0138:01a0:warn:vkd3d-proton:d3d12_device_QueryInterface: {0742a90b-c387-483f-b946-30a7e4e61458} not implemented, returning E_NOINTERFACE.
12542.864:0138:019c:warn:vkd3d-proton:d3d12_device_QueryInterface: {0742a90b-c387-483f-b946-30a7e4e61458} not implemented, returning E_NOINTERFACE.
12542.899:0138:019c:warn:vkd3d-proton:d3d12_device_QueryInterface: {0742a90b-c387-483f-b946-30a7e4e61458} not implemented, returning E_NOINTERFACE.
12542.934:0138:0194:warn:vkd3d-proton:d3d12_device_QueryInterface: {0742a90b-c387-483f-b946-30a7e4e61458} not implemented, returning E_NOINTERFACE.
12542.976:0138:019c:warn:vkd3d-proton:d3d12_device_QueryInterface: {0742a90b-c387-483f-b946-30a7e4e61458} not implemented, returning E_NOINTERFACE.
12543.014:0138:0198:warn:vkd3d-proton:d3d12_device_QueryInterface: {0742a90b-c387-483f-b946-30a7e4e61458} not implemented, returning E_NOINTERFACE.
12543.049:0138:0194:warn:vkd3d-proton:d3d12_device_QueryInterface: {0742a90b-c387-483f-b946-30a7e4e61458} not implemented, returning E_NOINTERFACE.
12543.084:0138:01a0:warn:vkd3d-proton:d3d12_device_QueryInterface: {0742a90b-c387-483f-b946-30a7e4e61458} not implemented, returning E_NOINTERFACE.
12543.114:0138:0194:warn:vkd3d-proton:d3d12_device_QueryInterface: {0742a90b-c387-483f-b946-30a7e4e61458} not implemented, returning E_NOINTERFACE.
12543.151:0138:0198:warn:vkd3d-proton:d3d12_device_QueryInterface: {0742a90b-c387-483f-b946-30a7e4e61458} not implemented, returning E_NOINTERFACE.
12543.182:0138:01a0:warn:vkd3d-proton:d3d12_device_QueryInterface: {0742a90b-c387-483f-b946-30a7e4e61458} not implemented, returning E_NOINTERFACE.
12543.219:0138:0194:warn:vkd3d-proton:d3d12_device_QueryInterface: {0742a90b-c387-483f-b946-30a7e4e61458} not implemented, returning E_NOINTERFACE.
12543.253:0138:0198:warn:vkd3d-proton:d3d12_device_QueryInterface: {0742a90b-c387-483f-b946-30a7e4e61458} not implemented, returning E_NOINTERFACE.
12543.285:0138:019c:warn:vkd3d-proton:d3d12_device_QueryInterface: {0742a90b-c387-483f-b946-30a7e4e61458} not implemented, returning E_NOINTERFACE.
12543.317:0138:0194:warn:vkd3d-proton:d3d12_device_QueryInterface: {0742a90b-c387-483f-b946-30a7e4e61458} not implemented, returning E_NOINTERFACE.
12543.347:0138:0198:warn:vkd3d-proton:d3d12_device_QueryInterface: {0742a90b-c387-483f-b946-30a7e4e61458} not implemented, returning E_NOINTERFACE.
12543.385:0138:01a0:warn:vkd3d-proton:d3d12_device_QueryInterface: {0742a90b-c387-483f-b946-30a7e4e61458} not implemented, returning E_NOINTERFACE.
12543.419:0138:0198:warn:vkd3d-proton:d3d12_device_QueryInterface: {0742a90b-c387-483f-b946-30a7e4e61458} not implemented, returning E_NOINTERFACE.
12543.456:0138:019c:warn:vkd3d-proton:d3d12_device_QueryInterface: {0742a90b-c387-483f-b946-30a7e4e61458} not implemented, returning E_NOINTERFACE.
12543.494:0138:0194:warn:vkd3d-proton:d3d12_device_QueryInterface: {0742a90b-c387-483f-b946-30a7e4e61458} not implemented, returning E_NOINTERFACE.
12543.523:0138:01a0:warn:vkd3d-proton:d3d12_device_QueryInterface: {0742a90b-c387-483f-b946-30a7e4e61458} not implemented, returning E_NOINTERFACE.
12543.554:0138:019c:warn:vkd3d-proton:d3d12_device_QueryInterface: {0742a90b-c387-483f-b946-30a7e4e61458} not implemented, returning E_NOINTERFACE.
12543.593:0138:0198:warn:vkd3d-proton:d3d12_device_QueryInterface: {0742a90b-c387-483f-b946-30a7e4e61458} not implemented, returning E_NOINTERFACE.
12543.623:0138:0194:warn:vkd3d-proton:d3d12_device_QueryInterface: {0742a90b-c387-483f-b946-30a7e4e61458} not implemented, returning E_NOINTERFACE.
12543.655:0138:019c:warn:vkd3d-proton:d3d12_device_QueryInterface: {0742a90b-c387-483f-b946-30a7e4e61458} not implemented, returning E_NOINTERFACE.
12543.688:0138:0194:warn:vkd3d-proton:d3d12_device_QueryInterface: {0742a90b-c387-483f-b946-30a7e4e61458} not implemented, returning E_NOINTERFACE.
12543.718:0138:019c:warn:vkd3d-proton:d3d12_device_QueryInterface: {0742a90b-c387-483f-b946-30a7e4e61458} not implemented, returning E_NOINTERFACE.
12543.755:0138:0194:warn:vkd3d-proton:d3d12_device_QueryInterface: {0742a90b-c387-483f-b946-30a7e4e61458} not implemented, returning E_NOINTERFACE.
12543.794:0138:0198:warn:vkd3d-proton:d3d12_device_QueryInterface: {0742a90b-c387-483f-b946-30a7e4e61458} not implemented, returning E_NOINTERFACE.
12543.835:0138:0198:warn:vkd3d-proton:d3d12_device_QueryInterface: {0742a90b-c387-483f-b946-30a7e4e61458} not implemented, returning E_NOINTERFACE.
12543.858:0138:01a0:warn:vkd3d-proton:d3d12_device_QueryInterface: {0742a90b-c387-483f-b946-30a7e4e61458} not implemented, returning E_NOINTERFACE.
12543.902:0138:019c:warn:vkd3d-proton:d3d12_device_QueryInterface: {0742a90b-c387-483f-b946-30a7e4e61458} not implemented, returning E_NOINTERFACE.
12543.936:0138:0198:warn:vkd3d-proton:d3d12_device_QueryInterface: {0742a90b-c387-483f-b946-30a7e4e61458} not implemented, returning E_NOINTERFACE.
12543.967:0138:0198:warn:vkd3d-proton:d3d12_device_QueryInterface: {0742a90b-c387-483f-b946-30a7e4e61458} not implemented, returning E_NOINTERFACE.
12544.003:0138:01a0:warn:vkd3d-proton:d3d12_device_QueryInterface: {0742a90b-c387-483f-b946-30a7e4e61458} not implemented, returning E_NOINTERFACE.
12544.036:0138:0198:warn:vkd3d-proton:d3d12_device_QueryInterface: {0742a90b-c387-483f-b946-30a7e4e61458} not implemented, returning E_NOINTERFACE.
12544.070:0138:01a0:warn:vkd3d-proton:d3d12_device_QueryInterface: {0742a90b-c387-483f-b946-30a7e4e61458} not implemented, returning E_NOINTERFACE.
12544.098:0138:019c:warn:vkd3d-proton:d3d12_device_QueryInterface: {0742a90b-c387-483f-b946-30a7e4e61458} not implemented, returning E_NOINTERFACE.
12544.132:0138:0198:warn:vkd3d-proton:d3d12_device_QueryInterface: {0742a90b-c387-483f-b946-30a7e4e61458} not implemented, returning E_NOINTERFACE.
12544.161:0138:0194:warn:vkd3d-proton:d3d12_device_QueryInterface: {0742a90b-c387-483f-b946-30a7e4e61458} not implemented, returning E_NOINTERFACE.
12544.194:0138:0198:warn:vkd3d-proton:d3d12_device_QueryInterface: {0742a90b-c387-483f-b946-30a7e4e61458} not implemented, returning E_NOINTERFACE.
12544.227:0138:01a0:warn:vkd3d-proton:d3d12_device_QueryInterface: {0742a90b-c387-483f-b946-30a7e4e61458} not implemented, returning E_NOINTERFACE.
12544.258:0138:0198:warn:vkd3d-proton:d3d12_device_QueryInterface: {0742a90b-c387-483f-b946-30a7e4e61458} not implemented, returning E_NOINTERFACE.
12544.290:0138:01a0:warn:vkd3d-proton:d3d12_device_QueryInterface: {0742a90b-c387-483f-b946-30a7e4e61458} not implemented, returning E_NOINTERFACE.
12544.323:0138:0194:warn:vkd3d-proton:d3d12_device_QueryInterface: {0742a90b-c387-483f-b946-30a7e4e61458} not implemented, returning E_NOINTERFACE.
12544.359:0138:019c:warn:vkd3d-proton:d3d12_device_QueryInterface: {0742a90b-c387-483f-b946-30a7e4e61458} not implemented, returning E_NOINTERFACE.
12544.391:0138:01a0:warn:vkd3d-proton:d3d12_device_QueryInterface: {0742a90b-c387-483f-b946-30a7e4e61458} not implemented, returning E_NOINTERFACE.
12544.425:0138:0194:warn:vkd3d-proton:d3d12_device_QueryInterface: {0742a90b-c387-483f-b946-30a7e4e61458} not implemented, returning E_NOINTERFACE.
12544.455:0138:0198:warn:vkd3d-proton:d3d12_device_QueryInterface: {0742a90b-c387-483f-b946-30a7e4e61458} not implemented, returning E_NOINTERFACE.
12544.490:0138:01a0:warn:vkd3d-proton:d3d12_device_QueryInterface: {0742a90b-c387-483f-b946-30a7e4e61458} not implemented, returning E_NOINTERFACE.
12544.522:0138:0194:warn:vkd3d-proton:d3d12_device_QueryInterface: {0742a90b-c387-483f-b946-30a7e4e61458} not implemented, returning E_NOINTERFACE.
12544.555:0138:01a0:warn:vkd3d-proton:d3d12_device_QueryInterface: {0742a90b-c387-483f-b946-30a7e4e61458} not implemented, returning E_NOINTERFACE.
12544.588:0138:0198:warn:vkd3d-proton:d3d12_device_QueryInterface: {0742a90b-c387-483f-b946-30a7e4e61458} not implemented, returning E_NOINTERFACE.
12544.618:0138:0194:warn:vkd3d-proton:d3d12_device_QueryInterface: {0742a90b-c387-483f-b946-30a7e4e61458} not implemented, returning E_NOINTERFACE.
12544.652:0138:0198:warn:vkd3d-proton:d3d12_device_QueryInterface: {0742a90b-c387-483f-b946-30a7e4e61458} not implemented, returning E_NOINTERFACE.
12544.685:0138:01a0:warn:vkd3d-proton:d3d12_device_QueryInterface: {0742a90b-c387-483f-b946-30a7e4e61458} not implemented, returning E_NOINTERFACE.
12544.717:0138:019c:warn:vkd3d-proton:d3d12_device_QueryInterface: {0742a90b-c387-483f-b946-30a7e4e61458} not implemented, returning E_NOINTERFACE.
12544.748:0138:0198:warn:vkd3d-proton:d3d12_device_QueryInterface: {0742a90b-c387-483f-b946-30a7e4e61458} not implemented, returning E_NOINTERFACE.
12544.781:0138:019c:warn:vkd3d-proton:d3d12_device_QueryInterface: {0742a90b-c387-483f-b946-30a7e4e61458} not implemented, returning E_NOINTERFACE.
12544.818:0138:01a0:warn:vkd3d-proton:d3d12_device_QueryInterface: {0742a90b-c387-483f-b946-30a7e4e61458} not implemented, returning E_NOINTERFACE.
12544.855:0138:0198:warn:vkd3d-proton:d3d12_device_QueryInterface: {0742a90b-c387-483f-b946-30a7e4e61458} not implemented, returning E_NOINTERFACE.
12544.888:0138:019c:warn:vkd3d-proton:d3d12_device_QueryInterface: {0742a90b-c387-483f-b946-30a7e4e61458} not implemented, returning E_NOINTERFACE.
12544.921:0138:01a0:warn:vkd3d-proton:d3d12_device_QueryInterface: {0742a90b-c387-483f-b946-30a7e4e61458} not implemented, returning E_NOINTERFACE.
12544.953:0138:019c:warn:vkd3d-proton:d3d12_device_QueryInterface: {0742a90b-c387-483f-b946-30a7e4e61458} not implemented, returning E_NOINTERFACE.
12544.987:0138:0194:warn:vkd3d-proton:d3d12_device_QueryInterface: {0742a90b-c387-483f-b946-30a7e4e61458} not implemented, returning E_NOINTERFACE.
12545.027:0138:019c:warn:vkd3d-proton:d3d12_device_QueryInterface: {0742a90b-c387-483f-b946-30a7e4e61458} not implemented, returning E_NOINTERFACE.
12545.060:0138:0194:warn:vkd3d-proton:d3d12_device_QueryInterface: {0742a90b-c387-483f-b946-30a7e4e61458} not implemented, returning E_NOINTERFACE.
12545.090:0138:0198:warn:vkd3d-proton:d3d12_device_QueryInterface: {0742a90b-c387-483f-b946-30a7e4e61458} not implemented, returning E_NOINTERFACE.
12545.119:0138:01a0:warn:vkd3d-proton:d3d12_device_QueryInterface: {0742a90b-c387-483f-b946-30a7e4e61458} not implemented, returning E_NOINTERFACE.
12545.162:0138:0198:warn:vkd3d-proton:d3d12_device_QueryInterface: {0742a90b-c387-483f-b946-30a7e4e61458} not implemented, returning E_NOINTERFACE.
12545.201:0138:019c:warn:vkd3d-proton:d3d12_device_QueryInterface: {0742a90b-c387-483f-b946-30a7e4e61458} not implemented, returning E_NOINTERFACE.
12545.232:0138:0198:warn:vkd3d-proton:d3d12_device_QueryInterface: {0742a90b-c387-483f-b946-30a7e4e61458} not implemented, returning E_NOINTERFACE.
12545.267:0138:01a0:warn:vkd3d-proton:d3d12_device_QueryInterface: {0742a90b-c387-483f-b946-30a7e4e61458} not implemented, returning E_NOINTERFACE.
12545.300:0138:0194:warn:vkd3d-proton:d3d12_device_QueryInterface: {0742a90b-c387-483f-b946-30a7e4e61458} not implemented, returning E_NOINTERFACE.
12545.334:0138:019c:warn:vkd3d-proton:d3d12_device_QueryInterface: {0742a90b-c387-483f-b946-30a7e4e61458} not implemented, returning E_NOINTERFACE.
12545.373:0138:01a0:warn:vkd3d-proton:d3d12_device_QueryInterface: {0742a90b-c387-483f-b946-30a7e4e61458} not implemented, returning E_NOINTERFACE.
12545.405:0138:019c:warn:vkd3d-proton:d3d12_device_QueryInterface: {0742a90b-c387-483f-b946-30a7e4e61458} not implemented, returning E_NOINTERFACE.
12545.435:0138:0194:warn:vkd3d-proton:d3d12_device_QueryInterface: {0742a90b-c387-483f-b946-30a7e4e61458} not implemented, returning E_NOINTERFACE.
12545.468:0138:019c:warn:vkd3d-proton:d3d12_device_QueryInterface: {0742a90b-c387-483f-b946-30a7e4e61458} not implemented, returning E_NOINTERFACE.
12545.505:0138:01a0:warn:vkd3d-proton:d3d12_device_QueryInterface: {0742a90b-c387-483f-b946-30a7e4e61458} not implemented, returning E_NOINTERFACE.
12545.535:0138:0198:warn:vkd3d-proton:d3d12_device_QueryInterface: {0742a90b-c387-483f-b946-30a7e4e61458} not implemented, returning E_NOINTERFACE.
12545.567:0138:0194:warn:vkd3d-proton:d3d12_device_QueryInterface: {0742a90b-c387-483f-b946-30a7e4e61458} not implemented, returning E_NOINTERFACE.
12545.600:0138:01a0:warn:vkd3d-proton:d3d12_device_QueryInterface: {0742a90b-c387-483f-b946-30a7e4e61458} not implemented, returning E_NOINTERFACE.
12545.636:0138:019c:warn:vkd3d-proton:d3d12_device_QueryInterface: {0742a90b-c387-483f-b946-30a7e4e61458} not implemented, returning E_NOINTERFACE.
12545.672:0138:019c:warn:vkd3d-proton:d3d12_device_QueryInterface: {0742a90b-c387-483f-b946-30a7e4e61458} not implemented, returning E_NOINTERFACE.
12545.709:0138:01a0:warn:vkd3d-proton:d3d12_device_QueryInterface: {0742a90b-c387-483f-b946-30a7e4e61458} not implemented, returning E_NOINTERFACE.
12545.745:0138:0198:warn:vkd3d-proton:d3d12_device_QueryInterface: {0742a90b-c387-483f-b946-30a7e4e61458} not implemented, returning E_NOINTERFACE.
12545.782:0138:019c:warn:vkd3d-proton:d3d12_device_QueryInterface: {0742a90b-c387-483f-b946-30a7e4e61458} not implemented, returning E_NOINTERFACE.
12545.816:0138:01a0:warn:vkd3d-proton:d3d12_device_QueryInterface: {0742a90b-c387-483f-b946-30a7e4e61458} not implemented, returning E_NOINTERFACE.
12545.853:0138:0194:warn:vkd3d-proton:d3d12_device_QueryInterface: {0742a90b-c387-483f-b946-30a7e4e61458} not implemented, returning E_NOINTERFACE.
12545.889:0138:01a0:warn:vkd3d-proton:d3d12_device_QueryInterface: {0742a90b-c387-483f-b946-30a7e4e61458} not implemented, returning E_NOINTERFACE.
12545.922:0138:0198:warn:vkd3d-proton:d3d12_device_QueryInterface: {0742a90b-c387-483f-b946-30a7e4e61458} not implemented, returning E_NOINTERFACE.
12545.961:0138:0194:warn:vkd3d-proton:d3d12_device_QueryInterface: {0742a90b-c387-483f-b946-30a7e4e61458} not implemented, returning E_NOINTERFACE.
12545.998:0138:019c:warn:vkd3d-proton:d3d12_device_QueryInterface: {0742a90b-c387-483f-b946-30a7e4e61458} not implemented, returning E_NOINTERFACE.
12546.028:0138:0198:warn:vkd3d-proton:d3d12_device_QueryInterface: {0742a90b-c387-483f-b946-30a7e4e61458} not implemented, returning E_NOINTERFACE.
12546.032:0138:0198:warn:vkd3d-proton:d3d12_device_QueryInterface: {0742a90b-c387-483f-b946-30a7e4e61458} not implemented, returning E_NOINTERFACE.
12546.043:0138:019c:warn:vkd3d-proton:d3d12_device_QueryInterface: {0742a90b-c387-483f-b946-30a7e4e61458} not implemented, returning E_NOINTERFACE.
12546.058:0138:019c:warn:vkd3d-proton:d3d12_device_QueryInterface: {0742a90b-c387-483f-b946-30a7e4e61458} not implemented, returning E_NOINTERFACE.
12546.074:0138:019c:warn:vkd3d-proton:d3d12_device_QueryInterface: {0742a90b-c387-483f-b946-30a7e4e61458} not implemented, returning E_NOINTERFACE.
12546.117:0138:01a0:warn:vkd3d-proton:d3d12_device_QueryInterface: {0742a90b-c387-483f-b946-30a7e4e61458} not implemented, returning E_NOINTERFACE.
12546.147:0138:019c:warn:vkd3d-proton:d3d12_device_QueryInterface: {0742a90b-c387-483f-b946-30a7e4e61458} not implemented, returning E_NOINTERFACE.
12546.191:0138:019c:warn:vkd3d-proton:d3d12_device_QueryInterface: {0742a90b-c387-483f-b946-30a7e4e61458} not implemented, returning E_NOINTERFACE.
12546.224:0138:0198:warn:vkd3d-proton:d3d12_device_QueryInterface: {0742a90b-c387-483f-b946-30a7e4e61458} not implemented, returning E_NOINTERFACE.
12546.261:0138:019c:warn:vkd3d-proton:d3d12_device_QueryInterface: {0742a90b-c387-483f-b946-30a7e4e61458} not implemented, returning E_NOINTERFACE.
12546.298:0138:01a0:warn:vkd3d-proton:d3d12_device_QueryInterface: {0742a90b-c387-483f-b946-30a7e4e61458} not implemented, returning E_NOINTERFACE.
12546.333:0138:0198:warn:vkd3d-proton:d3d12_device_QueryInterface: {0742a90b-c387-483f-b946-30a7e4e61458} not implemented, returning E_NOINTERFACE.
12546.370:0138:01a0:warn:vkd3d-proton:d3d12_device_QueryInterface: {0742a90b-c387-483f-b946-30a7e4e61458} not implemented, returning E_NOINTERFACE.
12546.408:0138:0198:warn:vkd3d-proton:d3d12_device_QueryInterface: {0742a90b-c387-483f-b946-30a7e4e61458} not implemented, returning E_NOINTERFACE.
12546.442:0138:019c:warn:vkd3d-proton:d3d12_device_QueryInterface: {0742a90b-c387-483f-b946-30a7e4e61458} not implemented, returning E_NOINTERFACE.
12546.477:0138:01a0:warn:vkd3d-proton:d3d12_device_QueryInterface: {0742a90b-c387-483f-b946-30a7e4e61458} not implemented, returning E_NOINTERFACE.
12546.514:0138:0198:warn:vkd3d-proton:d3d12_device_QueryInterface: {0742a90b-c387-483f-b946-30a7e4e61458} not implemented, returning E_NOINTERFACE.
12546.548:0138:019c:warn:vkd3d-proton:d3d12_device_QueryInterface: {0742a90b-c387-483f-b946-30a7e4e61458} not implemented, returning E_NOINTERFACE.
12546.585:0138:0198:warn:vkd3d-proton:d3d12_device_QueryInterface: {0742a90b-c387-483f-b946-30a7e4e61458} not implemented, returning E_NOINTERFACE.
12546.622:0138:019c:warn:vkd3d-proton:d3d12_device_QueryInterface: {0742a90b-c387-483f-b946-30a7e4e61458} not implemented, returning E_NOINTERFACE.
12546.659:0138:0194:warn:vkd3d-proton:d3d12_device_QueryInterface: {0742a90b-c387-483f-b946-30a7e4e61458} not implemented, returning E_NOINTERFACE.
12546.694:0138:019c:warn:vkd3d-proton:d3d12_device_QueryInterface: {0742a90b-c387-483f-b946-30a7e4e61458} not implemented, returning E_NOINTERFACE.
12546.732:0138:0198:warn:vkd3d-proton:d3d12_device_QueryInterface: {0742a90b-c387-483f-b946-30a7e4e61458} not implemented, returning E_NOINTERFACE.
12546.766:0138:01a0:warn:vkd3d-proton:d3d12_device_QueryInterface: {0742a90b-c387-483f-b946-30a7e4e61458} not implemented, returning E_NOINTERFACE.
12546.804:0138:019c:warn:vkd3d-proton:d3d12_device_QueryInterface: {0742a90b-c387-483f-b946-30a7e4e61458} not implemented, returning E_NOINTERFACE.
12546.837:0138:0198:warn:vkd3d-proton:d3d12_device_QueryInterface: {0742a90b-c387-483f-b946-30a7e4e61458} not implemented, returning E_NOINTERFACE.
12546.869:0138:01a0:warn:vkd3d-proton:d3d12_device_QueryInterface: {0742a90b-c387-483f-b946-30a7e4e61458} not implemented, returning E_NOINTERFACE.
12546.902:0138:019c:warn:vkd3d-proton:d3d12_device_QueryInterface: {0742a90b-c387-483f-b946-30a7e4e61458} not implemented, returning E_NOINTERFACE.
12546.934:0138:0198:warn:vkd3d-proton:d3d12_device_QueryInterface: {0742a90b-c387-483f-b946-30a7e4e61458} not implemented, returning E_NOINTERFACE.
12546.970:0138:0194:warn:vkd3d-proton:d3d12_device_QueryInterface: {0742a90b-c387-483f-b946-30a7e4e61458} not implemented, returning E_NOINTERFACE.
12547.010:0138:01a0:warn:vkd3d-proton:d3d12_device_QueryInterface: {0742a90b-c387-483f-b946-30a7e4e61458} not implemented, returning E_NOINTERFACE.
12547.043:0138:019c:warn:vkd3d-proton:d3d12_device_QueryInterface: {0742a90b-c387-483f-b946-30a7e4e61458} not implemented, returning E_NOINTERFACE.
12547.079:0138:0198:warn:vkd3d-proton:d3d12_device_QueryInterface: {0742a90b-c387-483f-b946-30a7e4e61458} not implemented, returning E_NOINTERFACE.
12547.115:0138:01a0:warn:vkd3d-proton:d3d12_device_QueryInterface: {0742a90b-c387-483f-b946-30a7e4e61458} not implemented, returning E_NOINTERFACE.
12547.152:0138:019c:warn:vkd3d-proton:d3d12_device_QueryInterface: {0742a90b-c387-483f-b946-30a7e4e61458} not implemented, returning E_NOINTERFACE.
12547.182:0138:01a0:warn:vkd3d-proton:d3d12_device_QueryInterface: {0742a90b-c387-483f-b946-30a7e4e61458} not implemented, returning E_NOINTERFACE.
12547.218:0138:0194:warn:vkd3d-proton:d3d12_device_QueryInterface: {0742a90b-c387-483f-b946-30a7e4e61458} not implemented, returning E_NOINTERFACE.
12547.254:0138:01a0:warn:vkd3d-proton:d3d12_device_QueryInterface: {0742a90b-c387-483f-b946-30a7e4e61458} not implemented, returning E_NOINTERFACE.
12547.292:0138:0198:warn:vkd3d-proton:d3d12_device_QueryInterface: {0742a90b-c387-483f-b946-30a7e4e61458} not implemented, returning E_NOINTERFACE.
12547.328:0138:0194:warn:vkd3d-proton:d3d12_device_QueryInterface: {0742a90b-c387-483f-b946-30a7e4e61458} not implemented, returning E_NOINTERFACE.
12547.363:0138:01a0:warn:vkd3d-proton:d3d12_device_QueryInterface: {0742a90b-c387-483f-b946-30a7e4e61458} not implemented, returning E_NOINTERFACE.
12547.400:0138:019c:warn:vkd3d-proton:d3d12_device_QueryInterface: {0742a90b-c387-483f-b946-30a7e4e61458} not implemented, returning E_NOINTERFACE.
12547.436:0138:0194:warn:vkd3d-proton:d3d12_device_QueryInterface: {0742a90b-c387-483f-b946-30a7e4e61458} not implemented, returning E_NOINTERFACE.
12547.472:0138:0198:warn:vkd3d-proton:d3d12_device_QueryInterface: {0742a90b-c387-483f-b946-30a7e4e61458} not implemented, returning E_NOINTERFACE.
12547.506:0138:0194:warn:vkd3d-proton:d3d12_device_QueryInterface: {0742a90b-c387-483f-b946-30a7e4e61458} not implemented, returning E_NOINTERFACE.
12547.544:0138:019c:warn:vkd3d-proton:d3d12_device_QueryInterface: {0742a90b-c387-483f-b946-30a7e4e61458} not implemented, returning E_NOINTERFACE.
12547.579:0138:0198:warn:vkd3d-proton:d3d12_device_QueryInterface: {0742a90b-c387-483f-b946-30a7e4e61458} not implemented, returning E_NOINTERFACE.
12547.619:0138:01a0:warn:vkd3d-proton:d3d12_device_QueryInterface: {0742a90b-c387-483f-b946-30a7e4e61458} not implemented, returning E_NOINTERFACE.
12547.658:0138:0194:warn:vkd3d-proton:d3d12_device_QueryInterface: {0742a90b-c387-483f-b946-30a7e4e61458} not implemented, returning E_NOINTERFACE.
12547.695:0138:0198:warn:vkd3d-proton:d3d12_device_QueryInterface: {0742a90b-c387-483f-b946-30a7e4e61458} not implemented, returning E_NOINTERFACE.
12547.731:0138:01a0:warn:vkd3d-proton:d3d12_device_QueryInterface: {0742a90b-c387-483f-b946-30a7e4e61458} not implemented, returning E_NOINTERFACE.
12547.762:0138:019c:warn:vkd3d-proton:d3d12_device_QueryInterface: {0742a90b-c387-483f-b946-30a7e4e61458} not implemented, returning E_NOINTERFACE.
12547.766:0138:019c:warn:vkd3d-proton:d3d12_device_QueryInterface: {0742a90b-c387-483f-b946-30a7e4e61458} not implemented, returning E_NOINTERFACE.
12547.782:0138:0194:warn:vkd3d-proton:d3d12_device_QueryInterface: {0742a90b-c387-483f-b946-30a7e4e61458} not implemented, returning E_NOINTERFACE.
12547.802:0138:0194:warn:vkd3d-proton:d3d12_device_QueryInterface: {0742a90b-c387-483f-b946-30a7e4e61458} not implemented, returning E_NOINTERFACE.
12547.836:0138:01a0:warn:vkd3d-proton:d3d12_device_QueryInterface: {0742a90b-c387-483f-b946-30a7e4e61458} not implemented, returning E_NOINTERFACE.
12547.872:0138:019c:warn:vkd3d-proton:d3d12_device_QueryInterface: {0742a90b-c387-483f-b946-30a7e4e61458} not implemented, returning E_NOINTERFACE.
12547.907:0138:01a0:warn:vkd3d-proton:d3d12_device_QueryInterface: {0742a90b-c387-483f-b946-30a7e4e61458} not implemented, returning E_NOINTERFACE.
12547.950:0138:0198:warn:vkd3d-proton:d3d12_device_QueryInterface: {0742a90b-c387-483f-b946-30a7e4e61458} not implemented, returning E_NOINTERFACE.
12547.988:0138:01a0:warn:vkd3d-proton:d3d12_device_QueryInterface: {0742a90b-c387-483f-b946-30a7e4e61458} not implemented, returning E_NOINTERFACE.
12548.024:0138:0194:warn:vkd3d-proton:d3d12_device_QueryInterface: {0742a90b-c387-483f-b946-30a7e4e61458} not implemented, returning E_NOINTERFACE.
12548.067:0138:0194:warn:vkd3d-proton:d3d12_device_QueryInterface: {0742a90b-c387-483f-b946-30a7e4e61458} not implemented, returning E_NOINTERFACE.
12548.106:0138:01a0:warn:vkd3d-proton:d3d12_device_QueryInterface: {0742a90b-c387-483f-b946-30a7e4e61458} not implemented, returning E_NOINTERFACE.
12548.143:0138:019c:warn:vkd3d-proton:d3d12_device_QueryInterface: {0742a90b-c387-483f-b946-30a7e4e61458} not implemented, returning E_NOINTERFACE.
12548.181:0138:0198:warn:vkd3d-proton:d3d12_device_QueryInterface: {0742a90b-c387-483f-b946-30a7e4e61458} not implemented, returning E_NOINTERFACE.
12548.216:0138:019c:warn:vkd3d-proton:d3d12_device_QueryInterface: {0742a90b-c387-483f-b946-30a7e4e61458} not implemented, returning E_NOINTERFACE.
12548.257:0138:019c:warn:vkd3d-proton:d3d12_device_QueryInterface: {0742a90b-c387-483f-b946-30a7e4e61458} not implemented, returning E_NOINTERFACE.
12548.289:0138:01a0:warn:vkd3d-proton:d3d12_device_QueryInterface: {0742a90b-c387-483f-b946-30a7e4e61458} not implemented, returning E_NOINTERFACE.
12548.319:0138:019c:warn:vkd3d-proton:d3d12_device_QueryInterface: {0742a90b-c387-483f-b946-30a7e4e61458} not implemented, returning E_NOINTERFACE.
12548.356:0138:01a0:warn:vkd3d-proton:d3d12_device_QueryInterface: {0742a90b-c387-483f-b946-30a7e4e61458} not implemented, returning E_NOINTERFACE.
12548.389:0138:0194:warn:vkd3d-proton:d3d12_device_QueryInterface: {0742a90b-c387-483f-b946-30a7e4e61458} not implemented, returning E_NOINTERFACE.
12548.483:0138:01a0:warn:vkd3d-proton:d3d12_device_QueryInterface: {0742a90b-c387-483f-b946-30a7e4e61458} not implemented, returning E_NOINTERFACE.
12548.613:0138:0194:warn:vkd3d-proton:d3d12_device_QueryInterface: {0742a90b-c387-483f-b946-30a7e4e61458} not implemented, returning E_NOINTERFACE.
12548.619:0138:0194:warn:vkd3d-proton:d3d12_device_QueryInterface: {0742a90b-c387-483f-b946-30a7e4e61458} not implemented, returning E_NOINTERFACE.
12548.655:0138:01a0:warn:vkd3d-proton:d3d12_device_QueryInterface: {0742a90b-c387-483f-b946-30a7e4e61458} not implemented, returning E_NOINTERFACE.
12548.687:0138:019c:warn:vkd3d-proton:d3d12_device_QueryInterface: {0742a90b-c387-483f-b946-30a7e4e61458} not implemented, returning E_NOINTERFACE.
12548.718:0138:0194:warn:vkd3d-proton:d3d12_device_QueryInterface: {0742a90b-c387-483f-b946-30a7e4e61458} not implemented, returning E_NOINTERFACE.
12548.753:0138:0198:warn:vkd3d-proton:d3d12_device_QueryInterface: {0742a90b-c387-483f-b946-30a7e4e61458} not implemented, returning E_NOINTERFACE.
12548.790:0138:019c:warn:vkd3d-proton:d3d12_device_QueryInterface: {0742a90b-c387-483f-b946-30a7e4e61458} not implemented, returning E_NOINTERFACE.
12548.823:0138:01a0:warn:vkd3d-proton:d3d12_device_QueryInterface: {0742a90b-c387-483f-b946-30a7e4e61458} not implemented, returning E_NOINTERFACE.
12548.856:0138:0194:warn:vkd3d-proton:d3d12_device_QueryInterface: {0742a90b-c387-483f-b946-30a7e4e61458} not implemented, returning E_NOINTERFACE.
12548.890:0138:0198:warn:vkd3d-proton:d3d12_device_QueryInterface: {0742a90b-c387-483f-b946-30a7e4e61458} not implemented, returning E_NOINTERFACE.
12548.933:0138:01a0:warn:vkd3d-proton:d3d12_device_QueryInterface: {0742a90b-c387-483f-b946-30a7e4e61458} not implemented, returning E_NOINTERFACE.
12548.972:0138:0198:warn:vkd3d-proton:d3d12_device_QueryInterface: {0742a90b-c387-483f-b946-30a7e4e61458} not implemented, returning E_NOINTERFACE.
12549.012:0138:019c:warn:vkd3d-proton:d3d12_device_QueryInterface: {0742a90b-c387-483f-b946-30a7e4e61458} not implemented, returning E_NOINTERFACE.
D 2D0 Ran out of slots. Can't allocate more
D 2D4 Ran out of slots. Can't allocate more
12549.095:0138:0198:warn:vkd3d-proton:d3d12_device_QueryInterface: {0742a90b-c387-483f-b946-30a7e4e61458} not implemented, returning E_NOINTERFACE.
12549.132:0138:0194:warn:vkd3d-proton:d3d12_device_QueryInterface: {0742a90b-c387-483f-b946-30a7e4e61458} not implemented, returning E_NOINTERFACE.
12549.168:0138:0198:warn:vkd3d-proton:d3d12_device_QueryInterface: {0742a90b-c387-483f-b946-30a7e4e61458} not implemented, returning E_NOINTERFACE.
12549.203:0138:0194:warn:vkd3d-proton:d3d12_device_QueryInterface: {0742a90b-c387-483f-b946-30a7e4e61458} not implemented, returning E_NOINTERFACE.
12549.241:0138:019c:warn:vkd3d-proton:d3d12_device_QueryInterface: {0742a90b-c387-483f-b946-30a7e4e61458} not implemented, returning E_NOINTERFACE.
12549.273:0138:0198:warn:vkd3d-proton:d3d12_device_QueryInterface: {0742a90b-c387-483f-b946-30a7e4e61458} not implemented, returning E_NOINTERFACE.
12549.317:0138:0198:warn:vkd3d-proton:d3d12_device_QueryInterface: {0742a90b-c387-483f-b946-30a7e4e61458} not implemented, returning E_NOINTERFACE.
12549.352:0138:0198:warn:vkd3d-proton:d3d12_device_QueryInterface: {0742a90b-c387-483f-b946-30a7e4e61458} not implemented, returning E_NOINTERFACE.
12549.393:0138:01a0:warn:vkd3d-proton:d3d12_device_QueryInterface: {0742a90b-c387-483f-b946-30a7e4e61458} not implemented, returning E_NOINTERFACE.
12549.435:0138:0194:warn:vkd3d-proton:d3d12_device_QueryInterface: {0742a90b-c387-483f-b946-30a7e4e61458} not implemented, returning E_NOINTERFACE.
12549.472:0138:01a0:warn:vkd3d-proton:d3d12_device_QueryInterface: {0742a90b-c387-483f-b946-30a7e4e61458} not implemented, returning E_NOINTERFACE.
12549.477:0138:01a0:warn:vkd3d-proton:d3d12_device_QueryInterface: {0742a90b-c387-483f-b946-30a7e4e61458} not implemented, returning E_NOINTERFACE.
12549.488:0138:01a0:warn:vkd3d-proton:d3d12_device_QueryInterface: {0742a90b-c387-483f-b946-30a7e4e61458} not implemented, returning E_NOINTERFACE.
12549.505:0138:01a0:warn:vkd3d-proton:d3d12_device_QueryInterface: {0742a90b-c387-483f-b946-30a7e4e61458} not implemented, returning E_NOINTERFACE.
12549.552:0138:019c:warn:vkd3d-proton:d3d12_device_QueryInterface: {0742a90b-c387-483f-b946-30a7e4e61458} not implemented, returning E_NOINTERFACE.
12549.589:0138:0194:warn:vkd3d-proton:d3d12_device_QueryInterface: {0742a90b-c387-483f-b946-30a7e4e61458} not implemented, returning E_NOINTERFACE.
12549.623:0138:0198:warn:vkd3d-proton:d3d12_device_QueryInterface: {0742a90b-c387-483f-b946-30a7e4e61458} not implemented, returning E_NOINTERFACE.
12549.664:0138:01a0:warn:vkd3d-proton:d3d12_device_QueryInterface: {0742a90b-c387-483f-b946-30a7e4e61458} not implemented, returning E_NOINTERFACE.
12549.703:0138:019c:warn:vkd3d-proton:d3d12_device_QueryInterface: {0742a90b-c387-483f-b946-30a7e4e61458} not implemented, returning E_NOINTERFACE.
12549.743:0138:01a0:warn:vkd3d-proton:d3d12_device_QueryInterface: {0742a90b-c387-483f-b946-30a7e4e61458} not implemented, returning E_NOINTERFACE.
12549.779:0138:0198:warn:vkd3d-proton:d3d12_device_QueryInterface: {0742a90b-c387-483f-b946-30a7e4e61458} not implemented, returning E_NOINTERFACE.
12549.823:0138:0198:warn:vkd3d-proton:d3d12_device_QueryInterface: {0742a90b-c387-483f-b946-30a7e4e61458} not implemented, returning E_NOINTERFACE.
12549.863:0138:01a0:warn:vkd3d-proton:d3d12_device_QueryInterface: {0742a90b-c387-483f-b946-30a7e4e61458} not implemented, returning E_NOINTERFACE.
12549.897:0138:0194:warn:vkd3d-proton:d3d12_device_QueryInterface: {0742a90b-c387-483f-b946-30a7e4e61458} not implemented, returning E_NOINTERFACE.
12549.936:0138:0198:warn:vkd3d-proton:d3d12_device_QueryInterface: {0742a90b-c387-483f-b946-30a7e4e61458} not implemented, returning E_NOINTERFACE.
12549.982:0138:0198:warn:vkd3d-proton:d3d12_device_QueryInterface: {0742a90b-c387-483f-b946-30a7e4e61458} not implemented, returning E_NOINTERFACE.
12550.013:0138:0194:warn:vkd3d-proton:d3d12_device_QueryInterface: {0742a90b-c387-483f-b946-30a7e4e61458} not implemented, returning E_NOINTERFACE.
12550.053:0138:01a0:warn:vkd3d-proton:d3d12_device_QueryInterface: {0742a90b-c387-483f-b946-30a7e4e61458} not implemented, returning E_NOINTERFACE.
12550.098:0138:019c:warn:vkd3d-proton:d3d12_device_QueryInterface: {0742a90b-c387-483f-b946-30a7e4e61458} not implemented, returning E_NOINTERFACE.
12550.140:0138:01a0:warn:vkd3d-proton:d3d12_device_QueryInterface: {0742a90b-c387-483f-b946-30a7e4e61458} not implemented, returning E_NOINTERFACE.
12550.178:0138:0198:warn:vkd3d-proton:d3d12_device_QueryInterface: {0742a90b-c387-483f-b946-30a7e4e61458} not implemented, returning E_NOINTERFACE.
12550.216:0138:0194:warn:vkd3d-proton:d3d12_device_QueryInterface: {0742a90b-c387-483f-b946-30a7e4e61458} not implemented, returning E_NOINTERFACE.
12550.253:0138:0198:warn:vkd3d-proton:d3d12_device_QueryInterface: {0742a90b-c387-483f-b946-30a7e4e61458} not implemented, returning E_NOINTERFACE.
12550.288:0138:01a0:warn:vkd3d-proton:d3d12_device_QueryInterface: {0742a90b-c387-483f-b946-30a7e4e61458} not implemented, returning E_NOINTERFACE.
12550.326:0138:0198:warn:vkd3d-proton:d3d12_device_QueryInterface: {0742a90b-c387-483f-b946-30a7e4e61458} not implemented, returning E_NOINTERFACE.
12550.363:0138:0198:warn:vkd3d-proton:d3d12_device_QueryInterface: {0742a90b-c387-483f-b946-30a7e4e61458} not implemented, returning E_NOINTERFACE.
12550.400:0138:0194:warn:vkd3d-proton:d3d12_device_QueryInterface: {0742a90b-c387-483f-b946-30a7e4e61458} not implemented, returning E_NOINTERFACE.
12550.443:0138:0198:warn:vkd3d-proton:d3d12_device_QueryInterface: {0742a90b-c387-483f-b946-30a7e4e61458} not implemented, returning E_NOINTERFACE.
12550.448:0138:0198:warn:vkd3d-proton:d3d12_device_QueryInterface: {0742a90b-c387-483f-b946-30a7e4e61458} not implemented, returning E_NOINTERFACE.
12550.454:0138:01a0:warn:vkd3d-proton:d3d12_device_QueryInterface: {0742a90b-c387-483f-b946-30a7e4e61458} not implemented, returning E_NOINTERFACE.
12550.463:0138:01a0:warn:vkd3d-proton:d3d12_device_QueryInterface: {0742a90b-c387-483f-b946-30a7e4e61458} not implemented, returning E_NOINTERFACE.
12550.473:0138:01a0:warn:vkd3d-proton:d3d12_device_QueryInterface: {0742a90b-c387-483f-b946-30a7e4e61458} not implemented, returning E_NOINTERFACE.
12550.512:0138:019c:warn:vkd3d-proton:d3d12_device_QueryInterface: {0742a90b-c387-483f-b946-30a7e4e61458} not implemented, returning E_NOINTERFACE.
12550.544:0138:0194:warn:vkd3d-proton:d3d12_device_QueryInterface: {0742a90b-c387-483f-b946-30a7e4e61458} not implemented, returning E_NOINTERFACE.
12550.582:0138:0198:warn:vkd3d-proton:d3d12_device_QueryInterface: {0742a90b-c387-483f-b946-30a7e4e61458} not implemented, returning E_NOINTERFACE.
12550.617:0138:0194:warn:vkd3d-proton:d3d12_device_QueryInterface: {0742a90b-c387-483f-b946-30a7e4e61458} not implemented, returning E_NOINTERFACE.
12550.652:0138:0198:warn:vkd3d-proton:d3d12_device_QueryInterface: {0742a90b-c387-483f-b946-30a7e4e61458} not implemented, returning E_NOINTERFACE.
12550.689:0138:019c:warn:vkd3d-proton:d3d12_device_QueryInterface: {0742a90b-c387-483f-b946-30a7e4e61458} not implemented, returning E_NOINTERFACE.
12550.720:0138:0198:warn:vkd3d-proton:d3d12_device_QueryInterface: {0742a90b-c387-483f-b946-30a7e4e61458} not implemented, returning E_NOINTERFACE.
12550.754:0138:019c:warn:vkd3d-proton:d3d12_device_QueryInterface: {0742a90b-c387-483f-b946-30a7e4e61458} not implemented, returning E_NOINTERFACE.
12550.788:0138:0194:warn:vkd3d-proton:d3d12_device_QueryInterface: {0742a90b-c387-483f-b946-30a7e4e61458} not implemented, returning E_NOINTERFACE.
12550.819:0138:0198:warn:vkd3d-proton:d3d12_device_QueryInterface: {0742a90b-c387-483f-b946-30a7e4e61458} not implemented, returning E_NOINTERFACE.
12550.853:0138:019c:warn:vkd3d-proton:d3d12_device_QueryInterface: {0742a90b-c387-483f-b946-30a7e4e61458} not implemented, returning E_NOINTERFACE.
12550.889:0138:01a0:warn:vkd3d-proton:d3d12_device_QueryInterface: {0742a90b-c387-483f-b946-30a7e4e61458} not implemented, returning E_NOINTERFACE.
12550.926:0138:0194:warn:vkd3d-proton:d3d12_device_QueryInterface: {0742a90b-c387-483f-b946-30a7e4e61458} not implemented, returning E_NOINTERFACE.
12550.958:0138:019c:warn:vkd3d-proton:d3d12_device_QueryInterface: {0742a90b-c387-483f-b946-30a7e4e61458} not implemented, returning E_NOINTERFACE.
12550.992:0138:0198:warn:vkd3d-proton:d3d12_device_QueryInterface: {0742a90b-c387-483f-b946-30a7e4e61458} not implemented, returning E_NOINTERFACE.
12551.028:0138:0194:warn:vkd3d-proton:d3d12_device_QueryInterface: {0742a90b-c387-483f-b946-30a7e4e61458} not implemented, returning E_NOINTERFACE.
12551.063:0138:01a0:warn:vkd3d-proton:d3d12_device_QueryInterface: {0742a90b-c387-483f-b946-30a7e4e61458} not implemented, returning E_NOINTERFACE.
12551.103:0138:0198:warn:vkd3d-proton:d3d12_device_QueryInterface: {0742a90b-c387-483f-b946-30a7e4e61458} not implemented, returning E_NOINTERFACE.
12551.138:0138:01a0:warn:vkd3d-proton:d3d12_device_QueryInterface: {0742a90b-c387-483f-b946-30a7e4e61458} not implemented, returning E_NOINTERFACE.
D 2D8 Ran out of slots. Can't allocate more
12551.180:0138:0194:warn:vkd3d-proton:d3d12_device_QueryInterface: {0742a90b-c387-483f-b946-30a7e4e61458} not implemented, returning E_NOINTERFACE.
12551.216:0138:01a0:warn:vkd3d-proton:d3d12_device_QueryInterface: {0742a90b-c387-483f-b946-30a7e4e61458} not implemented, returning E_NOINTERFACE.
12551.250:0138:019c:warn:vkd3d-proton:d3d12_device_QueryInterface: {0742a90b-c387-483f-b946-30a7e4e61458} not implemented, returning E_NOINTERFACE.
12551.289:0138:0198:warn:vkd3d-proton:d3d12_device_QueryInterface: {0742a90b-c387-483f-b946-30a7e4e61458} not implemented, returning E_NOINTERFACE.
12551.329:0138:0194:warn:vkd3d-proton:d3d12_device_QueryInterface: {0742a90b-c387-483f-b946-30a7e4e61458} not implemented, returning E_NOINTERFACE.
12551.372:0138:0194:warn:vkd3d-proton:d3d12_device_QueryInterface: {0742a90b-c387-483f-b946-30a7e4e61458} not implemented, returning E_NOINTERFACE.
12551.406:0138:01a0:warn:vkd3d-proton:d3d12_device_QueryInterface: {0742a90b-c387-483f-b946-30a7e4e61458} not implemented, returning E_NOINTERFACE.
12551.435:0138:0194:warn:vkd3d-proton:d3d12_device_QueryInterface: {0742a90b-c387-483f-b946-30a7e4e61458} not implemented, returning E_NOINTERFACE.
12551.470:0138:019c:warn:vkd3d-proton:d3d12_device_QueryInterface: {0742a90b-c387-483f-b946-30a7e4e61458} not implemented, returning E_NOINTERFACE.
12551.506:0138:0194:warn:vkd3d-proton:d3d12_device_QueryInterface: {0742a90b-c387-483f-b946-30a7e4e61458} not implemented, returning E_NOINTERFACE.
12551.539:0138:019c:warn:vkd3d-proton:d3d12_device_QueryInterface: {0742a90b-c387-483f-b946-30a7e4e61458} not implemented, returning E_NOINTERFACE.
12551.570:0138:01a0:warn:vkd3d-proton:d3d12_device_QueryInterface: {0742a90b-c387-483f-b946-30a7e4e61458} not implemented, returning E_NOINTERFACE.
12551.611:0138:019c:warn:vkd3d-proton:d3d12_device_QueryInterface: {0742a90b-c387-483f-b946-30a7e4e61458} not implemented, returning E_NOINTERFACE.
12551.647:0138:0194:warn:vkd3d-proton:d3d12_device_QueryInterface: {0742a90b-c387-483f-b946-30a7e4e61458} not implemented, returning E_NOINTERFACE.
12551.683:0138:0198:warn:vkd3d-proton:d3d12_device_QueryInterface: {0742a90b-c387-483f-b946-30a7e4e61458} not implemented, returning E_NOINTERFACE.
12551.720:0138:01a0:warn:vkd3d-proton:d3d12_device_QueryInterface: {0742a90b-c387-483f-b946-30a7e4e61458} not implemented, returning E_NOINTERFACE.
12551.761:0138:019c:warn:vkd3d-proton:d3d12_device_QueryInterface: {0742a90b-c387-483f-b946-30a7e4e61458} not implemented, returning E_NOINTERFACE.
12551.797:0138:01a0:warn:vkd3d-proton:d3d12_device_QueryInterface: {0742a90b-c387-483f-b946-30a7e4e61458} not implemented, returning E_NOINTERFACE.
12551.828:0138:0198:warn:vkd3d-proton:d3d12_device_QueryInterface: {0742a90b-c387-483f-b946-30a7e4e61458} not implemented, returning E_NOINTERFACE.
12551.866:0138:0198:warn:vkd3d-proton:d3d12_device_QueryInterface: {0742a90b-c387-483f-b946-30a7e4e61458} not implemented, returning E_NOINTERFACE.
12551.907:0138:019c:warn:vkd3d-proton:d3d12_device_QueryInterface: {0742a90b-c387-483f-b946-30a7e4e61458} not implemented, returning E_NOINTERFACE.
12551.940:0138:0194:warn:vkd3d-proton:d3d12_device_QueryInterface: {0742a90b-c387-483f-b946-30a7e4e61458} not implemented, returning E_NOINTERFACE.
12551.971:0138:0198:warn:vkd3d-proton:d3d12_device_QueryInterface: {0742a90b-c387-483f-b946-30a7e4e61458} not implemented, returning E_NOINTERFACE.
12552.004:0138:0194:warn:vkd3d-proton:d3d12_device_QueryInterface: {0742a90b-c387-483f-b946-30a7e4e61458} not implemented, returning E_NOINTERFACE.
12552.037:0138:019c:warn:vkd3d-proton:d3d12_device_QueryInterface: {0742a90b-c387-483f-b946-30a7e4e61458} not implemented, returning E_NOINTERFACE.
12552.076:0138:0198:warn:vkd3d-proton:d3d12_device_QueryInterface: {0742a90b-c387-483f-b946-30a7e4e61458} not implemented, returning E_NOINTERFACE.
12552.115:0138:0194:warn:vkd3d-proton:d3d12_device_QueryInterface: {0742a90b-c387-483f-b946-30a7e4e61458} not implemented, returning E_NOINTERFACE.
12552.145:0138:019c:warn:vkd3d-proton:d3d12_device_QueryInterface: {0742a90b-c387-483f-b946-30a7e4e61458} not implemented, returning E_NOINTERFACE.
12552.177:0138:01a0:warn:vkd3d-proton:d3d12_device_QueryInterface: {0742a90b-c387-483f-b946-30a7e4e61458} not implemented, returning E_NOINTERFACE.
12552.210:0138:0194:warn:vkd3d-proton:d3d12_device_QueryInterface: {0742a90b-c387-483f-b946-30a7e4e61458} not implemented, returning E_NOINTERFACE.
12552.238:0138:019c:warn:vkd3d-proton:d3d12_device_QueryInterface: {0742a90b-c387-483f-b946-30a7e4e61458} not implemented, returning E_NOINTERFACE.
12552.277:0138:0198:warn:vkd3d-proton:d3d12_device_QueryInterface: {0742a90b-c387-483f-b946-30a7e4e61458} not implemented, returning E_NOINTERFACE.
12552.316:0138:01a0:warn:vkd3d-proton:d3d12_device_QueryInterface: {0742a90b-c387-483f-b946-30a7e4e61458} not implemented, returning E_NOINTERFACE.
12552.352:0138:019c:warn:vkd3d-proton:d3d12_device_QueryInterface: {0742a90b-c387-483f-b946-30a7e4e61458} not implemented, returning E_NOINTERFACE.
12552.386:0138:01a0:warn:vkd3d-proton:d3d12_device_QueryInterface: {0742a90b-c387-483f-b946-30a7e4e61458} not implemented, returning E_NOINTERFACE.
12552.421:0138:0194:warn:vkd3d-proton:d3d12_device_QueryInterface: {0742a90b-c387-483f-b946-30a7e4e61458} not implemented, returning E_NOINTERFACE.
12552.459:0138:019c:warn:vkd3d-proton:d3d12_device_QueryInterface: {0742a90b-c387-483f-b946-30a7e4e61458} not implemented, returning E_NOINTERFACE.
12552.493:0138:0194:warn:vkd3d-proton:d3d12_device_QueryInterface: {0742a90b-c387-483f-b946-30a7e4e61458} not implemented, returning E_NOINTERFACE.
12552.531:0138:0198:warn:vkd3d-proton:d3d12_device_QueryInterface: {0742a90b-c387-483f-b946-30a7e4e61458} not implemented, returning E_NOINTERFACE.
12552.567:0138:01a0:warn:vkd3d-proton:d3d12_device_QueryInterface: {0742a90b-c387-483f-b946-30a7e4e61458} not implemented, returning E_NOINTERFACE.
12552.600:0138:019c:warn:vkd3d-proton:d3d12_device_QueryInterface: {0742a90b-c387-483f-b946-30a7e4e61458} not implemented, returning E_NOINTERFACE.
12552.640:0138:01a0:warn:vkd3d-proton:d3d12_device_QueryInterface: {0742a90b-c387-483f-b946-30a7e4e61458} not implemented, returning E_NOINTERFACE.
12552.680:0138:0194:warn:vkd3d-proton:d3d12_device_QueryInterface: {0742a90b-c387-483f-b946-30a7e4e61458} not implemented, returning E_NOINTERFACE.
12552.687:0138:0194:warn:vkd3d-proton:d3d12_device_QueryInterface: {0742a90b-c387-483f-b946-30a7e4e61458} not implemented, returning E_NOINTERFACE.
12552.695:0138:0194:warn:vkd3d-proton:d3d12_device_QueryInterface: {0742a90b-c387-483f-b946-30a7e4e61458} not implemented, returning E_NOINTERFACE.
12552.712:0138:0194:warn:vkd3d-proton:d3d12_device_QueryInterface: {0742a90b-c387-483f-b946-30a7e4e61458} not implemented, returning E_NOINTERFACE.
12552.746:0138:0198:warn:vkd3d-proton:d3d12_device_QueryInterface: {0742a90b-c387-483f-b946-30a7e4e61458} not implemented, returning E_NOINTERFACE.
12552.788:0138:0198:warn:vkd3d-proton:d3d12_device_QueryInterface: {0742a90b-c387-483f-b946-30a7e4e61458} not implemented, returning E_NOINTERFACE.
12552.825:0138:019c:warn:vkd3d-proton:d3d12_device_QueryInterface: {0742a90b-c387-483f-b946-30a7e4e61458} not implemented, returning E_NOINTERFACE.
12552.860:0138:01a0:warn:vkd3d-proton:d3d12_device_QueryInterface: {0742a90b-c387-483f-b946-30a7e4e61458} not implemented, returning E_NOINTERFACE.
12552.895:0138:0198:warn:vkd3d-proton:d3d12_device_QueryInterface: {0742a90b-c387-483f-b946-30a7e4e61458} not implemented, returning E_NOINTERFACE.
12552.933:0138:019c:warn:vkd3d-proton:d3d12_device_QueryInterface: {0742a90b-c387-483f-b946-30a7e4e61458} not implemented, returning E_NOINTERFACE.
12552.973:0138:0198:warn:vkd3d-proton:d3d12_device_QueryInterface: {0742a90b-c387-483f-b946-30a7e4e61458} not implemented, returning E_NOINTERFACE.
12553.003:0138:0194:warn:vkd3d-proton:d3d12_device_QueryInterface: {0742a90b-c387-483f-b946-30a7e4e61458} not implemented, returning E_NOINTERFACE.
12553.039:0138:019c:warn:vkd3d-proton:d3d12_device_QueryInterface: {0742a90b-c387-483f-b946-30a7e4e61458} not implemented, returning E_NOINTERFACE.
12553.074:0138:01a0:warn:vkd3d-proton:d3d12_device_QueryInterface: {0742a90b-c387-483f-b946-30a7e4e61458} not implemented, returning E_NOINTERFACE.
12553.105:0138:0194:warn:vkd3d-proton:d3d12_device_QueryInterface: {0742a90b-c387-483f-b946-30a7e4e61458} not implemented, returning E_NOINTERFACE.
12553.138:0138:0198:warn:vkd3d-proton:d3d12_device_QueryInterface: {0742a90b-c387-483f-b946-30a7e4e61458} not implemented, returning E_NOINTERFACE.
12553.167:0138:01a0:warn:vkd3d-proton:d3d12_device_QueryInterface: {0742a90b-c387-483f-b946-30a7e4e61458} not implemented, returning E_NOINTERFACE.
12553.205:0138:01a0:warn:vkd3d-proton:d3d12_device_QueryInterface: {0742a90b-c387-483f-b946-30a7e4e61458} not implemented, returning E_NOINTERFACE.
12553.246:0138:01a0:warn:vkd3d-proton:d3d12_device_QueryInterface: {0742a90b-c387-483f-b946-30a7e4e61458} not implemented, returning E_NOINTERFACE.
12553.283:0138:0194:warn:vkd3d-proton:d3d12_device_QueryInterface: {0742a90b-c387-483f-b946-30a7e4e61458} not implemented, returning E_NOINTERFACE.
12553.319:0138:0194:warn:vkd3d-proton:d3d12_device_QueryInterface: {0742a90b-c387-483f-b946-30a7e4e61458} not implemented, returning E_NOINTERFACE.
12553.359:0138:0194:warn:vkd3d-proton:d3d12_device_QueryInterface: {0742a90b-c387-483f-b946-30a7e4e61458} not implemented, returning E_NOINTERFACE.
12553.396:0138:0198:warn:vkd3d-proton:d3d12_device_QueryInterface: {0742a90b-c387-483f-b946-30a7e4e61458} not implemented, returning E_NOINTERFACE.
12553.436:0138:0194:warn:vkd3d-proton:d3d12_device_QueryInterface: {0742a90b-c387-483f-b946-30a7e4e61458} not implemented, returning E_NOINTERFACE.
12553.472:0138:019c:warn:vkd3d-proton:d3d12_device_QueryInterface: {0742a90b-c387-483f-b946-30a7e4e61458} not implemented, returning E_NOINTERFACE.
12553.506:0138:019c:warn:vkd3d-proton:d3d12_device_QueryInterface: {0742a90b-c387-483f-b946-30a7e4e61458} not implemented, returning E_NOINTERFACE.
12553.550:0138:019c:warn:vkd3d-proton:d3d12_device_QueryInterface: {0742a90b-c387-483f-b946-30a7e4e61458} not implemented, returning E_NOINTERFACE.
12553.599:0138:01a0:warn:vkd3d-proton:d3d12_device_QueryInterface: {0742a90b-c387-483f-b946-30a7e4e61458} not implemented, returning E_NOINTERFACE.
12553.632:0138:0194:warn:vkd3d-proton:d3d12_device_QueryInterface: {0742a90b-c387-483f-b946-30a7e4e61458} not implemented, returning E_NOINTERFACE.
12553.656:0138:019c:warn:vkd3d-proton:d3d12_device_QueryInterface: {0742a90b-c387-483f-b946-30a7e4e61458} not implemented, returning E_NOINTERFACE.
12553.699:0138:01a0:warn:vkd3d-proton:d3d12_device_QueryInterface: {0742a90b-c387-483f-b946-30a7e4e61458} not implemented, returning E_NOINTERFACE.
12553.735:0138:0194:warn:vkd3d-proton:d3d12_device_QueryInterface: {0742a90b-c387-483f-b946-30a7e4e61458} not implemented, returning E_NOINTERFACE.
12553.776:0138:019c:warn:vkd3d-proton:d3d12_device_QueryInterface: {0742a90b-c387-483f-b946-30a7e4e61458} not implemented, returning E_NOINTERFACE.
12553.813:0138:0194:warn:vkd3d-proton:d3d12_device_QueryInterface: {0742a90b-c387-483f-b946-30a7e4e61458} not implemented, returning E_NOINTERFACE.
12553.847:0138:0198:warn:vkd3d-proton:d3d12_device_QueryInterface: {0742a90b-c387-483f-b946-30a7e4e61458} not implemented, returning E_NOINTERFACE.
12553.885:0138:01a0:warn:vkd3d-proton:d3d12_device_QueryInterface: {0742a90b-c387-483f-b946-30a7e4e61458} not implemented, returning E_NOINTERFACE.
12553.923:0138:0198:warn:vkd3d-proton:d3d12_device_QueryInterface: {0742a90b-c387-483f-b946-30a7e4e61458} not implemented, returning E_NOINTERFACE.
12553.954:0138:01a0:warn:vkd3d-proton:d3d12_device_QueryInterface: {0742a90b-c387-483f-b946-30a7e4e61458} not implemented, returning E_NOINTERFACE.
12553.996:0138:019c:warn:vkd3d-proton:d3d12_device_QueryInterface: {0742a90b-c387-483f-b946-30a7e4e61458} not implemented, returning E_NOINTERFACE.
12554.031:0138:01a0:warn:vkd3d-proton:d3d12_device_QueryInterface: {0742a90b-c387-483f-b946-30a7e4e61458} not implemented, returning E_NOINTERFACE.
12554.062:0138:0194:warn:vkd3d-proton:d3d12_device_QueryInterface: {0742a90b-c387-483f-b946-30a7e4e61458} not implemented, returning E_NOINTERFACE.
12554.091:0138:01a0:warn:vkd3d-proton:d3d12_device_QueryInterface: {0742a90b-c387-483f-b946-30a7e4e61458} not implemented, returning E_NOINTERFACE.
12554.128:0138:01a0:warn:vkd3d-proton:d3d12_device_QueryInterface: {0742a90b-c387-483f-b946-30a7e4e61458} not implemented, returning E_NOINTERFACE.
12554.166:0138:0194:warn:vkd3d-proton:d3d12_device_QueryInterface: {0742a90b-c387-483f-b946-30a7e4e61458} not implemented, returning E_NOINTERFACE.
12554.199:0138:01a0:warn:vkd3d-proton:d3d12_device_QueryInterface: {0742a90b-c387-483f-b946-30a7e4e61458} not implemented, returning E_NOINTERFACE.
12554.230:0138:019c:warn:vkd3d-proton:d3d12_device_QueryInterface: {0742a90b-c387-483f-b946-30a7e4e61458} not implemented, returning E_NOINTERFACE.
12554.268:0138:01a0:warn:vkd3d-proton:d3d12_device_QueryInterface: {0742a90b-c387-483f-b946-30a7e4e61458} not implemented, returning E_NOINTERFACE.
12554.299:0138:0194:warn:vkd3d-proton:d3d12_device_QueryInterface: {0742a90b-c387-483f-b946-30a7e4e61458} not implemented, returning E_NOINTERFACE.
12554.328:0138:0198:warn:vkd3d-proton:d3d12_device_QueryInterface: {0742a90b-c387-483f-b946-30a7e4e61458} not implemented, returning E_NOINTERFACE.
12554.366:0138:01a0:warn:vkd3d-proton:d3d12_device_QueryInterface: {0742a90b-c387-483f-b946-30a7e4e61458} not implemented, returning E_NOINTERFACE.
12554.391:0138:0194:warn:vkd3d-proton:d3d12_device_QueryInterface: {0742a90b-c387-483f-b946-30a7e4e61458} not implemented, returning E_NOINTERFACE.
12554.423:0138:0198:warn:vkd3d-proton:d3d12_device_QueryInterface: {0742a90b-c387-483f-b946-30a7e4e61458} not implemented, returning E_NOINTERFACE.
12554.455:0138:0194:warn:vkd3d-proton:d3d12_device_QueryInterface: {0742a90b-c387-483f-b946-30a7e4e61458} not implemented, returning E_NOINTERFACE.
12554.488:0138:019c:warn:vkd3d-proton:d3d12_device_QueryInterface: {0742a90b-c387-483f-b946-30a7e4e61458} not implemented, returning E_NOINTERFACE.
12554.522:0138:01a0:warn:vkd3d-proton:d3d12_device_QueryInterface: {0742a90b-c387-483f-b946-30a7e4e61458} not implemented, returning E_NOINTERFACE.
12554.562:0138:0194:warn:vkd3d-proton:d3d12_device_QueryInterface: {0742a90b-c387-483f-b946-30a7e4e61458} not implemented, returning E_NOINTERFACE.
12554.601:0138:019c:warn:vkd3d-proton:d3d12_device_QueryInterface: {0742a90b-c387-483f-b946-30a7e4e61458} not implemented, returning E_NOINTERFACE.
12554.640:0138:0198:warn:vkd3d-proton:d3d12_device_QueryInterface: {0742a90b-c387-483f-b946-30a7e4e61458} not implemented, returning E_NOINTERFACE.
12554.674:0138:0194:warn:vkd3d-proton:d3d12_device_QueryInterface: {0742a90b-c387-483f-b946-30a7e4e61458} not implemented, returning E_NOINTERFACE.
12554.680:0138:0194:warn:vkd3d-proton:d3d12_device_QueryInterface: {0742a90b-c387-483f-b946-30a7e4e61458} not implemented, returning E_NOINTERFACE.
12554.687:0138:0194:warn:vkd3d-proton:d3d12_device_QueryInterface: {0742a90b-c387-483f-b946-30a7e4e61458} not implemented, returning E_NOINTERFACE.
12554.698:0138:0194:warn:vkd3d-proton:d3d12_device_QueryInterface: {0742a90b-c387-483f-b946-30a7e4e61458} not implemented, returning E_NOINTERFACE.
12554.719:0138:0194:warn:vkd3d-proton:d3d12_device_QueryInterface: {0742a90b-c387-483f-b946-30a7e4e61458} not implemented, returning E_NOINTERFACE.
12554.755:0138:019c:warn:vkd3d-proton:d3d12_device_QueryInterface: {0742a90b-c387-483f-b946-30a7e4e61458} not implemented, returning E_NOINTERFACE.
12554.788:0138:01a0:warn:vkd3d-proton:d3d12_device_QueryInterface: {0742a90b-c387-483f-b946-30a7e4e61458} not implemented, returning E_NOINTERFACE.
12554.828:0138:0194:warn:vkd3d-proton:d3d12_device_QueryInterface: {0742a90b-c387-483f-b946-30a7e4e61458} not implemented, returning E_NOINTERFACE.
12554.861:0138:019c:warn:vkd3d-proton:d3d12_device_QueryInterface: {0742a90b-c387-483f-b946-30a7e4e61458} not implemented, returning E_NOINTERFACE.
12554.900:0138:01a0:warn:vkd3d-proton:d3d12_device_QueryInterface: {0742a90b-c387-483f-b946-30a7e4e61458} not implemented, returning E_NOINTERFACE.
12554.931:0138:0194:warn:vkd3d-proton:d3d12_device_QueryInterface: {0742a90b-c387-483f-b946-30a7e4e61458} not implemented, returning E_NOINTERFACE.
12554.962:0138:0198:warn:vkd3d-proton:d3d12_device_QueryInterface: {0742a90b-c387-483f-b946-30a7e4e61458} not implemented, returning E_NOINTERFACE.
12554.995:0138:0194:warn:vkd3d-proton:d3d12_device_QueryInterface: {0742a90b-c387-483f-b946-30a7e4e61458} not implemented, returning E_NOINTERFACE.
12555.031:0138:0198:warn:vkd3d-proton:d3d12_device_QueryInterface: {0742a90b-c387-483f-b946-30a7e4e61458} not implemented, returning E_NOINTERFACE.
12555.067:0138:0194:warn:vkd3d-proton:d3d12_device_QueryInterface: {0742a90b-c387-483f-b946-30a7e4e61458} not implemented, returning E_NOINTERFACE.
12555.098:0138:01a0:warn:vkd3d-proton:d3d12_device_QueryInterface: {0742a90b-c387-483f-b946-30a7e4e61458} not implemented, returning E_NOINTERFACE.
12555.135:0138:0194:warn:vkd3d-proton:d3d12_device_QueryInterface: {0742a90b-c387-483f-b946-30a7e4e61458} not implemented, returning E_NOINTERFACE.
12555.171:0138:0198:warn:vkd3d-proton:d3d12_device_QueryInterface: {0742a90b-c387-483f-b946-30a7e4e61458} not implemented, returning E_NOINTERFACE.
12555.209:0138:0194:warn:vkd3d-proton:d3d12_device_QueryInterface: {0742a90b-c387-483f-b946-30a7e4e61458} not implemented, returning E_NOINTERFACE.
12555.245:0138:019c:warn:vkd3d-proton:d3d12_device_QueryInterface: {0742a90b-c387-483f-b946-30a7e4e61458} not implemented, returning E_NOINTERFACE.
12555.282:0138:01a0:warn:vkd3d-proton:d3d12_device_QueryInterface: {0742a90b-c387-483f-b946-30a7e4e61458} not implemented, returning E_NOINTERFACE.
12555.314:0138:019c:warn:vkd3d-proton:d3d12_device_QueryInterface: {0742a90b-c387-483f-b946-30a7e4e61458} not implemented, returning E_NOINTERFACE.
12555.346:0138:01a0:warn:vkd3d-proton:d3d12_device_QueryInterface: {0742a90b-c387-483f-b946-30a7e4e61458} not implemented, returning E_NOINTERFACE.
12555.386:0138:019c:warn:vkd3d-proton:d3d12_device_QueryInterface: {0742a90b-c387-483f-b946-30a7e4e61458} not implemented, returning E_NOINTERFACE.
12555.421:0138:01a0:warn:vkd3d-proton:d3d12_device_QueryInterface: {0742a90b-c387-483f-b946-30a7e4e61458} not implemented, returning E_NOINTERFACE.
12555.459:0138:019c:warn:vkd3d-proton:d3d12_device_QueryInterface: {0742a90b-c387-483f-b946-30a7e4e61458} not implemented, returning E_NOINTERFACE.
12555.497:0138:0198:warn:vkd3d-proton:d3d12_device_QueryInterface: {0742a90b-c387-483f-b946-30a7e4e61458} not implemented, returning E_NOINTERFACE.
12555.532:0138:019c:warn:vkd3d-proton:d3d12_device_QueryInterface: {0742a90b-c387-483f-b946-30a7e4e61458} not implemented, returning E_NOINTERFACE.
12555.566:0138:0198:warn:vkd3d-proton:d3d12_device_QueryInterface: {0742a90b-c387-483f-b946-30a7e4e61458} not implemented, returning E_NOINTERFACE.
12555.599:0138:01a0:warn:vkd3d-proton:d3d12_device_QueryInterface: {0742a90b-c387-483f-b946-30a7e4e61458} not implemented, returning E_NOINTERFACE.
12555.632:0138:0198:warn:vkd3d-proton:d3d12_device_QueryInterface: {0742a90b-c387-483f-b946-30a7e4e61458} not implemented, returning E_NOINTERFACE.
12555.668:0138:019c:warn:vkd3d-proton:d3d12_device_QueryInterface: {0742a90b-c387-483f-b946-30a7e4e61458} not implemented, returning E_NOINTERFACE.
12555.700:0138:0198:warn:vkd3d-proton:d3d12_device_QueryInterface: {0742a90b-c387-483f-b946-30a7e4e61458} not implemented, returning E_NOINTERFACE.
12555.736:0138:0194:warn:vkd3d-proton:d3d12_device_QueryInterface: {0742a90b-c387-483f-b946-30a7e4e61458} not implemented, returning E_NOINTERFACE.
12555.774:0138:0194:warn:vkd3d-proton:d3d12_device_QueryInterface: {0742a90b-c387-483f-b946-30a7e4e61458} not implemented, returning E_NOINTERFACE.
12555.811:0138:019c:warn:vkd3d-proton:d3d12_device_QueryInterface: {0742a90b-c387-483f-b946-30a7e4e61458} not implemented, returning E_NOINTERFACE.
12555.847:0138:01a0:warn:vkd3d-proton:d3d12_device_QueryInterface: {0742a90b-c387-483f-b946-30a7e4e61458} not implemented, returning E_NOINTERFACE.
12555.882:0138:019c:warn:vkd3d-proton:d3d12_device_QueryInterface: {0742a90b-c387-483f-b946-30a7e4e61458} not implemented, returning E_NOINTERFACE.
12555.918:0138:0198:warn:vkd3d-proton:d3d12_device_QueryInterface: {0742a90b-c387-483f-b946-30a7e4e61458} not implemented, returning E_NOINTERFACE.
12555.953:0138:01a0:warn:vkd3d-proton:d3d12_device_QueryInterface: {0742a90b-c387-483f-b946-30a7e4e61458} not implemented, returning E_NOINTERFACE.
12555.988:0138:019c:warn:vkd3d-proton:d3d12_device_QueryInterface: {0742a90b-c387-483f-b946-30a7e4e61458} not implemented, returning E_NOINTERFACE.
12556.019:0138:0198:warn:vkd3d-proton:d3d12_device_QueryInterface: {0742a90b-c387-483f-b946-30a7e4e61458} not implemented, returning E_NOINTERFACE.
12556.059:0138:01a0:warn:vkd3d-proton:d3d12_device_QueryInterface: {0742a90b-c387-483f-b946-30a7e4e61458} not implemented, returning E_NOINTERFACE.
12556.090:0138:019c:warn:vkd3d-proton:d3d12_device_QueryInterface: {0742a90b-c387-483f-b946-30a7e4e61458} not implemented, returning E_NOINTERFACE.
12556.124:0138:01a0:warn:vkd3d-proton:d3d12_device_QueryInterface: {0742a90b-c387-483f-b946-30a7e4e61458} not implemented, returning E_NOINTERFACE.
12556.157:0138:0194:warn:vkd3d-proton:d3d12_device_QueryInterface: {0742a90b-c387-483f-b946-30a7e4e61458} not implemented, returning E_NOINTERFACE.
12556.199:0138:01a0:warn:vkd3d-proton:d3d12_device_QueryInterface: {0742a90b-c387-483f-b946-30a7e4e61458} not implemented, returning E_NOINTERFACE.
12556.843:0138:0194:warn:vkd3d-proton:d3d12_device_QueryInterface: {0742a90b-c387-483f-b946-30a7e4e61458} not implemented, returning E_NOINTERFACE.
12556.851:0138:01a0:warn:vkd3d-proton:d3d12_device_QueryInterface: {0742a90b-c387-483f-b946-30a7e4e61458} not implemented, returning E_NOINTERFACE.
12556.877:0138:01a0:warn:vkd3d-proton:d3d12_device_QueryInterface: {0742a90b-c387-483f-b946-30a7e4e61458} not implemented, returning E_NOINTERFACE.
12556.933:0138:019c:warn:vkd3d-proton:d3d12_device_QueryInterface: {0742a90b-c387-483f-b946-30a7e4e61458} not implemented, returning E_NOINTERFACE.
12556.970:0138:0194:warn:vkd3d-proton:d3d12_device_QueryInterface: {0742a90b-c387-483f-b946-30a7e4e61458} not implemented, returning E_NOINTERFACE.
12557.008:0138:01a0:warn:vkd3d-proton:d3d12_device_QueryInterface: {0742a90b-c387-483f-b946-30a7e4e61458} not implemented, returning E_NOINTERFACE.
12557.034:0138:019c:warn:vkd3d-proton:d3d12_device_QueryInterface: {0742a90b-c387-483f-b946-30a7e4e61458} not implemented, returning E_NOINTERFACE.
12557.056:0138:0194:warn:vkd3d-proton:d3d12_device_QueryInterface: {0742a90b-c387-483f-b946-30a7e4e61458} not implemented, returning E_NOINTERFACE.
12557.083:0138:01a0:warn:vkd3d-proton:d3d12_device_QueryInterface: {0742a90b-c387-483f-b946-30a7e4e61458} not implemented, returning E_NOINTERFACE.
12557.113:0138:0198:warn:vkd3d-proton:d3d12_device_QueryInterface: {0742a90b-c387-483f-b946-30a7e4e61458} not implemented, returning E_NOINTERFACE.
12557.148:0138:01a0:warn:vkd3d-proton:d3d12_device_QueryInterface: {0742a90b-c387-483f-b946-30a7e4e61458} not implemented, returning E_NOINTERFACE.
12557.173:0138:0194:warn:vkd3d-proton:d3d12_device_QueryInterface: {0742a90b-c387-483f-b946-30a7e4e61458} not implemented, returning E_NOINTERFACE.
12557.178:0138:0194:warn:vkd3d-proton:d3d12_device_QueryInterface: {0742a90b-c387-483f-b946-30a7e4e61458} not implemented, returning E_NOINTERFACE.
12557.209:0138:01a0:warn:vkd3d-proton:d3d12_device_QueryInterface: {0742a90b-c387-483f-b946-30a7e4e61458} not implemented, returning E_NOINTERFACE.
12557.242:0138:019c:warn:vkd3d-proton:d3d12_device_QueryInterface: {0742a90b-c387-483f-b946-30a7e4e61458} not implemented, returning E_NOINTERFACE.
12557.265:0138:01a0:warn:vkd3d-proton:d3d12_device_QueryInterface: {0742a90b-c387-483f-b946-30a7e4e61458} not implemented, returning E_NOINTERFACE.
12557.267:0138:01a0:warn:vkd3d-proton:d3d12_device_QueryInterface: {0742a90b-c387-483f-b946-30a7e4e61458} not implemented, returning E_NOINTERFACE.
12557.279:0138:019c:warn:vkd3d-proton:d3d12_device_QueryInterface: {0742a90b-c387-483f-b946-30a7e4e61458} not implemented, returning E_NOINTERFACE.
12557.308:0138:01a0:warn:vkd3d-proton:d3d12_device_QueryInterface: {0742a90b-c387-483f-b946-30a7e4e61458} not implemented, returning E_NOINTERFACE.
12557.310:0138:01a0:warn:vkd3d-proton:d3d12_device_QueryInterface: {0742a90b-c387-483f-b946-30a7e4e61458} not implemented, returning E_NOINTERFACE.
12557.347:0138:0198:warn:vkd3d-proton:d3d12_device_QueryInterface: {0742a90b-c387-483f-b946-30a7e4e61458} not implemented, returning E_NOINTERFACE.
12557.371:0138:019c:warn:vkd3d-proton:d3d12_device_QueryInterface: {0742a90b-c387-483f-b946-30a7e4e61458} not implemented, returning E_NOINTERFACE.
12557.374:0138:019c:warn:vkd3d-proton:d3d12_device_QueryInterface: {0742a90b-c387-483f-b946-30a7e4e61458} not implemented, returning E_NOINTERFACE.
12557.406:0138:0194:warn:vkd3d-proton:d3d12_device_QueryInterface: {0742a90b-c387-483f-b946-30a7e4e61458} not implemented, returning E_NOINTERFACE.
12557.409:0138:0194:warn:vkd3d-proton:d3d12_device_QueryInterface: {0742a90b-c387-483f-b946-30a7e4e61458} not implemented, returning E_NOINTERFACE.
12557.448:0138:0198:warn:vkd3d-proton:d3d12_device_QueryInterface: {0742a90b-c387-483f-b946-30a7e4e61458} not implemented, returning E_NOINTERFACE.
12557.473:0138:019c:warn:vkd3d-proton:d3d12_device_QueryInterface: {0742a90b-c387-483f-b946-30a7e4e61458} not implemented, returning E_NOINTERFACE.
12557.476:0138:019c:warn:vkd3d-proton:d3d12_device_QueryInterface: {0742a90b-c387-483f-b946-30a7e4e61458} not implemented, returning E_NOINTERFACE.
12557.507:0138:01a0:warn:vkd3d-proton:d3d12_device_QueryInterface: {0742a90b-c387-483f-b946-30a7e4e61458} not implemented, returning E_NOINTERFACE.
12557.544:0138:0194:warn:vkd3d-proton:d3d12_device_QueryInterface: {0742a90b-c387-483f-b946-30a7e4e61458} not implemented, returning E_NOINTERFACE.
12557.550:0138:0194:warn:vkd3d-proton:d3d12_device_QueryInterface: {0742a90b-c387-483f-b946-30a7e4e61458} not implemented, returning E_NOINTERFACE.
12557.581:0138:01a0:warn:vkd3d-proton:d3d12_device_QueryInterface: {0742a90b-c387-483f-b946-30a7e4e61458} not implemented, returning E_NOINTERFACE.
12557.618:0138:019c:warn:vkd3d-proton:d3d12_device_QueryInterface: {0742a90b-c387-483f-b946-30a7e4e61458} not implemented, returning E_NOINTERFACE.
12557.657:0138:0194:warn:vkd3d-proton:d3d12_device_QueryInterface: {0742a90b-c387-483f-b946-30a7e4e61458} not implemented, returning E_NOINTERFACE.
12557.689:0138:019c:warn:vkd3d-proton:d3d12_device_QueryInterface: {0742a90b-c387-483f-b946-30a7e4e61458} not implemented, returning E_NOINTERFACE.
12557.740:0138:0198:warn:vkd3d-proton:d3d12_device_QueryInterface: {0742a90b-c387-483f-b946-30a7e4e61458} not implemented, returning E_NOINTERFACE.
12557.763:0138:019c:warn:vkd3d-proton:d3d12_device_QueryInterface: {0742a90b-c387-483f-b946-30a7e4e61458} not implemented, returning E_NOINTERFACE.
12557.800:0138:0198:warn:vkd3d-proton:d3d12_device_QueryInterface: {0742a90b-c387-483f-b946-30a7e4e61458} not implemented, returning E_NOINTERFACE.
12557.841:0138:019c:warn:vkd3d-proton:d3d12_device_QueryInterface: {0742a90b-c387-483f-b946-30a7e4e61458} not implemented, returning E_NOINTERFACE.
12557.879:0138:0198:warn:vkd3d-proton:d3d12_device_QueryInterface: {0742a90b-c387-483f-b946-30a7e4e61458} not implemented, returning E_NOINTERFACE.
12557.914:0138:0194:warn:vkd3d-proton:d3d12_device_QueryInterface: {0742a90b-c387-483f-b946-30a7e4e61458} not implemented, returning E_NOINTERFACE.
12557.954:0138:019c:warn:vkd3d-proton:d3d12_device_QueryInterface: {0742a90b-c387-483f-b946-30a7e4e61458} not implemented, returning E_NOINTERFACE.
12557.990:0138:0198:warn:vkd3d-proton:d3d12_device_QueryInterface: {0742a90b-c387-483f-b946-30a7e4e61458} not implemented, returning E_NOINTERFACE.
12558.025:0138:019c:warn:vkd3d-proton:d3d12_device_QueryInterface: {0742a90b-c387-483f-b946-30a7e4e61458} not implemented, returning E_NOINTERFACE.
12558.063:0138:0198:warn:vkd3d-proton:d3d12_device_QueryInterface: {0742a90b-c387-483f-b946-30a7e4e61458} not implemented, returning E_NOINTERFACE.
12558.102:0138:019c:warn:vkd3d-proton:d3d12_device_QueryInterface: {0742a90b-c387-483f-b946-30a7e4e61458} not implemented, returning E_NOINTERFACE.
12558.130:0138:0198:warn:vkd3d-proton:d3d12_device_QueryInterface: {0742a90b-c387-483f-b946-30a7e4e61458} not implemented, returning E_NOINTERFACE.
12558.161:0138:01a0:warn:vkd3d-proton:d3d12_device_QueryInterface: {0742a90b-c387-483f-b946-30a7e4e61458} not implemented, returning E_NOINTERFACE.
12558.191:0138:019c:warn:vkd3d-proton:d3d12_device_QueryInterface: {0742a90b-c387-483f-b946-30a7e4e61458} not implemented, returning E_NOINTERFACE.
12558.231:0138:0198:warn:vkd3d-proton:d3d12_device_QueryInterface: {0742a90b-c387-483f-b946-30a7e4e61458} not implemented, returning E_NOINTERFACE.
12558.260:0138:0194:warn:vkd3d-proton:d3d12_device_QueryInterface: {0742a90b-c387-483f-b946-30a7e4e61458} not implemented, returning E_NOINTERFACE.
12558.296:0138:01a0:warn:vkd3d-proton:d3d12_device_QueryInterface: {0742a90b-c387-483f-b946-30a7e4e61458} not implemented, returning E_NOINTERFACE.
12558.326:0138:0194:warn:vkd3d-proton:d3d12_device_QueryInterface: {0742a90b-c387-483f-b946-30a7e4e61458} not implemented, returning E_NOINTERFACE.
12558.362:0138:0198:warn:vkd3d-proton:d3d12_device_QueryInterface: {0742a90b-c387-483f-b946-30a7e4e61458} not implemented, returning E_NOINTERFACE.
12558.395:0138:0194:warn:vkd3d-proton:d3d12_device_QueryInterface: {0742a90b-c387-483f-b946-30a7e4e61458} not implemented, returning E_NOINTERFACE.
12558.435:0138:01a0:warn:vkd3d-proton:d3d12_device_QueryInterface: {0742a90b-c387-483f-b946-30a7e4e61458} not implemented, returning E_NOINTERFACE.
12558.479:0138:0198:warn:vkd3d-proton:d3d12_device_QueryInterface: {0742a90b-c387-483f-b946-30a7e4e61458} not implemented, returning E_NOINTERFACE.
12558.523:0138:0194:warn:vkd3d-proton:d3d12_device_QueryInterface: {0742a90b-c387-483f-b946-30a7e4e61458} not implemented, returning E_NOINTERFACE.
12558.563:0138:01a0:warn:vkd3d-proton:d3d12_device_QueryInterface: {0742a90b-c387-483f-b946-30a7e4e61458} not implemented, returning E_NOINTERFACE.
12558.605:0138:0194:warn:vkd3d-proton:d3d12_device_QueryInterface: {0742a90b-c387-483f-b946-30a7e4e61458} not implemented, returning E_NOINTERFACE.
12558.642:0138:01a0:warn:vkd3d-proton:d3d12_device_QueryInterface: {0742a90b-c387-483f-b946-30a7e4e61458} not implemented, returning E_NOINTERFACE.
12558.684:0138:0198:warn:vkd3d-proton:d3d12_device_QueryInterface: {0742a90b-c387-483f-b946-30a7e4e61458} not implemented, returning E_NOINTERFACE.
12558.718:0138:0198:warn:vkd3d-proton:d3d12_device_QueryInterface: {0742a90b-c387-483f-b946-30a7e4e61458} not implemented, returning E_NOINTERFACE.
12558.755:0138:01a0:warn:vkd3d-proton:d3d12_device_QueryInterface: {0742a90b-c387-483f-b946-30a7e4e61458} not implemented, returning E_NOINTERFACE.
12558.789:0138:019c:warn:vkd3d-proton:d3d12_device_QueryInterface: {0742a90b-c387-483f-b946-30a7e4e61458} not implemented, returning E_NOINTERFACE.
12558.829:0138:0198:warn:vkd3d-proton:d3d12_device_QueryInterface: {0742a90b-c387-483f-b946-30a7e4e61458} not implemented, returning E_NOINTERFACE.
12558.856:0138:019c:warn:vkd3d-proton:d3d12_device_QueryInterface: {0742a90b-c387-483f-b946-30a7e4e61458} not implemented, returning E_NOINTERFACE.
12558.892:0138:0194:warn:vkd3d-proton:d3d12_device_QueryInterface: {0742a90b-c387-483f-b946-30a7e4e61458} not implemented, returning E_NOINTERFACE.
12558.924:0138:019c:warn:vkd3d-proton:d3d12_device_QueryInterface: {0742a90b-c387-483f-b946-30a7e4e61458} not implemented, returning E_NOINTERFACE.
12558.957:0138:01a0:warn:vkd3d-proton:d3d12_device_QueryInterface: {0742a90b-c387-483f-b946-30a7e4e61458} not implemented, returning E_NOINTERFACE.
12558.989:0138:0198:warn:vkd3d-proton:d3d12_device_QueryInterface: {0742a90b-c387-483f-b946-30a7e4e61458} not implemented, returning E_NOINTERFACE.
12559.022:0138:0194:warn:vkd3d-proton:d3d12_device_QueryInterface: {0742a90b-c387-483f-b946-30a7e4e61458} not implemented, returning E_NOINTERFACE.
12559.053:0138:019c:warn:vkd3d-proton:d3d12_device_QueryInterface: {0742a90b-c387-483f-b946-30a7e4e61458} not implemented, returning E_NOINTERFACE.
12559.088:0138:0194:warn:vkd3d-proton:d3d12_device_QueryInterface: {0742a90b-c387-483f-b946-30a7e4e61458} not implemented, returning E_NOINTERFACE.
12559.123:0138:0194:warn:vkd3d-proton:d3d12_device_QueryInterface: {0742a90b-c387-483f-b946-30a7e4e61458} not implemented, returning E_NOINTERFACE.
12559.159:0138:0198:warn:vkd3d-proton:d3d12_device_QueryInterface: {0742a90b-c387-483f-b946-30a7e4e61458} not implemented, returning E_NOINTERFACE.
12559.189:0138:0194:warn:vkd3d-proton:d3d12_device_QueryInterface: {0742a90b-c387-483f-b946-30a7e4e61458} not implemented, returning E_NOINTERFACE.
12559.227:0138:0198:warn:vkd3d-proton:d3d12_device_QueryInterface: {0742a90b-c387-483f-b946-30a7e4e61458} not implemented, returning E_NOINTERFACE.
12559.266:0138:019c:warn:vkd3d-proton:d3d12_device_QueryInterface: {0742a90b-c387-483f-b946-30a7e4e61458} not implemented, returning E_NOINTERFACE.
12559.299:0138:0198:warn:vkd3d-proton:d3d12_device_QueryInterface: {0742a90b-c387-483f-b946-30a7e4e61458} not implemented, returning E_NOINTERFACE.
12559.340:0138:01a0:warn:vkd3d-proton:d3d12_device_QueryInterface: {0742a90b-c387-483f-b946-30a7e4e61458} not implemented, returning E_NOINTERFACE.
12559.376:0138:0194:warn:vkd3d-proton:d3d12_device_QueryInterface: {0742a90b-c387-483f-b946-30a7e4e61458} not implemented, returning E_NOINTERFACE.
12559.412:0138:0198:warn:vkd3d-proton:d3d12_device_QueryInterface: {0742a90b-c387-483f-b946-30a7e4e61458} not implemented, returning E_NOINTERFACE.
12559.446:0138:019c:warn:vkd3d-proton:d3d12_device_QueryInterface: {0742a90b-c387-483f-b946-30a7e4e61458} not implemented, returning E_NOINTERFACE.
12559.450:0138:019c:warn:vkd3d-proton:d3d12_device_QueryInterface: {0742a90b-c387-483f-b946-30a7e4e61458} not implemented, returning E_NOINTERFACE.
12559.459:0138:019c:warn:vkd3d-proton:d3d12_device_QueryInterface: {0742a90b-c387-483f-b946-30a7e4e61458} not implemented, returning E_NOINTERFACE.
12559.472:0138:019c:warn:vkd3d-proton:d3d12_device_QueryInterface: {0742a90b-c387-483f-b946-30a7e4e61458} not implemented, returning E_NOINTERFACE.
12559.489:0138:019c:warn:vkd3d-proton:d3d12_device_QueryInterface: {0742a90b-c387-483f-b946-30a7e4e61458} not implemented, returning E_NOINTERFACE.
12559.524:0138:01a0:warn:vkd3d-proton:d3d12_device_QueryInterface: {0742a90b-c387-483f-b946-30a7e4e61458} not implemented, returning E_NOINTERFACE.
12559.561:0138:019c:warn:vkd3d-proton:d3d12_device_QueryInterface: {0742a90b-c387-483f-b946-30a7e4e61458} not implemented, returning E_NOINTERFACE.
12559.595:0138:0194:warn:vkd3d-proton:d3d12_device_QueryInterface: {0742a90b-c387-483f-b946-30a7e4e61458} not implemented, returning E_NOINTERFACE.
12559.633:0138:01a0:warn:vkd3d-proton:d3d12_device_QueryInterface: {0742a90b-c387-483f-b946-30a7e4e61458} not implemented, returning E_NOINTERFACE.
12559.665:0138:0198:warn:vkd3d-proton:d3d12_device_QueryInterface: {0742a90b-c387-483f-b946-30a7e4e61458} not implemented, returning E_NOINTERFACE.
12559.696:0138:019c:warn:vkd3d-proton:d3d12_device_QueryInterface: {0742a90b-c387-483f-b946-30a7e4e61458} not implemented, returning E_NOINTERFACE.
12559.730:0138:01a0:warn:vkd3d-proton:d3d12_device_QueryInterface: {0742a90b-c387-483f-b946-30a7e4e61458} not implemented, returning E_NOINTERFACE.
12559.766:0138:0194:warn:vkd3d-proton:d3d12_device_QueryInterface: {0742a90b-c387-483f-b946-30a7e4e61458} not implemented, returning E_NOINTERFACE.
12559.805:0138:019c:warn:vkd3d-proton:d3d12_device_QueryInterface: {0742a90b-c387-483f-b946-30a7e4e61458} not implemented, returning E_NOINTERFACE.
12559.841:0138:0198:warn:vkd3d-proton:d3d12_device_QueryInterface: {0742a90b-c387-483f-b946-30a7e4e61458} not implemented, returning E_NOINTERFACE.
12559.879:0138:0194:warn:vkd3d-proton:d3d12_device_QueryInterface: {0742a90b-c387-483f-b946-30a7e4e61458} not implemented, returning E_NOINTERFACE.
12559.912:0138:01a0:warn:vkd3d-proton:d3d12_device_QueryInterface: {0742a90b-c387-483f-b946-30a7e4e61458} not implemented, returning E_NOINTERFACE.
12559.948:0138:0198:warn:vkd3d-proton:d3d12_device_QueryInterface: {0742a90b-c387-483f-b946-30a7e4e61458} not implemented, returning E_NOINTERFACE.
12559.982:0138:0194:warn:vkd3d-proton:d3d12_device_QueryInterface: {0742a90b-c387-483f-b946-30a7e4e61458} not implemented, returning E_NOINTERFACE.
12560.015:0138:019c:warn:vkd3d-proton:d3d12_device_QueryInterface: {0742a90b-c387-483f-b946-30a7e4e61458} not implemented, returning E_NOINTERFACE.
12560.051:0138:019c:warn:vkd3d-proton:d3d12_device_QueryInterface: {0742a90b-c387-483f-b946-30a7e4e61458} not implemented, returning E_NOINTERFACE.
12560.089:0138:0194:warn:vkd3d-proton:d3d12_device_QueryInterface: {0742a90b-c387-483f-b946-30a7e4e61458} not implemented, returning E_NOINTERFACE.
12560.132:0138:01a0:warn:vkd3d-proton:d3d12_device_QueryInterface: {0742a90b-c387-483f-b946-30a7e4e61458} not implemented, returning E_NOINTERFACE.
12560.171:0138:0198:warn:vkd3d-proton:d3d12_device_QueryInterface: {0742a90b-c387-483f-b946-30a7e4e61458} not implemented, returning E_NOINTERFACE.
12560.211:0138:0198:warn:vkd3d-proton:d3d12_device_QueryInterface: {0742a90b-c387-483f-b946-30a7e4e61458} not implemented, returning E_NOINTERFACE.
12560.249:0138:0198:warn:vkd3d-proton:d3d12_device_QueryInterface: {0742a90b-c387-483f-b946-30a7e4e61458} not implemented, returning E_NOINTERFACE.
12560.288:0138:0194:warn:vkd3d-proton:d3d12_device_QueryInterface: {0742a90b-c387-483f-b946-30a7e4e61458} not implemented, returning E_NOINTERFACE.
12560.326:0138:0198:warn:vkd3d-proton:d3d12_device_QueryInterface: {0742a90b-c387-483f-b946-30a7e4e61458} not implemented, returning E_NOINTERFACE.
12560.359:0138:0198:warn:vkd3d-proton:d3d12_device_QueryInterface: {0742a90b-c387-483f-b946-30a7e4e61458} not implemented, returning E_NOINTERFACE.
12560.397:0138:01a0:warn:vkd3d-proton:d3d12_device_QueryInterface: {0742a90b-c387-483f-b946-30a7e4e61458} not implemented, returning E_NOINTERFACE.
12560.430:0138:0194:warn:vkd3d-proton:d3d12_device_QueryInterface: {0742a90b-c387-483f-b946-30a7e4e61458} not implemented, returning E_NOINTERFACE.
12560.465:0138:01a0:warn:vkd3d-proton:d3d12_device_QueryInterface: {0742a90b-c387-483f-b946-30a7e4e61458} not implemented, returning E_NOINTERFACE.
12560.496:0138:0194:warn:vkd3d-proton:d3d12_device_QueryInterface: {0742a90b-c387-483f-b946-30a7e4e61458} not implemented, returning E_NOINTERFACE.
12560.535:0138:01a0:warn:vkd3d-proton:d3d12_device_QueryInterface: {0742a90b-c387-483f-b946-30a7e4e61458} not implemented, returning E_NOINTERFACE.
12560.571:0138:019c:warn:vkd3d-proton:d3d12_device_QueryInterface: {0742a90b-c387-483f-b946-30a7e4e61458} not implemented, returning E_NOINTERFACE.
12560.606:0138:0198:warn:vkd3d-proton:d3d12_device_QueryInterface: {0742a90b-c387-483f-b946-30a7e4e61458} not implemented, returning E_NOINTERFACE.
12560.644:0138:019c:warn:vkd3d-proton:d3d12_device_QueryInterface: {0742a90b-c387-483f-b946-30a7e4e61458} not implemented, returning E_NOINTERFACE.
12560.678:0138:0194:warn:vkd3d-proton:d3d12_device_QueryInterface: {0742a90b-c387-483f-b946-30a7e4e61458} not implemented, returning E_NOINTERFACE.
12560.718:0138:019c:warn:vkd3d-proton:d3d12_device_QueryInterface: {0742a90b-c387-483f-b946-30a7e4e61458} not implemented, returning E_NOINTERFACE.
12560.756:0138:01a0:warn:vkd3d-proton:d3d12_device_QueryInterface: {0742a90b-c387-483f-b946-30a7e4e61458} not implemented, returning E_NOINTERFACE.
12560.789:0138:0198:warn:vkd3d-proton:d3d12_device_QueryInterface: {0742a90b-c387-483f-b946-30a7e4e61458} not implemented, returning E_NOINTERFACE.
12560.824:0138:019c:warn:vkd3d-proton:d3d12_device_QueryInterface: {0742a90b-c387-483f-b946-30a7e4e61458} not implemented, returning E_NOINTERFACE.
12560.853:0138:01a0:warn:vkd3d-proton:d3d12_device_QueryInterface: {0742a90b-c387-483f-b946-30a7e4e61458} not implemented, returning E_NOINTERFACE.
12560.883:0138:0194:warn:vkd3d-proton:d3d12_device_QueryInterface: {0742a90b-c387-483f-b946-30a7e4e61458} not implemented, returning E_NOINTERFACE.
12560.921:0138:0194:warn:vkd3d-proton:d3d12_device_QueryInterface: {0742a90b-c387-483f-b946-30a7e4e61458} not implemented, returning E_NOINTERFACE.
12560.954:0138:01a0:warn:vkd3d-proton:d3d12_device_QueryInterface: {0742a90b-c387-483f-b946-30a7e4e61458} not implemented, returning E_NOINTERFACE.
12560.987:0138:0194:warn:vkd3d-proton:d3d12_device_QueryInterface: {0742a90b-c387-483f-b946-30a7e4e61458} not implemented, returning E_NOINTERFACE.
12561.019:0138:01a0:warn:vkd3d-proton:d3d12_device_QueryInterface: {0742a90b-c387-483f-b946-30a7e4e61458} not implemented, returning E_NOINTERFACE.
12561.050:0138:01a0:warn:vkd3d-proton:d3d12_device_QueryInterface: {0742a90b-c387-483f-b946-30a7e4e61458} not implemented, returning E_NOINTERFACE.
12561.087:0138:0198:warn:vkd3d-proton:d3d12_device_QueryInterface: {0742a90b-c387-483f-b946-30a7e4e61458} not implemented, returning E_NOINTERFACE.
12561.120:0138:019c:warn:vkd3d-proton:d3d12_device_QueryInterface: {0742a90b-c387-483f-b946-30a7e4e61458} not implemented, returning E_NOINTERFACE.
12561.153:0138:0194:warn:vkd3d-proton:d3d12_device_QueryInterface: {0742a90b-c387-483f-b946-30a7e4e61458} not implemented, returning E_NOINTERFACE.
12561.190:0138:019c:warn:vkd3d-proton:d3d12_device_QueryInterface: {0742a90b-c387-483f-b946-30a7e4e61458} not implemented, returning E_NOINTERFACE.
12561.222:0138:0198:warn:vkd3d-proton:d3d12_device_QueryInterface: {0742a90b-c387-483f-b946-30a7e4e61458} not implemented, returning E_NOINTERFACE.
12561.253:0138:01a0:warn:vkd3d-proton:d3d12_device_QueryInterface: {0742a90b-c387-483f-b946-30a7e4e61458} not implemented, returning E_NOINTERFACE.
12561.292:0138:019c:warn:vkd3d-proton:d3d12_device_QueryInterface: {0742a90b-c387-483f-b946-30a7e4e61458} not implemented, returning E_NOINTERFACE.
12561.330:0138:0198:warn:vkd3d-proton:d3d12_device_QueryInterface: {0742a90b-c387-483f-b946-30a7e4e61458} not implemented, returning E_NOINTERFACE.
12561.364:0138:019c:warn:vkd3d-proton:d3d12_device_QueryInterface: {0742a90b-c387-483f-b946-30a7e4e61458} not implemented, returning E_NOINTERFACE.
12561.404:0138:0198:warn:vkd3d-proton:d3d12_device_QueryInterface: {0742a90b-c387-483f-b946-30a7e4e61458} not implemented, returning E_NOINTERFACE.
12561.438:0138:0194:warn:vkd3d-proton:d3d12_device_QueryInterface: {0742a90b-c387-483f-b946-30a7e4e61458} not implemented, returning E_NOINTERFACE.
12561.475:0138:0194:warn:vkd3d-proton:d3d12_device_QueryInterface: {0742a90b-c387-483f-b946-30a7e4e61458} not implemented, returning E_NOINTERFACE.
12561.513:0138:01a0:warn:vkd3d-proton:d3d12_device_QueryInterface: {0742a90b-c387-483f-b946-30a7e4e61458} not implemented, returning E_NOINTERFACE.
12561.553:0138:0198:warn:vkd3d-proton:d3d12_device_QueryInterface: {0742a90b-c387-483f-b946-30a7e4e61458} not implemented, returning E_NOINTERFACE.
12561.586:0138:01a0:warn:vkd3d-proton:d3d12_device_QueryInterface: {0742a90b-c387-483f-b946-30a7e4e61458} not implemented, returning E_NOINTERFACE.
12561.589:0138:01a0:warn:vkd3d-proton:d3d12_device_QueryInterface: {0742a90b-c387-483f-b946-30a7e4e61458} not implemented, returning E_NOINTERFACE.
12561.616:0138:019c:warn:vkd3d-proton:d3d12_device_QueryInterface: {0742a90b-c387-483f-b946-30a7e4e61458} not implemented, returning E_NOINTERFACE.
12561.632:0138:019c:warn:vkd3d-proton:d3d12_device_QueryInterface: {0742a90b-c387-483f-b946-30a7e4e61458} not implemented, returning E_NOINTERFACE.
12561.666:0138:0198:warn:vkd3d-proton:d3d12_device_QueryInterface: {0742a90b-c387-483f-b946-30a7e4e61458} not implemented, returning E_NOINTERFACE.
12561.699:0138:0194:warn:vkd3d-proton:d3d12_device_QueryInterface: {0742a90b-c387-483f-b946-30a7e4e61458} not implemented, returning E_NOINTERFACE.
12561.733:0138:019c:warn:vkd3d-proton:d3d12_device_QueryInterface: {0742a90b-c387-483f-b946-30a7e4e61458} not implemented, returning E_NOINTERFACE.
12561.765:0138:0194:warn:vkd3d-proton:d3d12_device_QueryInterface: {0742a90b-c387-483f-b946-30a7e4e61458} not implemented, returning E_NOINTERFACE.
12561.800:0138:0198:warn:vkd3d-proton:d3d12_device_QueryInterface: {0742a90b-c387-483f-b946-30a7e4e61458} not implemented, returning E_NOINTERFACE.
12561.832:0138:01a0:warn:vkd3d-proton:d3d12_device_QueryInterface: {0742a90b-c387-483f-b946-30a7e4e61458} not implemented, returning E_NOINTERFACE.
12561.864:0138:0194:warn:vkd3d-proton:d3d12_device_QueryInterface: {0742a90b-c387-483f-b946-30a7e4e61458} not implemented, returning E_NOINTERFACE.
12561.895:0138:01a0:warn:vkd3d-proton:d3d12_device_QueryInterface: {0742a90b-c387-483f-b946-30a7e4e61458} not implemented, returning E_NOINTERFACE.
12561.930:0138:0194:warn:vkd3d-proton:d3d12_device_QueryInterface: {0742a90b-c387-483f-b946-30a7e4e61458} not implemented, returning E_NOINTERFACE.
12561.960:0138:019c:warn:vkd3d-proton:d3d12_device_QueryInterface: {0742a90b-c387-483f-b946-30a7e4e61458} not implemented, returning E_NOINTERFACE.
12561.994:0138:0198:warn:vkd3d-proton:d3d12_device_QueryInterface: {0742a90b-c387-483f-b946-30a7e4e61458} not implemented, returning E_NOINTERFACE.
12562.027:0138:0194:warn:vkd3d-proton:d3d12_device_QueryInterface: {0742a90b-c387-483f-b946-30a7e4e61458} not implemented, returning E_NOINTERFACE.
12562.060:0138:0198:warn:vkd3d-proton:d3d12_device_QueryInterface: {0742a90b-c387-483f-b946-30a7e4e61458} not implemented, returning E_NOINTERFACE.
12562.088:0138:0194:warn:vkd3d-proton:d3d12_device_QueryInterface: {0742a90b-c387-483f-b946-30a7e4e61458} not implemented, returning E_NOINTERFACE.
12562.125:0138:019c:warn:vkd3d-proton:d3d12_device_QueryInterface: {0742a90b-c387-483f-b946-30a7e4e61458} not implemented, returning E_NOINTERFACE.
12562.162:0138:01a0:warn:vkd3d-proton:d3d12_device_QueryInterface: {0742a90b-c387-483f-b946-30a7e4e61458} not implemented, returning E_NOINTERFACE.
12562.198:0138:0198:warn:vkd3d-proton:d3d12_device_QueryInterface: {0742a90b-c387-483f-b946-30a7e4e61458} not implemented, returning E_NOINTERFACE.
12562.234:0138:0194:warn:vkd3d-proton:d3d12_device_QueryInterface: {0742a90b-c387-483f-b946-30a7e4e61458} not implemented, returning E_NOINTERFACE.
12562.264:0138:019c:warn:vkd3d-proton:d3d12_device_QueryInterface: {0742a90b-c387-483f-b946-30a7e4e61458} not implemented, returning E_NOINTERFACE.
12562.301:0138:01a0:warn:vkd3d-proton:d3d12_device_QueryInterface: {0742a90b-c387-483f-b946-30a7e4e61458} not implemented, returning E_NOINTERFACE.
12562.336:0138:019c:warn:vkd3d-proton:d3d12_device_QueryInterface: {0742a90b-c387-483f-b946-30a7e4e61458} not implemented, returning E_NOINTERFACE.
12562.366:0138:0198:warn:vkd3d-proton:d3d12_device_QueryInterface: {0742a90b-c387-483f-b946-30a7e4e61458} not implemented, returning E_NOINTERFACE.
12562.403:0138:0194:warn:vkd3d-proton:d3d12_device_QueryInterface: {0742a90b-c387-483f-b946-30a7e4e61458} not implemented, returning E_NOINTERFACE.
12562.431:0138:01a0:warn:vkd3d-proton:d3d12_device_QueryInterface: {0742a90b-c387-483f-b946-30a7e4e61458} not implemented, returning E_NOINTERFACE.
12562.468:0138:0198:warn:vkd3d-proton:d3d12_device_QueryInterface: {0742a90b-c387-483f-b946-30a7e4e61458} not implemented, returning E_NOINTERFACE.
12562.499:0138:0194:warn:vkd3d-proton:d3d12_device_QueryInterface: {0742a90b-c387-483f-b946-30a7e4e61458} not implemented, returning E_NOINTERFACE.
12562.526:0138:01a0:warn:vkd3d-proton:d3d12_device_QueryInterface: {0742a90b-c387-483f-b946-30a7e4e61458} not implemented, returning E_NOINTERFACE.
12562.564:0138:0198:warn:vkd3d-proton:d3d12_device_QueryInterface: {0742a90b-c387-483f-b946-30a7e4e61458} not implemented, returning E_NOINTERFACE.
12562.600:0138:01a0:warn:vkd3d-proton:d3d12_device_QueryInterface: {0742a90b-c387-483f-b946-30a7e4e61458} not implemented, returning E_NOINTERFACE.
12562.636:0138:019c:warn:vkd3d-proton:d3d12_device_QueryInterface: {0742a90b-c387-483f-b946-30a7e4e61458} not implemented, returning E_NOINTERFACE.
12562.677:0138:0198:warn:vkd3d-proton:d3d12_device_QueryInterface: {0742a90b-c387-483f-b946-30a7e4e61458} not implemented, returning E_NOINTERFACE.
12562.708:0138:019c:warn:vkd3d-proton:d3d12_device_QueryInterface: {0742a90b-c387-483f-b946-30a7e4e61458} not implemented, returning E_NOINTERFACE.
12562.742:0138:0198:warn:vkd3d-proton:d3d12_device_QueryInterface: {0742a90b-c387-483f-b946-30a7e4e61458} not implemented, returning E_NOINTERFACE.
12562.777:0138:019c:warn:vkd3d-proton:d3d12_device_QueryInterface: {0742a90b-c387-483f-b946-30a7e4e61458} not implemented, returning E_NOINTERFACE.
12562.813:0138:0194:warn:vkd3d-proton:d3d12_device_QueryInterface: {0742a90b-c387-483f-b946-30a7e4e61458} not implemented, returning E_NOINTERFACE.
12562.851:0138:01a0:warn:vkd3d-proton:d3d12_device_QueryInterface: {0742a90b-c387-483f-b946-30a7e4e61458} not implemented, returning E_NOINTERFACE.
12562.887:0138:0198:warn:vkd3d-proton:d3d12_device_QueryInterface: {0742a90b-c387-483f-b946-30a7e4e61458} not implemented, returning E_NOINTERFACE.
12562.921:0138:0194:warn:vkd3d-proton:d3d12_device_QueryInterface: {0742a90b-c387-483f-b946-30a7e4e61458} not implemented, returning E_NOINTERFACE.
12562.961:0138:019c:warn:vkd3d-proton:d3d12_device_QueryInterface: {0742a90b-c387-483f-b946-30a7e4e61458} not implemented, returning E_NOINTERFACE.
12562.994:0138:0198:warn:vkd3d-proton:d3d12_device_QueryInterface: {0742a90b-c387-483f-b946-30a7e4e61458} not implemented, returning E_NOINTERFACE.
12563.033:0138:019c:warn:vkd3d-proton:d3d12_device_QueryInterface: {0742a90b-c387-483f-b946-30a7e4e61458} not implemented, returning E_NOINTERFACE.
12563.066:0138:0194:warn:vkd3d-proton:d3d12_device_QueryInterface: {0742a90b-c387-483f-b946-30a7e4e61458} not implemented, returning E_NOINTERFACE.
12563.104:0138:01a0:warn:vkd3d-proton:d3d12_device_QueryInterface: {0742a90b-c387-483f-b946-30a7e4e61458} not implemented, returning E_NOINTERFACE.
12563.140:0138:0198:warn:vkd3d-proton:d3d12_device_QueryInterface: {0742a90b-c387-483f-b946-30a7e4e61458} not implemented, returning E_NOINTERFACE.
12563.173:0138:0194:warn:vkd3d-proton:d3d12_device_QueryInterface: {0742a90b-c387-483f-b946-30a7e4e61458} not implemented, returning E_NOINTERFACE.
12563.204:0138:01a0:warn:vkd3d-proton:d3d12_device_QueryInterface: {0742a90b-c387-483f-b946-30a7e4e61458} not implemented, returning E_NOINTERFACE.
12563.234:0138:019c:warn:vkd3d-proton:d3d12_device_QueryInterface: {0742a90b-c387-483f-b946-30a7e4e61458} not implemented, returning E_NOINTERFACE.
12563.270:0138:0194:warn:vkd3d-proton:d3d12_device_QueryInterface: {0742a90b-c387-483f-b946-30a7e4e61458} not implemented, returning E_NOINTERFACE.
12563.303:0138:019c:warn:vkd3d-proton:d3d12_device_QueryInterface: {0742a90b-c387-483f-b946-30a7e4e61458} not implemented, returning E_NOINTERFACE.
12563.335:0138:019c:warn:vkd3d-proton:d3d12_device_QueryInterface: {0742a90b-c387-483f-b946-30a7e4e61458} not implemented, returning E_NOINTERFACE.
12563.365:0138:01a0:warn:vkd3d-proton:d3d12_device_QueryInterface: {0742a90b-c387-483f-b946-30a7e4e61458} not implemented, returning E_NOINTERFACE.
12563.395:0138:019c:warn:vkd3d-proton:d3d12_device_QueryInterface: {0742a90b-c387-483f-b946-30a7e4e61458} not implemented, returning E_NOINTERFACE.
12563.430:0138:0194:warn:vkd3d-proton:d3d12_device_QueryInterface: {0742a90b-c387-483f-b946-30a7e4e61458} not implemented, returning E_NOINTERFACE.
12563.462:0138:01a0:warn:vkd3d-proton:d3d12_device_QueryInterface: {0742a90b-c387-483f-b946-30a7e4e61458} not implemented, returning E_NOINTERFACE.
12563.492:0138:0194:warn:vkd3d-proton:d3d12_device_QueryInterface: {0742a90b-c387-483f-b946-30a7e4e61458} not implemented, returning E_NOINTERFACE.
12563.526:0138:01a0:warn:vkd3d-proton:d3d12_device_QueryInterface: {0742a90b-c387-483f-b946-30a7e4e61458} not implemented, returning E_NOINTERFACE.
12563.555:0138:0194:warn:vkd3d-proton:d3d12_device_QueryInterface: {0742a90b-c387-483f-b946-30a7e4e61458} not implemented, returning E_NOINTERFACE.
12563.589:0138:0198:warn:vkd3d-proton:d3d12_device_QueryInterface: {0742a90b-c387-483f-b946-30a7e4e61458} not implemented, returning E_NOINTERFACE.
12563.624:0138:01a0:warn:vkd3d-proton:d3d12_device_QueryInterface: {0742a90b-c387-483f-b946-30a7e4e61458} not implemented, returning E_NOINTERFACE.
12563.658:0138:0194:warn:vkd3d-proton:d3d12_device_QueryInterface: {0742a90b-c387-483f-b946-30a7e4e61458} not implemented, returning E_NOINTERFACE.
12563.692:0138:01a0:warn:vkd3d-proton:d3d12_device_QueryInterface: {0742a90b-c387-483f-b946-30a7e4e61458} not implemented, returning E_NOINTERFACE.
12563.730:0138:019c:warn:vkd3d-proton:d3d12_device_QueryInterface: {0742a90b-c387-483f-b946-30a7e4e61458} not implemented, returning E_NOINTERFACE.
12563.757:0138:01a0:warn:vkd3d-proton:d3d12_device_QueryInterface: {0742a90b-c387-483f-b946-30a7e4e61458} not implemented, returning E_NOINTERFACE.
12563.793:0138:0194:warn:vkd3d-proton:d3d12_device_QueryInterface: {0742a90b-c387-483f-b946-30a7e4e61458} not implemented, returning E_NOINTERFACE.
12563.828:0138:0198:warn:vkd3d-proton:d3d12_device_QueryInterface: {0742a90b-c387-483f-b946-30a7e4e61458} not implemented, returning E_NOINTERFACE.
12563.866:0138:019c:warn:vkd3d-proton:d3d12_device_QueryInterface: {0742a90b-c387-483f-b946-30a7e4e61458} not implemented, returning E_NOINTERFACE.
12563.904:0138:0194:warn:vkd3d-proton:d3d12_device_QueryInterface: {0742a90b-c387-483f-b946-30a7e4e61458} not implemented, returning E_NOINTERFACE.
12563.939:0138:01a0:warn:vkd3d-proton:d3d12_device_QueryInterface: {0742a90b-c387-483f-b946-30a7e4e61458} not implemented, returning E_NOINTERFACE.
12563.978:0138:0198:warn:vkd3d-proton:d3d12_device_QueryInterface: {0742a90b-c387-483f-b946-30a7e4e61458} not implemented, returning E_NOINTERFACE.
12564.008:0138:01a0:warn:vkd3d-proton:d3d12_device_QueryInterface: {0742a90b-c387-483f-b946-30a7e4e61458} not implemented, returning E_NOINTERFACE.
12564.043:0138:019c:warn:vkd3d-proton:d3d12_device_QueryInterface: {0742a90b-c387-483f-b946-30a7e4e61458} not implemented, returning E_NOINTERFACE.
12564.078:0138:0198:warn:vkd3d-proton:d3d12_device_QueryInterface: {0742a90b-c387-483f-b946-30a7e4e61458} not implemented, returning E_NOINTERFACE.
12564.108:0138:01a0:warn:vkd3d-proton:d3d12_device_QueryInterface: {0742a90b-c387-483f-b946-30a7e4e61458} not implemented, returning E_NOINTERFACE.
12564.148:0138:019c:warn:vkd3d-proton:d3d12_device_QueryInterface: {0742a90b-c387-483f-b946-30a7e4e61458} not implemented, returning E_NOINTERFACE.
12564.185:0138:019c:warn:vkd3d-proton:d3d12_device_QueryInterface: {0742a90b-c387-483f-b946-30a7e4e61458} not implemented, returning E_NOINTERFACE.
12564.221:0138:0194:warn:vkd3d-proton:d3d12_device_QueryInterface: {0742a90b-c387-483f-b946-30a7e4e61458} not implemented, returning E_NOINTERFACE.
12564.257:0138:019c:warn:vkd3d-proton:d3d12_device_QueryInterface: {0742a90b-c387-483f-b946-30a7e4e61458} not implemented, returning E_NOINTERFACE.
12564.291:0138:0198:warn:vkd3d-proton:d3d12_device_QueryInterface: {0742a90b-c387-483f-b946-30a7e4e61458} not implemented, returning E_NOINTERFACE.
12564.319:0138:01a0:warn:vkd3d-proton:d3d12_device_QueryInterface: {0742a90b-c387-483f-b946-30a7e4e61458} not implemented, returning E_NOINTERFACE.
12564.344:0138:0194:warn:vkd3d-proton:d3d12_device_QueryInterface: {0742a90b-c387-483f-b946-30a7e4e61458} not implemented, returning E_NOINTERFACE.
12564.367:0138:019c:warn:vkd3d-proton:d3d12_device_QueryInterface: {0742a90b-c387-483f-b946-30a7e4e61458} not implemented, returning E_NOINTERFACE.
12564.396:0138:0198:warn:vkd3d-proton:d3d12_device_QueryInterface: {0742a90b-c387-483f-b946-30a7e4e61458} not implemented, returning E_NOINTERFACE.
12564.416:0138:0194:warn:vkd3d-proton:d3d12_device_QueryInterface: {0742a90b-c387-483f-b946-30a7e4e61458} not implemented, returning E_NOINTERFACE.
12564.440:0138:01a0:warn:vkd3d-proton:d3d12_device_QueryInterface: {0742a90b-c387-483f-b946-30a7e4e61458} not implemented, returning E_NOINTERFACE.
12564.464:0138:0194:warn:vkd3d-proton:d3d12_device_QueryInterface: {0742a90b-c387-483f-b946-30a7e4e61458} not implemented, returning E_NOINTERFACE.
12564.492:0138:019c:warn:vkd3d-proton:d3d12_device_QueryInterface: {0742a90b-c387-483f-b946-30a7e4e61458} not implemented, returning E_NOINTERFACE.
12564.516:0138:0198:warn:vkd3d-proton:d3d12_device_QueryInterface: {0742a90b-c387-483f-b946-30a7e4e61458} not implemented, returning E_NOINTERFACE.
12564.518:0138:0198:warn:vkd3d-proton:d3d12_device_QueryInterface: {0742a90b-c387-483f-b946-30a7e4e61458} not implemented, returning E_NOINTERFACE.
12564.547:0138:0194:warn:vkd3d-proton:d3d12_device_QueryInterface: {0742a90b-c387-483f-b946-30a7e4e61458} not implemented, returning E_NOINTERFACE.
12564.551:0138:0194:warn:vkd3d-proton:d3d12_device_QueryInterface: {0742a90b-c387-483f-b946-30a7e4e61458} not implemented, returning E_NOINTERFACE.
12564.578:0138:01a0:warn:vkd3d-proton:d3d12_device_QueryInterface: {0742a90b-c387-483f-b946-30a7e4e61458} not implemented, returning E_NOINTERFACE.
12564.583:0138:01a0:warn:vkd3d-proton:d3d12_device_QueryInterface: {0742a90b-c387-483f-b946-30a7e4e61458} not implemented, returning E_NOINTERFACE.
12564.611:0138:019c:warn:vkd3d-proton:d3d12_device_QueryInterface: {0742a90b-c387-483f-b946-30a7e4e61458} not implemented, returning E_NOINTERFACE.
12564.616:0138:019c:warn:vkd3d-proton:d3d12_device_QueryInterface: {0742a90b-c387-483f-b946-30a7e4e61458} not implemented, returning E_NOINTERFACE.
12564.639:0138:0194:warn:vkd3d-proton:d3d12_device_QueryInterface: {0742a90b-c387-483f-b946-30a7e4e61458} not implemented, returning E_NOINTERFACE.
12564.644:0138:0194:warn:vkd3d-proton:d3d12_device_QueryInterface: {0742a90b-c387-483f-b946-30a7e4e61458} not implemented, returning E_NOINTERFACE.
12564.652:0138:019c:warn:vkd3d-proton:d3d12_device_QueryInterface: {0742a90b-c387-483f-b946-30a7e4e61458} not implemented, returning E_NOINTERFACE.
12564.680:0138:0198:warn:vkd3d-proton:d3d12_device_QueryInterface: {0742a90b-c387-483f-b946-30a7e4e61458} not implemented, returning E_NOINTERFACE.
12564.688:0138:0198:warn:vkd3d-proton:d3d12_device_QueryInterface: {0742a90b-c387-483f-b946-30a7e4e61458} not implemented, returning E_NOINTERFACE.
12564.715:0138:019c:warn:vkd3d-proton:d3d12_device_QueryInterface: {0742a90b-c387-483f-b946-30a7e4e61458} not implemented, returning E_NOINTERFACE.
12564.721:0138:019c:warn:vkd3d-proton:d3d12_device_QueryInterface: {0742a90b-c387-483f-b946-30a7e4e61458} not implemented, returning E_NOINTERFACE.
12564.747:0138:0198:warn:vkd3d-proton:d3d12_device_QueryInterface: {0742a90b-c387-483f-b946-30a7e4e61458} not implemented, returning E_NOINTERFACE.
12564.754:0138:0198:warn:vkd3d-proton:d3d12_device_QueryInterface: {0742a90b-c387-483f-b946-30a7e4e61458} not implemented, returning E_NOINTERFACE.
12564.778:0138:0194:warn:vkd3d-proton:d3d12_device_QueryInterface: {0742a90b-c387-483f-b946-30a7e4e61458} not implemented, returning E_NOINTERFACE.
12564.787:0138:01a0:warn:vkd3d-proton:d3d12_device_QueryInterface: {0742a90b-c387-483f-b946-30a7e4e61458} not implemented, returning E_NOINTERFACE.
12564.812:0138:0198:warn:vkd3d-proton:d3d12_device_QueryInterface: {0742a90b-c387-483f-b946-30a7e4e61458} not implemented, returning E_NOINTERFACE.
12564.820:0138:0198:warn:vkd3d-proton:d3d12_device_QueryInterface: {0742a90b-c387-483f-b946-30a7e4e61458} not implemented, returning E_NOINTERFACE.
12564.845:0138:019c:warn:vkd3d-proton:d3d12_device_QueryInterface: {0742a90b-c387-483f-b946-30a7e4e61458} not implemented, returning E_NOINTERFACE.
12564.853:0138:019c:warn:vkd3d-proton:d3d12_device_QueryInterface: {0742a90b-c387-483f-b946-30a7e4e61458} not implemented, returning E_NOINTERFACE.
12564.880:0138:0194:warn:vkd3d-proton:d3d12_device_QueryInterface: {0742a90b-c387-483f-b946-30a7e4e61458} not implemented, returning E_NOINTERFACE.
12564.886:0138:0194:warn:vkd3d-proton:d3d12_device_QueryInterface: {0742a90b-c387-483f-b946-30a7e4e61458} not implemented, returning E_NOINTERFACE.
12564.915:0138:019c:warn:vkd3d-proton:d3d12_device_QueryInterface: {0742a90b-c387-483f-b946-30a7e4e61458} not implemented, returning E_NOINTERFACE.
12564.921:0138:019c:warn:vkd3d-proton:d3d12_device_QueryInterface: {0742a90b-c387-483f-b946-30a7e4e61458} not implemented, returning E_NOINTERFACE.
12564.946:0138:0194:warn:vkd3d-proton:d3d12_device_QueryInterface: {0742a90b-c387-483f-b946-30a7e4e61458} not implemented, returning E_NOINTERFACE.
12564.953:0138:0194:warn:vkd3d-proton:d3d12_device_QueryInterface: {0742a90b-c387-483f-b946-30a7e4e61458} not implemented, returning E_NOINTERFACE.
12564.979:0138:0198:warn:vkd3d-proton:d3d12_device_QueryInterface: {0742a90b-c387-483f-b946-30a7e4e61458} not implemented, returning E_NOINTERFACE.
12564.987:0138:0198:warn:vkd3d-proton:d3d12_device_QueryInterface: {0742a90b-c387-483f-b946-30a7e4e61458} not implemented, returning E_NOINTERFACE.
12565.014:0138:01a0:warn:vkd3d-proton:d3d12_device_QueryInterface: {0742a90b-c387-483f-b946-30a7e4e61458} not implemented, returning E_NOINTERFACE.
12565.022:0138:01a0:warn:vkd3d-proton:d3d12_device_QueryInterface: {0742a90b-c387-483f-b946-30a7e4e61458} not implemented, returning E_NOINTERFACE.
12565.048:0138:0194:warn:vkd3d-proton:d3d12_device_QueryInterface: {0742a90b-c387-483f-b946-30a7e4e61458} not implemented, returning E_NOINTERFACE.
12565.054:0138:0194:warn:vkd3d-proton:d3d12_device_QueryInterface: {0742a90b-c387-483f-b946-30a7e4e61458} not implemented, returning E_NOINTERFACE.
12565.083:0138:01a0:warn:vkd3d-proton:d3d12_device_QueryInterface: {0742a90b-c387-483f-b946-30a7e4e61458} not implemented, returning E_NOINTERFACE.
12565.089:0138:01a0:warn:vkd3d-proton:d3d12_device_QueryInterface: {0742a90b-c387-483f-b946-30a7e4e61458} not implemented, returning E_NOINTERFACE.
12565.113:0138:0194:warn:vkd3d-proton:d3d12_device_QueryInterface: {0742a90b-c387-483f-b946-30a7e4e61458} not implemented, returning E_NOINTERFACE.
12565.121:0138:0194:warn:vkd3d-proton:d3d12_device_QueryInterface: {0742a90b-c387-483f-b946-30a7e4e61458} not implemented, returning E_NOINTERFACE.
12565.147:0138:01a0:warn:vkd3d-proton:d3d12_device_QueryInterface: {0742a90b-c387-483f-b946-30a7e4e61458} not implemented, returning E_NOINTERFACE.
12565.156:0138:01a0:warn:vkd3d-proton:d3d12_device_QueryInterface: {0742a90b-c387-483f-b946-30a7e4e61458} not implemented, returning E_NOINTERFACE.
12565.180:0138:0198:warn:vkd3d-proton:d3d12_device_QueryInterface: {0742a90b-c387-483f-b946-30a7e4e61458} not implemented, returning E_NOINTERFACE.
12565.187:0138:0198:warn:vkd3d-proton:d3d12_device_QueryInterface: {0742a90b-c387-483f-b946-30a7e4e61458} not implemented, returning E_NOINTERFACE.
12565.216:0138:01a0:warn:vkd3d-proton:d3d12_device_QueryInterface: {0742a90b-c387-483f-b946-30a7e4e61458} not implemented, returning E_NOINTERFACE.
12565.221:0138:01a0:warn:vkd3d-proton:d3d12_device_QueryInterface: {0742a90b-c387-483f-b946-30a7e4e61458} not implemented, returning E_NOINTERFACE.
12565.245:0138:019c:warn:vkd3d-proton:d3d12_device_QueryInterface: {0742a90b-c387-483f-b946-30a7e4e61458} not implemented, returning E_NOINTERFACE.
12565.254:0138:019c:warn:vkd3d-proton:d3d12_device_QueryInterface: {0742a90b-c387-483f-b946-30a7e4e61458} not implemented, returning E_NOINTERFACE.
12565.283:0138:0198:warn:vkd3d-proton:d3d12_device_QueryInterface: {0742a90b-c387-483f-b946-30a7e4e61458} not implemented, returning E_NOINTERFACE.
12565.295:0138:0198:warn:vkd3d-proton:d3d12_device_QueryInterface: {0742a90b-c387-483f-b946-30a7e4e61458} not implemented, returning E_NOINTERFACE.
12565.314:0138:019c:warn:vkd3d-proton:d3d12_device_QueryInterface: {0742a90b-c387-483f-b946-30a7e4e61458} not implemented, returning E_NOINTERFACE.
12565.322:0138:019c:warn:vkd3d-proton:d3d12_device_QueryInterface: {0742a90b-c387-483f-b946-30a7e4e61458} not implemented, returning E_NOINTERFACE.
12565.357:0138:01a0:warn:vkd3d-proton:d3d12_device_QueryInterface: {0742a90b-c387-483f-b946-30a7e4e61458} not implemented, returning E_NOINTERFACE.
12565.396:0138:0194:warn:vkd3d-proton:d3d12_device_QueryInterface: {0742a90b-c387-483f-b946-30a7e4e61458} not implemented, returning E_NOINTERFACE.
12565.428:0138:01a0:warn:vkd3d-proton:d3d12_device_QueryInterface: {0742a90b-c387-483f-b946-30a7e4e61458} not implemented, returning E_NOINTERFACE.
12565.462:0138:0198:warn:vkd3d-proton:d3d12_device_QueryInterface: {0742a90b-c387-483f-b946-30a7e4e61458} not implemented, returning E_NOINTERFACE.
12565.501:0138:019c:warn:vkd3d-proton:d3d12_device_QueryInterface: {0742a90b-c387-483f-b946-30a7e4e61458} not implemented, returning E_NOINTERFACE.
12565.538:0138:0194:warn:vkd3d-proton:d3d12_device_QueryInterface: {0742a90b-c387-483f-b946-30a7e4e61458} not implemented, returning E_NOINTERFACE.
12565.574:0138:019c:warn:vkd3d-proton:d3d12_device_QueryInterface: {0742a90b-c387-483f-b946-30a7e4e61458} not implemented, returning E_NOINTERFACE.
12565.608:0138:0198:warn:vkd3d-proton:d3d12_device_QueryInterface: {0742a90b-c387-483f-b946-30a7e4e61458} not implemented, returning E_NOINTERFACE.
12565.639:0138:0194:warn:vkd3d-proton:d3d12_device_QueryInterface: {0742a90b-c387-483f-b946-30a7e4e61458} not implemented, returning E_NOINTERFACE.
12565.675:0138:0198:warn:vkd3d-proton:d3d12_device_QueryInterface: {0742a90b-c387-483f-b946-30a7e4e61458} not implemented, returning E_NOINTERFACE.
12565.708:0138:01a0:warn:vkd3d-proton:d3d12_device_QueryInterface: {0742a90b-c387-483f-b946-30a7e4e61458} not implemented, returning E_NOINTERFACE.
12565.742:0138:0198:warn:vkd3d-proton:d3d12_device_QueryInterface: {0742a90b-c387-483f-b946-30a7e4e61458} not implemented, returning E_NOINTERFACE.
12565.774:0138:0194:warn:vkd3d-proton:d3d12_device_QueryInterface: {0742a90b-c387-483f-b946-30a7e4e61458} not implemented, returning E_NOINTERFACE.
12565.813:0138:0198:warn:vkd3d-proton:d3d12_device_QueryInterface: {0742a90b-c387-483f-b946-30a7e4e61458} not implemented, returning E_NOINTERFACE.
12565.845:0138:0194:warn:vkd3d-proton:d3d12_device_QueryInterface: {0742a90b-c387-483f-b946-30a7e4e61458} not implemented, returning E_NOINTERFACE.
12565.878:0138:01a0:warn:vkd3d-proton:d3d12_device_QueryInterface: {0742a90b-c387-483f-b946-30a7e4e61458} not implemented, returning E_NOINTERFACE.
12565.918:0138:0194:warn:vkd3d-proton:d3d12_device_QueryInterface: {0742a90b-c387-483f-b946-30a7e4e61458} not implemented, returning E_NOINTERFACE.
12565.948:0138:019c:warn:vkd3d-proton:d3d12_device_QueryInterface: {0742a90b-c387-483f-b946-30a7e4e61458} not implemented, returning E_NOINTERFACE.
12565.989:0138:01a0:warn:vkd3d-proton:d3d12_device_QueryInterface: {0742a90b-c387-483f-b946-30a7e4e61458} not implemented, returning E_NOINTERFACE.
12566.022:0138:019c:warn:vkd3d-proton:d3d12_device_QueryInterface: {0742a90b-c387-483f-b946-30a7e4e61458} not implemented, returning E_NOINTERFACE.
12566.055:0138:0198:warn:vkd3d-proton:d3d12_device_QueryInterface: {0742a90b-c387-483f-b946-30a7e4e61458} not implemented, returning E_NOINTERFACE.
12566.087:0138:0194:warn:vkd3d-proton:d3d12_device_QueryInterface: {0742a90b-c387-483f-b946-30a7e4e61458} not implemented, returning E_NOINTERFACE.
12566.120:0138:019c:warn:vkd3d-proton:d3d12_device_QueryInterface: {0742a90b-c387-483f-b946-30a7e4e61458} not implemented, returning E_NOINTERFACE.
12566.153:0138:0194:warn:vkd3d-proton:d3d12_device_QueryInterface: {0742a90b-c387-483f-b946-30a7e4e61458} not implemented, returning E_NOINTERFACE.
12566.187:0138:019c:warn:vkd3d-proton:d3d12_device_QueryInterface: {0742a90b-c387-483f-b946-30a7e4e61458} not implemented, returning E_NOINTERFACE.
12566.224:0138:01a0:warn:vkd3d-proton:d3d12_device_QueryInterface: {0742a90b-c387-483f-b946-30a7e4e61458} not implemented, returning E_NOINTERFACE.
12566.254:0138:01a0:warn:vkd3d-proton:d3d12_device_QueryInterface: {0742a90b-c387-483f-b946-30a7e4e61458} not implemented, returning E_NOINTERFACE.
12566.288:0138:0194:warn:vkd3d-proton:d3d12_device_QueryInterface: {0742a90b-c387-483f-b946-30a7e4e61458} not implemented, returning E_NOINTERFACE.
12566.318:0138:0194:warn:vkd3d-proton:d3d12_device_QueryInterface: {0742a90b-c387-483f-b946-30a7e4e61458} not implemented, returning E_NOINTERFACE.
12566.349:0138:01a0:warn:vkd3d-proton:d3d12_device_QueryInterface: {0742a90b-c387-483f-b946-30a7e4e61458} not implemented, returning E_NOINTERFACE.
12566.383:0138:019c:warn:vkd3d-proton:d3d12_device_QueryInterface: {0742a90b-c387-483f-b946-30a7e4e61458} not implemented, returning E_NOINTERFACE.
12566.413:0138:0194:warn:vkd3d-proton:d3d12_device_QueryInterface: {0742a90b-c387-483f-b946-30a7e4e61458} not implemented, returning E_NOINTERFACE.
12566.452:0138:0198:warn:vkd3d-proton:d3d12_device_QueryInterface: {0742a90b-c387-483f-b946-30a7e4e61458} not implemented, returning E_NOINTERFACE.
12566.486:0138:01a0:warn:vkd3d-proton:d3d12_device_QueryInterface: {0742a90b-c387-483f-b946-30a7e4e61458} not implemented, returning E_NOINTERFACE.
12566.524:0138:019c:warn:vkd3d-proton:d3d12_device_QueryInterface: {0742a90b-c387-483f-b946-30a7e4e61458} not implemented, returning E_NOINTERFACE.
12566.555:0138:0198:warn:vkd3d-proton:d3d12_device_QueryInterface: {0742a90b-c387-483f-b946-30a7e4e61458} not implemented, returning E_NOINTERFACE.
12566.585:0138:019c:warn:vkd3d-proton:d3d12_device_QueryInterface: {0742a90b-c387-483f-b946-30a7e4e61458} not implemented, returning E_NOINTERFACE.
12566.615:0138:0194:warn:vkd3d-proton:d3d12_device_QueryInterface: {0742a90b-c387-483f-b946-30a7e4e61458} not implemented, returning E_NOINTERFACE.
12566.646:0138:0198:warn:vkd3d-proton:d3d12_device_QueryInterface: {0742a90b-c387-483f-b946-30a7e4e61458} not implemented, returning E_NOINTERFACE.
12566.679:0138:0194:warn:vkd3d-proton:d3d12_device_QueryInterface: {0742a90b-c387-483f-b946-30a7e4e61458} not implemented, returning E_NOINTERFACE.
12566.719:0138:0198:warn:vkd3d-proton:d3d12_device_QueryInterface: {0742a90b-c387-483f-b946-30a7e4e61458} not implemented, returning E_NOINTERFACE.
12566.760:0138:019c:warn:vkd3d-proton:d3d12_device_QueryInterface: {0742a90b-c387-483f-b946-30a7e4e61458} not implemented, returning E_NOINTERFACE.
12566.815:0138:019c:warn:vkd3d-proton:d3d12_device_QueryInterface: {0742a90b-c387-483f-b946-30a7e4e61458} not implemented, returning E_NOINTERFACE.
12566.837:0138:0198:warn:vkd3d-proton:d3d12_device_QueryInterface: {0742a90b-c387-483f-b946-30a7e4e61458} not implemented, returning E_NOINTERFACE.
12566.877:0138:0194:warn:vkd3d-proton:d3d12_device_QueryInterface: {0742a90b-c387-483f-b946-30a7e4e61458} not implemented, returning E_NOINTERFACE.
12566.903:0138:01a0:warn:vkd3d-proton:d3d12_device_QueryInterface: {0742a90b-c387-483f-b946-30a7e4e61458} not implemented, returning E_NOINTERFACE.
12566.939:0138:0194:warn:vkd3d-proton:d3d12_device_QueryInterface: {0742a90b-c387-483f-b946-30a7e4e61458} not implemented, returning E_NOINTERFACE.
12566.974:0138:019c:warn:vkd3d-proton:d3d12_device_QueryInterface: {0742a90b-c387-483f-b946-30a7e4e61458} not implemented, returning E_NOINTERFACE.
12567.012:0138:01a0:warn:vkd3d-proton:d3d12_device_QueryInterface: {0742a90b-c387-483f-b946-30a7e4e61458} not implemented, returning E_NOINTERFACE.
12567.051:0138:0198:warn:vkd3d-proton:d3d12_device_QueryInterface: {0742a90b-c387-483f-b946-30a7e4e61458} not implemented, returning E_NOINTERFACE.
12567.086:0138:019c:warn:vkd3d-proton:d3d12_device_QueryInterface: {0742a90b-c387-483f-b946-30a7e4e61458} not implemented, returning E_NOINTERFACE.
12567.124:0138:0198:warn:vkd3d-proton:d3d12_device_QueryInterface: {0742a90b-c387-483f-b946-30a7e4e61458} not implemented, returning E_NOINTERFACE.
12567.154:0138:0194:warn:vkd3d-proton:d3d12_device_QueryInterface: {0742a90b-c387-483f-b946-30a7e4e61458} not implemented, returning E_NOINTERFACE.
12567.187:0138:019c:warn:vkd3d-proton:d3d12_device_QueryInterface: {0742a90b-c387-483f-b946-30a7e4e61458} not implemented, returning E_NOINTERFACE.
12567.220:0138:0198:warn:vkd3d-proton:d3d12_device_QueryInterface: {0742a90b-c387-483f-b946-30a7e4e61458} not implemented, returning E_NOINTERFACE.
12567.244:0138:019c:warn:vkd3d-proton:d3d12_device_QueryInterface: {0742a90b-c387-483f-b946-30a7e4e61458} not implemented, returning E_NOINTERFACE.
12567.269:0138:0194:warn:vkd3d-proton:d3d12_device_QueryInterface: {0742a90b-c387-483f-b946-30a7e4e61458} not implemented, returning E_NOINTERFACE.
12567.305:0138:019c:warn:vkd3d-proton:d3d12_device_QueryInterface: {0742a90b-c387-483f-b946-30a7e4e61458} not implemented, returning E_NOINTERFACE.
12567.331:0138:01a0:warn:vkd3d-proton:d3d12_device_QueryInterface: {0742a90b-c387-483f-b946-30a7e4e61458} not implemented, returning E_NOINTERFACE.
12567.363:0138:019c:warn:vkd3d-proton:d3d12_device_QueryInterface: {0742a90b-c387-483f-b946-30a7e4e61458} not implemented, returning E_NOINTERFACE.
12567.399:0138:0198:warn:vkd3d-proton:d3d12_device_QueryInterface: {0742a90b-c387-483f-b946-30a7e4e61458} not implemented, returning E_NOINTERFACE.
12567.432:0138:019c:warn:vkd3d-proton:d3d12_device_QueryInterface: {0742a90b-c387-483f-b946-30a7e4e61458} not implemented, returning E_NOINTERFACE.
12567.461:0138:0198:warn:vkd3d-proton:d3d12_device_QueryInterface: {0742a90b-c387-483f-b946-30a7e4e61458} not implemented, returning E_NOINTERFACE.
12567.489:0138:0194:warn:vkd3d-proton:d3d12_device_QueryInterface: {0742a90b-c387-483f-b946-30a7e4e61458} not implemented, returning E_NOINTERFACE.
12567.525:0138:0198:warn:vkd3d-proton:d3d12_device_QueryInterface: {0742a90b-c387-483f-b946-30a7e4e61458} not implemented, returning E_NOINTERFACE.
12567.556:0138:019c:warn:vkd3d-proton:d3d12_device_QueryInterface: {0742a90b-c387-483f-b946-30a7e4e61458} not implemented, returning E_NOINTERFACE.
12567.582:0138:01a0:warn:vkd3d-proton:d3d12_device_QueryInterface: {0742a90b-c387-483f-b946-30a7e4e61458} not implemented, returning E_NOINTERFACE.
12567.610:0138:0194:warn:vkd3d-proton:d3d12_device_QueryInterface: {0742a90b-c387-483f-b946-30a7e4e61458} not implemented, returning E_NOINTERFACE.
12567.646:0138:01a0:warn:vkd3d-proton:d3d12_device_QueryInterface: {0742a90b-c387-483f-b946-30a7e4e61458} not implemented, returning E_NOINTERFACE.
12567.676:0138:019c:warn:vkd3d-proton:d3d12_device_QueryInterface: {0742a90b-c387-483f-b946-30a7e4e61458} not implemented, returning E_NOINTERFACE.
12567.716:0138:0194:warn:vkd3d-proton:d3d12_device_QueryInterface: {0742a90b-c387-483f-b946-30a7e4e61458} not implemented, returning E_NOINTERFACE.
12567.749:0138:0198:warn:vkd3d-proton:d3d12_device_QueryInterface: {0742a90b-c387-483f-b946-30a7e4e61458} not implemented, returning E_NOINTERFACE.
12567.790:0138:0194:warn:vkd3d-proton:d3d12_device_QueryInterface: {0742a90b-c387-483f-b946-30a7e4e61458} not implemented, returning E_NOINTERFACE.
12567.818:0138:0198:warn:vkd3d-proton:d3d12_device_QueryInterface: {0742a90b-c387-483f-b946-30a7e4e61458} not implemented, returning E_NOINTERFACE.
12567.858:0138:0194:warn:vkd3d-proton:d3d12_device_QueryInterface: {0742a90b-c387-483f-b946-30a7e4e61458} not implemented, returning E_NOINTERFACE.
12567.885:0138:0198:warn:vkd3d-proton:d3d12_device_QueryInterface: {0742a90b-c387-483f-b946-30a7e4e61458} not implemented, returning E_NOINTERFACE.
12567.918:0138:0194:warn:vkd3d-proton:d3d12_device_QueryInterface: {0742a90b-c387-483f-b946-30a7e4e61458} not implemented, returning E_NOINTERFACE.
12567.958:0138:0198:warn:vkd3d-proton:d3d12_device_QueryInterface: {0742a90b-c387-483f-b946-30a7e4e61458} not implemented, returning E_NOINTERFACE.
12567.991:0138:0194:warn:vkd3d-proton:d3d12_device_QueryInterface: {0742a90b-c387-483f-b946-30a7e4e61458} not implemented, returning E_NOINTERFACE.
12568.029:0138:0198:warn:vkd3d-proton:d3d12_device_QueryInterface: {0742a90b-c387-483f-b946-30a7e4e61458} not implemented, returning E_NOINTERFACE.
12568.061:0138:019c:warn:vkd3d-proton:d3d12_device_QueryInterface: {0742a90b-c387-483f-b946-30a7e4e61458} not implemented, returning E_NOINTERFACE.
12568.093:0138:0198:warn:vkd3d-proton:d3d12_device_QueryInterface: {0742a90b-c387-483f-b946-30a7e4e61458} not implemented, returning E_NOINTERFACE.
12568.127:0138:01a0:warn:vkd3d-proton:d3d12_device_QueryInterface: {0742a90b-c387-483f-b946-30a7e4e61458} not implemented, returning E_NOINTERFACE.
12568.162:0138:0194:warn:vkd3d-proton:d3d12_device_QueryInterface: {0742a90b-c387-483f-b946-30a7e4e61458} not implemented, returning E_NOINTERFACE.
12568.192:0138:01a0:warn:vkd3d-proton:d3d12_device_QueryInterface: {0742a90b-c387-483f-b946-30a7e4e61458} not implemented, returning E_NOINTERFACE.
12568.225:0138:019c:warn:vkd3d-proton:d3d12_device_QueryInterface: {0742a90b-c387-483f-b946-30a7e4e61458} not implemented, returning E_NOINTERFACE.
12568.260:0138:01a0:warn:vkd3d-proton:d3d12_device_QueryInterface: {0742a90b-c387-483f-b946-30a7e4e61458} not implemented, returning E_NOINTERFACE.
12568.296:0138:0194:warn:vkd3d-proton:d3d12_device_QueryInterface: {0742a90b-c387-483f-b946-30a7e4e61458} not implemented, returning E_NOINTERFACE.
12568.331:0138:019c:warn:vkd3d-proton:d3d12_device_QueryInterface: {0742a90b-c387-483f-b946-30a7e4e61458} not implemented, returning E_NOINTERFACE.
12568.366:0138:01a0:warn:vkd3d-proton:d3d12_device_QueryInterface: {0742a90b-c387-483f-b946-30a7e4e61458} not implemented, returning E_NOINTERFACE.
12568.400:0138:0198:warn:vkd3d-proton:d3d12_device_QueryInterface: {0742a90b-c387-483f-b946-30a7e4e61458} not implemented, returning E_NOINTERFACE.
12568.434:0138:019c:warn:vkd3d-proton:d3d12_device_QueryInterface: {0742a90b-c387-483f-b946-30a7e4e61458} not implemented, returning E_NOINTERFACE.
12568.467:0138:0194:warn:vkd3d-proton:d3d12_device_QueryInterface: {0742a90b-c387-483f-b946-30a7e4e61458} not implemented, returning E_NOINTERFACE.
12568.504:0138:01a0:warn:vkd3d-proton:d3d12_device_QueryInterface: {0742a90b-c387-483f-b946-30a7e4e61458} not implemented, returning E_NOINTERFACE.
12568.539:0138:0198:warn:vkd3d-proton:d3d12_device_QueryInterface: {0742a90b-c387-483f-b946-30a7e4e61458} not implemented, returning E_NOINTERFACE.
12568.576:0138:019c:warn:vkd3d-proton:d3d12_device_QueryInterface: {0742a90b-c387-483f-b946-30a7e4e61458} not implemented, returning E_NOINTERFACE.
12568.603:0138:01a0:warn:vkd3d-proton:d3d12_device_QueryInterface: {0742a90b-c387-483f-b946-30a7e4e61458} not implemented, returning E_NOINTERFACE.
12568.636:0138:0198:warn:vkd3d-proton:d3d12_device_QueryInterface: {0742a90b-c387-483f-b946-30a7e4e61458} not implemented, returning E_NOINTERFACE.
12568.680:0138:01a0:warn:vkd3d-proton:d3d12_device_QueryInterface: {0742a90b-c387-483f-b946-30a7e4e61458} not implemented, returning E_NOINTERFACE.
12568.708:0138:0198:warn:vkd3d-proton:d3d12_device_QueryInterface: {0742a90b-c387-483f-b946-30a7e4e61458} not implemented, returning E_NOINTERFACE.
12568.740:0138:01a0:warn:vkd3d-proton:d3d12_device_QueryInterface: {0742a90b-c387-483f-b946-30a7e4e61458} not implemented, returning E_NOINTERFACE.
12568.784:0138:019c:warn:vkd3d-proton:d3d12_device_QueryInterface: {0742a90b-c387-483f-b946-30a7e4e61458} not implemented, returning E_NOINTERFACE.
12568.813:0138:01a0:warn:vkd3d-proton:d3d12_device_QueryInterface: {0742a90b-c387-483f-b946-30a7e4e61458} not implemented, returning E_NOINTERFACE.
12568.849:0138:019c:warn:vkd3d-proton:d3d12_device_QueryInterface: {0742a90b-c387-483f-b946-30a7e4e61458} not implemented, returning E_NOINTERFACE.
12568.876:0138:0198:warn:vkd3d-proton:d3d12_device_QueryInterface: {0742a90b-c387-483f-b946-30a7e4e61458} not implemented, returning E_NOINTERFACE.
12568.912:0138:0194:warn:vkd3d-proton:d3d12_device_QueryInterface: {0742a90b-c387-483f-b946-30a7e4e61458} not implemented, returning E_NOINTERFACE.
12568.948:0138:01a0:warn:vkd3d-proton:d3d12_device_QueryInterface: {0742a90b-c387-483f-b946-30a7e4e61458} not implemented, returning E_NOINTERFACE.
12568.981:0138:0194:warn:vkd3d-proton:d3d12_device_QueryInterface: {0742a90b-c387-483f-b946-30a7e4e61458} not implemented, returning E_NOINTERFACE.
12569.017:0138:019c:warn:vkd3d-proton:d3d12_device_QueryInterface: {0742a90b-c387-483f-b946-30a7e4e61458} not implemented, returning E_NOINTERFACE.
12569.056:0138:0194:warn:vkd3d-proton:d3d12_device_QueryInterface: {0742a90b-c387-483f-b946-30a7e4e61458} not implemented, returning E_NOINTERFACE.
12569.090:0138:0198:warn:vkd3d-proton:d3d12_device_QueryInterface: {0742a90b-c387-483f-b946-30a7e4e61458} not implemented, returning E_NOINTERFACE.
12569.116:0138:0194:warn:vkd3d-proton:d3d12_device_QueryInterface: {0742a90b-c387-483f-b946-30a7e4e61458} not implemented, returning E_NOINTERFACE.
12569.150:0138:019c:warn:vkd3d-proton:d3d12_device_QueryInterface: {0742a90b-c387-483f-b946-30a7e4e61458} not implemented, returning E_NOINTERFACE.
12569.185:0138:0198:warn:vkd3d-proton:d3d12_device_QueryInterface: {0742a90b-c387-483f-b946-30a7e4e61458} not implemented, returning E_NOINTERFACE.
12569.218:0138:0198:warn:vkd3d-proton:d3d12_device_QueryInterface: {0742a90b-c387-483f-b946-30a7e4e61458} not implemented, returning E_NOINTERFACE.
12569.256:0138:01a0:warn:vkd3d-proton:d3d12_device_QueryInterface: {0742a90b-c387-483f-b946-30a7e4e61458} not implemented, returning E_NOINTERFACE.
12569.289:0138:0194:warn:vkd3d-proton:d3d12_device_QueryInterface: {0742a90b-c387-483f-b946-30a7e4e61458} not implemented, returning E_NOINTERFACE.
12569.321:0138:019c:warn:vkd3d-proton:d3d12_device_QueryInterface: {0742a90b-c387-483f-b946-30a7e4e61458} not implemented, returning E_NOINTERFACE.
12569.350:0138:01a0:warn:vkd3d-proton:d3d12_device_QueryInterface: {0742a90b-c387-483f-b946-30a7e4e61458} not implemented, returning E_NOINTERFACE.
12569.388:0138:0198:warn:vkd3d-proton:d3d12_device_QueryInterface: {0742a90b-c387-483f-b946-30a7e4e61458} not implemented, returning E_NOINTERFACE.
12569.419:0138:01a0:warn:vkd3d-proton:d3d12_device_QueryInterface: {0742a90b-c387-483f-b946-30a7e4e61458} not implemented, returning E_NOINTERFACE.
12569.453:0138:019c:warn:vkd3d-proton:d3d12_device_QueryInterface: {0742a90b-c387-483f-b946-30a7e4e61458} not implemented, returning E_NOINTERFACE.
12569.491:0138:0194:warn:vkd3d-proton:d3d12_device_QueryInterface: {0742a90b-c387-483f-b946-30a7e4e61458} not implemented, returning E_NOINTERFACE.
12569.522:0138:0198:warn:vkd3d-proton:d3d12_device_QueryInterface: {0742a90b-c387-483f-b946-30a7e4e61458} not implemented, returning E_NOINTERFACE.
12569.560:0138:019c:warn:vkd3d-proton:d3d12_device_QueryInterface: {0742a90b-c387-483f-b946-30a7e4e61458} not implemented, returning E_NOINTERFACE.
12569.588:0138:0198:warn:vkd3d-proton:d3d12_device_QueryInterface: {0742a90b-c387-483f-b946-30a7e4e61458} not implemented, returning E_NOINTERFACE.
12569.626:0138:01a0:warn:vkd3d-proton:d3d12_device_QueryInterface: {0742a90b-c387-483f-b946-30a7e4e61458} not implemented, returning E_NOINTERFACE.
12569.657:0138:0198:warn:vkd3d-proton:d3d12_device_QueryInterface: {0742a90b-c387-483f-b946-30a7e4e61458} not implemented, returning E_NOINTERFACE.
12569.688:0138:0194:warn:vkd3d-proton:d3d12_device_QueryInterface: {0742a90b-c387-483f-b946-30a7e4e61458} not implemented, returning E_NOINTERFACE.
12569.729:0138:019c:warn:vkd3d-proton:d3d12_device_QueryInterface: {0742a90b-c387-483f-b946-30a7e4e61458} not implemented, returning E_NOINTERFACE.
12569.770:0138:01a0:warn:vkd3d-proton:d3d12_device_QueryInterface: {0742a90b-c387-483f-b946-30a7e4e61458} not implemented, returning E_NOINTERFACE.
12569.802:0138:0194:warn:vkd3d-proton:d3d12_device_QueryInterface: {0742a90b-c387-483f-b946-30a7e4e61458} not implemented, returning E_NOINTERFACE.
12569.839:0138:019c:warn:vkd3d-proton:d3d12_device_QueryInterface: {0742a90b-c387-483f-b946-30a7e4e61458} not implemented, returning E_NOINTERFACE.
12569.874:0138:0194:warn:vkd3d-proton:d3d12_device_QueryInterface: {0742a90b-c387-483f-b946-30a7e4e61458} not implemented, returning E_NOINTERFACE.
12569.912:0138:0198:warn:vkd3d-proton:d3d12_device_QueryInterface: {0742a90b-c387-483f-b946-30a7e4e61458} not implemented, returning E_NOINTERFACE.
12569.951:0138:019c:warn:vkd3d-proton:d3d12_device_QueryInterface: {0742a90b-c387-483f-b946-30a7e4e61458} not implemented, returning E_NOINTERFACE.
12569.988:0138:0198:warn:vkd3d-proton:d3d12_device_QueryInterface: {0742a90b-c387-483f-b946-30a7e4e61458} not implemented, returning E_NOINTERFACE.
12570.022:0138:019c:warn:vkd3d-proton:d3d12_device_QueryInterface: {0742a90b-c387-483f-b946-30a7e4e61458} not implemented, returning E_NOINTERFACE.
12570.055:0138:0194:warn:vkd3d-proton:d3d12_device_QueryInterface: {0742a90b-c387-483f-b946-30a7e4e61458} not implemented, returning E_NOINTERFACE.
12570.089:0138:01a0:warn:vkd3d-proton:d3d12_device_QueryInterface: {0742a90b-c387-483f-b946-30a7e4e61458} not implemented, returning E_NOINTERFACE.
12570.122:0138:019c:warn:vkd3d-proton:d3d12_device_QueryInterface: {0742a90b-c387-483f-b946-30a7e4e61458} not implemented, returning E_NOINTERFACE.
12570.158:0138:01a0:warn:vkd3d-proton:d3d12_device_QueryInterface: {0742a90b-c387-483f-b946-30a7e4e61458} not implemented, returning E_NOINTERFACE.
12570.190:0138:0194:warn:vkd3d-proton:d3d12_device_QueryInterface: {0742a90b-c387-483f-b946-30a7e4e61458} not implemented, returning E_NOINTERFACE.
12570.223:0138:019c:warn:vkd3d-proton:d3d12_device_QueryInterface: {0742a90b-c387-483f-b946-30a7e4e61458} not implemented, returning E_NOINTERFACE.
12570.249:0138:0194:warn:vkd3d-proton:d3d12_device_QueryInterface: {0742a90b-c387-483f-b946-30a7e4e61458} not implemented, returning E_NOINTERFACE.
12570.287:0138:01a0:warn:vkd3d-proton:d3d12_device_QueryInterface: {0742a90b-c387-483f-b946-30a7e4e61458} not implemented, returning E_NOINTERFACE.
12570.327:0138:0194:warn:vkd3d-proton:d3d12_device_QueryInterface: {0742a90b-c387-483f-b946-30a7e4e61458} not implemented, returning E_NOINTERFACE.
12570.365:0138:0198:warn:vkd3d-proton:d3d12_device_QueryInterface: {0742a90b-c387-483f-b946-30a7e4e61458} not implemented, returning E_NOINTERFACE.
12570.400:0138:01a0:warn:vkd3d-proton:d3d12_device_QueryInterface: {0742a90b-c387-483f-b946-30a7e4e61458} not implemented, returning E_NOINTERFACE.
12570.433:0138:019c:warn:vkd3d-proton:d3d12_device_QueryInterface: {0742a90b-c387-483f-b946-30a7e4e61458} not implemented, returning E_NOINTERFACE.
12570.473:0138:0198:warn:vkd3d-proton:d3d12_device_QueryInterface: {0742a90b-c387-483f-b946-30a7e4e61458} not implemented, returning E_NOINTERFACE.
12570.505:0138:019c:warn:vkd3d-proton:d3d12_device_QueryInterface: {0742a90b-c387-483f-b946-30a7e4e61458} not implemented, returning E_NOINTERFACE.
12570.544:0138:0194:warn:vkd3d-proton:d3d12_device_QueryInterface: {0742a90b-c387-483f-b946-30a7e4e61458} not implemented, returning E_NOINTERFACE.
12570.584:0138:0198:warn:vkd3d-proton:d3d12_device_QueryInterface: {0742a90b-c387-483f-b946-30a7e4e61458} not implemented, returning E_NOINTERFACE.
12570.608:0138:019c:warn:vkd3d-proton:d3d12_device_QueryInterface: {0742a90b-c387-483f-b946-30a7e4e61458} not implemented, returning E_NOINTERFACE.
12570.643:0138:0198:warn:vkd3d-proton:d3d12_device_QueryInterface: {0742a90b-c387-483f-b946-30a7e4e61458} not implemented, returning E_NOINTERFACE.
12570.674:0138:0194:warn:vkd3d-proton:d3d12_device_QueryInterface: {0742a90b-c387-483f-b946-30a7e4e61458} not implemented, returning E_NOINTERFACE.
12570.711:0138:01a0:warn:vkd3d-proton:d3d12_device_QueryInterface: {0742a90b-c387-483f-b946-30a7e4e61458} not implemented, returning E_NOINTERFACE.
12570.754:0138:019c:warn:vkd3d-proton:d3d12_device_QueryInterface: {0742a90b-c387-483f-b946-30a7e4e61458} not implemented, returning E_NOINTERFACE.
12570.787:0138:0194:warn:vkd3d-proton:d3d12_device_QueryInterface: {0742a90b-c387-483f-b946-30a7e4e61458} not implemented, returning E_NOINTERFACE.
12570.824:0138:0198:warn:vkd3d-proton:d3d12_device_QueryInterface: {0742a90b-c387-483f-b946-30a7e4e61458} not implemented, returning E_NOINTERFACE.
12570.832:0138:0194:warn:vkd3d-proton:d3d12_device_QueryInterface: {0742a90b-c387-483f-b946-30a7e4e61458} not implemented, returning E_NOINTERFACE.
12570.836:0138:0194:warn:vkd3d-proton:d3d12_device_QueryInterface: {0742a90b-c387-483f-b946-30a7e4e61458} not implemented, returning E_NOINTERFACE.
12570.847:0138:0194:warn:vkd3d-proton:d3d12_device_QueryInterface: {0742a90b-c387-483f-b946-30a7e4e61458} not implemented, returning E_NOINTERFACE.
12570.864:0138:019c:warn:vkd3d-proton:d3d12_device_QueryInterface: {0742a90b-c387-483f-b946-30a7e4e61458} not implemented, returning E_NOINTERFACE.
12570.898:0138:0198:warn:vkd3d-proton:d3d12_device_QueryInterface: {0742a90b-c387-483f-b946-30a7e4e61458} not implemented, returning E_NOINTERFACE.
12570.940:0138:019c:warn:vkd3d-proton:d3d12_device_QueryInterface: {0742a90b-c387-483f-b946-30a7e4e61458} not implemented, returning E_NOINTERFACE.
12570.968:0138:0194:warn:vkd3d-proton:d3d12_device_QueryInterface: {0742a90b-c387-483f-b946-30a7e4e61458} not implemented, returning E_NOINTERFACE.
12571.010:0138:0198:warn:vkd3d-proton:d3d12_device_QueryInterface: {0742a90b-c387-483f-b946-30a7e4e61458} not implemented, returning E_NOINTERFACE.
12571.043:0138:019c:warn:vkd3d-proton:d3d12_device_QueryInterface: {0742a90b-c387-483f-b946-30a7e4e61458} not implemented, returning E_NOINTERFACE.
12571.079:0138:01a0:warn:vkd3d-proton:d3d12_device_QueryInterface: {0742a90b-c387-483f-b946-30a7e4e61458} not implemented, returning E_NOINTERFACE.
12571.106:0138:0198:warn:vkd3d-proton:d3d12_device_QueryInterface: {0742a90b-c387-483f-b946-30a7e4e61458} not implemented, returning E_NOINTERFACE.
12571.144:0138:01a0:warn:vkd3d-proton:d3d12_device_QueryInterface: {0742a90b-c387-483f-b946-30a7e4e61458} not implemented, returning E_NOINTERFACE.
12571.185:0138:0194:warn:vkd3d-proton:d3d12_device_QueryInterface: {0742a90b-c387-483f-b946-30a7e4e61458} not implemented, returning E_NOINTERFACE.
12571.219:0138:01a0:warn:vkd3d-proton:d3d12_device_QueryInterface: {0742a90b-c387-483f-b946-30a7e4e61458} not implemented, returning E_NOINTERFACE.
12571.258:0138:0194:warn:vkd3d-proton:d3d12_device_QueryInterface: {0742a90b-c387-483f-b946-30a7e4e61458} not implemented, returning E_NOINTERFACE.
12571.287:0138:0198:warn:vkd3d-proton:d3d12_device_QueryInterface: {0742a90b-c387-483f-b946-30a7e4e61458} not implemented, returning E_NOINTERFACE.
12571.323:0138:01a0:warn:vkd3d-proton:d3d12_device_QueryInterface: {0742a90b-c387-483f-b946-30a7e4e61458} not implemented, returning E_NOINTERFACE.
12571.351:0138:0198:warn:vkd3d-proton:d3d12_device_QueryInterface: {0742a90b-c387-483f-b946-30a7e4e61458} not implemented, returning E_NOINTERFACE.
12571.385:0138:019c:warn:vkd3d-proton:d3d12_device_QueryInterface: {0742a90b-c387-483f-b946-30a7e4e61458} not implemented, returning E_NOINTERFACE.
12571.418:0138:01a0:warn:vkd3d-proton:d3d12_device_QueryInterface: {0742a90b-c387-483f-b946-30a7e4e61458} not implemented, returning E_NOINTERFACE.
12571.451:0138:0194:warn:vkd3d-proton:d3d12_device_QueryInterface: {0742a90b-c387-483f-b946-30a7e4e61458} not implemented, returning E_NOINTERFACE.
12571.480:0138:0198:warn:vkd3d-proton:d3d12_device_QueryInterface: {0742a90b-c387-483f-b946-30a7e4e61458} not implemented, returning E_NOINTERFACE.
12571.518:0138:019c:warn:vkd3d-proton:d3d12_device_QueryInterface: {0742a90b-c387-483f-b946-30a7e4e61458} not implemented, returning E_NOINTERFACE.
12571.559:0138:01a0:warn:vkd3d-proton:d3d12_device_QueryInterface: {0742a90b-c387-483f-b946-30a7e4e61458} not implemented, returning E_NOINTERFACE.
12571.577:0138:0198:warn:vkd3d-proton:d3d12_device_QueryInterface: {0742a90b-c387-483f-b946-30a7e4e61458} not implemented, returning E_NOINTERFACE.
12571.621:0138:0194:warn:vkd3d-proton:d3d12_device_QueryInterface: {0742a90b-c387-483f-b946-30a7e4e61458} not implemented, returning E_NOINTERFACE.
12571.654:0138:019c:warn:vkd3d-proton:d3d12_device_QueryInterface: {0742a90b-c387-483f-b946-30a7e4e61458} not implemented, returning E_NOINTERFACE.
12571.688:0138:0198:warn:vkd3d-proton:d3d12_device_QueryInterface: {0742a90b-c387-483f-b946-30a7e4e61458} not implemented, returning E_NOINTERFACE.
12571.731:0138:019c:warn:vkd3d-proton:d3d12_device_QueryInterface: {0742a90b-c387-483f-b946-30a7e4e61458} not implemented, returning E_NOINTERFACE.
12571.769:0138:01a0:warn:vkd3d-proton:d3d12_device_QueryInterface: {0742a90b-c387-483f-b946-30a7e4e61458} not implemented, returning E_NOINTERFACE.
12571.801:0138:019c:warn:vkd3d-proton:d3d12_device_QueryInterface: {0742a90b-c387-483f-b946-30a7e4e61458} not implemented, returning E_NOINTERFACE.
12571.838:0138:0198:warn:vkd3d-proton:d3d12_device_QueryInterface: {0742a90b-c387-483f-b946-30a7e4e61458} not implemented, returning E_NOINTERFACE.
12571.875:0138:01a0:warn:vkd3d-proton:d3d12_device_QueryInterface: {0742a90b-c387-483f-b946-30a7e4e61458} not implemented, returning E_NOINTERFACE.
12571.922:0138:01a0:warn:vkd3d-proton:d3d12_device_QueryInterface: {0742a90b-c387-483f-b946-30a7e4e61458} not implemented, returning E_NOINTERFACE.
12571.959:0138:019c:warn:vkd3d-proton:d3d12_device_QueryInterface: {0742a90b-c387-483f-b946-30a7e4e61458} not implemented, returning E_NOINTERFACE.
12571.982:0138:0198:warn:vkd3d-proton:d3d12_device_QueryInterface: {0742a90b-c387-483f-b946-30a7e4e61458} not implemented, returning E_NOINTERFACE.
12572.016:0138:0194:warn:vkd3d-proton:d3d12_device_QueryInterface: {0742a90b-c387-483f-b946-30a7e4e61458} not implemented, returning E_NOINTERFACE.
12572.055:0138:01a0:warn:vkd3d-proton:d3d12_device_QueryInterface: {0742a90b-c387-483f-b946-30a7e4e61458} not implemented, returning E_NOINTERFACE.
12572.090:0138:0194:warn:vkd3d-proton:d3d12_device_QueryInterface: {0742a90b-c387-483f-b946-30a7e4e61458} not implemented, returning E_NOINTERFACE.
12572.124:0138:01a0:warn:vkd3d-proton:d3d12_device_QueryInterface: {0742a90b-c387-483f-b946-30a7e4e61458} not implemented, returning E_NOINTERFACE.
12572.156:0138:019c:warn:vkd3d-proton:d3d12_device_QueryInterface: {0742a90b-c387-483f-b946-30a7e4e61458} not implemented, returning E_NOINTERFACE.
12572.193:0138:01a0:warn:vkd3d-proton:d3d12_device_QueryInterface: {0742a90b-c387-483f-b946-30a7e4e61458} not implemented, returning E_NOINTERFACE.
12572.229:0138:019c:warn:vkd3d-proton:d3d12_device_QueryInterface: {0742a90b-c387-483f-b946-30a7e4e61458} not implemented, returning E_NOINTERFACE.
12572.266:0138:01a0:warn:vkd3d-proton:d3d12_device_QueryInterface: {0742a90b-c387-483f-b946-30a7e4e61458} not implemented, returning E_NOINTERFACE.
12572.304:0138:019c:warn:vkd3d-proton:d3d12_device_QueryInterface: {0742a90b-c387-483f-b946-30a7e4e61458} not implemented, returning E_NOINTERFACE.
12572.337:0138:019c:warn:vkd3d-proton:d3d12_device_QueryInterface: {0742a90b-c387-483f-b946-30a7e4e61458} not implemented, returning E_NOINTERFACE.
12572.377:0138:0194:warn:vkd3d-proton:d3d12_device_QueryInterface: {0742a90b-c387-483f-b946-30a7e4e61458} not implemented, returning E_NOINTERFACE.
12572.413:0138:0198:warn:vkd3d-proton:d3d12_device_QueryInterface: {0742a90b-c387-483f-b946-30a7e4e61458} not implemented, returning E_NOINTERFACE.
12572.448:0138:0194:warn:vkd3d-proton:d3d12_device_QueryInterface: {0742a90b-c387-483f-b946-30a7e4e61458} not implemented, returning E_NOINTERFACE.
12572.480:0138:01a0:warn:vkd3d-proton:d3d12_device_QueryInterface: {0742a90b-c387-483f-b946-30a7e4e61458} not implemented, returning E_NOINTERFACE.
12572.515:0138:0194:warn:vkd3d-proton:d3d12_device_QueryInterface: {0742a90b-c387-483f-b946-30a7e4e61458} not implemented, returning E_NOINTERFACE.
12572.545:0138:01a0:warn:vkd3d-proton:d3d12_device_QueryInterface: {0742a90b-c387-483f-b946-30a7e4e61458} not implemented, returning E_NOINTERFACE.
12572.583:0138:0198:warn:vkd3d-proton:d3d12_device_QueryInterface: {0742a90b-c387-483f-b946-30a7e4e61458} not implemented, returning E_NOINTERFACE.
12572.622:0138:01a0:warn:vkd3d-proton:d3d12_device_QueryInterface: {0742a90b-c387-483f-b946-30a7e4e61458} not implemented, returning E_NOINTERFACE.
12572.657:0138:0194:warn:vkd3d-proton:d3d12_device_QueryInterface: {0742a90b-c387-483f-b946-30a7e4e61458} not implemented, returning E_NOINTERFACE.
12572.691:0138:01a0:warn:vkd3d-proton:d3d12_device_QueryInterface: {0742a90b-c387-483f-b946-30a7e4e61458} not implemented, returning E_NOINTERFACE.
12572.730:0138:0198:warn:vkd3d-proton:d3d12_device_QueryInterface: {0742a90b-c387-483f-b946-30a7e4e61458} not implemented, returning E_NOINTERFACE.
12572.759:0138:019c:warn:vkd3d-proton:d3d12_device_QueryInterface: {0742a90b-c387-483f-b946-30a7e4e61458} not implemented, returning E_NOINTERFACE.
12572.798:0138:0198:warn:vkd3d-proton:d3d12_device_QueryInterface: {0742a90b-c387-483f-b946-30a7e4e61458} not implemented, returning E_NOINTERFACE.
12572.827:0138:019c:warn:vkd3d-proton:d3d12_device_QueryInterface: {0742a90b-c387-483f-b946-30a7e4e61458} not implemented, returning E_NOINTERFACE.
12572.870:0138:01a0:warn:vkd3d-proton:d3d12_device_QueryInterface: {0742a90b-c387-483f-b946-30a7e4e61458} not implemented, returning E_NOINTERFACE.
12572.907:0138:0198:warn:vkd3d-proton:d3d12_device_QueryInterface: {0742a90b-c387-483f-b946-30a7e4e61458} not implemented, returning E_NOINTERFACE.
12572.945:0138:0194:warn:vkd3d-proton:d3d12_device_QueryInterface: {0742a90b-c387-483f-b946-30a7e4e61458} not implemented, returning E_NOINTERFACE.
12572.983:0138:01a0:warn:vkd3d-proton:d3d12_device_QueryInterface: {0742a90b-c387-483f-b946-30a7e4e61458} not implemented, returning E_NOINTERFACE.
12573.014:0138:0194:warn:vkd3d-proton:d3d12_device_QueryInterface: {0742a90b-c387-483f-b946-30a7e4e61458} not implemented, returning E_NOINTERFACE.
12573.051:0138:01a0:warn:vkd3d-proton:d3d12_device_QueryInterface: {0742a90b-c387-483f-b946-30a7e4e61458} not implemented, returning E_NOINTERFACE.
12573.095:0138:0198:warn:vkd3d-proton:d3d12_device_QueryInterface: {0742a90b-c387-483f-b946-30a7e4e61458} not implemented, returning E_NOINTERFACE.
12573.135:0138:01a0:warn:vkd3d-proton:d3d12_device_QueryInterface: {0742a90b-c387-483f-b946-30a7e4e61458} not implemented, returning E_NOINTERFACE.
12573.144:0138:01a0:warn:vkd3d-proton:d3d12_device_QueryInterface: {0742a90b-c387-483f-b946-30a7e4e61458} not implemented, returning E_NOINTERFACE.
12573.155:0138:01a0:warn:vkd3d-proton:d3d12_device_QueryInterface: {0742a90b-c387-483f-b946-30a7e4e61458} not implemented, returning E_NOINTERFACE.
12573.173:0138:01a0:warn:vkd3d-proton:d3d12_device_QueryInterface: {0742a90b-c387-483f-b946-30a7e4e61458} not implemented, returning E_NOINTERFACE.
12573.206:0138:019c:warn:vkd3d-proton:d3d12_device_QueryInterface: {0742a90b-c387-483f-b946-30a7e4e61458} not implemented, returning E_NOINTERFACE.
12573.238:0138:019c:warn:vkd3d-proton:d3d12_device_QueryInterface: {0742a90b-c387-483f-b946-30a7e4e61458} not implemented, returning E_NOINTERFACE.
12573.284:0138:0194:warn:vkd3d-proton:d3d12_device_QueryInterface: {0742a90b-c387-483f-b946-30a7e4e61458} not implemented, returning E_NOINTERFACE.
12573.317:0138:01a0:warn:vkd3d-proton:d3d12_device_QueryInterface: {0742a90b-c387-483f-b946-30a7e4e61458} not implemented, returning E_NOINTERFACE.
12573.354:0138:0198:warn:vkd3d-proton:d3d12_device_QueryInterface: {0742a90b-c387-483f-b946-30a7e4e61458} not implemented, returning E_NOINTERFACE.
12573.391:0138:01a0:warn:vkd3d-proton:d3d12_device_QueryInterface: {0742a90b-c387-483f-b946-30a7e4e61458} not implemented, returning E_NOINTERFACE.
12573.430:0138:0198:warn:vkd3d-proton:d3d12_device_QueryInterface: {0742a90b-c387-483f-b946-30a7e4e61458} not implemented, returning E_NOINTERFACE.
12573.464:0138:01a0:warn:vkd3d-proton:d3d12_device_QueryInterface: {0742a90b-c387-483f-b946-30a7e4e61458} not implemented, returning E_NOINTERFACE.
12573.506:0138:0194:warn:vkd3d-proton:d3d12_device_QueryInterface: {0742a90b-c387-483f-b946-30a7e4e61458} not implemented, returning E_NOINTERFACE.
12573.538:0138:01a0:warn:vkd3d-proton:d3d12_device_QueryInterface: {0742a90b-c387-483f-b946-30a7e4e61458} not implemented, returning E_NOINTERFACE.
12573.582:0138:0198:warn:vkd3d-proton:d3d12_device_QueryInterface: {0742a90b-c387-483f-b946-30a7e4e61458} not implemented, returning E_NOINTERFACE.
12573.617:0138:019c:warn:vkd3d-proton:d3d12_device_QueryInterface: {0742a90b-c387-483f-b946-30a7e4e61458} not implemented, returning E_NOINTERFACE.
12573.647:0138:0198:warn:vkd3d-proton:d3d12_device_QueryInterface: {0742a90b-c387-483f-b946-30a7e4e61458} not implemented, returning E_NOINTERFACE.
12573.684:0138:0194:warn:vkd3d-proton:d3d12_device_QueryInterface: {0742a90b-c387-483f-b946-30a7e4e61458} not implemented, returning E_NOINTERFACE.
12573.722:0138:0198:warn:vkd3d-proton:d3d12_device_QueryInterface: {0742a90b-c387-483f-b946-30a7e4e61458} not implemented, returning E_NOINTERFACE.
12573.765:0138:0194:warn:vkd3d-proton:d3d12_device_QueryInterface: {0742a90b-c387-483f-b946-30a7e4e61458} not implemented, returning E_NOINTERFACE.
12573.797:0138:01a0:warn:vkd3d-proton:d3d12_device_QueryInterface: {0742a90b-c387-483f-b946-30a7e4e61458} not implemented, returning E_NOINTERFACE.
12573.834:0138:0198:warn:vkd3d-proton:d3d12_device_QueryInterface: {0742a90b-c387-483f-b946-30a7e4e61458} not implemented, returning E_NOINTERFACE.
12573.871:0138:0198:warn:vkd3d-proton:d3d12_device_QueryInterface: {0742a90b-c387-483f-b946-30a7e4e61458} not implemented, returning E_NOINTERFACE.
12573.912:0138:019c:warn:vkd3d-proton:d3d12_device_QueryInterface: {0742a90b-c387-483f-b946-30a7e4e61458} not implemented, returning E_NOINTERFACE.
12573.955:0138:019c:warn:vkd3d-proton:d3d12_device_QueryInterface: {0742a90b-c387-483f-b946-30a7e4e61458} not implemented, returning E_NOINTERFACE.
12573.981:0138:01a0:warn:vkd3d-proton:d3d12_device_QueryInterface: {0742a90b-c387-483f-b946-30a7e4e61458} not implemented, returning E_NOINTERFACE.
12574.020:0138:019c:warn:vkd3d-proton:d3d12_device_QueryInterface: {0742a90b-c387-483f-b946-30a7e4e61458} not implemented, returning E_NOINTERFACE.
12574.059:0138:0194:warn:vkd3d-proton:d3d12_device_QueryInterface: {0742a90b-c387-483f-b946-30a7e4e61458} not implemented, returning E_NOINTERFACE.
12574.094:0138:0198:warn:vkd3d-proton:d3d12_device_QueryInterface: {0742a90b-c387-483f-b946-30a7e4e61458} not implemented, returning E_NOINTERFACE.
12574.129:0138:0198:warn:vkd3d-proton:d3d12_device_QueryInterface: {0742a90b-c387-483f-b946-30a7e4e61458} not implemented, returning E_NOINTERFACE.
12574.179:0138:01a0:warn:vkd3d-proton:d3d12_device_QueryInterface: {0742a90b-c387-483f-b946-30a7e4e61458} not implemented, returning E_NOINTERFACE.
12574.205:0138:0194:warn:vkd3d-proton:d3d12_device_QueryInterface: {0742a90b-c387-483f-b946-30a7e4e61458} not implemented, returning E_NOINTERFACE.
12574.244:0138:0198:warn:vkd3d-proton:d3d12_device_QueryInterface: {0742a90b-c387-483f-b946-30a7e4e61458} not implemented, returning E_NOINTERFACE.
12574.282:0138:019c:warn:vkd3d-proton:d3d12_device_QueryInterface: {0742a90b-c387-483f-b946-30a7e4e61458} not implemented, returning E_NOINTERFACE.
12574.321:0138:0194:warn:vkd3d-proton:d3d12_device_QueryInterface: {0742a90b-c387-483f-b946-30a7e4e61458} not implemented, returning E_NOINTERFACE.
12574.360:0138:0198:warn:vkd3d-proton:d3d12_device_QueryInterface: {0742a90b-c387-483f-b946-30a7e4e61458} not implemented, returning E_NOINTERFACE.
12574.363:0138:0194:warn:vkd3d-proton:d3d12_device_QueryInterface: {0742a90b-c387-483f-b946-30a7e4e61458} not implemented, returning E_NOINTERFACE.
12574.373:0138:01a0:warn:vkd3d-proton:d3d12_device_QueryInterface: {0742a90b-c387-483f-b946-30a7e4e61458} not implemented, returning E_NOINTERFACE.
12574.384:0138:01a0:warn:vkd3d-proton:d3d12_device_QueryInterface: {0742a90b-c387-483f-b946-30a7e4e61458} not implemented, returning E_NOINTERFACE.
12574.400:0138:0198:warn:vkd3d-proton:d3d12_device_QueryInterface: {0742a90b-c387-483f-b946-30a7e4e61458} not implemented, returning E_NOINTERFACE.
12574.444:0138:019c:warn:vkd3d-proton:d3d12_device_QueryInterface: {0742a90b-c387-483f-b946-30a7e4e61458} not implemented, returning E_NOINTERFACE.
12574.474:0138:0198:warn:vkd3d-proton:d3d12_device_QueryInterface: {0742a90b-c387-483f-b946-30a7e4e61458} not implemented, returning E_NOINTERFACE.
12574.511:0138:019c:warn:vkd3d-proton:d3d12_device_QueryInterface: {0742a90b-c387-483f-b946-30a7e4e61458} not implemented, returning E_NOINTERFACE.
12574.547:0138:0198:warn:vkd3d-proton:d3d12_device_QueryInterface: {0742a90b-c387-483f-b946-30a7e4e61458} not implemented, returning E_NOINTERFACE.
12574.586:0138:0194:warn:vkd3d-proton:d3d12_device_QueryInterface: {0742a90b-c387-483f-b946-30a7e4e61458} not implemented, returning E_NOINTERFACE.
12574.613:0138:0198:warn:vkd3d-proton:d3d12_device_QueryInterface: {0742a90b-c387-483f-b946-30a7e4e61458} not implemented, returning E_NOINTERFACE.
12574.652:0138:0194:warn:vkd3d-proton:d3d12_device_QueryInterface: {0742a90b-c387-483f-b946-30a7e4e61458} not implemented, returning E_NOINTERFACE.
12574.696:0138:0198:warn:vkd3d-proton:d3d12_device_QueryInterface: {0742a90b-c387-483f-b946-30a7e4e61458} not implemented, returning E_NOINTERFACE.
12574.723:0138:01a0:warn:vkd3d-proton:d3d12_device_QueryInterface: {0742a90b-c387-483f-b946-30a7e4e61458} not implemented, returning E_NOINTERFACE.
12574.763:0138:019c:warn:vkd3d-proton:d3d12_device_QueryInterface: {0742a90b-c387-483f-b946-30a7e4e61458} not implemented, returning E_NOINTERFACE.
12574.794:0138:0198:warn:vkd3d-proton:d3d12_device_QueryInterface: {0742a90b-c387-483f-b946-30a7e4e61458} not implemented, returning E_NOINTERFACE.
12574.838:0138:0198:warn:vkd3d-proton:d3d12_device_QueryInterface: {0742a90b-c387-483f-b946-30a7e4e61458} not implemented, returning E_NOINTERFACE.
12574.865:0138:01a0:warn:vkd3d-proton:d3d12_device_QueryInterface: {0742a90b-c387-483f-b946-30a7e4e61458} not implemented, returning E_NOINTERFACE.
12574.900:0138:019c:warn:vkd3d-proton:d3d12_device_QueryInterface: {0742a90b-c387-483f-b946-30a7e4e61458} not implemented, returning E_NOINTERFACE.
12574.937:0138:0198:warn:vkd3d-proton:d3d12_device_QueryInterface: {0742a90b-c387-483f-b946-30a7e4e61458} not implemented, returning E_NOINTERFACE.
12574.966:0138:01a0:warn:vkd3d-proton:d3d12_device_QueryInterface: {0742a90b-c387-483f-b946-30a7e4e61458} not implemented, returning E_NOINTERFACE.
12575.004:0138:0198:warn:vkd3d-proton:d3d12_device_QueryInterface: {0742a90b-c387-483f-b946-30a7e4e61458} not implemented, returning E_NOINTERFACE.
12575.041:0138:0194:warn:vkd3d-proton:d3d12_device_QueryInterface: {0742a90b-c387-483f-b946-30a7e4e61458} not implemented, returning E_NOINTERFACE.
12575.078:0138:0198:warn:vkd3d-proton:d3d12_device_QueryInterface: {0742a90b-c387-483f-b946-30a7e4e61458} not implemented, returning E_NOINTERFACE.
12575.115:0138:0198:warn:vkd3d-proton:d3d12_device_QueryInterface: {0742a90b-c387-483f-b946-30a7e4e61458} not implemented, returning E_NOINTERFACE.
12575.152:0138:0194:warn:vkd3d-proton:d3d12_device_QueryInterface: {0742a90b-c387-483f-b946-30a7e4e61458} not implemented, returning E_NOINTERFACE.
12575.188:0138:019c:warn:vkd3d-proton:d3d12_device_QueryInterface: {0742a90b-c387-483f-b946-30a7e4e61458} not implemented, returning E_NOINTERFACE.
12575.224:0138:01a0:warn:vkd3d-proton:d3d12_device_QueryInterface: {0742a90b-c387-483f-b946-30a7e4e61458} not implemented, returning E_NOINTERFACE.
12575.261:0138:01a0:warn:vkd3d-proton:d3d12_device_QueryInterface: {0742a90b-c387-483f-b946-30a7e4e61458} not implemented, returning E_NOINTERFACE.
12575.302:0138:0194:warn:vkd3d-proton:d3d12_device_QueryInterface: {0742a90b-c387-483f-b946-30a7e4e61458} not implemented, returning E_NOINTERFACE.
12575.334:0138:019c:warn:vkd3d-proton:d3d12_device_QueryInterface: {0742a90b-c387-483f-b946-30a7e4e61458} not implemented, returning E_NOINTERFACE.
12575.369:0138:01a0:warn:vkd3d-proton:d3d12_device_QueryInterface: {0742a90b-c387-483f-b946-30a7e4e61458} not implemented, returning E_NOINTERFACE.
12575.398:0138:0194:warn:vkd3d-proton:d3d12_device_QueryInterface: {0742a90b-c387-483f-b946-30a7e4e61458} not implemented, returning E_NOINTERFACE.
12575.433:0138:0198:warn:vkd3d-proton:d3d12_device_QueryInterface: {0742a90b-c387-483f-b946-30a7e4e61458} not implemented, returning E_NOINTERFACE.
12575.466:0138:0194:warn:vkd3d-proton:d3d12_device_QueryInterface: {0742a90b-c387-483f-b946-30a7e4e61458} not implemented, returning E_NOINTERFACE.
12575.502:0138:0198:warn:vkd3d-proton:d3d12_device_QueryInterface: {0742a90b-c387-483f-b946-30a7e4e61458} not implemented, returning E_NOINTERFACE.
12575.540:0138:0194:warn:vkd3d-proton:d3d12_device_QueryInterface: {0742a90b-c387-483f-b946-30a7e4e61458} not implemented, returning E_NOINTERFACE.
12575.574:0138:019c:warn:vkd3d-proton:d3d12_device_QueryInterface: {0742a90b-c387-483f-b946-30a7e4e61458} not implemented, returning E_NOINTERFACE.
12575.609:0138:0194:warn:vkd3d-proton:d3d12_device_QueryInterface: {0742a90b-c387-483f-b946-30a7e4e61458} not implemented, returning E_NOINTERFACE.
12575.647:0138:019c:warn:vkd3d-proton:d3d12_device_QueryInterface: {0742a90b-c387-483f-b946-30a7e4e61458} not implemented, returning E_NOINTERFACE.
12575.677:0138:0194:warn:vkd3d-proton:d3d12_device_QueryInterface: {0742a90b-c387-483f-b946-30a7e4e61458} not implemented, returning E_NOINTERFACE.
12575.712:0138:019c:warn:vkd3d-proton:d3d12_device_QueryInterface: {0742a90b-c387-483f-b946-30a7e4e61458} not implemented, returning E_NOINTERFACE.
12575.745:0138:0198:warn:vkd3d-proton:d3d12_device_QueryInterface: {0742a90b-c387-483f-b946-30a7e4e61458} not implemented, returning E_NOINTERFACE.
12575.780:0138:019c:warn:vkd3d-proton:d3d12_device_QueryInterface: {0742a90b-c387-483f-b946-30a7e4e61458} not implemented, returning E_NOINTERFACE.
12575.810:0138:0194:warn:vkd3d-proton:d3d12_device_QueryInterface: {0742a90b-c387-483f-b946-30a7e4e61458} not implemented, returning E_NOINTERFACE.
12575.854:0138:0198:warn:vkd3d-proton:d3d12_device_QueryInterface: {0742a90b-c387-483f-b946-30a7e4e61458} not implemented, returning E_NOINTERFACE.
12575.881:0138:0194:warn:vkd3d-proton:d3d12_device_QueryInterface: {0742a90b-c387-483f-b946-30a7e4e61458} not implemented, returning E_NOINTERFACE.
12575.914:0138:01a0:warn:vkd3d-proton:d3d12_device_QueryInterface: {0742a90b-c387-483f-b946-30a7e4e61458} not implemented, returning E_NOINTERFACE.
12575.959:0138:0194:warn:vkd3d-proton:d3d12_device_QueryInterface: {0742a90b-c387-483f-b946-30a7e4e61458} not implemented, returning E_NOINTERFACE.
12575.988:0138:0198:warn:vkd3d-proton:d3d12_device_QueryInterface: {0742a90b-c387-483f-b946-30a7e4e61458} not implemented, returning E_NOINTERFACE.
12576.020:0138:01a0:warn:vkd3d-proton:d3d12_device_QueryInterface: {0742a90b-c387-483f-b946-30a7e4e61458} not implemented, returning E_NOINTERFACE.
12576.053:0138:0194:warn:vkd3d-proton:d3d12_device_QueryInterface: {0742a90b-c387-483f-b946-30a7e4e61458} not implemented, returning E_NOINTERFACE.
12576.091:0138:0198:warn:vkd3d-proton:d3d12_device_QueryInterface: {0742a90b-c387-483f-b946-30a7e4e61458} not implemented, returning E_NOINTERFACE.
12576.127:0138:0194:warn:vkd3d-proton:d3d12_device_QueryInterface: {0742a90b-c387-483f-b946-30a7e4e61458} not implemented, returning E_NOINTERFACE.
12576.161:0138:01a0:warn:vkd3d-proton:d3d12_device_QueryInterface: {0742a90b-c387-483f-b946-30a7e4e61458} not implemented, returning E_NOINTERFACE.
12576.187:0138:0198:warn:vkd3d-proton:d3d12_device_QueryInterface: {0742a90b-c387-483f-b946-30a7e4e61458} not implemented, returning E_NOINTERFACE.
12576.232:0138:0194:warn:vkd3d-proton:d3d12_device_QueryInterface: {0742a90b-c387-483f-b946-30a7e4e61458} not implemented, returning E_NOINTERFACE.
12576.267:0138:0198:warn:vkd3d-proton:d3d12_device_QueryInterface: {0742a90b-c387-483f-b946-30a7e4e61458} not implemented, returning E_NOINTERFACE.
12576.303:0138:01a0:warn:vkd3d-proton:d3d12_device_QueryInterface: {0742a90b-c387-483f-b946-30a7e4e61458} not implemented, returning E_NOINTERFACE.
12576.337:0138:0198:warn:vkd3d-proton:d3d12_device_QueryInterface: {0742a90b-c387-483f-b946-30a7e4e61458} not implemented, returning E_NOINTERFACE.
12576.375:0138:01a0:warn:vkd3d-proton:d3d12_device_QueryInterface: {0742a90b-c387-483f-b946-30a7e4e61458} not implemented, returning E_NOINTERFACE.
12576.408:0138:0198:warn:vkd3d-proton:d3d12_device_QueryInterface: {0742a90b-c387-483f-b946-30a7e4e61458} not implemented, returning E_NOINTERFACE.
12576.448:0138:01a0:warn:vkd3d-proton:d3d12_device_QueryInterface: {0742a90b-c387-483f-b946-30a7e4e61458} not implemented, returning E_NOINTERFACE.
12576.485:0138:0194:warn:vkd3d-proton:d3d12_device_QueryInterface: {0742a90b-c387-483f-b946-30a7e4e61458} not implemented, returning E_NOINTERFACE.
12576.520:0138:0198:warn:vkd3d-proton:d3d12_device_QueryInterface: {0742a90b-c387-483f-b946-30a7e4e61458} not implemented, returning E_NOINTERFACE.
12576.552:0138:01a0:warn:vkd3d-proton:d3d12_device_QueryInterface: {0742a90b-c387-483f-b946-30a7e4e61458} not implemented, returning E_NOINTERFACE.
12576.590:0138:0194:warn:vkd3d-proton:d3d12_device_QueryInterface: {0742a90b-c387-483f-b946-30a7e4e61458} not implemented, returning E_NOINTERFACE.
12576.623:0138:01a0:warn:vkd3d-proton:d3d12_device_QueryInterface: {0742a90b-c387-483f-b946-30a7e4e61458} not implemented, returning E_NOINTERFACE.
12576.657:0138:019c:warn:vkd3d-proton:d3d12_device_QueryInterface: {0742a90b-c387-483f-b946-30a7e4e61458} not implemented, returning E_NOINTERFACE.
12576.664:0138:019c:warn:vkd3d-proton:d3d12_device_QueryInterface: {0742a90b-c387-483f-b946-30a7e4e61458} not implemented, returning E_NOINTERFACE.
12576.669:0138:01a0:warn:vkd3d-proton:d3d12_device_QueryInterface: {0742a90b-c387-483f-b946-30a7e4e61458} not implemented, returning E_NOINTERFACE.
12576.687:0138:01a0:warn:vkd3d-proton:d3d12_device_QueryInterface: {0742a90b-c387-483f-b946-30a7e4e61458} not implemented, returning E_NOINTERFACE.
12576.727:0138:0194:warn:vkd3d-proton:d3d12_device_QueryInterface: {0742a90b-c387-483f-b946-30a7e4e61458} not implemented, returning E_NOINTERFACE.
12576.761:0138:019c:warn:vkd3d-proton:d3d12_device_QueryInterface: {0742a90b-c387-483f-b946-30a7e4e61458} not implemented, returning E_NOINTERFACE.
12576.798:0138:0198:warn:vkd3d-proton:d3d12_device_QueryInterface: {0742a90b-c387-483f-b946-30a7e4e61458} not implemented, returning E_NOINTERFACE.
12576.837:0138:01a0:warn:vkd3d-proton:d3d12_device_QueryInterface: {0742a90b-c387-483f-b946-30a7e4e61458} not implemented, returning E_NOINTERFACE.
12576.866:0138:019c:warn:vkd3d-proton:d3d12_device_QueryInterface: {0742a90b-c387-483f-b946-30a7e4e61458} not implemented, returning E_NOINTERFACE.
12576.912:0138:01a0:warn:vkd3d-proton:d3d12_device_QueryInterface: {0742a90b-c387-483f-b946-30a7e4e61458} not implemented, returning E_NOINTERFACE.
12576.948:0138:0198:warn:vkd3d-proton:d3d12_device_QueryInterface: {0742a90b-c387-483f-b946-30a7e4e61458} not implemented, returning E_NOINTERFACE.
12576.976:0138:019c:warn:vkd3d-proton:d3d12_device_QueryInterface: {0742a90b-c387-483f-b946-30a7e4e61458} not implemented, returning E_NOINTERFACE.
12577.021:0138:0198:warn:vkd3d-proton:d3d12_device_QueryInterface: {0742a90b-c387-483f-b946-30a7e4e61458} not implemented, returning E_NOINTERFACE.
12577.053:0138:019c:warn:vkd3d-proton:d3d12_device_QueryInterface: {0742a90b-c387-483f-b946-30a7e4e61458} not implemented, returning E_NOINTERFACE.
12577.093:0138:0198:warn:vkd3d-proton:d3d12_device_QueryInterface: {0742a90b-c387-483f-b946-30a7e4e61458} not implemented, returning E_NOINTERFACE.
12577.131:0138:019c:warn:vkd3d-proton:d3d12_device_QueryInterface: {0742a90b-c387-483f-b946-30a7e4e61458} not implemented, returning E_NOINTERFACE.
12577.170:0138:0198:warn:vkd3d-proton:d3d12_device_QueryInterface: {0742a90b-c387-483f-b946-30a7e4e61458} not implemented, returning E_NOINTERFACE.
12577.199:0138:0194:warn:vkd3d-proton:d3d12_device_QueryInterface: {0742a90b-c387-483f-b946-30a7e4e61458} not implemented, returning E_NOINTERFACE.
12577.235:0138:0198:warn:vkd3d-proton:d3d12_device_QueryInterface: {0742a90b-c387-483f-b946-30a7e4e61458} not implemented, returning E_NOINTERFACE.
12577.274:0138:01a0:warn:vkd3d-proton:d3d12_device_QueryInterface: {0742a90b-c387-483f-b946-30a7e4e61458} not implemented, returning E_NOINTERFACE.
12577.301:0138:019c:warn:vkd3d-proton:d3d12_device_QueryInterface: {0742a90b-c387-483f-b946-30a7e4e61458} not implemented, returning E_NOINTERFACE.
12577.335:0138:01a0:warn:vkd3d-proton:d3d12_device_QueryInterface: {0742a90b-c387-483f-b946-30a7e4e61458} not implemented, returning E_NOINTERFACE.
12577.373:0138:019c:warn:vkd3d-proton:d3d12_device_QueryInterface: {0742a90b-c387-483f-b946-30a7e4e61458} not implemented, returning E_NOINTERFACE.
12577.414:0138:0198:warn:vkd3d-proton:d3d12_device_QueryInterface: {0742a90b-c387-483f-b946-30a7e4e61458} not implemented, returning E_NOINTERFACE.
12577.450:0138:0194:warn:vkd3d-proton:d3d12_device_QueryInterface: {0742a90b-c387-483f-b946-30a7e4e61458} not implemented, returning E_NOINTERFACE.
12577.486:0138:0198:warn:vkd3d-proton:d3d12_device_QueryInterface: {0742a90b-c387-483f-b946-30a7e4e61458} not implemented, returning E_NOINTERFACE.
12577.524:0138:01a0:warn:vkd3d-proton:d3d12_device_QueryInterface: {0742a90b-c387-483f-b946-30a7e4e61458} not implemented, returning E_NOINTERFACE.
12577.559:0138:019c:warn:vkd3d-proton:d3d12_device_QueryInterface: {0742a90b-c387-483f-b946-30a7e4e61458} not implemented, returning E_NOINTERFACE.
12577.599:0138:0194:warn:vkd3d-proton:d3d12_device_QueryInterface: {0742a90b-c387-483f-b946-30a7e4e61458} not implemented, returning E_NOINTERFACE.
12577.632:0138:0198:warn:vkd3d-proton:d3d12_device_QueryInterface: {0742a90b-c387-483f-b946-30a7e4e61458} not implemented, returning E_NOINTERFACE.
12577.677:0138:0194:warn:vkd3d-proton:d3d12_device_QueryInterface: {0742a90b-c387-483f-b946-30a7e4e61458} not implemented, returning E_NOINTERFACE.
12577.709:0138:019c:warn:vkd3d-proton:d3d12_device_QueryInterface: {0742a90b-c387-483f-b946-30a7e4e61458} not implemented, returning E_NOINTERFACE.
12577.746:0138:0198:warn:vkd3d-proton:d3d12_device_QueryInterface: {0742a90b-c387-483f-b946-30a7e4e61458} not implemented, returning E_NOINTERFACE.
12577.783:0138:0194:warn:vkd3d-proton:d3d12_device_QueryInterface: {0742a90b-c387-483f-b946-30a7e4e61458} not implemented, returning E_NOINTERFACE.
12577.825:0138:019c:warn:vkd3d-proton:d3d12_device_QueryInterface: {0742a90b-c387-483f-b946-30a7e4e61458} not implemented, returning E_NOINTERFACE.
12577.866:0138:01a0:warn:vkd3d-proton:d3d12_device_QueryInterface: {0742a90b-c387-483f-b946-30a7e4e61458} not implemented, returning E_NOINTERFACE.
12577.903:0138:0194:warn:vkd3d-proton:d3d12_device_QueryInterface: {0742a90b-c387-483f-b946-30a7e4e61458} not implemented, returning E_NOINTERFACE.
12577.937:0138:019c:warn:vkd3d-proton:d3d12_device_QueryInterface: {0742a90b-c387-483f-b946-30a7e4e61458} not implemented, returning E_NOINTERFACE.
12577.969:0138:0194:warn:vkd3d-proton:d3d12_device_QueryInterface: {0742a90b-c387-483f-b946-30a7e4e61458} not implemented, returning E_NOINTERFACE.
12578.004:0138:01a0:warn:vkd3d-proton:d3d12_device_QueryInterface: {0742a90b-c387-483f-b946-30a7e4e61458} not implemented, returning E_NOINTERFACE.
12578.041:0138:0198:warn:vkd3d-proton:d3d12_device_QueryInterface: {0742a90b-c387-483f-b946-30a7e4e61458} not implemented, returning E_NOINTERFACE.
12578.080:0138:0194:warn:vkd3d-proton:d3d12_device_QueryInterface: {0742a90b-c387-483f-b946-30a7e4e61458} not implemented, returning E_NOINTERFACE.
12578.122:0138:01a0:warn:vkd3d-proton:d3d12_device_QueryInterface: {0742a90b-c387-483f-b946-30a7e4e61458} not implemented, returning E_NOINTERFACE.
12578.156:0138:019c:warn:vkd3d-proton:d3d12_device_QueryInterface: {0742a90b-c387-483f-b946-30a7e4e61458} not implemented, returning E_NOINTERFACE.
12578.159:0138:0198:warn:vkd3d-proton:d3d12_device_QueryInterface: {0742a90b-c387-483f-b946-30a7e4e61458} not implemented, returning E_NOINTERFACE.
12578.176:0138:0194:warn:vkd3d-proton:d3d12_device_QueryInterface: {0742a90b-c387-483f-b946-30a7e4e61458} not implemented, returning E_NOINTERFACE.
12578.188:0138:0194:warn:vkd3d-proton:d3d12_device_QueryInterface: {0742a90b-c387-483f-b946-30a7e4e61458} not implemented, returning E_NOINTERFACE.
12578.230:0138:01a0:warn:vkd3d-proton:d3d12_device_QueryInterface: {0742a90b-c387-483f-b946-30a7e4e61458} not implemented, returning E_NOINTERFACE.
12578.254:0138:0198:warn:vkd3d-proton:d3d12_device_QueryInterface: {0742a90b-c387-483f-b946-30a7e4e61458} not implemented, returning E_NOINTERFACE.
12578.298:0138:01a0:warn:vkd3d-proton:d3d12_device_QueryInterface: {0742a90b-c387-483f-b946-30a7e4e61458} not implemented, returning E_NOINTERFACE.
12578.330:0138:0198:warn:vkd3d-proton:d3d12_device_QueryInterface: {0742a90b-c387-483f-b946-30a7e4e61458} not implemented, returning E_NOINTERFACE.
12578.370:0138:0194:warn:vkd3d-proton:d3d12_device_QueryInterface: {0742a90b-c387-483f-b946-30a7e4e61458} not implemented, returning E_NOINTERFACE.
12578.402:0138:0198:warn:vkd3d-proton:d3d12_device_QueryInterface: {0742a90b-c387-483f-b946-30a7e4e61458} not implemented, returning E_NOINTERFACE.
12578.442:0138:019c:warn:vkd3d-proton:d3d12_device_QueryInterface: {0742a90b-c387-483f-b946-30a7e4e61458} not implemented, returning E_NOINTERFACE.
12578.479:0138:01a0:warn:vkd3d-proton:d3d12_device_QueryInterface: {0742a90b-c387-483f-b946-30a7e4e61458} not implemented, returning E_NOINTERFACE.
12578.518:0138:019c:warn:vkd3d-proton:d3d12_device_QueryInterface: {0742a90b-c387-483f-b946-30a7e4e61458} not implemented, returning E_NOINTERFACE.
12578.554:0138:01a0:warn:vkd3d-proton:d3d12_device_QueryInterface: {0742a90b-c387-483f-b946-30a7e4e61458} not implemented, returning E_NOINTERFACE.
12578.594:0138:0194:warn:vkd3d-proton:d3d12_device_QueryInterface: {0742a90b-c387-483f-b946-30a7e4e61458} not implemented, returning E_NOINTERFACE.
12578.632:0138:01a0:warn:vkd3d-proton:d3d12_device_QueryInterface: {0742a90b-c387-483f-b946-30a7e4e61458} not implemented, returning E_NOINTERFACE.
12578.665:0138:0198:warn:vkd3d-proton:d3d12_device_QueryInterface: {0742a90b-c387-483f-b946-30a7e4e61458} not implemented, returning E_NOINTERFACE.
12578.699:0138:01a0:warn:vkd3d-proton:d3d12_device_QueryInterface: {0742a90b-c387-483f-b946-30a7e4e61458} not implemented, returning E_NOINTERFACE.
12578.735:0138:0198:warn:vkd3d-proton:d3d12_device_QueryInterface: {0742a90b-c387-483f-b946-30a7e4e61458} not implemented, returning E_NOINTERFACE.
12578.763:0138:019c:warn:vkd3d-proton:d3d12_device_QueryInterface: {0742a90b-c387-483f-b946-30a7e4e61458} not implemented, returning E_NOINTERFACE.
12578.802:0138:0194:warn:vkd3d-proton:d3d12_device_QueryInterface: {0742a90b-c387-483f-b946-30a7e4e61458} not implemented, returning E_NOINTERFACE.
12578.849:0138:019c:warn:vkd3d-proton:d3d12_device_QueryInterface: {0742a90b-c387-483f-b946-30a7e4e61458} not implemented, returning E_NOINTERFACE.
12578.875:0138:0198:warn:vkd3d-proton:d3d12_device_QueryInterface: {0742a90b-c387-483f-b946-30a7e4e61458} not implemented, returning E_NOINTERFACE.
12578.917:0138:01a0:warn:vkd3d-proton:d3d12_device_QueryInterface: {0742a90b-c387-483f-b946-30a7e4e61458} not implemented, returning E_NOINTERFACE.
12578.954:0138:0198:warn:vkd3d-proton:d3d12_device_QueryInterface: {0742a90b-c387-483f-b946-30a7e4e61458} not implemented, returning E_NOINTERFACE.
12578.998:0138:019c:warn:vkd3d-proton:d3d12_device_QueryInterface: {0742a90b-c387-483f-b946-30a7e4e61458} not implemented, returning E_NOINTERFACE.
12579.031:0138:01a0:warn:vkd3d-proton:d3d12_device_QueryInterface: {0742a90b-c387-483f-b946-30a7e4e61458} not implemented, returning E_NOINTERFACE.
12579.064:0138:0194:warn:vkd3d-proton:d3d12_device_QueryInterface: {0742a90b-c387-483f-b946-30a7e4e61458} not implemented, returning E_NOINTERFACE.
12579.099:0138:019c:warn:vkd3d-proton:d3d12_device_QueryInterface: {0742a90b-c387-483f-b946-30a7e4e61458} not implemented, returning E_NOINTERFACE.
12579.134:0138:0198:warn:vkd3d-proton:d3d12_device_QueryInterface: {0742a90b-c387-483f-b946-30a7e4e61458} not implemented, returning E_NOINTERFACE.
12579.167:0138:019c:warn:vkd3d-proton:d3d12_device_QueryInterface: {0742a90b-c387-483f-b946-30a7e4e61458} not implemented, returning E_NOINTERFACE.
12579.206:0138:0194:warn:vkd3d-proton:d3d12_device_QueryInterface: {0742a90b-c387-483f-b946-30a7e4e61458} not implemented, returning E_NOINTERFACE.
12579.241:0138:01a0:warn:vkd3d-proton:d3d12_device_QueryInterface: {0742a90b-c387-483f-b946-30a7e4e61458} not implemented, returning E_NOINTERFACE.
12579.274:0138:019c:warn:vkd3d-proton:d3d12_device_QueryInterface: {0742a90b-c387-483f-b946-30a7e4e61458} not implemented, returning E_NOINTERFACE.
12579.306:0138:0194:warn:vkd3d-proton:d3d12_device_QueryInterface: {0742a90b-c387-483f-b946-30a7e4e61458} not implemented, returning E_NOINTERFACE.
12579.338:0138:019c:warn:vkd3d-proton:d3d12_device_QueryInterface: {0742a90b-c387-483f-b946-30a7e4e61458} not implemented, returning E_NOINTERFACE.
12579.364:0138:0194:warn:vkd3d-proton:d3d12_device_QueryInterface: {0742a90b-c387-483f-b946-30a7e4e61458} not implemented, returning E_NOINTERFACE.
12579.402:0138:0198:warn:vkd3d-proton:d3d12_device_QueryInterface: {0742a90b-c387-483f-b946-30a7e4e61458} not implemented, returning E_NOINTERFACE.
12579.438:0138:0194:warn:vkd3d-proton:d3d12_device_QueryInterface: {0742a90b-c387-483f-b946-30a7e4e61458} not implemented, returning E_NOINTERFACE.
12579.471:0138:0198:warn:vkd3d-proton:d3d12_device_QueryInterface: {0742a90b-c387-483f-b946-30a7e4e61458} not implemented, returning E_NOINTERFACE.
12579.505:0138:01a0:warn:vkd3d-proton:d3d12_device_QueryInterface: {0742a90b-c387-483f-b946-30a7e4e61458} not implemented, returning E_NOINTERFACE.
12579.543:0138:0198:warn:vkd3d-proton:d3d12_device_QueryInterface: {0742a90b-c387-483f-b946-30a7e4e61458} not implemented, returning E_NOINTERFACE.
12579.577:0138:01a0:warn:vkd3d-proton:d3d12_device_QueryInterface: {0742a90b-c387-483f-b946-30a7e4e61458} not implemented, returning E_NOINTERFACE.
12579.603:0138:0194:warn:vkd3d-proton:d3d12_device_QueryInterface: {0742a90b-c387-483f-b946-30a7e4e61458} not implemented, returning E_NOINTERFACE.
12579.638:0138:0198:warn:vkd3d-proton:d3d12_device_QueryInterface: {0742a90b-c387-483f-b946-30a7e4e61458} not implemented, returning E_NOINTERFACE.
12579.669:0138:019c:warn:vkd3d-proton:d3d12_device_QueryInterface: {0742a90b-c387-483f-b946-30a7e4e61458} not implemented, returning E_NOINTERFACE.
12579.702:0138:0194:warn:vkd3d-proton:d3d12_device_QueryInterface: {0742a90b-c387-483f-b946-30a7e4e61458} not implemented, returning E_NOINTERFACE.
12579.736:0138:01a0:warn:vkd3d-proton:d3d12_device_QueryInterface: {0742a90b-c387-483f-b946-30a7e4e61458} not implemented, returning E_NOINTERFACE.
12579.775:0138:019c:warn:vkd3d-proton:d3d12_device_QueryInterface: {0742a90b-c387-483f-b946-30a7e4e61458} not implemented, returning E_NOINTERFACE.
12579.797:0138:0194:warn:vkd3d-proton:d3d12_device_QueryInterface: {0742a90b-c387-483f-b946-30a7e4e61458} not implemented, returning E_NOINTERFACE.
12579.832:0138:019c:warn:vkd3d-proton:d3d12_device_QueryInterface: {0742a90b-c387-483f-b946-30a7e4e61458} not implemented, returning E_NOINTERFACE.
12579.865:0138:0198:warn:vkd3d-proton:d3d12_device_QueryInterface: {0742a90b-c387-483f-b946-30a7e4e61458} not implemented, returning E_NOINTERFACE.
12579.901:0138:01a0:warn:vkd3d-proton:d3d12_device_QueryInterface: {0742a90b-c387-483f-b946-30a7e4e61458} not implemented, returning E_NOINTERFACE.
12579.932:0138:0194:warn:vkd3d-proton:d3d12_device_QueryInterface: {0742a90b-c387-483f-b946-30a7e4e61458} not implemented, returning E_NOINTERFACE.
12579.973:0138:01a0:warn:vkd3d-proton:d3d12_device_QueryInterface: {0742a90b-c387-483f-b946-30a7e4e61458} not implemented, returning E_NOINTERFACE.
12579.999:0138:0198:warn:vkd3d-proton:d3d12_device_QueryInterface: {0742a90b-c387-483f-b946-30a7e4e61458} not implemented, returning E_NOINTERFACE.
12580.038:0138:01a0:warn:vkd3d-proton:d3d12_device_QueryInterface: {0742a90b-c387-483f-b946-30a7e4e61458} not implemented, returning E_NOINTERFACE.
12580.070:0138:0198:warn:vkd3d-proton:d3d12_device_QueryInterface: {0742a90b-c387-483f-b946-30a7e4e61458} not implemented, returning E_NOINTERFACE.
12580.103:0138:0194:warn:vkd3d-proton:d3d12_device_QueryInterface: {0742a90b-c387-483f-b946-30a7e4e61458} not implemented, returning E_NOINTERFACE.
12580.136:0138:019c:warn:vkd3d-proton:d3d12_device_QueryInterface: {0742a90b-c387-483f-b946-30a7e4e61458} not implemented, returning E_NOINTERFACE.
12580.174:0138:01a0:warn:vkd3d-proton:d3d12_device_QueryInterface: {0742a90b-c387-483f-b946-30a7e4e61458} not implemented, returning E_NOINTERFACE.
12580.203:0138:019c:warn:vkd3d-proton:d3d12_device_QueryInterface: {0742a90b-c387-483f-b946-30a7e4e61458} not implemented, returning E_NOINTERFACE.
12580.236:0138:0194:warn:vkd3d-proton:d3d12_device_QueryInterface: {0742a90b-c387-483f-b946-30a7e4e61458} not implemented, returning E_NOINTERFACE.
12580.269:0138:019c:warn:vkd3d-proton:d3d12_device_QueryInterface: {0742a90b-c387-483f-b946-30a7e4e61458} not implemented, returning E_NOINTERFACE.
12580.302:0138:0198:warn:vkd3d-proton:d3d12_device_QueryInterface: {0742a90b-c387-483f-b946-30a7e4e61458} not implemented, returning E_NOINTERFACE.
12580.327:0138:01a0:warn:vkd3d-proton:d3d12_device_QueryInterface: {0742a90b-c387-483f-b946-30a7e4e61458} not implemented, returning E_NOINTERFACE.
12580.365:0138:019c:warn:vkd3d-proton:d3d12_device_QueryInterface: {0742a90b-c387-483f-b946-30a7e4e61458} not implemented, returning E_NOINTERFACE.
12580.399:0138:01a0:warn:vkd3d-proton:d3d12_device_QueryInterface: {0742a90b-c387-483f-b946-30a7e4e61458} not implemented, returning E_NOINTERFACE.
12580.425:0138:019c:warn:vkd3d-proton:d3d12_device_QueryInterface: {0742a90b-c387-483f-b946-30a7e4e61458} not implemented, returning E_NOINTERFACE.
12580.457:0138:0198:warn:vkd3d-proton:d3d12_device_QueryInterface: {0742a90b-c387-483f-b946-30a7e4e61458} not implemented, returning E_NOINTERFACE.
12580.492:0138:01a0:warn:vkd3d-proton:d3d12_device_QueryInterface: {0742a90b-c387-483f-b946-30a7e4e61458} not implemented, returning E_NOINTERFACE.
12580.519:0138:0198:warn:vkd3d-proton:d3d12_device_QueryInterface: {0742a90b-c387-483f-b946-30a7e4e61458} not implemented, returning E_NOINTERFACE.
12580.553:0138:0194:warn:vkd3d-proton:d3d12_device_QueryInterface: {0742a90b-c387-483f-b946-30a7e4e61458} not implemented, returning E_NOINTERFACE.
12580.589:0138:019c:warn:vkd3d-proton:d3d12_device_QueryInterface: {0742a90b-c387-483f-b946-30a7e4e61458} not implemented, returning E_NOINTERFACE.
12580.620:0138:01a0:warn:vkd3d-proton:d3d12_device_QueryInterface: {0742a90b-c387-483f-b946-30a7e4e61458} not implemented, returning E_NOINTERFACE.
12580.653:0138:0198:warn:vkd3d-proton:d3d12_device_QueryInterface: {0742a90b-c387-483f-b946-30a7e4e61458} not implemented, returning E_NOINTERFACE.
12580.690:0138:019c:warn:vkd3d-proton:d3d12_device_QueryInterface: {0742a90b-c387-483f-b946-30a7e4e61458} not implemented, returning E_NOINTERFACE.
12580.720:0138:01a0:warn:vkd3d-proton:d3d12_device_QueryInterface: {0742a90b-c387-483f-b946-30a7e4e61458} not implemented, returning E_NOINTERFACE.
12580.754:0138:0194:warn:vkd3d-proton:d3d12_device_QueryInterface: {0742a90b-c387-483f-b946-30a7e4e61458} not implemented, returning E_NOINTERFACE.
12580.790:0138:0198:warn:vkd3d-proton:d3d12_device_QueryInterface: {0742a90b-c387-483f-b946-30a7e4e61458} not implemented, returning E_NOINTERFACE.
12580.822:0138:01a0:warn:vkd3d-proton:d3d12_device_QueryInterface: {0742a90b-c387-483f-b946-30a7e4e61458} not implemented, returning E_NOINTERFACE.
12580.846:0138:0194:warn:vkd3d-proton:d3d12_device_QueryInterface: {0742a90b-c387-483f-b946-30a7e4e61458} not implemented, returning E_NOINTERFACE.
12580.871:0138:0198:warn:vkd3d-proton:d3d12_device_QueryInterface: {0742a90b-c387-483f-b946-30a7e4e61458} not implemented, returning E_NOINTERFACE.
12580.902:0138:01a0:warn:vkd3d-proton:d3d12_device_QueryInterface: {0742a90b-c387-483f-b946-30a7e4e61458} not implemented, returning E_NOINTERFACE.
12580.928:0138:019c:warn:vkd3d-proton:d3d12_device_QueryInterface: {0742a90b-c387-483f-b946-30a7e4e61458} not implemented, returning E_NOINTERFACE.
12580.961:0138:0198:warn:vkd3d-proton:d3d12_device_QueryInterface: {0742a90b-c387-483f-b946-30a7e4e61458} not implemented, returning E_NOINTERFACE.
12580.997:0138:01a0:warn:vkd3d-proton:d3d12_device_QueryInterface: {0742a90b-c387-483f-b946-30a7e4e61458} not implemented, returning E_NOINTERFACE.
12581.024:0138:019c:warn:vkd3d-proton:d3d12_device_QueryInterface: {0742a90b-c387-483f-b946-30a7e4e61458} not implemented, returning E_NOINTERFACE.
12581.051:0138:01a0:warn:vkd3d-proton:d3d12_device_QueryInterface: {0742a90b-c387-483f-b946-30a7e4e61458} not implemented, returning E_NOINTERFACE.
12581.086:0138:0198:warn:vkd3d-proton:d3d12_device_QueryInterface: {0742a90b-c387-483f-b946-30a7e4e61458} not implemented, returning E_NOINTERFACE.
12581.112:0138:01a0:warn:vkd3d-proton:d3d12_device_QueryInterface: {0742a90b-c387-483f-b946-30a7e4e61458} not implemented, returning E_NOINTERFACE.
12581.146:0138:019c:warn:vkd3d-proton:d3d12_device_QueryInterface: {0742a90b-c387-483f-b946-30a7e4e61458} not implemented, returning E_NOINTERFACE.
12581.176:0138:01a0:warn:vkd3d-proton:d3d12_device_QueryInterface: {0742a90b-c387-483f-b946-30a7e4e61458} not implemented, returning E_NOINTERFACE.
12581.216:0138:0194:warn:vkd3d-proton:d3d12_device_QueryInterface: {0742a90b-c387-483f-b946-30a7e4e61458} not implemented, returning E_NOINTERFACE.
12581.250:0138:019c:warn:vkd3d-proton:d3d12_device_QueryInterface: {0742a90b-c387-483f-b946-30a7e4e61458} not implemented, returning E_NOINTERFACE.
12581.289:0138:01a0:warn:vkd3d-proton:d3d12_device_QueryInterface: {0742a90b-c387-483f-b946-30a7e4e61458} not implemented, returning E_NOINTERFACE.
12581.322:0138:0198:warn:vkd3d-proton:d3d12_device_QueryInterface: {0742a90b-c387-483f-b946-30a7e4e61458} not implemented, returning E_NOINTERFACE.
12581.355:0138:0194:warn:vkd3d-proton:d3d12_device_QueryInterface: {0742a90b-c387-483f-b946-30a7e4e61458} not implemented, returning E_NOINTERFACE.
12581.391:0138:0198:warn:vkd3d-proton:d3d12_device_QueryInterface: {0742a90b-c387-483f-b946-30a7e4e61458} not implemented, returning E_NOINTERFACE.
12581.425:0138:01a0:warn:vkd3d-proton:d3d12_device_QueryInterface: {0742a90b-c387-483f-b946-30a7e4e61458} not implemented, returning E_NOINTERFACE.
12581.462:0138:0198:warn:vkd3d-proton:d3d12_device_QueryInterface: {0742a90b-c387-483f-b946-30a7e4e61458} not implemented, returning E_NOINTERFACE.
12581.502:0138:01a0:warn:vkd3d-proton:d3d12_device_QueryInterface: {0742a90b-c387-483f-b946-30a7e4e61458} not implemented, returning E_NOINTERFACE.
12581.535:0138:0198:warn:vkd3d-proton:d3d12_device_QueryInterface: {0742a90b-c387-483f-b946-30a7e4e61458} not implemented, returning E_NOINTERFACE.
12581.569:0138:019c:warn:vkd3d-proton:d3d12_device_QueryInterface: {0742a90b-c387-483f-b946-30a7e4e61458} not implemented, returning E_NOINTERFACE.
12581.599:0138:0198:warn:vkd3d-proton:d3d12_device_QueryInterface: {0742a90b-c387-483f-b946-30a7e4e61458} not implemented, returning E_NOINTERFACE.
12581.624:0138:01a0:warn:vkd3d-proton:d3d12_device_QueryInterface: {0742a90b-c387-483f-b946-30a7e4e61458} not implemented, returning E_NOINTERFACE.
12581.648:0138:0194:warn:vkd3d-proton:d3d12_device_QueryInterface: {0742a90b-c387-483f-b946-30a7e4e61458} not implemented, returning E_NOINTERFACE.
12581.674:0138:0198:warn:vkd3d-proton:d3d12_device_QueryInterface: {0742a90b-c387-483f-b946-30a7e4e61458} not implemented, returning E_NOINTERFACE.
12581.703:0138:019c:warn:vkd3d-proton:d3d12_device_QueryInterface: {0742a90b-c387-483f-b946-30a7e4e61458} not implemented, returning E_NOINTERFACE.
12581.722:0138:0198:warn:vkd3d-proton:d3d12_device_QueryInterface: {0742a90b-c387-483f-b946-30a7e4e61458} not implemented, returning E_NOINTERFACE.
12581.764:0138:019c:warn:vkd3d-proton:d3d12_device_QueryInterface: {0742a90b-c387-483f-b946-30a7e4e61458} not implemented, returning E_NOINTERFACE.
12581.796:0138:01a0:warn:vkd3d-proton:d3d12_device_QueryInterface: {0742a90b-c387-483f-b946-30a7e4e61458} not implemented, returning E_NOINTERFACE.
12581.833:0138:0198:warn:vkd3d-proton:d3d12_device_QueryInterface: {0742a90b-c387-483f-b946-30a7e4e61458} not implemented, returning E_NOINTERFACE.
12581.861:0138:019c:warn:vkd3d-proton:d3d12_device_QueryInterface: {0742a90b-c387-483f-b946-30a7e4e61458} not implemented, returning E_NOINTERFACE.
12581.897:0138:01a0:warn:vkd3d-proton:d3d12_device_QueryInterface: {0742a90b-c387-483f-b946-30a7e4e61458} not implemented, returning E_NOINTERFACE.
12581.926:0138:019c:warn:vkd3d-proton:d3d12_device_QueryInterface: {0742a90b-c387-483f-b946-30a7e4e61458} not implemented, returning E_NOINTERFACE.
12581.958:0138:01a0:warn:vkd3d-proton:d3d12_device_QueryInterface: {0742a90b-c387-483f-b946-30a7e4e61458} not implemented, returning E_NOINTERFACE.
12581.991:0138:0194:warn:vkd3d-proton:d3d12_device_QueryInterface: {0742a90b-c387-483f-b946-30a7e4e61458} not implemented, returning E_NOINTERFACE.
12582.033:0138:019c:warn:vkd3d-proton:d3d12_device_QueryInterface: {0742a90b-c387-483f-b946-30a7e4e61458} not implemented, returning E_NOINTERFACE.
12582.067:0138:01a0:warn:vkd3d-proton:d3d12_device_QueryInterface: {0742a90b-c387-483f-b946-30a7e4e61458} not implemented, returning E_NOINTERFACE.
12582.102:0138:0198:warn:vkd3d-proton:d3d12_device_QueryInterface: {0742a90b-c387-483f-b946-30a7e4e61458} not implemented, returning E_NOINTERFACE.
12582.137:0138:01a0:warn:vkd3d-proton:d3d12_device_QueryInterface: {0742a90b-c387-483f-b946-30a7e4e61458} not implemented, returning E_NOINTERFACE.
12582.180:0138:019c:warn:vkd3d-proton:d3d12_device_QueryInterface: {0742a90b-c387-483f-b946-30a7e4e61458} not implemented, returning E_NOINTERFACE.
12582.213:0138:0194:warn:vkd3d-proton:d3d12_device_QueryInterface: {0742a90b-c387-483f-b946-30a7e4e61458} not implemented, returning E_NOINTERFACE.
12582.252:0138:0198:warn:vkd3d-proton:d3d12_device_QueryInterface: {0742a90b-c387-483f-b946-30a7e4e61458} not implemented, returning E_NOINTERFACE.
12582.294:0138:019c:warn:vkd3d-proton:d3d12_device_QueryInterface: {0742a90b-c387-483f-b946-30a7e4e61458} not implemented, returning E_NOINTERFACE.
12582.325:0138:0198:warn:vkd3d-proton:d3d12_device_QueryInterface: {0742a90b-c387-483f-b946-30a7e4e61458} not implemented, returning E_NOINTERFACE.
12582.364:0138:019c:warn:vkd3d-proton:d3d12_device_QueryInterface: {0742a90b-c387-483f-b946-30a7e4e61458} not implemented, returning E_NOINTERFACE.
12582.399:0138:0194:warn:vkd3d-proton:d3d12_device_QueryInterface: {0742a90b-c387-483f-b946-30a7e4e61458} not implemented, returning E_NOINTERFACE.
12582.430:0138:019c:warn:vkd3d-proton:d3d12_device_QueryInterface: {0742a90b-c387-483f-b946-30a7e4e61458} not implemented, returning E_NOINTERFACE.
12582.468:0138:0198:warn:vkd3d-proton:d3d12_device_QueryInterface: {0742a90b-c387-483f-b946-30a7e4e61458} not implemented, returning E_NOINTERFACE.
12582.506:0138:019c:warn:vkd3d-proton:d3d12_device_QueryInterface: {0742a90b-c387-483f-b946-30a7e4e61458} not implemented, returning E_NOINTERFACE.
12582.544:0138:01a0:warn:vkd3d-proton:d3d12_device_QueryInterface: {0742a90b-c387-483f-b946-30a7e4e61458} not implemented, returning E_NOINTERFACE.
12582.579:0138:0198:warn:vkd3d-proton:d3d12_device_QueryInterface: {0742a90b-c387-483f-b946-30a7e4e61458} not implemented, returning E_NOINTERFACE.
12582.619:0138:0194:warn:vkd3d-proton:d3d12_device_QueryInterface: {0742a90b-c387-483f-b946-30a7e4e61458} not implemented, returning E_NOINTERFACE.
12582.646:0138:01a0:warn:vkd3d-proton:d3d12_device_QueryInterface: {0742a90b-c387-483f-b946-30a7e4e61458} not implemented, returning E_NOINTERFACE.
12582.687:0138:0194:warn:vkd3d-proton:d3d12_device_QueryInterface: {0742a90b-c387-483f-b946-30a7e4e61458} not implemented, returning E_NOINTERFACE.
12582.715:0138:019c:warn:vkd3d-proton:d3d12_device_QueryInterface: {0742a90b-c387-483f-b946-30a7e4e61458} not implemented, returning E_NOINTERFACE.
12582.747:0138:019c:warn:vkd3d-proton:d3d12_device_QueryInterface: {0742a90b-c387-483f-b946-30a7e4e61458} not implemented, returning E_NOINTERFACE.
12582.777:0138:0198:warn:vkd3d-proton:d3d12_device_QueryInterface: {0742a90b-c387-483f-b946-30a7e4e61458} not implemented, returning E_NOINTERFACE.
12582.813:0138:019c:warn:vkd3d-proton:d3d12_device_QueryInterface: {0742a90b-c387-483f-b946-30a7e4e61458} not implemented, returning E_NOINTERFACE.
12582.847:0138:0198:warn:vkd3d-proton:d3d12_device_QueryInterface: {0742a90b-c387-483f-b946-30a7e4e61458} not implemented, returning E_NOINTERFACE.
12582.887:0138:01a0:warn:vkd3d-proton:d3d12_device_QueryInterface: {0742a90b-c387-483f-b946-30a7e4e61458} not implemented, returning E_NOINTERFACE.
12582.925:0138:019c:warn:vkd3d-proton:d3d12_device_QueryInterface: {0742a90b-c387-483f-b946-30a7e4e61458} not implemented, returning E_NOINTERFACE.
12582.961:0138:0198:warn:vkd3d-proton:d3d12_device_QueryInterface: {0742a90b-c387-483f-b946-30a7e4e61458} not implemented, returning E_NOINTERFACE.
12582.998:0138:019c:warn:vkd3d-proton:d3d12_device_QueryInterface: {0742a90b-c387-483f-b946-30a7e4e61458} not implemented, returning E_NOINTERFACE.
12583.036:0138:0198:warn:vkd3d-proton:d3d12_device_QueryInterface: {0742a90b-c387-483f-b946-30a7e4e61458} not implemented, returning E_NOINTERFACE.
12583.083:0138:01a0:warn:vkd3d-proton:d3d12_device_QueryInterface: {0742a90b-c387-483f-b946-30a7e4e61458} not implemented, returning E_NOINTERFACE.
12583.129:0138:0194:warn:vkd3d-proton:d3d12_device_QueryInterface: {0742a90b-c387-483f-b946-30a7e4e61458} not implemented, returning E_NOINTERFACE.
12583.171:0138:019c:warn:vkd3d-proton:d3d12_device_QueryInterface: {0742a90b-c387-483f-b946-30a7e4e61458} not implemented, returning E_NOINTERFACE.
12583.212:0138:0194:warn:vkd3d-proton:d3d12_device_QueryInterface: {0742a90b-c387-483f-b946-30a7e4e61458} not implemented, returning E_NOINTERFACE.
12583.252:0138:01a0:warn:vkd3d-proton:d3d12_device_QueryInterface: {0742a90b-c387-483f-b946-30a7e4e61458} not implemented, returning E_NOINTERFACE.
12583.288:0138:0198:warn:vkd3d-proton:d3d12_device_QueryInterface: {0742a90b-c387-483f-b946-30a7e4e61458} not implemented, returning E_NOINTERFACE.
12583.323:0138:01a0:warn:vkd3d-proton:d3d12_device_QueryInterface: {0742a90b-c387-483f-b946-30a7e4e61458} not implemented, returning E_NOINTERFACE.
12583.350:0138:019c:warn:vkd3d-proton:d3d12_device_QueryInterface: {0742a90b-c387-483f-b946-30a7e4e61458} not implemented, returning E_NOINTERFACE.
12583.384:0138:0194:warn:vkd3d-proton:d3d12_device_QueryInterface: {0742a90b-c387-483f-b946-30a7e4e61458} not implemented, returning E_NOINTERFACE.
12583.420:0138:0198:warn:vkd3d-proton:d3d12_device_QueryInterface: {0742a90b-c387-483f-b946-30a7e4e61458} not implemented, returning E_NOINTERFACE.
12583.462:0138:019c:warn:vkd3d-proton:d3d12_device_QueryInterface: {0742a90b-c387-483f-b946-30a7e4e61458} not implemented, returning E_NOINTERFACE.
12583.495:0138:0194:warn:vkd3d-proton:d3d12_device_QueryInterface: {0742a90b-c387-483f-b946-30a7e4e61458} not implemented, returning E_NOINTERFACE.
12583.498:0138:019c:warn:vkd3d-proton:d3d12_device_QueryInterface: {0742a90b-c387-483f-b946-30a7e4e61458} not implemented, returning E_NOINTERFACE.
12583.508:0138:0198:warn:vkd3d-proton:d3d12_device_QueryInterface: {0742a90b-c387-483f-b946-30a7e4e61458} not implemented, returning E_NOINTERFACE.
12583.525:0138:019c:warn:vkd3d-proton:d3d12_device_QueryInterface: {0742a90b-c387-483f-b946-30a7e4e61458} not implemented, returning E_NOINTERFACE.
12583.560:0138:01a0:warn:vkd3d-proton:d3d12_device_QueryInterface: {0742a90b-c387-483f-b946-30a7e4e61458} not implemented, returning E_NOINTERFACE.
12583.599:0138:0194:warn:vkd3d-proton:d3d12_device_QueryInterface: {0742a90b-c387-483f-b946-30a7e4e61458} not implemented, returning E_NOINTERFACE.
12583.634:0138:0198:warn:vkd3d-proton:d3d12_device_QueryInterface: {0742a90b-c387-483f-b946-30a7e4e61458} not implemented, returning E_NOINTERFACE.
12583.664:0138:01a0:warn:vkd3d-proton:d3d12_device_QueryInterface: {0742a90b-c387-483f-b946-30a7e4e61458} not implemented, returning E_NOINTERFACE.
12583.701:0138:0198:warn:vkd3d-proton:d3d12_device_QueryInterface: {0742a90b-c387-483f-b946-30a7e4e61458} not implemented, returning E_NOINTERFACE.
12583.726:0138:01a0:warn:vkd3d-proton:d3d12_device_QueryInterface: {0742a90b-c387-483f-b946-30a7e4e61458} not implemented, returning E_NOINTERFACE.
12583.771:0138:0198:warn:vkd3d-proton:d3d12_device_QueryInterface: {0742a90b-c387-483f-b946-30a7e4e61458} not implemented, returning E_NOINTERFACE.
12583.809:0138:01a0:warn:vkd3d-proton:d3d12_device_QueryInterface: {0742a90b-c387-483f-b946-30a7e4e61458} not implemented, returning E_NOINTERFACE.
12583.844:0138:0194:warn:vkd3d-proton:d3d12_device_QueryInterface: {0742a90b-c387-483f-b946-30a7e4e61458} not implemented, returning E_NOINTERFACE.
12583.875:0138:01a0:warn:vkd3d-proton:d3d12_device_QueryInterface: {0742a90b-c387-483f-b946-30a7e4e61458} not implemented, returning E_NOINTERFACE.
12583.901:0138:019c:warn:vkd3d-proton:d3d12_device_QueryInterface: {0742a90b-c387-483f-b946-30a7e4e61458} not implemented, returning E_NOINTERFACE.
12583.944:0138:01a0:warn:vkd3d-proton:d3d12_device_QueryInterface: {0742a90b-c387-483f-b946-30a7e4e61458} not implemented, returning E_NOINTERFACE.
12583.973:0138:0194:warn:vkd3d-proton:d3d12_device_QueryInterface: {0742a90b-c387-483f-b946-30a7e4e61458} not implemented, returning E_NOINTERFACE.
12584.011:0138:019c:warn:vkd3d-proton:d3d12_device_QueryInterface: {0742a90b-c387-483f-b946-30a7e4e61458} not implemented, returning E_NOINTERFACE.
12584.052:0138:0194:warn:vkd3d-proton:d3d12_device_QueryInterface: {0742a90b-c387-483f-b946-30a7e4e61458} not implemented, returning E_NOINTERFACE.
12584.073:0138:01a0:warn:vkd3d-proton:d3d12_device_QueryInterface: {0742a90b-c387-483f-b946-30a7e4e61458} not implemented, returning E_NOINTERFACE.
12584.109:0138:0194:warn:vkd3d-proton:d3d12_device_QueryInterface: {0742a90b-c387-483f-b946-30a7e4e61458} not implemented, returning E_NOINTERFACE.
12584.146:0138:01a0:warn:vkd3d-proton:d3d12_device_QueryInterface: {0742a90b-c387-483f-b946-30a7e4e61458} not implemented, returning E_NOINTERFACE.
12584.182:0138:019c:warn:vkd3d-proton:d3d12_device_QueryInterface: {0742a90b-c387-483f-b946-30a7e4e61458} not implemented, returning E_NOINTERFACE.
12584.214:0138:0194:warn:vkd3d-proton:d3d12_device_QueryInterface: {0742a90b-c387-483f-b946-30a7e4e61458} not implemented, returning E_NOINTERFACE.
12584.245:0138:01a0:warn:vkd3d-proton:d3d12_device_QueryInterface: {0742a90b-c387-483f-b946-30a7e4e61458} not implemented, returning E_NOINTERFACE.
12584.271:0138:019c:warn:vkd3d-proton:d3d12_device_QueryInterface: {0742a90b-c387-483f-b946-30a7e4e61458} not implemented, returning E_NOINTERFACE.
12584.302:0138:0198:warn:vkd3d-proton:d3d12_device_QueryInterface: {0742a90b-c387-483f-b946-30a7e4e61458} not implemented, returning E_NOINTERFACE.
12584.337:0138:0194:warn:vkd3d-proton:d3d12_device_QueryInterface: {0742a90b-c387-483f-b946-30a7e4e61458} not implemented, returning E_NOINTERFACE.
12584.361:0138:01a0:warn:vkd3d-proton:d3d12_device_QueryInterface: {0742a90b-c387-483f-b946-30a7e4e61458} not implemented, returning E_NOINTERFACE.
12584.397:0138:019c:warn:vkd3d-proton:d3d12_device_QueryInterface: {0742a90b-c387-483f-b946-30a7e4e61458} not implemented, returning E_NOINTERFACE.
12584.427:0138:0194:warn:vkd3d-proton:d3d12_device_QueryInterface: {0742a90b-c387-483f-b946-30a7e4e61458} not implemented, returning E_NOINTERFACE.
12584.455:0138:019c:warn:vkd3d-proton:d3d12_device_QueryInterface: {0742a90b-c387-483f-b946-30a7e4e61458} not implemented, returning E_NOINTERFACE.
12584.459:0138:019c:warn:vkd3d-proton:d3d12_device_QueryInterface: {0742a90b-c387-483f-b946-30a7e4e61458} not implemented, returning E_NOINTERFACE.
12584.490:0138:01a0:warn:vkd3d-proton:d3d12_device_QueryInterface: {0742a90b-c387-483f-b946-30a7e4e61458} not implemented, returning E_NOINTERFACE.
12584.492:0138:01a0:warn:vkd3d-proton:d3d12_device_QueryInterface: {0742a90b-c387-483f-b946-30a7e4e61458} not implemented, returning E_NOINTERFACE.
12584.522:0138:0198:warn:vkd3d-proton:d3d12_device_QueryInterface: {0742a90b-c387-483f-b946-30a7e4e61458} not implemented, returning E_NOINTERFACE.
12584.526:0138:0198:warn:vkd3d-proton:d3d12_device_QueryInterface: {0742a90b-c387-483f-b946-30a7e4e61458} not implemented, returning E_NOINTERFACE.
12584.564:0138:0198:warn:vkd3d-proton:d3d12_device_QueryInterface: {0742a90b-c387-483f-b946-30a7e4e61458} not implemented, returning E_NOINTERFACE.
12584.601:0138:0194:warn:vkd3d-proton:d3d12_device_QueryInterface: {0742a90b-c387-483f-b946-30a7e4e61458} not implemented, returning E_NOINTERFACE.
12584.634:0138:0198:warn:vkd3d-proton:d3d12_device_QueryInterface: {0742a90b-c387-483f-b946-30a7e4e61458} not implemented, returning E_NOINTERFACE.
12584.667:0138:019c:warn:vkd3d-proton:d3d12_device_QueryInterface: {0742a90b-c387-483f-b946-30a7e4e61458} not implemented, returning E_NOINTERFACE.
12584.702:0138:0198:warn:vkd3d-proton:d3d12_device_QueryInterface: {0742a90b-c387-483f-b946-30a7e4e61458} not implemented, returning E_NOINTERFACE.
12584.731:0138:019c:warn:vkd3d-proton:d3d12_device_QueryInterface: {0742a90b-c387-483f-b946-30a7e4e61458} not implemented, returning E_NOINTERFACE.
12584.767:0138:0198:warn:vkd3d-proton:d3d12_device_QueryInterface: {0742a90b-c387-483f-b946-30a7e4e61458} not implemented, returning E_NOINTERFACE.
12584.800:0138:0194:warn:vkd3d-proton:d3d12_device_QueryInterface: {0742a90b-c387-483f-b946-30a7e4e61458} not implemented, returning E_NOINTERFACE.
12584.836:0138:0198:warn:vkd3d-proton:d3d12_device_QueryInterface: {0742a90b-c387-483f-b946-30a7e4e61458} not implemented, returning E_NOINTERFACE.
12584.864:0138:0194:warn:vkd3d-proton:d3d12_device_QueryInterface: {0742a90b-c387-483f-b946-30a7e4e61458} not implemented, returning E_NOINTERFACE.
12584.899:0138:019c:warn:vkd3d-proton:d3d12_device_QueryInterface: {0742a90b-c387-483f-b946-30a7e4e61458} not implemented, returning E_NOINTERFACE.
12584.932:0138:01a0:warn:vkd3d-proton:d3d12_device_QueryInterface: {0742a90b-c387-483f-b946-30a7e4e61458} not implemented, returning E_NOINTERFACE.
12584.972:0138:0194:warn:vkd3d-proton:d3d12_device_QueryInterface: {0742a90b-c387-483f-b946-30a7e4e61458} not implemented, returning E_NOINTERFACE.
12585.012:0138:01a0:warn:vkd3d-proton:d3d12_device_QueryInterface: {0742a90b-c387-483f-b946-30a7e4e61458} not implemented, returning E_NOINTERFACE.
12585.036:0138:0194:warn:vkd3d-proton:d3d12_device_QueryInterface: {0742a90b-c387-483f-b946-30a7e4e61458} not implemented, returning E_NOINTERFACE.
12585.067:0138:01a0:warn:vkd3d-proton:d3d12_device_QueryInterface: {0742a90b-c387-483f-b946-30a7e4e61458} not implemented, returning E_NOINTERFACE.
12585.101:0138:0198:warn:vkd3d-proton:d3d12_device_QueryInterface: {0742a90b-c387-483f-b946-30a7e4e61458} not implemented, returning E_NOINTERFACE.
12585.141:0138:019c:warn:vkd3d-proton:d3d12_device_QueryInterface: {0742a90b-c387-483f-b946-30a7e4e61458} not implemented, returning E_NOINTERFACE.
12585.174:0138:0194:warn:vkd3d-proton:d3d12_device_QueryInterface: {0742a90b-c387-483f-b946-30a7e4e61458} not implemented, returning E_NOINTERFACE.
12585.204:0138:019c:warn:vkd3d-proton:d3d12_device_QueryInterface: {0742a90b-c387-483f-b946-30a7e4e61458} not implemented, returning E_NOINTERFACE.
12585.241:0138:0198:warn:vkd3d-proton:d3d12_device_QueryInterface: {0742a90b-c387-483f-b946-30a7e4e61458} not implemented, returning E_NOINTERFACE.
12585.278:0138:01a0:warn:vkd3d-proton:d3d12_device_QueryInterface: {0742a90b-c387-483f-b946-30a7e4e61458} not implemented, returning E_NOINTERFACE.
12585.319:0138:019c:warn:vkd3d-proton:d3d12_device_QueryInterface: {0742a90b-c387-483f-b946-30a7e4e61458} not implemented, returning E_NOINTERFACE.
12585.353:0138:0194:warn:vkd3d-proton:d3d12_device_QueryInterface: {0742a90b-c387-483f-b946-30a7e4e61458} not implemented, returning E_NOINTERFACE.
12585.388:0138:019c:warn:vkd3d-proton:d3d12_device_QueryInterface: {0742a90b-c387-483f-b946-30a7e4e61458} not implemented, returning E_NOINTERFACE.
12585.425:0138:0198:warn:vkd3d-proton:d3d12_device_QueryInterface: {0742a90b-c387-483f-b946-30a7e4e61458} not implemented, returning E_NOINTERFACE.
12585.461:0138:019c:warn:vkd3d-proton:d3d12_device_QueryInterface: {0742a90b-c387-483f-b946-30a7e4e61458} not implemented, returning E_NOINTERFACE.
12585.498:0138:0198:warn:vkd3d-proton:d3d12_device_QueryInterface: {0742a90b-c387-483f-b946-30a7e4e61458} not implemented, returning E_NOINTERFACE.
12585.537:0138:0194:warn:vkd3d-proton:d3d12_device_QueryInterface: {0742a90b-c387-483f-b946-30a7e4e61458} not implemented, returning E_NOINTERFACE.
12585.567:0138:019c:warn:vkd3d-proton:d3d12_device_QueryInterface: {0742a90b-c387-483f-b946-30a7e4e61458} not implemented, returning E_NOINTERFACE.
12585.603:0138:0198:warn:vkd3d-proton:d3d12_device_QueryInterface: {0742a90b-c387-483f-b946-30a7e4e61458} not implemented, returning E_NOINTERFACE.
12585.636:0138:019c:warn:vkd3d-proton:d3d12_device_QueryInterface: {0742a90b-c387-483f-b946-30a7e4e61458} not implemented, returning E_NOINTERFACE.
12585.674:0138:01a0:warn:vkd3d-proton:d3d12_device_QueryInterface: {0742a90b-c387-483f-b946-30a7e4e61458} not implemented, returning E_NOINTERFACE.
12585.705:0138:0198:warn:vkd3d-proton:d3d12_device_QueryInterface: {0742a90b-c387-483f-b946-30a7e4e61458} not implemented, returning E_NOINTERFACE.
12585.739:0138:01a0:warn:vkd3d-proton:d3d12_device_QueryInterface: {0742a90b-c387-483f-b946-30a7e4e61458} not implemented, returning E_NOINTERFACE.
12585.779:0138:019c:warn:vkd3d-proton:d3d12_device_QueryInterface: {0742a90b-c387-483f-b946-30a7e4e61458} not implemented, returning E_NOINTERFACE.
12585.813:0138:0198:warn:vkd3d-proton:d3d12_device_QueryInterface: {0742a90b-c387-483f-b946-30a7e4e61458} not implemented, returning E_NOINTERFACE.
12585.851:0138:01a0:warn:vkd3d-proton:d3d12_device_QueryInterface: {0742a90b-c387-483f-b946-30a7e4e61458} not implemented, returning E_NOINTERFACE.
12585.888:0138:019c:warn:vkd3d-proton:d3d12_device_QueryInterface: {0742a90b-c387-483f-b946-30a7e4e61458} not implemented, returning E_NOINTERFACE.
12585.921:0138:01a0:warn:vkd3d-proton:d3d12_device_QueryInterface: {0742a90b-c387-483f-b946-30a7e4e61458} not implemented, returning E_NOINTERFACE.
12585.951:0138:0194:warn:vkd3d-proton:d3d12_device_QueryInterface: {0742a90b-c387-483f-b946-30a7e4e61458} not implemented, returning E_NOINTERFACE.
12585.984:0138:019c:warn:vkd3d-proton:d3d12_device_QueryInterface: {0742a90b-c387-483f-b946-30a7e4e61458} not implemented, returning E_NOINTERFACE.
12586.024:0138:0194:warn:vkd3d-proton:d3d12_device_QueryInterface: {0742a90b-c387-483f-b946-30a7e4e61458} not implemented, returning E_NOINTERFACE.
12586.058:0138:0198:warn:vkd3d-proton:d3d12_device_QueryInterface: {0742a90b-c387-483f-b946-30a7e4e61458} not implemented, returning E_NOINTERFACE.
12586.087:0138:0194:warn:vkd3d-proton:d3d12_device_QueryInterface: {0742a90b-c387-483f-b946-30a7e4e61458} not implemented, returning E_NOINTERFACE.
12586.125:0138:019c:warn:vkd3d-proton:d3d12_device_QueryInterface: {0742a90b-c387-483f-b946-30a7e4e61458} not implemented, returning E_NOINTERFACE.
12586.164:0138:01a0:warn:vkd3d-proton:d3d12_device_QueryInterface: {0742a90b-c387-483f-b946-30a7e4e61458} not implemented, returning E_NOINTERFACE.
12586.191:0138:0198:warn:vkd3d-proton:d3d12_device_QueryInterface: {0742a90b-c387-483f-b946-30a7e4e61458} not implemented, returning E_NOINTERFACE.
12586.224:0138:0194:warn:vkd3d-proton:d3d12_device_QueryInterface: {0742a90b-c387-483f-b946-30a7e4e61458} not implemented, returning E_NOINTERFACE.
12586.262:0138:0198:warn:vkd3d-proton:d3d12_device_QueryInterface: {0742a90b-c387-483f-b946-30a7e4e61458} not implemented, returning E_NOINTERFACE.
12586.295:0138:0194:warn:vkd3d-proton:d3d12_device_QueryInterface: {0742a90b-c387-483f-b946-30a7e4e61458} not implemented, returning E_NOINTERFACE.
12586.324:0138:019c:warn:vkd3d-proton:d3d12_device_QueryInterface: {0742a90b-c387-483f-b946-30a7e4e61458} not implemented, returning E_NOINTERFACE.
12586.361:0138:0198:warn:vkd3d-proton:d3d12_device_QueryInterface: {0742a90b-c387-483f-b946-30a7e4e61458} not implemented, returning E_NOINTERFACE.
12586.391:0138:0194:warn:vkd3d-proton:d3d12_device_QueryInterface: {0742a90b-c387-483f-b946-30a7e4e61458} not implemented, returning E_NOINTERFACE.
12586.424:0138:019c:warn:vkd3d-proton:d3d12_device_QueryInterface: {0742a90b-c387-483f-b946-30a7e4e61458} not implemented, returning E_NOINTERFACE.
12586.463:0138:0198:warn:vkd3d-proton:d3d12_device_QueryInterface: {0742a90b-c387-483f-b946-30a7e4e61458} not implemented, returning E_NOINTERFACE.
12586.493:0138:019c:warn:vkd3d-proton:d3d12_device_QueryInterface: {0742a90b-c387-483f-b946-30a7e4e61458} not implemented, returning E_NOINTERFACE.
12586.526:0138:0198:warn:vkd3d-proton:d3d12_device_QueryInterface: {0742a90b-c387-483f-b946-30a7e4e61458} not implemented, returning E_NOINTERFACE.
12586.564:0138:019c:warn:vkd3d-proton:d3d12_device_QueryInterface: {0742a90b-c387-483f-b946-30a7e4e61458} not implemented, returning E_NOINTERFACE.
12586.597:0138:01a0:warn:vkd3d-proton:d3d12_device_QueryInterface: {0742a90b-c387-483f-b946-30a7e4e61458} not implemented, returning E_NOINTERFACE.
12586.631:0138:0194:warn:vkd3d-proton:d3d12_device_QueryInterface: {0742a90b-c387-483f-b946-30a7e4e61458} not implemented, returning E_NOINTERFACE.
12586.658:0138:019c:warn:vkd3d-proton:d3d12_device_QueryInterface: {0742a90b-c387-483f-b946-30a7e4e61458} not implemented, returning E_NOINTERFACE.
12586.701:0138:0198:warn:vkd3d-proton:d3d12_device_QueryInterface: {0742a90b-c387-483f-b946-30a7e4e61458} not implemented, returning E_NOINTERFACE.
12586.739:0138:019c:warn:vkd3d-proton:d3d12_device_QueryInterface: {0742a90b-c387-483f-b946-30a7e4e61458} not implemented, returning E_NOINTERFACE.
12586.775:0138:01a0:warn:vkd3d-proton:d3d12_device_QueryInterface: {0742a90b-c387-483f-b946-30a7e4e61458} not implemented, returning E_NOINTERFACE.
12586.808:0138:019c:warn:vkd3d-proton:d3d12_device_QueryInterface: {0742a90b-c387-483f-b946-30a7e4e61458} not implemented, returning E_NOINTERFACE.
12586.844:0138:0198:warn:vkd3d-proton:d3d12_device_QueryInterface: {0742a90b-c387-483f-b946-30a7e4e61458} not implemented, returning E_NOINTERFACE.
12586.883:0138:019c:warn:vkd3d-proton:d3d12_device_QueryInterface: {0742a90b-c387-483f-b946-30a7e4e61458} not implemented, returning E_NOINTERFACE.
12586.916:0138:01a0:warn:vkd3d-proton:d3d12_device_QueryInterface: {0742a90b-c387-483f-b946-30a7e4e61458} not implemented, returning E_NOINTERFACE.
12586.950:0138:0198:warn:vkd3d-proton:d3d12_device_QueryInterface: {0742a90b-c387-483f-b946-30a7e4e61458} not implemented, returning E_NOINTERFACE.
12586.987:0138:01a0:warn:vkd3d-proton:d3d12_device_QueryInterface: {0742a90b-c387-483f-b946-30a7e4e61458} not implemented, returning E_NOINTERFACE.
12587.014:0138:0198:warn:vkd3d-proton:d3d12_device_QueryInterface: {0742a90b-c387-483f-b946-30a7e4e61458} not implemented, returning E_NOINTERFACE.
12587.047:0138:01a0:warn:vkd3d-proton:d3d12_device_QueryInterface: {0742a90b-c387-483f-b946-30a7e4e61458} not implemented, returning E_NOINTERFACE.
12587.079:0138:0194:warn:vkd3d-proton:d3d12_device_QueryInterface: {0742a90b-c387-483f-b946-30a7e4e61458} not implemented, returning E_NOINTERFACE.
12587.102:0138:0198:warn:vkd3d-proton:d3d12_device_QueryInterface: {0742a90b-c387-483f-b946-30a7e4e61458} not implemented, returning E_NOINTERFACE.
12587.125:0138:0194:warn:vkd3d-proton:d3d12_device_QueryInterface: {0742a90b-c387-483f-b946-30a7e4e61458} not implemented, returning E_NOINTERFACE.
12587.153:0138:0198:warn:vkd3d-proton:d3d12_device_QueryInterface: {0742a90b-c387-483f-b946-30a7e4e61458} not implemented, returning E_NOINTERFACE.
12587.177:0138:01a0:warn:vkd3d-proton:d3d12_device_QueryInterface: {0742a90b-c387-483f-b946-30a7e4e61458} not implemented, returning E_NOINTERFACE.
12587.202:0138:019c:warn:vkd3d-proton:d3d12_device_QueryInterface: {0742a90b-c387-483f-b946-30a7e4e61458} not implemented, returning E_NOINTERFACE.
12587.225:0138:0194:warn:vkd3d-proton:d3d12_device_QueryInterface: {0742a90b-c387-483f-b946-30a7e4e61458} not implemented, returning E_NOINTERFACE.
12587.262:0138:0198:warn:vkd3d-proton:d3d12_device_QueryInterface: {0742a90b-c387-483f-b946-30a7e4e61458} not implemented, returning E_NOINTERFACE.
12587.297:0138:019c:warn:vkd3d-proton:d3d12_device_QueryInterface: {0742a90b-c387-483f-b946-30a7e4e61458} not implemented, returning E_NOINTERFACE.
12587.320:0138:0194:warn:vkd3d-proton:d3d12_device_QueryInterface: {0742a90b-c387-483f-b946-30a7e4e61458} not implemented, returning E_NOINTERFACE.
12587.352:0138:01a0:warn:vkd3d-proton:d3d12_device_QueryInterface: {0742a90b-c387-483f-b946-30a7e4e61458} not implemented, returning E_NOINTERFACE.
12587.386:0138:0198:warn:vkd3d-proton:d3d12_device_QueryInterface: {0742a90b-c387-483f-b946-30a7e4e61458} not implemented, returning E_NOINTERFACE.
12587.418:0138:0194:warn:vkd3d-proton:d3d12_device_QueryInterface: {0742a90b-c387-483f-b946-30a7e4e61458} not implemented, returning E_NOINTERFACE.
12587.451:0138:019c:warn:vkd3d-proton:d3d12_device_QueryInterface: {0742a90b-c387-483f-b946-30a7e4e61458} not implemented, returning E_NOINTERFACE.
12587.486:0138:0198:warn:vkd3d-proton:d3d12_device_QueryInterface: {0742a90b-c387-483f-b946-30a7e4e61458} not implemented, returning E_NOINTERFACE.
12587.514:0138:01a0:warn:vkd3d-proton:d3d12_device_QueryInterface: {0742a90b-c387-483f-b946-30a7e4e61458} not implemented, returning E_NOINTERFACE.
12587.552:0138:0198:warn:vkd3d-proton:d3d12_device_QueryInterface: {0742a90b-c387-483f-b946-30a7e4e61458} not implemented, returning E_NOINTERFACE.
12587.584:0138:019c:warn:vkd3d-proton:d3d12_device_QueryInterface: {0742a90b-c387-483f-b946-30a7e4e61458} not implemented, returning E_NOINTERFACE.
12587.617:0138:01a0:warn:vkd3d-proton:d3d12_device_QueryInterface: {0742a90b-c387-483f-b946-30a7e4e61458} not implemented, returning E_NOINTERFACE.
12587.656:0138:0194:warn:vkd3d-proton:d3d12_device_QueryInterface: {0742a90b-c387-483f-b946-30a7e4e61458} not implemented, returning E_NOINTERFACE.
12587.688:0138:01a0:warn:vkd3d-proton:d3d12_device_QueryInterface: {0742a90b-c387-483f-b946-30a7e4e61458} not implemented, returning E_NOINTERFACE.
12587.722:0138:0194:warn:vkd3d-proton:d3d12_device_QueryInterface: {0742a90b-c387-483f-b946-30a7e4e61458} not implemented, returning E_NOINTERFACE.
12587.756:0138:0198:warn:vkd3d-proton:d3d12_device_QueryInterface: {0742a90b-c387-483f-b946-30a7e4e61458} not implemented, returning E_NOINTERFACE.
12587.786:0138:01a0:warn:vkd3d-proton:d3d12_device_QueryInterface: {0742a90b-c387-483f-b946-30a7e4e61458} not implemented, returning E_NOINTERFACE.
12587.822:0138:019c:warn:vkd3d-proton:d3d12_device_QueryInterface: {0742a90b-c387-483f-b946-30a7e4e61458} not implemented, returning E_NOINTERFACE.
12587.860:0138:0194:warn:vkd3d-proton:d3d12_device_QueryInterface: {0742a90b-c387-483f-b946-30a7e4e61458} not implemented, returning E_NOINTERFACE.
12587.898:0138:01a0:warn:vkd3d-proton:d3d12_device_QueryInterface: {0742a90b-c387-483f-b946-30a7e4e61458} not implemented, returning E_NOINTERFACE.
12587.932:0138:019c:warn:vkd3d-proton:d3d12_device_QueryInterface: {0742a90b-c387-483f-b946-30a7e4e61458} not implemented, returning E_NOINTERFACE.
12587.968:0138:01a0:warn:vkd3d-proton:d3d12_device_QueryInterface: {0742a90b-c387-483f-b946-30a7e4e61458} not implemented, returning E_NOINTERFACE.
12587.997:0138:0194:warn:vkd3d-proton:d3d12_device_QueryInterface: {0742a90b-c387-483f-b946-30a7e4e61458} not implemented, returning E_NOINTERFACE.
12588.021:0138:0198:warn:vkd3d-proton:d3d12_device_QueryInterface: {0742a90b-c387-483f-b946-30a7e4e61458} not implemented, returning E_NOINTERFACE.
12588.048:0138:019c:warn:vkd3d-proton:d3d12_device_QueryInterface: {0742a90b-c387-483f-b946-30a7e4e61458} not implemented, returning E_NOINTERFACE.
12588.071:0138:01a0:warn:vkd3d-proton:d3d12_device_QueryInterface: {0742a90b-c387-483f-b946-30a7e4e61458} not implemented, returning E_NOINTERFACE.
12588.093:0138:019c:warn:vkd3d-proton:d3d12_device_QueryInterface: {0742a90b-c387-483f-b946-30a7e4e61458} not implemented, returning E_NOINTERFACE.
12588.095:0138:019c:warn:vkd3d-proton:d3d12_device_QueryInterface: {0742a90b-c387-483f-b946-30a7e4e61458} not implemented, returning E_NOINTERFACE.
12588.131:0138:0194:warn:vkd3d-proton:d3d12_device_QueryInterface: {0742a90b-c387-483f-b946-30a7e4e61458} not implemented, returning E_NOINTERFACE.
12588.154:0138:01a0:warn:vkd3d-proton:d3d12_device_QueryInterface: {0742a90b-c387-483f-b946-30a7e4e61458} not implemented, returning E_NOINTERFACE.
12588.156:0138:01a0:warn:vkd3d-proton:d3d12_device_QueryInterface: {0742a90b-c387-483f-b946-30a7e4e61458} not implemented, returning E_NOINTERFACE.
12588.166:0138:0194:warn:vkd3d-proton:d3d12_device_QueryInterface: {0742a90b-c387-483f-b946-30a7e4e61458} not implemented, returning E_NOINTERFACE.
12588.192:0138:0198:warn:vkd3d-proton:d3d12_device_QueryInterface: {0742a90b-c387-483f-b946-30a7e4e61458} not implemented, returning E_NOINTERFACE.
12588.194:0138:0198:warn:vkd3d-proton:d3d12_device_QueryInterface: {0742a90b-c387-483f-b946-30a7e4e61458} not implemented, returning E_NOINTERFACE.
12588.224:0138:019c:warn:vkd3d-proton:d3d12_device_QueryInterface: {0742a90b-c387-483f-b946-30a7e4e61458} not implemented, returning E_NOINTERFACE.
12588.228:0138:019c:warn:vkd3d-proton:d3d12_device_QueryInterface: {0742a90b-c387-483f-b946-30a7e4e61458} not implemented, returning E_NOINTERFACE.
12588.245:0138:0194:warn:vkd3d-proton:d3d12_device_QueryInterface: {0742a90b-c387-483f-b946-30a7e4e61458} not implemented, returning E_NOINTERFACE.
12588.270:0138:0198:warn:vkd3d-proton:d3d12_device_QueryInterface: {0742a90b-c387-483f-b946-30a7e4e61458} not implemented, returning E_NOINTERFACE.
12588.297:0138:019c:warn:vkd3d-proton:d3d12_device_QueryInterface: {0742a90b-c387-483f-b946-30a7e4e61458} not implemented, returning E_NOINTERFACE.
12588.301:0138:019c:warn:vkd3d-proton:d3d12_device_QueryInterface: {0742a90b-c387-483f-b946-30a7e4e61458} not implemented, returning E_NOINTERFACE.
12588.326:0138:0198:warn:vkd3d-proton:d3d12_device_QueryInterface: {0742a90b-c387-483f-b946-30a7e4e61458} not implemented, returning E_NOINTERFACE.
12588.331:0138:0198:warn:vkd3d-proton:d3d12_device_QueryInterface: {0742a90b-c387-483f-b946-30a7e4e61458} not implemented, returning E_NOINTERFACE.
12588.360:0138:01a0:warn:vkd3d-proton:d3d12_device_QueryInterface: {0742a90b-c387-483f-b946-30a7e4e61458} not implemented, returning E_NOINTERFACE.
12588.364:0138:01a0:warn:vkd3d-proton:d3d12_device_QueryInterface: {0742a90b-c387-483f-b946-30a7e4e61458} not implemented, returning E_NOINTERFACE.
12588.391:0138:0194:warn:vkd3d-proton:d3d12_device_QueryInterface: {0742a90b-c387-483f-b946-30a7e4e61458} not implemented, returning E_NOINTERFACE.
12588.398:0138:0198:warn:vkd3d-proton:d3d12_device_QueryInterface: {0742a90b-c387-483f-b946-30a7e4e61458} not implemented, returning E_NOINTERFACE.
12588.433:0138:019c:warn:vkd3d-proton:d3d12_device_QueryInterface: {0742a90b-c387-483f-b946-30a7e4e61458} not implemented, returning E_NOINTERFACE.
12588.459:0138:0198:warn:vkd3d-proton:d3d12_device_QueryInterface: {0742a90b-c387-483f-b946-30a7e4e61458} not implemented, returning E_NOINTERFACE.
12588.464:0138:0198:warn:vkd3d-proton:d3d12_device_QueryInterface: {0742a90b-c387-483f-b946-30a7e4e61458} not implemented, returning E_NOINTERFACE.
12588.490:0138:01a0:warn:vkd3d-proton:d3d12_device_QueryInterface: {0742a90b-c387-483f-b946-30a7e4e61458} not implemented, returning E_NOINTERFACE.
12588.492:0138:01a0:warn:vkd3d-proton:d3d12_device_QueryInterface: {0742a90b-c387-483f-b946-30a7e4e61458} not implemented, returning E_NOINTERFACE.
12588.500:0138:0194:warn:vkd3d-proton:d3d12_device_QueryInterface: {0742a90b-c387-483f-b946-30a7e4e61458} not implemented, returning E_NOINTERFACE.
12588.530:0138:019c:warn:vkd3d-proton:d3d12_device_QueryInterface: {0742a90b-c387-483f-b946-30a7e4e61458} not implemented, returning E_NOINTERFACE.
12588.533:0138:019c:warn:vkd3d-proton:d3d12_device_QueryInterface: {0742a90b-c387-483f-b946-30a7e4e61458} not implemented, returning E_NOINTERFACE.
12588.560:0138:01a0:warn:vkd3d-proton:d3d12_device_QueryInterface: {0742a90b-c387-483f-b946-30a7e4e61458} not implemented, returning E_NOINTERFACE.
12588.565:0138:01a0:warn:vkd3d-proton:d3d12_device_QueryInterface: {0742a90b-c387-483f-b946-30a7e4e61458} not implemented, returning E_NOINTERFACE.
12588.589:0138:0194:warn:vkd3d-proton:d3d12_device_QueryInterface: {0742a90b-c387-483f-b946-30a7e4e61458} not implemented, returning E_NOINTERFACE.
12588.599:0138:0194:warn:vkd3d-proton:d3d12_device_QueryInterface: {0742a90b-c387-483f-b946-30a7e4e61458} not implemented, returning E_NOINTERFACE.
12588.625:0138:019c:warn:vkd3d-proton:d3d12_device_QueryInterface: {0742a90b-c387-483f-b946-30a7e4e61458} not implemented, returning E_NOINTERFACE.
12588.630:0138:019c:warn:vkd3d-proton:d3d12_device_QueryInterface: {0742a90b-c387-483f-b946-30a7e4e61458} not implemented, returning E_NOINTERFACE.
12588.656:0138:0198:warn:vkd3d-proton:d3d12_device_QueryInterface: {0742a90b-c387-483f-b946-30a7e4e61458} not implemented, returning E_NOINTERFACE.
12588.666:0138:0198:warn:vkd3d-proton:d3d12_device_QueryInterface: {0742a90b-c387-483f-b946-30a7e4e61458} not implemented, returning E_NOINTERFACE.
12588.691:0138:019c:warn:vkd3d-proton:d3d12_device_QueryInterface: {0742a90b-c387-483f-b946-30a7e4e61458} not implemented, returning E_NOINTERFACE.
12588.700:0138:019c:warn:vkd3d-proton:d3d12_device_QueryInterface: {0742a90b-c387-483f-b946-30a7e4e61458} not implemented, returning E_NOINTERFACE.
12588.733:0138:0198:warn:vkd3d-proton:d3d12_device_QueryInterface: {0742a90b-c387-483f-b946-30a7e4e61458} not implemented, returning E_NOINTERFACE.
12588.765:0138:01a0:warn:vkd3d-proton:d3d12_device_QueryInterface: {0742a90b-c387-483f-b946-30a7e4e61458} not implemented, returning E_NOINTERFACE.
12588.768:0138:01a0:warn:vkd3d-proton:d3d12_device_QueryInterface: {0742a90b-c387-483f-b946-30a7e4e61458} not implemented, returning E_NOINTERFACE.
12588.804:0138:0198:warn:vkd3d-proton:d3d12_device_QueryInterface: {0742a90b-c387-483f-b946-30a7e4e61458} not implemented, returning E_NOINTERFACE.
12588.842:0138:01a0:warn:vkd3d-proton:d3d12_device_QueryInterface: {0742a90b-c387-483f-b946-30a7e4e61458} not implemented, returning E_NOINTERFACE.
12588.876:0138:0194:warn:vkd3d-proton:d3d12_device_QueryInterface: {0742a90b-c387-483f-b946-30a7e4e61458} not implemented, returning E_NOINTERFACE.
12588.912:0138:0198:warn:vkd3d-proton:d3d12_device_QueryInterface: {0742a90b-c387-483f-b946-30a7e4e61458} not implemented, returning E_NOINTERFACE.
12588.946:0138:019c:warn:vkd3d-proton:d3d12_device_QueryInterface: {0742a90b-c387-483f-b946-30a7e4e61458} not implemented, returning E_NOINTERFACE.
12588.978:0138:0194:warn:vkd3d-proton:d3d12_device_QueryInterface: {0742a90b-c387-483f-b946-30a7e4e61458} not implemented, returning E_NOINTERFACE.
12589.012:0138:019c:warn:vkd3d-proton:d3d12_device_QueryInterface: {0742a90b-c387-483f-b946-30a7e4e61458} not implemented, returning E_NOINTERFACE.
12589.050:0138:0194:warn:vkd3d-proton:d3d12_device_QueryInterface: {0742a90b-c387-483f-b946-30a7e4e61458} not implemented, returning E_NOINTERFACE.
12589.081:0138:0198:warn:vkd3d-proton:d3d12_device_QueryInterface: {0742a90b-c387-483f-b946-30a7e4e61458} not implemented, returning E_NOINTERFACE.
12589.120:0138:01a0:warn:vkd3d-proton:d3d12_device_QueryInterface: {0742a90b-c387-483f-b946-30a7e4e61458} not implemented, returning E_NOINTERFACE.
12589.154:0138:0194:warn:vkd3d-proton:d3d12_device_QueryInterface: {0742a90b-c387-483f-b946-30a7e4e61458} not implemented, returning E_NOINTERFACE.
12589.190:0138:019c:warn:vkd3d-proton:d3d12_device_QueryInterface: {0742a90b-c387-483f-b946-30a7e4e61458} not implemented, returning E_NOINTERFACE.
12589.226:0138:0198:warn:vkd3d-proton:d3d12_device_QueryInterface: {0742a90b-c387-483f-b946-30a7e4e61458} not implemented, returning E_NOINTERFACE.
12589.260:0138:01a0:warn:vkd3d-proton:d3d12_device_QueryInterface: {0742a90b-c387-483f-b946-30a7e4e61458} not implemented, returning E_NOINTERFACE.
12589.299:0138:019c:warn:vkd3d-proton:d3d12_device_QueryInterface: {0742a90b-c387-483f-b946-30a7e4e61458} not implemented, returning E_NOINTERFACE.
12589.334:0138:0198:warn:vkd3d-proton:d3d12_device_QueryInterface: {0742a90b-c387-483f-b946-30a7e4e61458} not implemented, returning E_NOINTERFACE.
12589.375:0138:0198:warn:vkd3d-proton:d3d12_device_QueryInterface: {0742a90b-c387-483f-b946-30a7e4e61458} not implemented, returning E_NOINTERFACE.
12589.410:0138:0194:warn:vkd3d-proton:d3d12_device_QueryInterface: {0742a90b-c387-483f-b946-30a7e4e61458} not implemented, returning E_NOINTERFACE.
12589.515:0138:0198:warn:vkd3d-proton:d3d12_device_QueryInterface: {0742a90b-c387-483f-b946-30a7e4e61458} not implemented, returning E_NOINTERFACE.
12589.614:0138:019c:warn:vkd3d-proton:d3d12_device_QueryInterface: {0742a90b-c387-483f-b946-30a7e4e61458} not implemented, returning E_NOINTERFACE.
12589.715:0138:0198:warn:vkd3d-proton:d3d12_device_QueryInterface: {0742a90b-c387-483f-b946-30a7e4e61458} not implemented, returning E_NOINTERFACE.
12589.825:0138:0194:warn:vkd3d-proton:d3d12_device_QueryInterface: {0742a90b-c387-483f-b946-30a7e4e61458} not implemented, returning E_NOINTERFACE.
12589.931:0138:019c:warn:vkd3d-proton:d3d12_device_QueryInterface: {0742a90b-c387-483f-b946-30a7e4e61458} not implemented, returning E_NOINTERFACE.
12590.054:0138:019c:warn:vkd3d-proton:d3d12_device_QueryInterface: {0742a90b-c387-483f-b946-30a7e4e61458} not implemented, returning E_NOINTERFACE.
12590.172:0138:0198:warn:vkd3d-proton:d3d12_device_QueryInterface: {0742a90b-c387-483f-b946-30a7e4e61458} not implemented, returning E_NOINTERFACE.
12590.295:0138:0194:warn:vkd3d-proton:d3d12_device_QueryInterface: {0742a90b-c387-483f-b946-30a7e4e61458} not implemented, returning E_NOINTERFACE.
12590.420:0138:01a0:warn:vkd3d-proton:d3d12_device_QueryInterface: {0742a90b-c387-483f-b946-30a7e4e61458} not implemented, returning E_NOINTERFACE.
12590.558:0138:019c:warn:vkd3d-proton:d3d12_device_QueryInterface: {0742a90b-c387-483f-b946-30a7e4e61458} not implemented, returning E_NOINTERFACE.
12590.692:0138:0198:warn:vkd3d-proton:d3d12_device_QueryInterface: {0742a90b-c387-483f-b946-30a7e4e61458} not implemented, returning E_NOINTERFACE.
12590.813:0138:01a0:warn:vkd3d-proton:d3d12_device_QueryInterface: {0742a90b-c387-483f-b946-30a7e4e61458} not implemented, returning E_NOINTERFACE.
12590.942:0138:0198:warn:vkd3d-proton:d3d12_device_QueryInterface: {0742a90b-c387-483f-b946-30a7e4e61458} not implemented, returning E_NOINTERFACE.
12591.046:0138:0194:warn:vkd3d-proton:d3d12_device_QueryInterface: {0742a90b-c387-483f-b946-30a7e4e61458} not implemented, returning E_NOINTERFACE.
12591.172:0138:019c:warn:vkd3d-proton:d3d12_device_QueryInterface: {0742a90b-c387-483f-b946-30a7e4e61458} not implemented, returning E_NOINTERFACE.
12591.290:0138:0198:warn:vkd3d-proton:d3d12_device_QueryInterface: {0742a90b-c387-483f-b946-30a7e4e61458} not implemented, returning E_NOINTERFACE.
12591.309:0138:01a0:warn:vkd3d-proton:d3d12_device_QueryInterface: {0742a90b-c387-483f-b946-30a7e4e61458} not implemented, returning E_NOINTERFACE.
12591.348:0138:0194:warn:vkd3d-proton:d3d12_device_QueryInterface: {0742a90b-c387-483f-b946-30a7e4e61458} not implemented, returning E_NOINTERFACE.
12591.385:0138:01a0:warn:vkd3d-proton:d3d12_device_QueryInterface: {0742a90b-c387-483f-b946-30a7e4e61458} not implemented, returning E_NOINTERFACE.
12591.411:0138:0198:warn:vkd3d-proton:d3d12_device_QueryInterface: {0742a90b-c387-483f-b946-30a7e4e61458} not implemented, returning E_NOINTERFACE.
12591.434:0138:0194:warn:vkd3d-proton:d3d12_device_QueryInterface: {0742a90b-c387-483f-b946-30a7e4e61458} not implemented, returning E_NOINTERFACE.
12591.467:0138:0198:warn:vkd3d-proton:d3d12_device_QueryInterface: {0742a90b-c387-483f-b946-30a7e4e61458} not implemented, returning E_NOINTERFACE.
12591.503:0138:019c:warn:vkd3d-proton:d3d12_device_QueryInterface: {0742a90b-c387-483f-b946-30a7e4e61458} not implemented, returning E_NOINTERFACE.
12591.535:0138:01a0:warn:vkd3d-proton:d3d12_device_QueryInterface: {0742a90b-c387-483f-b946-30a7e4e61458} not implemented, returning E_NOINTERFACE.
12591.567:0138:019c:warn:vkd3d-proton:d3d12_device_QueryInterface: {0742a90b-c387-483f-b946-30a7e4e61458} not implemented, returning E_NOINTERFACE.
12591.600:0138:0194:warn:vkd3d-proton:d3d12_device_QueryInterface: {0742a90b-c387-483f-b946-30a7e4e61458} not implemented, returning E_NOINTERFACE.
12591.631:0138:0198:warn:vkd3d-proton:d3d12_device_QueryInterface: {0742a90b-c387-483f-b946-30a7e4e61458} not implemented, returning E_NOINTERFACE.
12591.682:0138:019c:warn:vkd3d-proton:d3d12_device_QueryInterface: {0742a90b-c387-483f-b946-30a7e4e61458} not implemented, returning E_NOINTERFACE.
12591.718:0138:0198:warn:vkd3d-proton:d3d12_device_QueryInterface: {0742a90b-c387-483f-b946-30a7e4e61458} not implemented, returning E_NOINTERFACE.
12591.757:0138:019c:warn:vkd3d-proton:d3d12_device_QueryInterface: {0742a90b-c387-483f-b946-30a7e4e61458} not implemented, returning E_NOINTERFACE.
12591.794:0138:0194:warn:vkd3d-proton:d3d12_device_QueryInterface: {0742a90b-c387-483f-b946-30a7e4e61458} not implemented, returning E_NOINTERFACE.
12591.831:0138:0198:warn:vkd3d-proton:d3d12_device_QueryInterface: {0742a90b-c387-483f-b946-30a7e4e61458} not implemented, returning E_NOINTERFACE.
12591.870:0138:0198:warn:vkd3d-proton:d3d12_device_QueryInterface: {0742a90b-c387-483f-b946-30a7e4e61458} not implemented, returning E_NOINTERFACE.
12591.920:0138:0198:warn:vkd3d-proton:d3d12_device_QueryInterface: {0742a90b-c387-483f-b946-30a7e4e61458} not implemented, returning E_NOINTERFACE.
12591.946:0138:01a0:warn:vkd3d-proton:d3d12_device_QueryInterface: {0742a90b-c387-483f-b946-30a7e4e61458} not implemented, returning E_NOINTERFACE.
12592.021:0138:019c:warn:vkd3d-proton:d3d12_device_QueryInterface: {0742a90b-c387-483f-b946-30a7e4e61458} not implemented, returning E_NOINTERFACE.
12592.087:0138:0198:warn:vkd3d-proton:d3d12_device_QueryInterface: {0742a90b-c387-483f-b946-30a7e4e61458} not implemented, returning E_NOINTERFACE.
12592.115:0138:0198:warn:vkd3d-proton:d3d12_device_QueryInterface: {0742a90b-c387-483f-b946-30a7e4e61458} not implemented, returning E_NOINTERFACE.
12592.121:0138:0198:warn:vkd3d-proton:d3d12_device_QueryInterface: {0742a90b-c387-483f-b946-30a7e4e61458} not implemented, returning E_NOINTERFACE.
12592.134:0138:0198:warn:vkd3d-proton:d3d12_device_QueryInterface: {0742a90b-c387-483f-b946-30a7e4e61458} not implemented, returning E_NOINTERFACE.
12592.152:0138:0198:warn:vkd3d-proton:d3d12_device_QueryInterface: {0742a90b-c387-483f-b946-30a7e4e61458} not implemented, returning E_NOINTERFACE.
12592.192:0138:01a0:warn:vkd3d-proton:d3d12_device_QueryInterface: {0742a90b-c387-483f-b946-30a7e4e61458} not implemented, returning E_NOINTERFACE.
12592.216:0138:0194:warn:vkd3d-proton:d3d12_device_QueryInterface: {0742a90b-c387-483f-b946-30a7e4e61458} not implemented, returning E_NOINTERFACE.
12592.263:0138:0198:warn:vkd3d-proton:d3d12_device_QueryInterface: {0742a90b-c387-483f-b946-30a7e4e61458} not implemented, returning E_NOINTERFACE.
12592.300:0138:0194:warn:vkd3d-proton:d3d12_device_QueryInterface: {0742a90b-c387-483f-b946-30a7e4e61458} not implemented, returning E_NOINTERFACE.
12592.334:0138:01a0:warn:vkd3d-proton:d3d12_device_QueryInterface: {0742a90b-c387-483f-b946-30a7e4e61458} not implemented, returning E_NOINTERFACE.
12592.364:0138:0194:warn:vkd3d-proton:d3d12_device_QueryInterface: {0742a90b-c387-483f-b946-30a7e4e61458} not implemented, returning E_NOINTERFACE.
12592.395:0138:01a0:warn:vkd3d-proton:d3d12_device_QueryInterface: {0742a90b-c387-483f-b946-30a7e4e61458} not implemented, returning E_NOINTERFACE.
12592.436:0138:019c:warn:vkd3d-proton:d3d12_device_QueryInterface: {0742a90b-c387-483f-b946-30a7e4e61458} not implemented, returning E_NOINTERFACE.
12592.461:0138:01a0:warn:vkd3d-proton:d3d12_device_QueryInterface: {0742a90b-c387-483f-b946-30a7e4e61458} not implemented, returning E_NOINTERFACE.
12592.495:0138:019c:warn:vkd3d-proton:d3d12_device_QueryInterface: {0742a90b-c387-483f-b946-30a7e4e61458} not implemented, returning E_NOINTERFACE.
12592.518:0138:01a0:warn:vkd3d-proton:d3d12_device_QueryInterface: {0742a90b-c387-483f-b946-30a7e4e61458} not implemented, returning E_NOINTERFACE.
12592.547:0138:0194:warn:vkd3d-proton:d3d12_device_QueryInterface: {0742a90b-c387-483f-b946-30a7e4e61458} not implemented, returning E_NOINTERFACE.
12592.560:0138:0194:warn:vkd3d-proton:d3d12_device_QueryInterface: {0742a90b-c387-483f-b946-30a7e4e61458} not implemented, returning E_NOINTERFACE.
12592.601:0138:01a0:warn:vkd3d-proton:d3d12_device_QueryInterface: {0742a90b-c387-483f-b946-30a7e4e61458} not implemented, returning E_NOINTERFACE.
12592.640:0138:0198:warn:vkd3d-proton:d3d12_device_QueryInterface: {0742a90b-c387-483f-b946-30a7e4e61458} not implemented, returning E_NOINTERFACE.
12592.686:0138:0198:warn:vkd3d-proton:d3d12_device_QueryInterface: {0742a90b-c387-483f-b946-30a7e4e61458} not implemented, returning E_NOINTERFACE.
12592.731:0138:01a0:warn:vkd3d-proton:d3d12_device_QueryInterface: {0742a90b-c387-483f-b946-30a7e4e61458} not implemented, returning E_NOINTERFACE.
12592.770:0138:019c:warn:vkd3d-proton:d3d12_device_QueryInterface: {0742a90b-c387-483f-b946-30a7e4e61458} not implemented, returning E_NOINTERFACE.
12592.808:0138:019c:warn:vkd3d-proton:d3d12_device_QueryInterface: {0742a90b-c387-483f-b946-30a7e4e61458} not implemented, returning E_NOINTERFACE.
12592.847:0138:019c:warn:vkd3d-proton:d3d12_device_QueryInterface: {0742a90b-c387-483f-b946-30a7e4e61458} not implemented, returning E_NOINTERFACE.
12592.872:0138:019c:warn:vkd3d-proton:d3d12_device_QueryInterface: {0742a90b-c387-483f-b946-30a7e4e61458} not implemented, returning E_NOINTERFACE.
12592.974:0138:019c:warn:vkd3d-proton:d3d12_device_QueryInterface: {0742a90b-c387-483f-b946-30a7e4e61458} not implemented, returning E_NOINTERFACE.
12592.977:0138:019c:warn:vkd3d-proton:d3d12_device_QueryInterface: {0742a90b-c387-483f-b946-30a7e4e61458} not implemented, returning E_NOINTERFACE.
12593.020:0138:019c:warn:vkd3d-proton:d3d12_device_QueryInterface: {0742a90b-c387-483f-b946-30a7e4e61458} not implemented, returning E_NOINTERFACE.
12593.059:0138:01a0:warn:vkd3d-proton:d3d12_device_QueryInterface: {0742a90b-c387-483f-b946-30a7e4e61458} not implemented, returning E_NOINTERFACE.
12593.089:0138:0198:warn:vkd3d-proton:d3d12_device_QueryInterface: {0742a90b-c387-483f-b946-30a7e4e61458} not implemented, returning E_NOINTERFACE.
12593.123:0138:01a0:warn:vkd3d-proton:d3d12_device_QueryInterface: {0742a90b-c387-483f-b946-30a7e4e61458} not implemented, returning E_NOINTERFACE.
12593.154:0138:019c:warn:vkd3d-proton:d3d12_device_QueryInterface: {0742a90b-c387-483f-b946-30a7e4e61458} not implemented, returning E_NOINTERFACE.
12593.185:0138:0194:warn:vkd3d-proton:d3d12_device_QueryInterface: {0742a90b-c387-483f-b946-30a7e4e61458} not implemented, returning E_NOINTERFACE.
12593.232:0138:0198:warn:vkd3d-proton:d3d12_device_QueryInterface: {0742a90b-c387-483f-b946-30a7e4e61458} not implemented, returning E_NOINTERFACE.
12593.277:0138:0194:warn:vkd3d-proton:d3d12_device_QueryInterface: {0742a90b-c387-483f-b946-30a7e4e61458} not implemented, returning E_NOINTERFACE.
12593.317:0138:01a0:warn:vkd3d-proton:d3d12_device_QueryInterface: {0742a90b-c387-483f-b946-30a7e4e61458} not implemented, returning E_NOINTERFACE.
12593.346:0138:01a0:warn:vkd3d-proton:d3d12_device_QueryInterface: {0742a90b-c387-483f-b946-30a7e4e61458} not implemented, returning E_NOINTERFACE.
12593.350:0138:01a0:warn:vkd3d-proton:d3d12_device_QueryInterface: {0742a90b-c387-483f-b946-30a7e4e61458} not implemented, returning E_NOINTERFACE.
12593.370:0138:01a0:warn:vkd3d-proton:d3d12_device_QueryInterface: {0742a90b-c387-483f-b946-30a7e4e61458} not implemented, returning E_NOINTERFACE.
12593.392:0138:01a0:warn:vkd3d-proton:d3d12_device_QueryInterface: {0742a90b-c387-483f-b946-30a7e4e61458} not implemented, returning E_NOINTERFACE.
12593.423:0138:01a0:warn:vkd3d-proton:d3d12_device_QueryInterface: {0742a90b-c387-483f-b946-30a7e4e61458} not implemented, returning E_NOINTERFACE.
12593.461:0138:0194:warn:vkd3d-proton:d3d12_device_QueryInterface: {0742a90b-c387-483f-b946-30a7e4e61458} not implemented, returning E_NOINTERFACE.
12593.499:0138:019c:warn:vkd3d-proton:d3d12_device_QueryInterface: {0742a90b-c387-483f-b946-30a7e4e61458} not implemented, returning E_NOINTERFACE.
12593.534:0138:01a0:warn:vkd3d-proton:d3d12_device_QueryInterface: {0742a90b-c387-483f-b946-30a7e4e61458} not implemented, returning E_NOINTERFACE.
12593.569:0138:01a0:warn:vkd3d-proton:d3d12_device_QueryInterface: {0742a90b-c387-483f-b946-30a7e4e61458} not implemented, returning E_NOINTERFACE.
12593.602:0138:01a0:warn:vkd3d-proton:d3d12_device_QueryInterface: {0742a90b-c387-483f-b946-30a7e4e61458} not implemented, returning E_NOINTERFACE.
12593.626:0138:019c:warn:vkd3d-proton:d3d12_device_QueryInterface: {0742a90b-c387-483f-b946-30a7e4e61458} not implemented, returning E_NOINTERFACE.
12593.650:0138:019c:warn:vkd3d-proton:d3d12_device_QueryInterface: {0742a90b-c387-483f-b946-30a7e4e61458} not implemented, returning E_NOINTERFACE.
12593.673:0138:0198:warn:vkd3d-proton:d3d12_device_QueryInterface: {0742a90b-c387-483f-b946-30a7e4e61458} not implemented, returning E_NOINTERFACE.
12593.681:0138:0198:warn:vkd3d-proton:d3d12_device_QueryInterface: {0742a90b-c387-483f-b946-30a7e4e61458} not implemented, returning E_NOINTERFACE.
12593.705:0138:0198:warn:vkd3d-proton:d3d12_device_QueryInterface: {0742a90b-c387-483f-b946-30a7e4e61458} not implemented, returning E_NOINTERFACE.
12593.710:0138:0198:warn:vkd3d-proton:d3d12_device_QueryInterface: {0742a90b-c387-483f-b946-30a7e4e61458} not implemented, returning E_NOINTERFACE.
12593.737:0138:01a0:warn:vkd3d-proton:d3d12_device_QueryInterface: {0742a90b-c387-483f-b946-30a7e4e61458} not implemented, returning E_NOINTERFACE.
12593.744:0138:01a0:warn:vkd3d-proton:d3d12_device_QueryInterface: {0742a90b-c387-483f-b946-30a7e4e61458} not implemented, returning E_NOINTERFACE.
12593.754:0138:01a0:warn:vkd3d-proton:d3d12_device_QueryInterface: {0742a90b-c387-483f-b946-30a7e4e61458} not implemented, returning E_NOINTERFACE.
12593.791:0138:019c:warn:vkd3d-proton:d3d12_device_QueryInterface: {0742a90b-c387-483f-b946-30a7e4e61458} not implemented, returning E_NOINTERFACE.
12593.827:0138:0198:warn:vkd3d-proton:d3d12_device_QueryInterface: {0742a90b-c387-483f-b946-30a7e4e61458} not implemented, returning E_NOINTERFACE.
12593.857:0138:019c:warn:vkd3d-proton:d3d12_device_QueryInterface: {0742a90b-c387-483f-b946-30a7e4e61458} not implemented, returning E_NOINTERFACE.
12593.894:0138:0198:warn:vkd3d-proton:d3d12_device_QueryInterface: {0742a90b-c387-483f-b946-30a7e4e61458} not implemented, returning E_NOINTERFACE.
12593.923:0138:0194:warn:vkd3d-proton:d3d12_device_QueryInterface: {0742a90b-c387-483f-b946-30a7e4e61458} not implemented, returning E_NOINTERFACE.
12593.951:0138:0194:warn:vkd3d-proton:d3d12_device_QueryInterface: {0742a90b-c387-483f-b946-30a7e4e61458} not implemented, returning E_NOINTERFACE.
12593.988:0138:0194:warn:vkd3d-proton:d3d12_device_QueryInterface: {0742a90b-c387-483f-b946-30a7e4e61458} not implemented, returning E_NOINTERFACE.
12594.022:0138:0194:warn:vkd3d-proton:d3d12_device_QueryInterface: {0742a90b-c387-483f-b946-30a7e4e61458} not implemented, returning E_NOINTERFACE.
12594.055:0138:019c:warn:vkd3d-proton:d3d12_device_QueryInterface: {0742a90b-c387-483f-b946-30a7e4e61458} not implemented, returning E_NOINTERFACE.
12594.090:0138:019c:warn:vkd3d-proton:d3d12_device_QueryInterface: {0742a90b-c387-483f-b946-30a7e4e61458} not implemented, returning E_NOINTERFACE.
12594.124:0138:0194:warn:vkd3d-proton:d3d12_device_QueryInterface: {0742a90b-c387-483f-b946-30a7e4e61458} not implemented, returning E_NOINTERFACE.
12594.179:0138:01a0:warn:vkd3d-proton:d3d12_device_QueryInterface: {0742a90b-c387-483f-b946-30a7e4e61458} not implemented, returning E_NOINTERFACE.
12594.204:0138:0198:warn:vkd3d-proton:d3d12_device_QueryInterface: {0742a90b-c387-483f-b946-30a7e4e61458} not implemented, returning E_NOINTERFACE.
12594.235:0138:01a0:warn:vkd3d-proton:d3d12_device_QueryInterface: {0742a90b-c387-483f-b946-30a7e4e61458} not implemented, returning E_NOINTERFACE.
12594.265:0138:019c:warn:vkd3d-proton:d3d12_device_QueryInterface: {0742a90b-c387-483f-b946-30a7e4e61458} not implemented, returning E_NOINTERFACE.
12594.302:0138:01a0:warn:vkd3d-proton:d3d12_device_QueryInterface: {0742a90b-c387-483f-b946-30a7e4e61458} not implemented, returning E_NOINTERFACE.
12594.331:0138:0198:warn:vkd3d-proton:d3d12_device_QueryInterface: {0742a90b-c387-483f-b946-30a7e4e61458} not implemented, returning E_NOINTERFACE.
12594.365:0138:0194:warn:vkd3d-proton:d3d12_device_QueryInterface: {0742a90b-c387-483f-b946-30a7e4e61458} not implemented, returning E_NOINTERFACE.
12594.400:0138:019c:warn:vkd3d-proton:d3d12_device_QueryInterface: {0742a90b-c387-483f-b946-30a7e4e61458} not implemented, returning E_NOINTERFACE.
12594.435:0138:01a0:warn:vkd3d-proton:d3d12_device_QueryInterface: {0742a90b-c387-483f-b946-30a7e4e61458} not implemented, returning E_NOINTERFACE.
12594.474:0138:0198:warn:vkd3d-proton:d3d12_device_QueryInterface: {0742a90b-c387-483f-b946-30a7e4e61458} not implemented, returning E_NOINTERFACE.
12594.511:0138:01a0:warn:vkd3d-proton:d3d12_device_QueryInterface: {0742a90b-c387-483f-b946-30a7e4e61458} not implemented, returning E_NOINTERFACE.
12594.548:0138:0198:warn:vkd3d-proton:d3d12_device_QueryInterface: {0742a90b-c387-483f-b946-30a7e4e61458} not implemented, returning E_NOINTERFACE.
12594.583:0138:01a0:warn:vkd3d-proton:d3d12_device_QueryInterface: {0742a90b-c387-483f-b946-30a7e4e61458} not implemented, returning E_NOINTERFACE.
12594.618:0138:019c:warn:vkd3d-proton:d3d12_device_QueryInterface: {0742a90b-c387-483f-b946-30a7e4e61458} not implemented, returning E_NOINTERFACE.
12594.649:0138:0198:warn:vkd3d-proton:d3d12_device_QueryInterface: {0742a90b-c387-483f-b946-30a7e4e61458} not implemented, returning E_NOINTERFACE.
12594.682:0138:019c:warn:vkd3d-proton:d3d12_device_QueryInterface: {0742a90b-c387-483f-b946-30a7e4e61458} not implemented, returning E_NOINTERFACE.
12594.716:0138:0198:warn:vkd3d-proton:d3d12_device_QueryInterface: {0742a90b-c387-483f-b946-30a7e4e61458} not implemented, returning E_NOINTERFACE.
12594.755:0138:0194:warn:vkd3d-proton:d3d12_device_QueryInterface: {0742a90b-c387-483f-b946-30a7e4e61458} not implemented, returning E_NOINTERFACE.
12594.792:0138:019c:warn:vkd3d-proton:d3d12_device_QueryInterface: {0742a90b-c387-483f-b946-30a7e4e61458} not implemented, returning E_NOINTERFACE.
12594.829:0138:0194:warn:vkd3d-proton:d3d12_device_QueryInterface: {0742a90b-c387-483f-b946-30a7e4e61458} not implemented, returning E_NOINTERFACE.
12594.867:0138:0198:warn:vkd3d-proton:d3d12_device_QueryInterface: {0742a90b-c387-483f-b946-30a7e4e61458} not implemented, returning E_NOINTERFACE.
12594.915:0138:0198:warn:vkd3d-proton:d3d12_device_QueryInterface: {0742a90b-c387-483f-b946-30a7e4e61458} not implemented, returning E_NOINTERFACE.
12594.943:0138:019c:warn:vkd3d-proton:d3d12_device_QueryInterface: {0742a90b-c387-483f-b946-30a7e4e61458} not implemented, returning E_NOINTERFACE.
12594.990:0138:0194:warn:vkd3d-proton:d3d12_device_QueryInterface: {0742a90b-c387-483f-b946-30a7e4e61458} not implemented, returning E_NOINTERFACE.
12595.024:0138:0198:warn:vkd3d-proton:d3d12_device_QueryInterface: {0742a90b-c387-483f-b946-30a7e4e61458} not implemented, returning E_NOINTERFACE.
12595.056:0138:01a0:warn:vkd3d-proton:d3d12_device_QueryInterface: {0742a90b-c387-483f-b946-30a7e4e61458} not implemented, returning E_NOINTERFACE.
12595.093:0138:0194:warn:vkd3d-proton:d3d12_device_QueryInterface: {0742a90b-c387-483f-b946-30a7e4e61458} not implemented, returning E_NOINTERFACE.
12595.130:0138:0198:warn:vkd3d-proton:d3d12_device_QueryInterface: {0742a90b-c387-483f-b946-30a7e4e61458} not implemented, returning E_NOINTERFACE.
12595.167:0138:0194:warn:vkd3d-proton:d3d12_device_QueryInterface: {0742a90b-c387-483f-b946-30a7e4e61458} not implemented, returning E_NOINTERFACE.
12595.206:0138:019c:warn:vkd3d-proton:d3d12_device_QueryInterface: {0742a90b-c387-483f-b946-30a7e4e61458} not implemented, returning E_NOINTERFACE.
12595.241:0138:0194:warn:vkd3d-proton:d3d12_device_QueryInterface: {0742a90b-c387-483f-b946-30a7e4e61458} not implemented, returning E_NOINTERFACE.
12595.273:0138:01a0:warn:vkd3d-proton:d3d12_device_QueryInterface: {0742a90b-c387-483f-b946-30a7e4e61458} not implemented, returning E_NOINTERFACE.
12595.310:0138:01a0:warn:vkd3d-proton:d3d12_device_QueryInterface: {0742a90b-c387-483f-b946-30a7e4e61458} not implemented, returning E_NOINTERFACE.
12595.345:0138:0198:warn:vkd3d-proton:d3d12_device_QueryInterface: {0742a90b-c387-483f-b946-30a7e4e61458} not implemented, returning E_NOINTERFACE.
12595.379:0138:01a0:warn:vkd3d-proton:d3d12_device_QueryInterface: {0742a90b-c387-483f-b946-30a7e4e61458} not implemented, returning E_NOINTERFACE.
12595.415:0138:0194:warn:vkd3d-proton:d3d12_device_QueryInterface: {0742a90b-c387-483f-b946-30a7e4e61458} not implemented, returning E_NOINTERFACE.
12595.454:0138:0198:warn:vkd3d-proton:d3d12_device_QueryInterface: {0742a90b-c387-483f-b946-30a7e4e61458} not implemented, returning E_NOINTERFACE.
12595.496:0138:0194:warn:vkd3d-proton:d3d12_device_QueryInterface: {0742a90b-c387-483f-b946-30a7e4e61458} not implemented, returning E_NOINTERFACE.
12595.532:0138:01a0:warn:vkd3d-proton:d3d12_device_QueryInterface: {0742a90b-c387-483f-b946-30a7e4e61458} not implemented, returning E_NOINTERFACE.
12595.566:0138:019c:warn:vkd3d-proton:d3d12_device_QueryInterface: {0742a90b-c387-483f-b946-30a7e4e61458} not implemented, returning E_NOINTERFACE.
12595.590:0138:0198:warn:vkd3d-proton:d3d12_device_QueryInterface: {0742a90b-c387-483f-b946-30a7e4e61458} not implemented, returning E_NOINTERFACE.
12595.634:0138:0194:warn:vkd3d-proton:d3d12_device_QueryInterface: {0742a90b-c387-483f-b946-30a7e4e61458} not implemented, returning E_NOINTERFACE.
12595.665:0138:0198:warn:vkd3d-proton:d3d12_device_QueryInterface: {0742a90b-c387-483f-b946-30a7e4e61458} not implemented, returning E_NOINTERFACE.
12595.703:0138:01a0:warn:vkd3d-proton:d3d12_device_QueryInterface: {0742a90b-c387-483f-b946-30a7e4e61458} not implemented, returning E_NOINTERFACE.
12595.760:0138:0194:warn:vkd3d-proton:d3d12_device_QueryInterface: {0742a90b-c387-483f-b946-30a7e4e61458} not implemented, returning E_NOINTERFACE.
12595.772:0138:0194:warn:vkd3d-proton:d3d12_device_QueryInterface: {0742a90b-c387-483f-b946-30a7e4e61458} not implemented, returning E_NOINTERFACE.
12595.784:0138:0194:warn:vkd3d-proton:d3d12_device_QueryInterface: {0742a90b-c387-483f-b946-30a7e4e61458} not implemented, returning E_NOINTERFACE.
12595.794:0138:0194:warn:vkd3d-proton:d3d12_device_QueryInterface: {0742a90b-c387-483f-b946-30a7e4e61458} not implemented, returning E_NOINTERFACE.
12595.847:0138:01a0:warn:vkd3d-proton:d3d12_device_QueryInterface: {0742a90b-c387-483f-b946-30a7e4e61458} not implemented, returning E_NOINTERFACE.
12595.879:0138:019c:warn:vkd3d-proton:d3d12_device_QueryInterface: {0742a90b-c387-483f-b946-30a7e4e61458} not implemented, returning E_NOINTERFACE.
12595.976:0138:019c:warn:vkd3d-proton:d3d12_device_QueryInterface: {0742a90b-c387-483f-b946-30a7e4e61458} not implemented, returning E_NOINTERFACE.
12596.030:0138:019c:warn:vkd3d-proton:d3d12_device_QueryInterface: {0742a90b-c387-483f-b946-30a7e4e61458} not implemented, returning E_NOINTERFACE.
12596.135:0138:0198:warn:vkd3d-proton:d3d12_device_QueryInterface: {0742a90b-c387-483f-b946-30a7e4e61458} not implemented, returning E_NOINTERFACE.
12596.159:0138:0194:warn:vkd3d-proton:d3d12_device_QueryInterface: {0742a90b-c387-483f-b946-30a7e4e61458} not implemented, returning E_NOINTERFACE.
12596.166:0138:0194:warn:vkd3d-proton:d3d12_device_QueryInterface: {0742a90b-c387-483f-b946-30a7e4e61458} not implemented, returning E_NOINTERFACE.
12596.171:0138:0194:warn:vkd3d-proton:d3d12_device_QueryInterface: {0742a90b-c387-483f-b946-30a7e4e61458} not implemented, returning E_NOINTERFACE.
12596.187:0138:0194:warn:vkd3d-proton:d3d12_device_QueryInterface: {0742a90b-c387-483f-b946-30a7e4e61458} not implemented, returning E_NOINTERFACE.
12596.222:0138:0194:warn:vkd3d-proton:d3d12_device_QueryInterface: {0742a90b-c387-483f-b946-30a7e4e61458} not implemented, returning E_NOINTERFACE.
12596.247:0138:0194:warn:vkd3d-proton:d3d12_device_QueryInterface: {0742a90b-c387-483f-b946-30a7e4e61458} not implemented, returning E_NOINTERFACE.
12596.251:0138:0194:warn:vkd3d-proton:d3d12_device_QueryInterface: {0742a90b-c387-483f-b946-30a7e4e61458} not implemented, returning E_NOINTERFACE.
12596.288:0138:0198:warn:vkd3d-proton:d3d12_device_QueryInterface: {0742a90b-c387-483f-b946-30a7e4e61458} not implemented, returning E_NOINTERFACE.
12596.327:0138:0198:warn:vkd3d-proton:d3d12_device_QueryInterface: {0742a90b-c387-483f-b946-30a7e4e61458} not implemented, returning E_NOINTERFACE.
12596.362:0138:019c:warn:vkd3d-proton:d3d12_device_QueryInterface: {0742a90b-c387-483f-b946-30a7e4e61458} not implemented, returning E_NOINTERFACE.
12596.403:0138:019c:warn:vkd3d-proton:d3d12_device_QueryInterface: {0742a90b-c387-483f-b946-30a7e4e61458} not implemented, returning E_NOINTERFACE.
12596.445:0138:0194:warn:vkd3d-proton:d3d12_device_QueryInterface: {0742a90b-c387-483f-b946-30a7e4e61458} not implemented, returning E_NOINTERFACE.
12596.491:0138:0194:warn:vkd3d-proton:d3d12_device_QueryInterface: {0742a90b-c387-483f-b946-30a7e4e61458} not implemented, returning E_NOINTERFACE.
12596.516:0138:0198:warn:vkd3d-proton:d3d12_device_QueryInterface: {0742a90b-c387-483f-b946-30a7e4e61458} not implemented, returning E_NOINTERFACE.
12596.539:0138:01a0:warn:vkd3d-proton:d3d12_device_QueryInterface: {0742a90b-c387-483f-b946-30a7e4e61458} not implemented, returning E_NOINTERFACE.
12596.567:0138:019c:warn:vkd3d-proton:d3d12_device_QueryInterface: {0742a90b-c387-483f-b946-30a7e4e61458} not implemented, returning E_NOINTERFACE.
12596.596:0138:01a0:warn:vkd3d-proton:d3d12_device_QueryInterface: {0742a90b-c387-483f-b946-30a7e4e61458} not implemented, returning E_NOINTERFACE.
12596.621:0138:01a0:warn:vkd3d-proton:d3d12_device_QueryInterface: {0742a90b-c387-483f-b946-30a7e4e61458} not implemented, returning E_NOINTERFACE.
12596.651:0138:0198:warn:vkd3d-proton:d3d12_device_QueryInterface: {0742a90b-c387-483f-b946-30a7e4e61458} not implemented, returning E_NOINTERFACE.
12596.657:0138:0198:warn:vkd3d-proton:d3d12_device_QueryInterface: {0742a90b-c387-483f-b946-30a7e4e61458} not implemented, returning E_NOINTERFACE.
12596.698:0138:0194:warn:vkd3d-proton:d3d12_device_QueryInterface: {0742a90b-c387-483f-b946-30a7e4e61458} not implemented, returning E_NOINTERFACE.
12596.723:0138:0198:warn:vkd3d-proton:d3d12_device_QueryInterface: {0742a90b-c387-483f-b946-30a7e4e61458} not implemented, returning E_NOINTERFACE.
12596.750:0138:0198:warn:vkd3d-proton:d3d12_device_QueryInterface: {0742a90b-c387-483f-b946-30a7e4e61458} not implemented, returning E_NOINTERFACE.
12596.753:0138:0198:warn:vkd3d-proton:d3d12_device_QueryInterface: {0742a90b-c387-483f-b946-30a7e4e61458} not implemented, returning E_NOINTERFACE.
12596.781:0138:0198:warn:vkd3d-proton:d3d12_device_QueryInterface: {0742a90b-c387-483f-b946-30a7e4e61458} not implemented, returning E_NOINTERFACE.
12596.791:0138:0198:warn:vkd3d-proton:d3d12_device_QueryInterface: {0742a90b-c387-483f-b946-30a7e4e61458} not implemented, returning E_NOINTERFACE.
12596.841:0138:0198:warn:vkd3d-proton:d3d12_device_QueryInterface: {0742a90b-c387-483f-b946-30a7e4e61458} not implemented, returning E_NOINTERFACE.
12596.866:0138:0194:warn:vkd3d-proton:d3d12_device_QueryInterface: {0742a90b-c387-483f-b946-30a7e4e61458} not implemented, returning E_NOINTERFACE.
12596.898:0138:019c:warn:vkd3d-proton:d3d12_device_QueryInterface: {0742a90b-c387-483f-b946-30a7e4e61458} not implemented, returning E_NOINTERFACE.
12596.923:0138:0198:warn:vkd3d-proton:d3d12_device_QueryInterface: {0742a90b-c387-483f-b946-30a7e4e61458} not implemented, returning E_NOINTERFACE.
12596.970:0138:01a0:warn:vkd3d-proton:d3d12_device_QueryInterface: {0742a90b-c387-483f-b946-30a7e4e61458} not implemented, returning E_NOINTERFACE.
12597.000:0138:01a0:warn:vkd3d-proton:d3d12_device_QueryInterface: {0742a90b-c387-483f-b946-30a7e4e61458} not implemented, returning E_NOINTERFACE.
12597.026:0138:019c:warn:vkd3d-proton:d3d12_device_QueryInterface: {0742a90b-c387-483f-b946-30a7e4e61458} not implemented, returning E_NOINTERFACE.
12597.049:0138:0194:warn:vkd3d-proton:d3d12_device_QueryInterface: {0742a90b-c387-483f-b946-30a7e4e61458} not implemented, returning E_NOINTERFACE.
12597.051:0138:0194:warn:vkd3d-proton:d3d12_device_QueryInterface: {0742a90b-c387-483f-b946-30a7e4e61458} not implemented, returning E_NOINTERFACE.
12597.102:0138:0194:warn:vkd3d-proton:d3d12_device_QueryInterface: {0742a90b-c387-483f-b946-30a7e4e61458} not implemented, returning E_NOINTERFACE.
12597.135:0138:01a0:warn:vkd3d-proton:d3d12_device_QueryInterface: {0742a90b-c387-483f-b946-30a7e4e61458} not implemented, returning E_NOINTERFACE.
12597.159:0138:0194:warn:vkd3d-proton:d3d12_device_QueryInterface: {0742a90b-c387-483f-b946-30a7e4e61458} not implemented, returning E_NOINTERFACE.
12597.195:0138:0194:warn:vkd3d-proton:d3d12_device_QueryInterface: {0742a90b-c387-483f-b946-30a7e4e61458} not implemented, returning E_NOINTERFACE.
12597.225:0138:019c:warn:vkd3d-proton:d3d12_device_QueryInterface: {0742a90b-c387-483f-b946-30a7e4e61458} not implemented, returning E_NOINTERFACE.
12597.234:0138:019c:warn:vkd3d-proton:d3d12_device_QueryInterface: {0742a90b-c387-483f-b946-30a7e4e61458} not implemented, returning E_NOINTERFACE.
12597.265:0138:0198:warn:vkd3d-proton:d3d12_device_QueryInterface: {0742a90b-c387-483f-b946-30a7e4e61458} not implemented, returning E_NOINTERFACE.
12597.291:0138:019c:warn:vkd3d-proton:d3d12_device_QueryInterface: {0742a90b-c387-483f-b946-30a7e4e61458} not implemented, returning E_NOINTERFACE.
12597.295:0138:019c:warn:vkd3d-proton:d3d12_device_QueryInterface: {0742a90b-c387-483f-b946-30a7e4e61458} not implemented, returning E_NOINTERFACE.
12597.338:0138:019c:warn:vkd3d-proton:d3d12_device_QueryInterface: {0742a90b-c387-483f-b946-30a7e4e61458} not implemented, returning E_NOINTERFACE.
12597.362:0138:019c:warn:vkd3d-proton:d3d12_device_QueryInterface: {0742a90b-c387-483f-b946-30a7e4e61458} not implemented, returning E_NOINTERFACE.
12597.393:0138:019c:warn:vkd3d-proton:d3d12_device_QueryInterface: {0742a90b-c387-483f-b946-30a7e4e61458} not implemented, returning E_NOINTERFACE.
12597.429:0138:0194:warn:vkd3d-proton:d3d12_device_QueryInterface: {0742a90b-c387-483f-b946-30a7e4e61458} not implemented, returning E_NOINTERFACE.
12597.452:0138:01a0:warn:vkd3d-proton:d3d12_device_QueryInterface: {0742a90b-c387-483f-b946-30a7e4e61458} not implemented, returning E_NOINTERFACE.
12597.469:0138:01a0:warn:vkd3d-proton:d3d12_device_QueryInterface: {0742a90b-c387-483f-b946-30a7e4e61458} not implemented, returning E_NOINTERFACE.
12597.493:0138:019c:warn:vkd3d-proton:d3d12_device_QueryInterface: {0742a90b-c387-483f-b946-30a7e4e61458} not implemented, returning E_NOINTERFACE.
12597.500:0138:019c:warn:vkd3d-proton:d3d12_device_QueryInterface: {0742a90b-c387-483f-b946-30a7e4e61458} not implemented, returning E_NOINTERFACE.
12597.537:0138:0198:warn:vkd3d-proton:d3d12_device_QueryInterface: {0742a90b-c387-483f-b946-30a7e4e61458} not implemented, returning E_NOINTERFACE.
12597.580:0138:019c:warn:vkd3d-proton:d3d12_device_QueryInterface: {0742a90b-c387-483f-b946-30a7e4e61458} not implemented, returning E_NOINTERFACE.
12597.599:0138:0198:warn:vkd3d-proton:d3d12_device_QueryInterface: {0742a90b-c387-483f-b946-30a7e4e61458} not implemented, returning E_NOINTERFACE.
12597.622:0138:0194:warn:vkd3d-proton:d3d12_device_QueryInterface: {0742a90b-c387-483f-b946-30a7e4e61458} not implemented, returning E_NOINTERFACE.
12597.626:0138:0194:warn:vkd3d-proton:d3d12_device_QueryInterface: {0742a90b-c387-483f-b946-30a7e4e61458} not implemented, returning E_NOINTERFACE.
12597.660:0138:0198:warn:vkd3d-proton:d3d12_device_QueryInterface: {0742a90b-c387-483f-b946-30a7e4e61458} not implemented, returning E_NOINTERFACE.
12597.705:0138:01a0:warn:vkd3d-proton:d3d12_device_QueryInterface: {0742a90b-c387-483f-b946-30a7e4e61458} not implemented, returning E_NOINTERFACE.
12597.746:0138:01a0:warn:vkd3d-proton:d3d12_device_QueryInterface: {0742a90b-c387-483f-b946-30a7e4e61458} not implemented, returning E_NOINTERFACE.
12597.773:0138:019c:warn:vkd3d-proton:d3d12_device_QueryInterface: {0742a90b-c387-483f-b946-30a7e4e61458} not implemented, returning E_NOINTERFACE.
12597.816:0138:01a0:warn:vkd3d-proton:d3d12_device_QueryInterface: {0742a90b-c387-483f-b946-30a7e4e61458} not implemented, returning E_NOINTERFACE.
12597.858:0138:01a0:warn:vkd3d-proton:d3d12_device_QueryInterface: {0742a90b-c387-483f-b946-30a7e4e61458} not implemented, returning E_NOINTERFACE.
12597.890:0138:01a0:warn:vkd3d-proton:d3d12_device_QueryInterface: {0742a90b-c387-483f-b946-30a7e4e61458} not implemented, returning E_NOINTERFACE.
12597.925:0138:0198:warn:vkd3d-proton:d3d12_device_QueryInterface: {0742a90b-c387-483f-b946-30a7e4e61458} not implemented, returning E_NOINTERFACE.
12597.956:0138:0198:warn:vkd3d-proton:d3d12_device_QueryInterface: {0742a90b-c387-483f-b946-30a7e4e61458} not implemented, returning E_NOINTERFACE.
12597.984:0138:0194:warn:vkd3d-proton:d3d12_device_QueryInterface: {0742a90b-c387-483f-b946-30a7e4e61458} not implemented, returning E_NOINTERFACE.
12598.018:0138:01a0:warn:vkd3d-proton:d3d12_device_QueryInterface: {0742a90b-c387-483f-b946-30a7e4e61458} not implemented, returning E_NOINTERFACE.
12598.057:0138:01a0:warn:vkd3d-proton:d3d12_device_QueryInterface: {0742a90b-c387-483f-b946-30a7e4e61458} not implemented, returning E_NOINTERFACE.
12598.079:0138:019c:warn:vkd3d-proton:d3d12_device_QueryInterface: {0742a90b-c387-483f-b946-30a7e4e61458} not implemented, returning E_NOINTERFACE.
12598.108:0138:019c:warn:vkd3d-proton:d3d12_device_QueryInterface: {0742a90b-c387-483f-b946-30a7e4e61458} not implemented, returning E_NOINTERFACE.
12598.132:0138:019c:warn:vkd3d-proton:d3d12_device_QueryInterface: {0742a90b-c387-483f-b946-30a7e4e61458} not implemented, returning E_NOINTERFACE.
12598.158:0138:0194:warn:vkd3d-proton:d3d12_device_QueryInterface: {0742a90b-c387-483f-b946-30a7e4e61458} not implemented, returning E_NOINTERFACE.
12598.182:0138:019c:warn:vkd3d-proton:d3d12_device_QueryInterface: {0742a90b-c387-483f-b946-30a7e4e61458} not implemented, returning E_NOINTERFACE.
12598.189:0138:0198:warn:vkd3d-proton:d3d12_device_QueryInterface: {0742a90b-c387-483f-b946-30a7e4e61458} not implemented, returning E_NOINTERFACE.
12598.221:0138:0198:warn:vkd3d-proton:d3d12_device_QueryInterface: {0742a90b-c387-483f-b946-30a7e4e61458} not implemented, returning E_NOINTERFACE.
12598.226:0138:0198:warn:vkd3d-proton:d3d12_device_QueryInterface: {0742a90b-c387-483f-b946-30a7e4e61458} not implemented, returning E_NOINTERFACE.
12598.256:0138:01a0:warn:vkd3d-proton:d3d12_device_QueryInterface: {0742a90b-c387-483f-b946-30a7e4e61458} not implemented, returning E_NOINTERFACE.
12598.260:0138:01a0:warn:vkd3d-proton:d3d12_device_QueryInterface: {0742a90b-c387-483f-b946-30a7e4e61458} not implemented, returning E_NOINTERFACE.
12598.290:0138:0194:warn:vkd3d-proton:d3d12_device_QueryInterface: {0742a90b-c387-483f-b946-30a7e4e61458} not implemented, returning E_NOINTERFACE.
12598.296:0138:0194:warn:vkd3d-proton:d3d12_device_QueryInterface: {0742a90b-c387-483f-b946-30a7e4e61458} not implemented, returning E_NOINTERFACE.
12598.326:0138:01a0:warn:vkd3d-proton:d3d12_device_QueryInterface: {0742a90b-c387-483f-b946-30a7e4e61458} not implemented, returning E_NOINTERFACE.
12598.334:0138:01a0:warn:vkd3d-proton:d3d12_device_QueryInterface: {0742a90b-c387-483f-b946-30a7e4e61458} not implemented, returning E_NOINTERFACE.
12598.374:0138:0198:warn:vkd3d-proton:d3d12_device_QueryInterface: {0742a90b-c387-483f-b946-30a7e4e61458} not implemented, returning E_NOINTERFACE.
12598.404:0138:019c:warn:vkd3d-proton:d3d12_device_QueryInterface: {0742a90b-c387-483f-b946-30a7e4e61458} not implemented, returning E_NOINTERFACE.
12598.440:0138:0194:warn:vkd3d-proton:d3d12_device_QueryInterface: {0742a90b-c387-483f-b946-30a7e4e61458} not implemented, returning E_NOINTERFACE.
12598.465:0138:019c:warn:vkd3d-proton:d3d12_device_QueryInterface: {0742a90b-c387-483f-b946-30a7e4e61458} not implemented, returning E_NOINTERFACE.
12598.487:0138:0194:warn:vkd3d-proton:d3d12_device_QueryInterface: {0742a90b-c387-483f-b946-30a7e4e61458} not implemented, returning E_NOINTERFACE.
12598.490:0138:0194:warn:vkd3d-proton:d3d12_device_QueryInterface: {0742a90b-c387-483f-b946-30a7e4e61458} not implemented, returning E_NOINTERFACE.
12598.558:0138:0194:warn:vkd3d-proton:d3d12_device_QueryInterface: {0742a90b-c387-483f-b946-30a7e4e61458} not implemented, returning E_NOINTERFACE.
12598.598:0138:0194:warn:vkd3d-proton:d3d12_device_QueryInterface: {0742a90b-c387-483f-b946-30a7e4e61458} not implemented, returning E_NOINTERFACE.
12598.629:0138:0194:warn:vkd3d-proton:d3d12_device_QueryInterface: {0742a90b-c387-483f-b946-30a7e4e61458} not implemented, returning E_NOINTERFACE.
12598.678:0138:019c:warn:vkd3d-proton:d3d12_device_QueryInterface: {0742a90b-c387-483f-b946-30a7e4e61458} not implemented, returning E_NOINTERFACE.
12598.731:0138:019c:warn:vkd3d-proton:d3d12_device_QueryInterface: {0742a90b-c387-483f-b946-30a7e4e61458} not implemented, returning E_NOINTERFACE.
12598.757:0138:01a0:warn:vkd3d-proton:d3d12_device_QueryInterface: {0742a90b-c387-483f-b946-30a7e4e61458} not implemented, returning E_NOINTERFACE.
12598.780:0138:019c:warn:vkd3d-proton:d3d12_device_QueryInterface: {0742a90b-c387-483f-b946-30a7e4e61458} not implemented, returning E_NOINTERFACE.
12598.808:0138:019c:warn:vkd3d-proton:d3d12_device_QueryInterface: {0742a90b-c387-483f-b946-30a7e4e61458} not implemented, returning E_NOINTERFACE.
12598.830:0138:0198:warn:vkd3d-proton:d3d12_device_QueryInterface: {0742a90b-c387-483f-b946-30a7e4e61458} not implemented, returning E_NOINTERFACE.
12598.860:0138:0198:warn:vkd3d-proton:d3d12_device_QueryInterface: {0742a90b-c387-483f-b946-30a7e4e61458} not implemented, returning E_NOINTERFACE.
12598.895:0138:01a0:warn:vkd3d-proton:d3d12_device_QueryInterface: {0742a90b-c387-483f-b946-30a7e4e61458} not implemented, returning E_NOINTERFACE.
12598.932:0138:01a0:warn:vkd3d-proton:d3d12_device_QueryInterface: {0742a90b-c387-483f-b946-30a7e4e61458} not implemented, returning E_NOINTERFACE.
12598.947:0138:0194:warn:vkd3d-proton:d3d12_device_QueryInterface: {0742a90b-c387-483f-b946-30a7e4e61458} not implemented, returning E_NOINTERFACE.
12598.998:0138:0198:warn:vkd3d-proton:d3d12_device_QueryInterface: {0742a90b-c387-483f-b946-30a7e4e61458} not implemented, returning E_NOINTERFACE.
12599.025:0138:0194:warn:vkd3d-proton:d3d12_device_QueryInterface: {0742a90b-c387-483f-b946-30a7e4e61458} not implemented, returning E_NOINTERFACE.
12599.080:0138:019c:warn:vkd3d-proton:d3d12_device_QueryInterface: {0742a90b-c387-483f-b946-30a7e4e61458} not implemented, returning E_NOINTERFACE.
12599.113:0138:019c:warn:vkd3d-proton:d3d12_device_QueryInterface: {0742a90b-c387-483f-b946-30a7e4e61458} not implemented, returning E_NOINTERFACE.
12599.149:0138:019c:warn:vkd3d-proton:d3d12_device_QueryInterface: {0742a90b-c387-483f-b946-30a7e4e61458} not implemented, returning E_NOINTERFACE.
12599.176:0138:01a0:warn:vkd3d-proton:d3d12_device_QueryInterface: {0742a90b-c387-483f-b946-30a7e4e61458} not implemented, returning E_NOINTERFACE.
12599.200:0138:01a0:warn:vkd3d-proton:d3d12_device_QueryInterface: {0742a90b-c387-483f-b946-30a7e4e61458} not implemented, returning E_NOINTERFACE.
12599.234:0138:0194:warn:vkd3d-proton:d3d12_device_QueryInterface: {0742a90b-c387-483f-b946-30a7e4e61458} not implemented, returning E_NOINTERFACE.
12599.253:0138:01a0:warn:vkd3d-proton:d3d12_device_QueryInterface: {0742a90b-c387-483f-b946-30a7e4e61458} not implemented, returning E_NOINTERFACE.
12599.281:0138:01a0:warn:vkd3d-proton:d3d12_device_QueryInterface: {0742a90b-c387-483f-b946-30a7e4e61458} not implemented, returning E_NOINTERFACE.
12599.313:0138:0198:warn:vkd3d-proton:d3d12_device_QueryInterface: {0742a90b-c387-483f-b946-30a7e4e61458} not implemented, returning E_NOINTERFACE.
12599.346:0138:0198:warn:vkd3d-proton:d3d12_device_QueryInterface: {0742a90b-c387-483f-b946-30a7e4e61458} not implemented, returning E_NOINTERFACE.
12599.460:0138:0198:warn:vkd3d-proton:d3d12_device_QueryInterface: {0742a90b-c387-483f-b946-30a7e4e61458} not implemented, returning E_NOINTERFACE.
12599.496:0138:0198:warn:vkd3d-proton:d3d12_device_QueryInterface: {0742a90b-c387-483f-b946-30a7e4e61458} not implemented, returning E_NOINTERFACE.
12599.520:0138:0198:warn:vkd3d-proton:d3d12_device_QueryInterface: {0742a90b-c387-483f-b946-30a7e4e61458} not implemented, returning E_NOINTERFACE.
12599.547:0138:019c:warn:vkd3d-proton:d3d12_device_QueryInterface: {0742a90b-c387-483f-b946-30a7e4e61458} not implemented, returning E_NOINTERFACE.
12599.570:0138:01a0:warn:vkd3d-proton:d3d12_device_QueryInterface: {0742a90b-c387-483f-b946-30a7e4e61458} not implemented, returning E_NOINTERFACE.
12599.618:0138:019c:warn:vkd3d-proton:d3d12_device_QueryInterface: {0742a90b-c387-483f-b946-30a7e4e61458} not implemented, returning E_NOINTERFACE.
12599.640:0138:0194:warn:vkd3d-proton:d3d12_device_QueryInterface: {0742a90b-c387-483f-b946-30a7e4e61458} not implemented, returning E_NOINTERFACE.
12599.661:0138:019c:warn:vkd3d-proton:d3d12_device_QueryInterface: {0742a90b-c387-483f-b946-30a7e4e61458} not implemented, returning E_NOINTERFACE.
12599.687:0138:01a0:warn:vkd3d-proton:d3d12_device_QueryInterface: {0742a90b-c387-483f-b946-30a7e4e61458} not implemented, returning E_NOINTERFACE.
12599.715:0138:0198:warn:vkd3d-proton:d3d12_device_QueryInterface: {0742a90b-c387-483f-b946-30a7e4e61458} not implemented, returning E_NOINTERFACE.
12599.737:0138:01a0:warn:vkd3d-proton:d3d12_device_QueryInterface: {0742a90b-c387-483f-b946-30a7e4e61458} not implemented, returning E_NOINTERFACE.
12599.762:0138:0198:warn:vkd3d-proton:d3d12_device_QueryInterface: {0742a90b-c387-483f-b946-30a7e4e61458} not implemented, returning E_NOINTERFACE.
12599.786:0138:019c:warn:vkd3d-proton:d3d12_device_QueryInterface: {0742a90b-c387-483f-b946-30a7e4e61458} not implemented, returning E_NOINTERFACE.
12599.813:0138:019c:warn:vkd3d-proton:d3d12_device_QueryInterface: {0742a90b-c387-483f-b946-30a7e4e61458} not implemented, returning E_NOINTERFACE.
12599.837:0138:01a0:warn:vkd3d-proton:d3d12_device_QueryInterface: {0742a90b-c387-483f-b946-30a7e4e61458} not implemented, returning E_NOINTERFACE.
12599.864:0138:0194:warn:vkd3d-proton:d3d12_device_QueryInterface: {0742a90b-c387-483f-b946-30a7e4e61458} not implemented, returning E_NOINTERFACE.
12599.887:0138:019c:warn:vkd3d-proton:d3d12_device_QueryInterface: {0742a90b-c387-483f-b946-30a7e4e61458} not implemented, returning E_NOINTERFACE.
12599.892:0138:019c:warn:vkd3d-proton:d3d12_device_QueryInterface: {0742a90b-c387-483f-b946-30a7e4e61458} not implemented, returning E_NOINTERFACE.
12599.910:0138:019c:warn:vkd3d-proton:d3d12_device_QueryInterface: {0742a90b-c387-483f-b946-30a7e4e61458} not implemented, returning E_NOINTERFACE.
12599.940:0138:0194:warn:vkd3d-proton:d3d12_device_QueryInterface: {0742a90b-c387-483f-b946-30a7e4e61458} not implemented, returning E_NOINTERFACE.
12599.975:0138:019c:warn:vkd3d-proton:d3d12_device_QueryInterface: {0742a90b-c387-483f-b946-30a7e4e61458} not implemented, returning E_NOINTERFACE.
12600.023:0138:019c:warn:vkd3d-proton:d3d12_device_QueryInterface: {0742a90b-c387-483f-b946-30a7e4e61458} not implemented, returning E_NOINTERFACE.
12600.058:0138:01a0:warn:vkd3d-proton:d3d12_device_QueryInterface: {0742a90b-c387-483f-b946-30a7e4e61458} not implemented, returning E_NOINTERFACE.
12600.094:0138:0194:warn:vkd3d-proton:d3d12_device_QueryInterface: {0742a90b-c387-483f-b946-30a7e4e61458} not implemented, returning E_NOINTERFACE.
12600.131:0138:0194:warn:vkd3d-proton:d3d12_device_QueryInterface: {0742a90b-c387-483f-b946-30a7e4e61458} not implemented, returning E_NOINTERFACE.
12600.165:0138:0194:warn:vkd3d-proton:d3d12_device_QueryInterface: {0742a90b-c387-483f-b946-30a7e4e61458} not implemented, returning E_NOINTERFACE.
12600.202:0138:019c:warn:vkd3d-proton:d3d12_device_QueryInterface: {0742a90b-c387-483f-b946-30a7e4e61458} not implemented, returning E_NOINTERFACE.
12600.245:0138:0194:warn:vkd3d-proton:d3d12_device_QueryInterface: {0742a90b-c387-483f-b946-30a7e4e61458} not implemented, returning E_NOINTERFACE.
12600.291:0138:0198:warn:vkd3d-proton:d3d12_device_QueryInterface: {0742a90b-c387-483f-b946-30a7e4e61458} not implemented, returning E_NOINTERFACE.
12600.334:0138:019c:warn:vkd3d-proton:d3d12_device_QueryInterface: {0742a90b-c387-483f-b946-30a7e4e61458} not implemented, returning E_NOINTERFACE.
12600.372:0138:0194:warn:vkd3d-proton:d3d12_device_QueryInterface: {0742a90b-c387-483f-b946-30a7e4e61458} not implemented, returning E_NOINTERFACE.
12600.401:0138:01a0:warn:vkd3d-proton:d3d12_device_QueryInterface: {0742a90b-c387-483f-b946-30a7e4e61458} not implemented, returning E_NOINTERFACE.
12600.438:0138:01a0:warn:vkd3d-proton:d3d12_device_QueryInterface: {0742a90b-c387-483f-b946-30a7e4e61458} not implemented, returning E_NOINTERFACE.
12600.469:0138:0198:warn:vkd3d-proton:d3d12_device_QueryInterface: {0742a90b-c387-483f-b946-30a7e4e61458} not implemented, returning E_NOINTERFACE.
12600.513:0138:01a0:warn:vkd3d-proton:d3d12_device_QueryInterface: {0742a90b-c387-483f-b946-30a7e4e61458} not implemented, returning E_NOINTERFACE.
12600.531:0138:0194:warn:vkd3d-proton:d3d12_device_QueryInterface: {0742a90b-c387-483f-b946-30a7e4e61458} not implemented, returning E_NOINTERFACE.
12600.565:0138:0194:warn:vkd3d-proton:d3d12_device_QueryInterface: {0742a90b-c387-483f-b946-30a7e4e61458} not implemented, returning E_NOINTERFACE.
12600.611:0138:019c:warn:vkd3d-proton:d3d12_device_QueryInterface: {0742a90b-c387-483f-b946-30a7e4e61458} not implemented, returning E_NOINTERFACE.
12600.646:0138:0194:warn:vkd3d-proton:d3d12_device_QueryInterface: {0742a90b-c387-483f-b946-30a7e4e61458} not implemented, returning E_NOINTERFACE.
12600.679:0138:0198:warn:vkd3d-proton:d3d12_device_QueryInterface: {0742a90b-c387-483f-b946-30a7e4e61458} not implemented, returning E_NOINTERFACE.
12600.730:0138:0194:warn:vkd3d-proton:d3d12_device_QueryInterface: {0742a90b-c387-483f-b946-30a7e4e61458} not implemented, returning E_NOINTERFACE.
12600.761:0138:0198:warn:vkd3d-proton:d3d12_device_QueryInterface: {0742a90b-c387-483f-b946-30a7e4e61458} not implemented, returning E_NOINTERFACE.
12600.797:0138:0198:warn:vkd3d-proton:d3d12_device_QueryInterface: {0742a90b-c387-483f-b946-30a7e4e61458} not implemented, returning E_NOINTERFACE.
12600.839:0138:019c:warn:vkd3d-proton:d3d12_device_QueryInterface: {0742a90b-c387-483f-b946-30a7e4e61458} not implemented, returning E_NOINTERFACE.
12600.877:0138:0194:warn:vkd3d-proton:d3d12_device_QueryInterface: {0742a90b-c387-483f-b946-30a7e4e61458} not implemented, returning E_NOINTERFACE.
12600.910:0138:0194:warn:vkd3d-proton:d3d12_device_QueryInterface: {0742a90b-c387-483f-b946-30a7e4e61458} not implemented, returning E_NOINTERFACE.
12600.949:0138:0194:warn:vkd3d-proton:d3d12_device_QueryInterface: {0742a90b-c387-483f-b946-30a7e4e61458} not implemented, returning E_NOINTERFACE.
12600.980:0138:019c:warn:vkd3d-proton:d3d12_device_QueryInterface: {0742a90b-c387-483f-b946-30a7e4e61458} not implemented, returning E_NOINTERFACE.
12601.013:0138:01a0:warn:vkd3d-proton:d3d12_device_QueryInterface: {0742a90b-c387-483f-b946-30a7e4e61458} not implemented, returning E_NOINTERFACE.
12601.051:0138:019c:warn:vkd3d-proton:d3d12_device_QueryInterface: {0742a90b-c387-483f-b946-30a7e4e61458} not implemented, returning E_NOINTERFACE.
12601.093:0138:0198:warn:vkd3d-proton:d3d12_device_QueryInterface: {0742a90b-c387-483f-b946-30a7e4e61458} not implemented, returning E_NOINTERFACE.
12601.132:0138:0194:warn:vkd3d-proton:d3d12_device_QueryInterface: {0742a90b-c387-483f-b946-30a7e4e61458} not implemented, returning E_NOINTERFACE.
12601.168:0138:0198:warn:vkd3d-proton:d3d12_device_QueryInterface: {0742a90b-c387-483f-b946-30a7e4e61458} not implemented, returning E_NOINTERFACE.
12601.179:0138:0198:warn:vkd3d-proton:d3d12_device_QueryInterface: {0742a90b-c387-483f-b946-30a7e4e61458} not implemented, returning E_NOINTERFACE.
12601.195:0138:0198:warn:vkd3d-proton:d3d12_device_QueryInterface: {0742a90b-c387-483f-b946-30a7e4e61458} not implemented, returning E_NOINTERFACE.
12601.213:0138:0198:warn:vkd3d-proton:d3d12_device_QueryInterface: {0742a90b-c387-483f-b946-30a7e4e61458} not implemented, returning E_NOINTERFACE.
12601.330:0138:01a0:warn:vkd3d-proton:d3d12_device_QueryInterface: {0742a90b-c387-483f-b946-30a7e4e61458} not implemented, returning E_NOINTERFACE.
12601.451:0138:0194:warn:vkd3d-proton:d3d12_device_QueryInterface: {0742a90b-c387-483f-b946-30a7e4e61458} not implemented, returning E_NOINTERFACE.
12601.564:0138:0198:warn:vkd3d-proton:d3d12_device_QueryInterface: {0742a90b-c387-483f-b946-30a7e4e61458} not implemented, returning E_NOINTERFACE.
12601.578:0138:0198:warn:vkd3d-proton:d3d12_device_QueryInterface: {0742a90b-c387-483f-b946-30a7e4e61458} not implemented, returning E_NOINTERFACE.
12601.585:0138:0198:warn:vkd3d-proton:d3d12_device_QueryInterface: {0742a90b-c387-483f-b946-30a7e4e61458} not implemented, returning E_NOINTERFACE.
12601.596:0138:0198:warn:vkd3d-proton:d3d12_device_QueryInterface: {0742a90b-c387-483f-b946-30a7e4e61458} not implemented, returning E_NOINTERFACE.
12601.727:0138:0198:warn:vkd3d-proton:d3d12_device_QueryInterface: {0742a90b-c387-483f-b946-30a7e4e61458} not implemented, returning E_NOINTERFACE.
12601.847:0138:0198:warn:vkd3d-proton:d3d12_device_QueryInterface: {0742a90b-c387-483f-b946-30a7e4e61458} not implemented, returning E_NOINTERFACE.
12601.970:0138:019c:warn:vkd3d-proton:d3d12_device_QueryInterface: {0742a90b-c387-483f-b946-30a7e4e61458} not implemented, returning E_NOINTERFACE.
12601.980:0138:019c:warn:vkd3d-proton:d3d12_device_QueryInterface: {0742a90b-c387-483f-b946-30a7e4e61458} not implemented, returning E_NOINTERFACE.
12601.996:0138:019c:warn:vkd3d-proton:d3d12_device_QueryInterface: {0742a90b-c387-483f-b946-30a7e4e61458} not implemented, returning E_NOINTERFACE.
12602.014:0138:019c:warn:vkd3d-proton:d3d12_device_QueryInterface: {0742a90b-c387-483f-b946-30a7e4e61458} not implemented, returning E_NOINTERFACE.
12602.054:0138:0198:warn:vkd3d-proton:d3d12_device_QueryInterface: {0742a90b-c387-483f-b946-30a7e4e61458} not implemented, returning E_NOINTERFACE.
12602.083:0138:0194:warn:vkd3d-proton:d3d12_device_QueryInterface: {0742a90b-c387-483f-b946-30a7e4e61458} not implemented, returning E_NOINTERFACE.
12602.122:0138:019c:warn:vkd3d-proton:d3d12_device_QueryInterface: {0742a90b-c387-483f-b946-30a7e4e61458} not implemented, returning E_NOINTERFACE.
12602.167:0138:01a0:warn:vkd3d-proton:d3d12_device_QueryInterface: {0742a90b-c387-483f-b946-30a7e4e61458} not implemented, returning E_NOINTERFACE.
12602.280:0138:0194:warn:vkd3d-proton:d3d12_device_QueryInterface: {0742a90b-c387-483f-b946-30a7e4e61458} not implemented, returning E_NOINTERFACE.
12602.315:0138:01a0:warn:vkd3d-proton:d3d12_device_QueryInterface: {0742a90b-c387-483f-b946-30a7e4e61458} not implemented, returning E_NOINTERFACE.
12602.359:0138:019c:warn:vkd3d-proton:d3d12_device_QueryInterface: {0742a90b-c387-483f-b946-30a7e4e61458} not implemented, returning E_NOINTERFACE.
12602.394:0138:01a0:warn:vkd3d-proton:d3d12_device_QueryInterface: {0742a90b-c387-483f-b946-30a7e4e61458} not implemented, returning E_NOINTERFACE.
12602.439:0138:0198:warn:vkd3d-proton:d3d12_device_QueryInterface: {0742a90b-c387-483f-b946-30a7e4e61458} not implemented, returning E_NOINTERFACE.
12602.481:0138:01a0:warn:vkd3d-proton:d3d12_device_QueryInterface: {0742a90b-c387-483f-b946-30a7e4e61458} not implemented, returning E_NOINTERFACE.
12602.487:0138:01a0:warn:vkd3d-proton:d3d12_device_QueryInterface: {0742a90b-c387-483f-b946-30a7e4e61458} not implemented, returning E_NOINTERFACE.
12602.495:0138:01a0:warn:vkd3d-proton:d3d12_device_QueryInterface: {0742a90b-c387-483f-b946-30a7e4e61458} not implemented, returning E_NOINTERFACE.
12602.511:0138:01a0:warn:vkd3d-proton:d3d12_device_QueryInterface: {0742a90b-c387-483f-b946-30a7e4e61458} not implemented, returning E_NOINTERFACE.
12602.555:0138:0194:warn:vkd3d-proton:d3d12_device_QueryInterface: {0742a90b-c387-483f-b946-30a7e4e61458} not implemented, returning E_NOINTERFACE.
12602.593:0138:0198:warn:vkd3d-proton:d3d12_device_QueryInterface: {0742a90b-c387-483f-b946-30a7e4e61458} not implemented, returning E_NOINTERFACE.
12602.628:0138:019c:warn:vkd3d-proton:d3d12_device_QueryInterface: {0742a90b-c387-483f-b946-30a7e4e61458} not implemented, returning E_NOINTERFACE.
12602.666:0138:0198:warn:vkd3d-proton:d3d12_device_QueryInterface: {0742a90b-c387-483f-b946-30a7e4e61458} not implemented, returning E_NOINTERFACE.
12602.696:0138:01a0:warn:vkd3d-proton:d3d12_device_QueryInterface: {0742a90b-c387-483f-b946-30a7e4e61458} not implemented, returning E_NOINTERFACE.
12602.731:0138:0198:warn:vkd3d-proton:d3d12_device_QueryInterface: {0742a90b-c387-483f-b946-30a7e4e61458} not implemented, returning E_NOINTERFACE.
12602.769:0138:01a0:warn:vkd3d-proton:d3d12_device_QueryInterface: {0742a90b-c387-483f-b946-30a7e4e61458} not implemented, returning E_NOINTERFACE.
12602.802:0138:0194:warn:vkd3d-proton:d3d12_device_QueryInterface: {0742a90b-c387-483f-b946-30a7e4e61458} not implemented, returning E_NOINTERFACE.
12602.835:0138:0198:warn:vkd3d-proton:d3d12_device_QueryInterface: {0742a90b-c387-483f-b946-30a7e4e61458} not implemented, returning E_NOINTERFACE.
12602.869:0138:019c:warn:vkd3d-proton:d3d12_device_QueryInterface: {0742a90b-c387-483f-b946-30a7e4e61458} not implemented, returning E_NOINTERFACE.
12602.904:0138:0198:warn:vkd3d-proton:d3d12_device_QueryInterface: {0742a90b-c387-483f-b946-30a7e4e61458} not implemented, returning E_NOINTERFACE.
12602.936:0138:0194:warn:vkd3d-proton:d3d12_device_QueryInterface: {0742a90b-c387-483f-b946-30a7e4e61458} not implemented, returning E_NOINTERFACE.
12602.969:0138:01a0:warn:vkd3d-proton:d3d12_device_QueryInterface: {0742a90b-c387-483f-b946-30a7e4e61458} not implemented, returning E_NOINTERFACE.
12603.001:0138:019c:warn:vkd3d-proton:d3d12_device_QueryInterface: {0742a90b-c387-483f-b946-30a7e4e61458} not implemented, returning E_NOINTERFACE.
12603.036:0138:0198:warn:vkd3d-proton:d3d12_device_QueryInterface: {0742a90b-c387-483f-b946-30a7e4e61458} not implemented, returning E_NOINTERFACE.
12603.072:0138:019c:warn:vkd3d-proton:d3d12_device_QueryInterface: {0742a90b-c387-483f-b946-30a7e4e61458} not implemented, returning E_NOINTERFACE.
12603.104:0138:0194:warn:vkd3d-proton:d3d12_device_QueryInterface: {0742a90b-c387-483f-b946-30a7e4e61458} not implemented, returning E_NOINTERFACE.
12603.140:0138:019c:warn:vkd3d-proton:d3d12_device_QueryInterface: {0742a90b-c387-483f-b946-30a7e4e61458} not implemented, returning E_NOINTERFACE.
12603.181:0138:0198:warn:vkd3d-proton:d3d12_device_QueryInterface: {0742a90b-c387-483f-b946-30a7e4e61458} not implemented, returning E_NOINTERFACE.
12603.218:0138:01a0:warn:vkd3d-proton:d3d12_device_QueryInterface: {0742a90b-c387-483f-b946-30a7e4e61458} not implemented, returning E_NOINTERFACE.
12603.252:0138:019c:warn:vkd3d-proton:d3d12_device_QueryInterface: {0742a90b-c387-483f-b946-30a7e4e61458} not implemented, returning E_NOINTERFACE.
12603.286:0138:0198:warn:vkd3d-proton:d3d12_device_QueryInterface: {0742a90b-c387-483f-b946-30a7e4e61458} not implemented, returning E_NOINTERFACE.
12603.319:0138:019c:warn:vkd3d-proton:d3d12_device_QueryInterface: {0742a90b-c387-483f-b946-30a7e4e61458} not implemented, returning E_NOINTERFACE.
12603.352:0138:0198:warn:vkd3d-proton:d3d12_device_QueryInterface: {0742a90b-c387-483f-b946-30a7e4e61458} not implemented, returning E_NOINTERFACE.
12603.387:0138:0194:warn:vkd3d-proton:d3d12_device_QueryInterface: {0742a90b-c387-483f-b946-30a7e4e61458} not implemented, returning E_NOINTERFACE.
12603.429:0138:01a0:warn:vkd3d-proton:d3d12_device_QueryInterface: {0742a90b-c387-483f-b946-30a7e4e61458} not implemented, returning E_NOINTERFACE.
12603.457:0138:0194:warn:vkd3d-proton:d3d12_device_QueryInterface: {0742a90b-c387-483f-b946-30a7e4e61458} not implemented, returning E_NOINTERFACE.
12603.498:0138:01a0:warn:vkd3d-proton:d3d12_device_QueryInterface: {0742a90b-c387-483f-b946-30a7e4e61458} not implemented, returning E_NOINTERFACE.
12603.538:0138:0194:warn:vkd3d-proton:d3d12_device_QueryInterface: {0742a90b-c387-483f-b946-30a7e4e61458} not implemented, returning E_NOINTERFACE.
12603.569:0138:01a0:warn:vkd3d-proton:d3d12_device_QueryInterface: {0742a90b-c387-483f-b946-30a7e4e61458} not implemented, returning E_NOINTERFACE.
12603.611:0138:019c:warn:vkd3d-proton:d3d12_device_QueryInterface: {0742a90b-c387-483f-b946-30a7e4e61458} not implemented, returning E_NOINTERFACE.
12603.644:0138:01a0:warn:vkd3d-proton:d3d12_device_QueryInterface: {0742a90b-c387-483f-b946-30a7e4e61458} not implemented, returning E_NOINTERFACE.
12603.675:0138:0198:warn:vkd3d-proton:d3d12_device_QueryInterface: {0742a90b-c387-483f-b946-30a7e4e61458} not implemented, returning E_NOINTERFACE.
12603.711:0138:01a0:warn:vkd3d-proton:d3d12_device_QueryInterface: {0742a90b-c387-483f-b946-30a7e4e61458} not implemented, returning E_NOINTERFACE.
12603.749:0138:019c:warn:vkd3d-proton:d3d12_device_QueryInterface: {0742a90b-c387-483f-b946-30a7e4e61458} not implemented, returning E_NOINTERFACE.
12603.790:0138:0194:warn:vkd3d-proton:d3d12_device_QueryInterface: {0742a90b-c387-483f-b946-30a7e4e61458} not implemented, returning E_NOINTERFACE.
12603.824:0138:019c:warn:vkd3d-proton:d3d12_device_QueryInterface: {0742a90b-c387-483f-b946-30a7e4e61458} not implemented, returning E_NOINTERFACE.
12603.866:0138:0198:warn:vkd3d-proton:d3d12_device_QueryInterface: {0742a90b-c387-483f-b946-30a7e4e61458} not implemented, returning E_NOINTERFACE.
12603.900:0138:0194:warn:vkd3d-proton:d3d12_device_QueryInterface: {0742a90b-c387-483f-b946-30a7e4e61458} not implemented, returning E_NOINTERFACE.
12603.938:0138:0198:warn:vkd3d-proton:d3d12_device_QueryInterface: {0742a90b-c387-483f-b946-30a7e4e61458} not implemented, returning E_NOINTERFACE.
12603.982:0138:0194:warn:vkd3d-proton:d3d12_device_QueryInterface: {0742a90b-c387-483f-b946-30a7e4e61458} not implemented, returning E_NOINTERFACE.
12604.013:0138:01a0:warn:vkd3d-proton:d3d12_device_QueryInterface: {0742a90b-c387-483f-b946-30a7e4e61458} not implemented, returning E_NOINTERFACE.
12604.055:0138:0194:warn:vkd3d-proton:d3d12_device_QueryInterface: {0742a90b-c387-483f-b946-30a7e4e61458} not implemented, returning E_NOINTERFACE.
12604.089:0138:01a0:warn:vkd3d-proton:d3d12_device_QueryInterface: {0742a90b-c387-483f-b946-30a7e4e61458} not implemented, returning E_NOINTERFACE.
12604.128:0138:0194:warn:vkd3d-proton:d3d12_device_QueryInterface: {0742a90b-c387-483f-b946-30a7e4e61458} not implemented, returning E_NOINTERFACE.
12604.167:0138:0198:warn:vkd3d-proton:d3d12_device_QueryInterface: {0742a90b-c387-483f-b946-30a7e4e61458} not implemented, returning E_NOINTERFACE.
12604.205:0138:019c:warn:vkd3d-proton:d3d12_device_QueryInterface: {0742a90b-c387-483f-b946-30a7e4e61458} not implemented, returning E_NOINTERFACE.
12604.244:0138:0194:warn:vkd3d-proton:d3d12_device_QueryInterface: {0742a90b-c387-483f-b946-30a7e4e61458} not implemented, returning E_NOINTERFACE.
12604.279:0138:019c:warn:vkd3d-proton:d3d12_device_QueryInterface: {0742a90b-c387-483f-b946-30a7e4e61458} not implemented, returning E_NOINTERFACE.
12604.288:0138:01a0:warn:vkd3d-proton:d3d12_device_QueryInterface: {0742a90b-c387-483f-b946-30a7e4e61458} not implemented, returning E_NOINTERFACE.
12604.298:0138:01a0:warn:vkd3d-proton:d3d12_device_QueryInterface: {0742a90b-c387-483f-b946-30a7e4e61458} not implemented, returning E_NOINTERFACE.
12604.309:0138:01a0:warn:vkd3d-proton:d3d12_device_QueryInterface: {0742a90b-c387-483f-b946-30a7e4e61458} not implemented, returning E_NOINTERFACE.
12604.348:0138:0194:warn:vkd3d-proton:d3d12_device_QueryInterface: {0742a90b-c387-483f-b946-30a7e4e61458} not implemented, returning E_NOINTERFACE.
12604.385:0138:01a0:warn:vkd3d-proton:d3d12_device_QueryInterface: {0742a90b-c387-483f-b946-30a7e4e61458} not implemented, returning E_NOINTERFACE.
12604.422:0138:0194:warn:vkd3d-proton:d3d12_device_QueryInterface: {0742a90b-c387-483f-b946-30a7e4e61458} not implemented, returning E_NOINTERFACE.
12604.461:0138:01a0:warn:vkd3d-proton:d3d12_device_QueryInterface: {0742a90b-c387-483f-b946-30a7e4e61458} not implemented, returning E_NOINTERFACE.
12604.502:0138:0194:warn:vkd3d-proton:d3d12_device_QueryInterface: {0742a90b-c387-483f-b946-30a7e4e61458} not implemented, returning E_NOINTERFACE.
12604.538:0138:01a0:warn:vkd3d-proton:d3d12_device_QueryInterface: {0742a90b-c387-483f-b946-30a7e4e61458} not implemented, returning E_NOINTERFACE.
12604.583:0138:0198:warn:vkd3d-proton:d3d12_device_QueryInterface: {0742a90b-c387-483f-b946-30a7e4e61458} not implemented, returning E_NOINTERFACE.
12604.620:0138:01a0:warn:vkd3d-proton:d3d12_device_QueryInterface: {0742a90b-c387-483f-b946-30a7e4e61458} not implemented, returning E_NOINTERFACE.
12604.652:0138:0194:warn:vkd3d-proton:d3d12_device_QueryInterface: {0742a90b-c387-483f-b946-30a7e4e61458} not implemented, returning E_NOINTERFACE.
12604.691:0138:019c:warn:vkd3d-proton:d3d12_device_QueryInterface: {0742a90b-c387-483f-b946-30a7e4e61458} not implemented, returning E_NOINTERFACE.
12604.726:0138:0194:warn:vkd3d-proton:d3d12_device_QueryInterface: {0742a90b-c387-483f-b946-30a7e4e61458} not implemented, returning E_NOINTERFACE.
12604.761:0138:0198:warn:vkd3d-proton:d3d12_device_QueryInterface: {0742a90b-c387-483f-b946-30a7e4e61458} not implemented, returning E_NOINTERFACE.
12604.803:0138:0194:warn:vkd3d-proton:d3d12_device_QueryInterface: {0742a90b-c387-483f-b946-30a7e4e61458} not implemented, returning E_NOINTERFACE.
12604.829:0138:0198:warn:vkd3d-proton:d3d12_device_QueryInterface: {0742a90b-c387-483f-b946-30a7e4e61458} not implemented, returning E_NOINTERFACE.
12604.869:0138:0194:warn:vkd3d-proton:d3d12_device_QueryInterface: {0742a90b-c387-483f-b946-30a7e4e61458} not implemented, returning E_NOINTERFACE.
12604.914:0138:0198:warn:vkd3d-proton:d3d12_device_QueryInterface: {0742a90b-c387-483f-b946-30a7e4e61458} not implemented, returning E_NOINTERFACE.
12604.940:0138:0194:warn:vkd3d-proton:d3d12_device_QueryInterface: {0742a90b-c387-483f-b946-30a7e4e61458} not implemented, returning E_NOINTERFACE.
12604.973:0138:01a0:warn:vkd3d-proton:d3d12_device_QueryInterface: {0742a90b-c387-483f-b946-30a7e4e61458} not implemented, returning E_NOINTERFACE.
12605.009:0138:019c:warn:vkd3d-proton:d3d12_device_QueryInterface: {0742a90b-c387-483f-b946-30a7e4e61458} not implemented, returning E_NOINTERFACE.
12605.053:0138:0198:warn:vkd3d-proton:d3d12_device_QueryInterface: {0742a90b-c387-483f-b946-30a7e4e61458} not implemented, returning E_NOINTERFACE.
12605.086:0138:019c:warn:vkd3d-proton:d3d12_device_QueryInterface: {0742a90b-c387-483f-b946-30a7e4e61458} not implemented, returning E_NOINTERFACE.
12605.132:0138:01a0:warn:vkd3d-proton:d3d12_device_QueryInterface: {0742a90b-c387-483f-b946-30a7e4e61458} not implemented, returning E_NOINTERFACE.
12605.159:0138:019c:warn:vkd3d-proton:d3d12_device_QueryInterface: {0742a90b-c387-483f-b946-30a7e4e61458} not implemented, returning E_NOINTERFACE.
12605.200:0138:01a0:warn:vkd3d-proton:d3d12_device_QueryInterface: {0742a90b-c387-483f-b946-30a7e4e61458} not implemented, returning E_NOINTERFACE.
12605.244:0138:019c:warn:vkd3d-proton:d3d12_device_QueryInterface: {0742a90b-c387-483f-b946-30a7e4e61458} not implemented, returning E_NOINTERFACE.
12605.279:0138:01a0:warn:vkd3d-proton:d3d12_device_QueryInterface: {0742a90b-c387-483f-b946-30a7e4e61458} not implemented, returning E_NOINTERFACE.
12605.314:0138:0194:warn:vkd3d-proton:d3d12_device_QueryInterface: {0742a90b-c387-483f-b946-30a7e4e61458} not implemented, returning E_NOINTERFACE.
12605.360:0138:0198:warn:vkd3d-proton:d3d12_device_QueryInterface: {0742a90b-c387-483f-b946-30a7e4e61458} not implemented, returning E_NOINTERFACE.
12605.397:0138:019c:warn:vkd3d-proton:d3d12_device_QueryInterface: {0742a90b-c387-483f-b946-30a7e4e61458} not implemented, returning E_NOINTERFACE.
12605.436:0138:0198:warn:vkd3d-proton:d3d12_device_QueryInterface: {0742a90b-c387-483f-b946-30a7e4e61458} not implemented, returning E_NOINTERFACE.
12605.468:0138:019c:warn:vkd3d-proton:d3d12_device_QueryInterface: {0742a90b-c387-483f-b946-30a7e4e61458} not implemented, returning E_NOINTERFACE.
12605.508:0138:0194:warn:vkd3d-proton:d3d12_device_QueryInterface: {0742a90b-c387-483f-b946-30a7e4e61458} not implemented, returning E_NOINTERFACE.
12605.540:0138:019c:warn:vkd3d-proton:d3d12_device_QueryInterface: {0742a90b-c387-483f-b946-30a7e4e61458} not implemented, returning E_NOINTERFACE.
12605.576:0138:0198:warn:vkd3d-proton:d3d12_device_QueryInterface: {0742a90b-c387-483f-b946-30a7e4e61458} not implemented, returning E_NOINTERFACE.
12605.610:0138:019c:warn:vkd3d-proton:d3d12_device_QueryInterface: {0742a90b-c387-483f-b946-30a7e4e61458} not implemented, returning E_NOINTERFACE.
12605.654:0138:01a0:warn:vkd3d-proton:d3d12_device_QueryInterface: {0742a90b-c387-483f-b946-30a7e4e61458} not implemented, returning E_NOINTERFACE.
12605.661:0138:01a0:warn:vkd3d-proton:d3d12_device_QueryInterface: {0742a90b-c387-483f-b946-30a7e4e61458} not implemented, returning E_NOINTERFACE.
12605.667:0138:01a0:warn:vkd3d-proton:d3d12_device_QueryInterface: {0742a90b-c387-483f-b946-30a7e4e61458} not implemented, returning E_NOINTERFACE.
12605.679:0138:01a0:warn:vkd3d-proton:d3d12_device_QueryInterface: {0742a90b-c387-483f-b946-30a7e4e61458} not implemented, returning E_NOINTERFACE.
12605.693:0138:01a0:warn:vkd3d-proton:d3d12_device_QueryInterface: {0742a90b-c387-483f-b946-30a7e4e61458} not implemented, returning E_NOINTERFACE.
12605.727:0138:0198:warn:vkd3d-proton:d3d12_device_QueryInterface: {0742a90b-c387-483f-b946-30a7e4e61458} not implemented, returning E_NOINTERFACE.
12605.758:0138:01a0:warn:vkd3d-proton:d3d12_device_QueryInterface: {0742a90b-c387-483f-b946-30a7e4e61458} not implemented, returning E_NOINTERFACE.
12605.801:0138:019c:warn:vkd3d-proton:d3d12_device_QueryInterface: {0742a90b-c387-483f-b946-30a7e4e61458} not implemented, returning E_NOINTERFACE.
12605.835:0138:0194:warn:vkd3d-proton:d3d12_device_QueryInterface: {0742a90b-c387-483f-b946-30a7e4e61458} not implemented, returning E_NOINTERFACE.
12605.872:0138:0198:warn:vkd3d-proton:d3d12_device_QueryInterface: {0742a90b-c387-483f-b946-30a7e4e61458} not implemented, returning E_NOINTERFACE.
12605.909:0138:01a0:warn:vkd3d-proton:d3d12_device_QueryInterface: {0742a90b-c387-483f-b946-30a7e4e61458} not implemented, returning E_NOINTERFACE.
12605.950:0138:019c:warn:vkd3d-proton:d3d12_device_QueryInterface: {0742a90b-c387-483f-b946-30a7e4e61458} not implemented, returning E_NOINTERFACE.
12605.986:0138:0194:warn:vkd3d-proton:d3d12_device_QueryInterface: {0742a90b-c387-483f-b946-30a7e4e61458} not implemented, returning E_NOINTERFACE.
12606.034:0138:019c:warn:vkd3d-proton:d3d12_device_QueryInterface: {0742a90b-c387-483f-b946-30a7e4e61458} not implemented, returning E_NOINTERFACE.
12606.074:0138:0198:warn:vkd3d-proton:d3d12_device_QueryInterface: {0742a90b-c387-483f-b946-30a7e4e61458} not implemented, returning E_NOINTERFACE.
12606.115:0138:01a0:warn:vkd3d-proton:d3d12_device_QueryInterface: {0742a90b-c387-483f-b946-30a7e4e61458} not implemented, returning E_NOINTERFACE.
12606.149:0138:019c:warn:vkd3d-proton:d3d12_device_QueryInterface: {0742a90b-c387-483f-b946-30a7e4e61458} not implemented, returning E_NOINTERFACE.
12606.184:0138:0194:warn:vkd3d-proton:d3d12_device_QueryInterface: {0742a90b-c387-483f-b946-30a7e4e61458} not implemented, returning E_NOINTERFACE.
12606.230:0138:01a0:warn:vkd3d-proton:d3d12_device_QueryInterface: {0742a90b-c387-483f-b946-30a7e4e61458} not implemented, returning E_NOINTERFACE.
12606.277:0138:0198:warn:vkd3d-proton:d3d12_device_QueryInterface: {0742a90b-c387-483f-b946-30a7e4e61458} not implemented, returning E_NOINTERFACE.
12606.314:0138:019c:warn:vkd3d-proton:d3d12_device_QueryInterface: {0742a90b-c387-483f-b946-30a7e4e61458} not implemented, returning E_NOINTERFACE.
12606.359:0138:0198:warn:vkd3d-proton:d3d12_device_QueryInterface: {0742a90b-c387-483f-b946-30a7e4e61458} not implemented, returning E_NOINTERFACE.
12606.401:0138:0194:warn:vkd3d-proton:d3d12_device_QueryInterface: {0742a90b-c387-483f-b946-30a7e4e61458} not implemented, returning E_NOINTERFACE.
12606.442:0138:01a0:warn:vkd3d-proton:d3d12_device_QueryInterface: {0742a90b-c387-483f-b946-30a7e4e61458} not implemented, returning E_NOINTERFACE.
12606.473:0138:0194:warn:vkd3d-proton:d3d12_device_QueryInterface: {0742a90b-c387-483f-b946-30a7e4e61458} not implemented, returning E_NOINTERFACE.
12606.506:0138:0198:warn:vkd3d-proton:d3d12_device_QueryInterface: {0742a90b-c387-483f-b946-30a7e4e61458} not implemented, returning E_NOINTERFACE.
12606.538:0138:0194:warn:vkd3d-proton:d3d12_device_QueryInterface: {0742a90b-c387-483f-b946-30a7e4e61458} not implemented, returning E_NOINTERFACE.
12606.579:0138:0198:warn:vkd3d-proton:d3d12_device_QueryInterface: {0742a90b-c387-483f-b946-30a7e4e61458} not implemented, returning E_NOINTERFACE.
12606.618:0138:01a0:warn:vkd3d-proton:d3d12_device_QueryInterface: {0742a90b-c387-483f-b946-30a7e4e61458} not implemented, returning E_NOINTERFACE.
12606.659:0138:019c:warn:vkd3d-proton:d3d12_device_QueryInterface: {0742a90b-c387-483f-b946-30a7e4e61458} not implemented, returning E_NOINTERFACE.
12606.665:0138:019c:warn:vkd3d-proton:d3d12_device_QueryInterface: {0742a90b-c387-483f-b946-30a7e4e61458} not implemented, returning E_NOINTERFACE.
12606.678:0138:019c:warn:vkd3d-proton:d3d12_device_QueryInterface: {0742a90b-c387-483f-b946-30a7e4e61458} not implemented, returning E_NOINTERFACE.
12606.698:0138:0198:warn:vkd3d-proton:d3d12_device_QueryInterface: {0742a90b-c387-483f-b946-30a7e4e61458} not implemented, returning E_NOINTERFACE.
12606.732:0138:019c:warn:vkd3d-proton:d3d12_device_QueryInterface: {0742a90b-c387-483f-b946-30a7e4e61458} not implemented, returning E_NOINTERFACE.
12606.768:0138:01a0:warn:vkd3d-proton:d3d12_device_QueryInterface: {0742a90b-c387-483f-b946-30a7e4e61458} not implemented, returning E_NOINTERFACE.
12606.800:0138:0198:warn:vkd3d-proton:d3d12_device_QueryInterface: {0742a90b-c387-483f-b946-30a7e4e61458} not implemented, returning E_NOINTERFACE.
12606.833:0138:0194:warn:vkd3d-proton:d3d12_device_QueryInterface: {0742a90b-c387-483f-b946-30a7e4e61458} not implemented, returning E_NOINTERFACE.
12606.869:0138:01a0:warn:vkd3d-proton:d3d12_device_QueryInterface: {0742a90b-c387-483f-b946-30a7e4e61458} not implemented, returning E_NOINTERFACE.
12606.900:0138:019c:warn:vkd3d-proton:d3d12_device_QueryInterface: {0742a90b-c387-483f-b946-30a7e4e61458} not implemented, returning E_NOINTERFACE.
12606.933:0138:0198:warn:vkd3d-proton:d3d12_device_QueryInterface: {0742a90b-c387-483f-b946-30a7e4e61458} not implemented, returning E_NOINTERFACE.
12606.974:0138:0194:warn:vkd3d-proton:d3d12_device_QueryInterface: {0742a90b-c387-483f-b946-30a7e4e61458} not implemented, returning E_NOINTERFACE.
12607.010:0138:019c:warn:vkd3d-proton:d3d12_device_QueryInterface: {0742a90b-c387-483f-b946-30a7e4e61458} not implemented, returning E_NOINTERFACE.
12607.051:0138:01a0:warn:vkd3d-proton:d3d12_device_QueryInterface: {0742a90b-c387-483f-b946-30a7e4e61458} not implemented, returning E_NOINTERFACE.
12607.092:0138:0198:warn:vkd3d-proton:d3d12_device_QueryInterface: {0742a90b-c387-483f-b946-30a7e4e61458} not implemented, returning E_NOINTERFACE.
12607.125:0138:01a0:warn:vkd3d-proton:d3d12_device_QueryInterface: {0742a90b-c387-483f-b946-30a7e4e61458} not implemented, returning E_NOINTERFACE.
12607.161:0138:0198:warn:vkd3d-proton:d3d12_device_QueryInterface: {0742a90b-c387-483f-b946-30a7e4e61458} not implemented, returning E_NOINTERFACE.
12607.202:0138:019c:warn:vkd3d-proton:d3d12_device_QueryInterface: {0742a90b-c387-483f-b946-30a7e4e61458} not implemented, returning E_NOINTERFACE.
12607.237:0138:0194:warn:vkd3d-proton:d3d12_device_QueryInterface: {0742a90b-c387-483f-b946-30a7e4e61458} not implemented, returning E_NOINTERFACE.
12607.274:0138:0198:warn:vkd3d-proton:d3d12_device_QueryInterface: {0742a90b-c387-483f-b946-30a7e4e61458} not implemented, returning E_NOINTERFACE.
12607.309:0138:01a0:warn:vkd3d-proton:d3d12_device_QueryInterface: {0742a90b-c387-483f-b946-30a7e4e61458} not implemented, returning E_NOINTERFACE.
12607.343:0138:0194:warn:vkd3d-proton:d3d12_device_QueryInterface: {0742a90b-c387-483f-b946-30a7e4e61458} not implemented, returning E_NOINTERFACE.
12607.382:0138:0198:warn:vkd3d-proton:d3d12_device_QueryInterface: {0742a90b-c387-483f-b946-30a7e4e61458} not implemented, returning E_NOINTERFACE.
12607.413:0138:0194:warn:vkd3d-proton:d3d12_device_QueryInterface: {0742a90b-c387-483f-b946-30a7e4e61458} not implemented, returning E_NOINTERFACE.
12607.447:0138:019c:warn:vkd3d-proton:d3d12_device_QueryInterface: {0742a90b-c387-483f-b946-30a7e4e61458} not implemented, returning E_NOINTERFACE.
12607.481:0138:01a0:warn:vkd3d-proton:d3d12_device_QueryInterface: {0742a90b-c387-483f-b946-30a7e4e61458} not implemented, returning E_NOINTERFACE.
12607.514:0138:01a0:warn:vkd3d-proton:d3d12_device_QueryInterface: {0742a90b-c387-483f-b946-30a7e4e61458} not implemented, returning E_NOINTERFACE.
12607.563:0138:0194:warn:vkd3d-proton:d3d12_device_QueryInterface: {0742a90b-c387-483f-b946-30a7e4e61458} not implemented, returning E_NOINTERFACE.
12607.591:0138:01a0:warn:vkd3d-proton:d3d12_device_QueryInterface: {0742a90b-c387-483f-b946-30a7e4e61458} not implemented, returning E_NOINTERFACE.
12607.630:0138:0198:warn:vkd3d-proton:d3d12_device_QueryInterface: {0742a90b-c387-483f-b946-30a7e4e61458} not implemented, returning E_NOINTERFACE.
12607.666:0138:019c:warn:vkd3d-proton:d3d12_device_QueryInterface: {0742a90b-c387-483f-b946-30a7e4e61458} not implemented, returning E_NOINTERFACE.
12607.693:0138:01a0:warn:vkd3d-proton:d3d12_device_QueryInterface: {0742a90b-c387-483f-b946-30a7e4e61458} not implemented, returning E_NOINTERFACE.
12607.732:0138:0198:warn:vkd3d-proton:d3d12_device_QueryInterface: {0742a90b-c387-483f-b946-30a7e4e61458} not implemented, returning E_NOINTERFACE.
12607.763:0138:01a0:warn:vkd3d-proton:d3d12_device_QueryInterface: {0742a90b-c387-483f-b946-30a7e4e61458} not implemented, returning E_NOINTERFACE.
12607.805:0138:0198:warn:vkd3d-proton:d3d12_device_QueryInterface: {0742a90b-c387-483f-b946-30a7e4e61458} not implemented, returning E_NOINTERFACE.
12607.849:0138:019c:warn:vkd3d-proton:d3d12_device_QueryInterface: {0742a90b-c387-483f-b946-30a7e4e61458} not implemented, returning E_NOINTERFACE.
12607.881:0138:0194:warn:vkd3d-proton:d3d12_device_QueryInterface: {0742a90b-c387-483f-b946-30a7e4e61458} not implemented, returning E_NOINTERFACE.
12607.914:0138:0198:warn:vkd3d-proton:d3d12_device_QueryInterface: {0742a90b-c387-483f-b946-30a7e4e61458} not implemented, returning E_NOINTERFACE.
12607.947:0138:0198:warn:vkd3d-proton:d3d12_device_QueryInterface: {0742a90b-c387-483f-b946-30a7e4e61458} not implemented, returning E_NOINTERFACE.
12607.991:0138:019c:warn:vkd3d-proton:d3d12_device_QueryInterface: {0742a90b-c387-483f-b946-30a7e4e61458} not implemented, returning E_NOINTERFACE.
12608.029:0138:0194:warn:vkd3d-proton:d3d12_device_QueryInterface: {0742a90b-c387-483f-b946-30a7e4e61458} not implemented, returning E_NOINTERFACE.
12608.063:0138:019c:warn:vkd3d-proton:d3d12_device_QueryInterface: {0742a90b-c387-483f-b946-30a7e4e61458} not implemented, returning E_NOINTERFACE.
12608.097:0138:0198:warn:vkd3d-proton:d3d12_device_QueryInterface: {0742a90b-c387-483f-b946-30a7e4e61458} not implemented, returning E_NOINTERFACE.
12608.129:0138:019c:warn:vkd3d-proton:d3d12_device_QueryInterface: {0742a90b-c387-483f-b946-30a7e4e61458} not implemented, returning E_NOINTERFACE.
12608.164:0138:01a0:warn:vkd3d-proton:d3d12_device_QueryInterface: {0742a90b-c387-483f-b946-30a7e4e61458} not implemented, returning E_NOINTERFACE.
12608.199:0138:0194:warn:vkd3d-proton:d3d12_device_QueryInterface: {0742a90b-c387-483f-b946-30a7e4e61458} not implemented, returning E_NOINTERFACE.
12608.233:0138:0198:warn:vkd3d-proton:d3d12_device_QueryInterface: {0742a90b-c387-483f-b946-30a7e4e61458} not implemented, returning E_NOINTERFACE.
12608.272:0138:01a0:warn:vkd3d-proton:d3d12_device_QueryInterface: {0742a90b-c387-483f-b946-30a7e4e61458} not implemented, returning E_NOINTERFACE.
12608.309:0138:0194:warn:vkd3d-proton:d3d12_device_QueryInterface: {0742a90b-c387-483f-b946-30a7e4e61458} not implemented, returning E_NOINTERFACE.
12608.352:0138:01a0:warn:vkd3d-proton:d3d12_device_QueryInterface: {0742a90b-c387-483f-b946-30a7e4e61458} not implemented, returning E_NOINTERFACE.
12608.389:0138:0194:warn:vkd3d-proton:d3d12_device_QueryInterface: {0742a90b-c387-483f-b946-30a7e4e61458} not implemented, returning E_NOINTERFACE.
12608.429:0138:0198:warn:vkd3d-proton:d3d12_device_QueryInterface: {0742a90b-c387-483f-b946-30a7e4e61458} not implemented, returning E_NOINTERFACE.
12608.434:0138:0198:warn:vkd3d-proton:d3d12_device_QueryInterface: {0742a90b-c387-483f-b946-30a7e4e61458} not implemented, returning E_NOINTERFACE.
12608.448:0138:01a0:warn:vkd3d-proton:d3d12_device_QueryInterface: {0742a90b-c387-483f-b946-30a7e4e61458} not implemented, returning E_NOINTERFACE.
12608.465:0138:01a0:warn:vkd3d-proton:d3d12_device_QueryInterface: {0742a90b-c387-483f-b946-30a7e4e61458} not implemented, returning E_NOINTERFACE.
12608.498:0138:019c:warn:vkd3d-proton:d3d12_device_QueryInterface: {0742a90b-c387-483f-b946-30a7e4e61458} not implemented, returning E_NOINTERFACE.
12608.537:0138:01a0:warn:vkd3d-proton:d3d12_device_QueryInterface: {0742a90b-c387-483f-b946-30a7e4e61458} not implemented, returning E_NOINTERFACE.
12608.573:0138:0194:warn:vkd3d-proton:d3d12_device_QueryInterface: {0742a90b-c387-483f-b946-30a7e4e61458} not implemented, returning E_NOINTERFACE.
12608.612:0138:019c:warn:vkd3d-proton:d3d12_device_QueryInterface: {0742a90b-c387-483f-b946-30a7e4e61458} not implemented, returning E_NOINTERFACE.
12608.643:0138:0198:warn:vkd3d-proton:d3d12_device_QueryInterface: {0742a90b-c387-483f-b946-30a7e4e61458} not implemented, returning E_NOINTERFACE.
12608.677:0138:01a0:warn:vkd3d-proton:d3d12_device_QueryInterface: {0742a90b-c387-483f-b946-30a7e4e61458} not implemented, returning E_NOINTERFACE.
12608.713:0138:019c:warn:vkd3d-proton:d3d12_device_QueryInterface: {0742a90b-c387-483f-b946-30a7e4e61458} not implemented, returning E_NOINTERFACE.
12608.752:0138:0194:warn:vkd3d-proton:d3d12_device_QueryInterface: {0742a90b-c387-483f-b946-30a7e4e61458} not implemented, returning E_NOINTERFACE.
12608.780:0138:0198:warn:vkd3d-proton:d3d12_device_QueryInterface: {0742a90b-c387-483f-b946-30a7e4e61458} not implemented, returning E_NOINTERFACE.
12608.817:0138:01a0:warn:vkd3d-proton:d3d12_device_QueryInterface: {0742a90b-c387-483f-b946-30a7e4e61458} not implemented, returning E_NOINTERFACE.
12608.848:0138:019c:warn:vkd3d-proton:d3d12_device_QueryInterface: {0742a90b-c387-483f-b946-30a7e4e61458} not implemented, returning E_NOINTERFACE.
12608.885:0138:01a0:warn:vkd3d-proton:d3d12_device_QueryInterface: {0742a90b-c387-483f-b946-30a7e4e61458} not implemented, returning E_NOINTERFACE.
12608.922:0138:0194:warn:vkd3d-proton:d3d12_device_QueryInterface: {0742a90b-c387-483f-b946-30a7e4e61458} not implemented, returning E_NOINTERFACE.
12608.950:0138:019c:warn:vkd3d-proton:d3d12_device_QueryInterface: {0742a90b-c387-483f-b946-30a7e4e61458} not implemented, returning E_NOINTERFACE.
12608.987:0138:0198:warn:vkd3d-proton:d3d12_device_QueryInterface: {0742a90b-c387-483f-b946-30a7e4e61458} not implemented, returning E_NOINTERFACE.
12609.023:0138:01a0:warn:vkd3d-proton:d3d12_device_QueryInterface: {0742a90b-c387-483f-b946-30a7e4e61458} not implemented, returning E_NOINTERFACE.
12609.053:0138:0194:warn:vkd3d-proton:d3d12_device_QueryInterface: {0742a90b-c387-483f-b946-30a7e4e61458} not implemented, returning E_NOINTERFACE.
12609.094:0138:019c:warn:vkd3d-proton:d3d12_device_QueryInterface: {0742a90b-c387-483f-b946-30a7e4e61458} not implemented, returning E_NOINTERFACE.
12609.131:0138:01a0:warn:vkd3d-proton:d3d12_device_QueryInterface: {0742a90b-c387-483f-b946-30a7e4e61458} not implemented, returning E_NOINTERFACE.
12609.170:0138:0198:warn:vkd3d-proton:d3d12_device_QueryInterface: {0742a90b-c387-483f-b946-30a7e4e61458} not implemented, returning E_NOINTERFACE.
12609.216:0138:0194:warn:vkd3d-proton:d3d12_device_QueryInterface: {0742a90b-c387-483f-b946-30a7e4e61458} not implemented, returning E_NOINTERFACE.
12609.249:0138:019c:warn:vkd3d-proton:d3d12_device_QueryInterface: {0742a90b-c387-483f-b946-30a7e4e61458} not implemented, returning E_NOINTERFACE.
12609.288:0138:0194:warn:vkd3d-proton:d3d12_device_QueryInterface: {0742a90b-c387-483f-b946-30a7e4e61458} not implemented, returning E_NOINTERFACE.
12609.330:0138:0198:warn:vkd3d-proton:d3d12_device_QueryInterface: {0742a90b-c387-483f-b946-30a7e4e61458} not implemented, returning E_NOINTERFACE.
12609.369:0138:019c:warn:vkd3d-proton:d3d12_device_QueryInterface: {0742a90b-c387-483f-b946-30a7e4e61458} not implemented, returning E_NOINTERFACE.
12609.407:0138:0194:warn:vkd3d-proton:d3d12_device_QueryInterface: {0742a90b-c387-483f-b946-30a7e4e61458} not implemented, returning E_NOINTERFACE.
12609.441:0138:01a0:warn:vkd3d-proton:d3d12_device_QueryInterface: {0742a90b-c387-483f-b946-30a7e4e61458} not implemented, returning E_NOINTERFACE.
12609.485:0138:0194:warn:vkd3d-proton:d3d12_device_QueryInterface: {0742a90b-c387-483f-b946-30a7e4e61458} not implemented, returning E_NOINTERFACE.
12609.529:0138:01a0:warn:vkd3d-proton:d3d12_device_QueryInterface: {0742a90b-c387-483f-b946-30a7e4e61458} not implemented, returning E_NOINTERFACE.
12609.563:0138:019c:warn:vkd3d-proton:d3d12_device_QueryInterface: {0742a90b-c387-483f-b946-30a7e4e61458} not implemented, returning E_NOINTERFACE.
12609.604:0138:01a0:warn:vkd3d-proton:d3d12_device_QueryInterface: {0742a90b-c387-483f-b946-30a7e4e61458} not implemented, returning E_NOINTERFACE.
12609.643:0138:0194:warn:vkd3d-proton:d3d12_device_QueryInterface: {0742a90b-c387-483f-b946-30a7e4e61458} not implemented, returning E_NOINTERFACE.
12609.674:0138:0198:warn:vkd3d-proton:d3d12_device_QueryInterface: {0742a90b-c387-483f-b946-30a7e4e61458} not implemented, returning E_NOINTERFACE.
12609.718:0138:0194:warn:vkd3d-proton:d3d12_device_QueryInterface: {0742a90b-c387-483f-b946-30a7e4e61458} not implemented, returning E_NOINTERFACE.
12609.748:0138:019c:warn:vkd3d-proton:d3d12_device_QueryInterface: {0742a90b-c387-483f-b946-30a7e4e61458} not implemented, returning E_NOINTERFACE.
12609.787:0138:0194:warn:vkd3d-proton:d3d12_device_QueryInterface: {0742a90b-c387-483f-b946-30a7e4e61458} not implemented, returning E_NOINTERFACE.
12609.818:0138:01a0:warn:vkd3d-proton:d3d12_device_QueryInterface: {0742a90b-c387-483f-b946-30a7e4e61458} not implemented, returning E_NOINTERFACE.
12609.853:0138:0198:warn:vkd3d-proton:d3d12_device_QueryInterface: {0742a90b-c387-483f-b946-30a7e4e61458} not implemented, returning E_NOINTERFACE.
12609.890:0138:019c:warn:vkd3d-proton:d3d12_device_QueryInterface: {0742a90b-c387-483f-b946-30a7e4e61458} not implemented, returning E_NOINTERFACE.
12609.924:0138:0194:warn:vkd3d-proton:d3d12_device_QueryInterface: {0742a90b-c387-483f-b946-30a7e4e61458} not implemented, returning E_NOINTERFACE.
12609.960:0138:019c:warn:vkd3d-proton:d3d12_device_QueryInterface: {0742a90b-c387-483f-b946-30a7e4e61458} not implemented, returning E_NOINTERFACE.
12609.995:0138:01a0:warn:vkd3d-proton:d3d12_device_QueryInterface: {0742a90b-c387-483f-b946-30a7e4e61458} not implemented, returning E_NOINTERFACE.
12610.034:0138:0194:warn:vkd3d-proton:d3d12_device_QueryInterface: {0742a90b-c387-483f-b946-30a7e4e61458} not implemented, returning E_NOINTERFACE.
12610.039:0138:0194:warn:vkd3d-proton:d3d12_device_QueryInterface: {0742a90b-c387-483f-b946-30a7e4e61458} not implemented, returning E_NOINTERFACE.
12610.047:0138:0194:warn:vkd3d-proton:d3d12_device_QueryInterface: {0742a90b-c387-483f-b946-30a7e4e61458} not implemented, returning E_NOINTERFACE.
12610.067:0138:0194:warn:vkd3d-proton:d3d12_device_QueryInterface: {0742a90b-c387-483f-b946-30a7e4e61458} not implemented, returning E_NOINTERFACE.
12610.104:0138:019c:warn:vkd3d-proton:d3d12_device_QueryInterface: {0742a90b-c387-483f-b946-30a7e4e61458} not implemented, returning E_NOINTERFACE.
12610.137:0138:01a0:warn:vkd3d-proton:d3d12_device_QueryInterface: {0742a90b-c387-483f-b946-30a7e4e61458} not implemented, returning E_NOINTERFACE.
12610.175:0138:019c:warn:vkd3d-proton:d3d12_device_QueryInterface: {0742a90b-c387-483f-b946-30a7e4e61458} not implemented, returning E_NOINTERFACE.
12610.212:0138:01a0:warn:vkd3d-proton:d3d12_device_QueryInterface: {0742a90b-c387-483f-b946-30a7e4e61458} not implemented, returning E_NOINTERFACE.
12610.247:0138:0194:warn:vkd3d-proton:d3d12_device_QueryInterface: {0742a90b-c387-483f-b946-30a7e4e61458} not implemented, returning E_NOINTERFACE.
12610.283:0138:019c:warn:vkd3d-proton:d3d12_device_QueryInterface: {0742a90b-c387-483f-b946-30a7e4e61458} not implemented, returning E_NOINTERFACE.
12610.318:0138:0194:warn:vkd3d-proton:d3d12_device_QueryInterface: {0742a90b-c387-483f-b946-30a7e4e61458} not implemented, returning E_NOINTERFACE.
12610.354:0138:019c:warn:vkd3d-proton:d3d12_device_QueryInterface: {0742a90b-c387-483f-b946-30a7e4e61458} not implemented, returning E_NOINTERFACE.
12610.391:0138:0198:warn:vkd3d-proton:d3d12_device_QueryInterface: {0742a90b-c387-483f-b946-30a7e4e61458} not implemented, returning E_NOINTERFACE.
12610.426:0138:0194:warn:vkd3d-proton:d3d12_device_QueryInterface: {0742a90b-c387-483f-b946-30a7e4e61458} not implemented, returning E_NOINTERFACE.
12610.464:0138:019c:warn:vkd3d-proton:d3d12_device_QueryInterface: {0742a90b-c387-483f-b946-30a7e4e61458} not implemented, returning E_NOINTERFACE.
12610.506:0138:0198:warn:vkd3d-proton:d3d12_device_QueryInterface: {0742a90b-c387-483f-b946-30a7e4e61458} not implemented, returning E_NOINTERFACE.
12610.546:0138:019c:warn:vkd3d-proton:d3d12_device_QueryInterface: {0742a90b-c387-483f-b946-30a7e4e61458} not implemented, returning E_NOINTERFACE.
12610.584:0138:0194:warn:vkd3d-proton:d3d12_device_QueryInterface: {0742a90b-c387-483f-b946-30a7e4e61458} not implemented, returning E_NOINTERFACE.
12610.617:0138:019c:warn:vkd3d-proton:d3d12_device_QueryInterface: {0742a90b-c387-483f-b946-30a7e4e61458} not implemented, returning E_NOINTERFACE.
12610.659:0138:01a0:warn:vkd3d-proton:d3d12_device_QueryInterface: {0742a90b-c387-483f-b946-30a7e4e61458} not implemented, returning E_NOINTERFACE.
12610.688:0138:019c:warn:vkd3d-proton:d3d12_device_QueryInterface: {0742a90b-c387-483f-b946-30a7e4e61458} not implemented, returning E_NOINTERFACE.
12610.728:0138:0198:warn:vkd3d-proton:d3d12_device_QueryInterface: {0742a90b-c387-483f-b946-30a7e4e61458} not implemented, returning E_NOINTERFACE.
12610.768:0138:01a0:warn:vkd3d-proton:d3d12_device_QueryInterface: {0742a90b-c387-483f-b946-30a7e4e61458} not implemented, returning E_NOINTERFACE.
12610.802:0138:0198:warn:vkd3d-proton:d3d12_device_QueryInterface: {0742a90b-c387-483f-b946-30a7e4e61458} not implemented, returning E_NOINTERFACE.
12610.838:0138:0194:warn:vkd3d-proton:d3d12_device_QueryInterface: {0742a90b-c387-483f-b946-30a7e4e61458} not implemented, returning E_NOINTERFACE.
12610.877:0138:01a0:warn:vkd3d-proton:d3d12_device_QueryInterface: {0742a90b-c387-483f-b946-30a7e4e61458} not implemented, returning E_NOINTERFACE.
12610.914:0138:0194:warn:vkd3d-proton:d3d12_device_QueryInterface: {0742a90b-c387-483f-b946-30a7e4e61458} not implemented, returning E_NOINTERFACE.
12610.949:0138:0198:warn:vkd3d-proton:d3d12_device_QueryInterface: {0742a90b-c387-483f-b946-30a7e4e61458} not implemented, returning E_NOINTERFACE.
12610.989:0138:01a0:warn:vkd3d-proton:d3d12_device_QueryInterface: {0742a90b-c387-483f-b946-30a7e4e61458} not implemented, returning E_NOINTERFACE.
12611.027:0138:01a0:warn:vkd3d-proton:d3d12_device_QueryInterface: {0742a90b-c387-483f-b946-30a7e4e61458} not implemented, returning E_NOINTERFACE.
12611.057:0138:019c:warn:vkd3d-proton:d3d12_device_QueryInterface: {0742a90b-c387-483f-b946-30a7e4e61458} not implemented, returning E_NOINTERFACE.
12611.091:0138:0194:warn:vkd3d-proton:d3d12_device_QueryInterface: {0742a90b-c387-483f-b946-30a7e4e61458} not implemented, returning E_NOINTERFACE.
12611.128:0138:01a0:warn:vkd3d-proton:d3d12_device_QueryInterface: {0742a90b-c387-483f-b946-30a7e4e61458} not implemented, returning E_NOINTERFACE.
12611.161:0138:019c:warn:vkd3d-proton:d3d12_device_QueryInterface: {0742a90b-c387-483f-b946-30a7e4e61458} not implemented, returning E_NOINTERFACE.
12611.200:0138:0198:warn:vkd3d-proton:d3d12_device_QueryInterface: {0742a90b-c387-483f-b946-30a7e4e61458} not implemented, returning E_NOINTERFACE.
12611.241:0138:0194:warn:vkd3d-proton:d3d12_device_QueryInterface: {0742a90b-c387-483f-b946-30a7e4e61458} not implemented, returning E_NOINTERFACE.
12611.276:0138:01a0:warn:vkd3d-proton:d3d12_device_QueryInterface: {0742a90b-c387-483f-b946-30a7e4e61458} not implemented, returning E_NOINTERFACE.
12611.311:0138:019c:warn:vkd3d-proton:d3d12_device_QueryInterface: {0742a90b-c387-483f-b946-30a7e4e61458} not implemented, returning E_NOINTERFACE.
12611.349:0138:0194:warn:vkd3d-proton:d3d12_device_QueryInterface: {0742a90b-c387-483f-b946-30a7e4e61458} not implemented, returning E_NOINTERFACE.
12611.391:0138:0198:warn:vkd3d-proton:d3d12_device_QueryInterface: {0742a90b-c387-483f-b946-30a7e4e61458} not implemented, returning E_NOINTERFACE.
12611.428:0138:0194:warn:vkd3d-proton:d3d12_device_QueryInterface: {0742a90b-c387-483f-b946-30a7e4e61458} not implemented, returning E_NOINTERFACE.
12611.464:0138:01a0:warn:vkd3d-proton:d3d12_device_QueryInterface: {0742a90b-c387-483f-b946-30a7e4e61458} not implemented, returning E_NOINTERFACE.
12611.468:0138:01a0:warn:vkd3d-proton:d3d12_device_QueryInterface: {0742a90b-c387-483f-b946-30a7e4e61458} not implemented, returning E_NOINTERFACE.
12611.481:0138:019c:warn:vkd3d-proton:d3d12_device_QueryInterface: {0742a90b-c387-483f-b946-30a7e4e61458} not implemented, returning E_NOINTERFACE.
12611.498:0138:019c:warn:vkd3d-proton:d3d12_device_QueryInterface: {0742a90b-c387-483f-b946-30a7e4e61458} not implemented, returning E_NOINTERFACE.
12611.532:0138:01a0:warn:vkd3d-proton:d3d12_device_QueryInterface: {0742a90b-c387-483f-b946-30a7e4e61458} not implemented, returning E_NOINTERFACE.
12611.572:0138:0198:warn:vkd3d-proton:d3d12_device_QueryInterface: {0742a90b-c387-483f-b946-30a7e4e61458} not implemented, returning E_NOINTERFACE.
12611.609:0138:0194:warn:vkd3d-proton:d3d12_device_QueryInterface: {0742a90b-c387-483f-b946-30a7e4e61458} not implemented, returning E_NOINTERFACE.
12611.649:0138:019c:warn:vkd3d-proton:d3d12_device_QueryInterface: {0742a90b-c387-483f-b946-30a7e4e61458} not implemented, returning E_NOINTERFACE.
12611.687:0138:0198:warn:vkd3d-proton:d3d12_device_QueryInterface: {0742a90b-c387-483f-b946-30a7e4e61458} not implemented, returning E_NOINTERFACE.
12611.725:0138:01a0:warn:vkd3d-proton:d3d12_device_QueryInterface: {0742a90b-c387-483f-b946-30a7e4e61458} not implemented, returning E_NOINTERFACE.
12611.767:0138:019c:warn:vkd3d-proton:d3d12_device_QueryInterface: {0742a90b-c387-483f-b946-30a7e4e61458} not implemented, returning E_NOINTERFACE.
12611.807:0138:0194:warn:vkd3d-proton:d3d12_device_QueryInterface: {0742a90b-c387-483f-b946-30a7e4e61458} not implemented, returning E_NOINTERFACE.
12611.843:0138:0198:warn:vkd3d-proton:d3d12_device_QueryInterface: {0742a90b-c387-483f-b946-30a7e4e61458} not implemented, returning E_NOINTERFACE.
12611.881:0138:01a0:warn:vkd3d-proton:d3d12_device_QueryInterface: {0742a90b-c387-483f-b946-30a7e4e61458} not implemented, returning E_NOINTERFACE.
12611.916:0138:019c:warn:vkd3d-proton:d3d12_device_QueryInterface: {0742a90b-c387-483f-b946-30a7e4e61458} not implemented, returning E_NOINTERFACE.
12611.950:0138:01a0:warn:vkd3d-proton:d3d12_device_QueryInterface: {0742a90b-c387-483f-b946-30a7e4e61458} not implemented, returning E_NOINTERFACE.
12611.980:0138:0194:warn:vkd3d-proton:d3d12_device_QueryInterface: {0742a90b-c387-483f-b946-30a7e4e61458} not implemented, returning E_NOINTERFACE.
12612.008:0138:0198:warn:vkd3d-proton:d3d12_device_QueryInterface: {0742a90b-c387-483f-b946-30a7e4e61458} not implemented, returning E_NOINTERFACE.
12612.043:0138:0194:warn:vkd3d-proton:d3d12_device_QueryInterface: {0742a90b-c387-483f-b946-30a7e4e61458} not implemented, returning E_NOINTERFACE.
12612.084:0138:019c:warn:vkd3d-proton:d3d12_device_QueryInterface: {0742a90b-c387-483f-b946-30a7e4e61458} not implemented, returning E_NOINTERFACE.
12612.114:0138:01a0:warn:vkd3d-proton:d3d12_device_QueryInterface: {0742a90b-c387-483f-b946-30a7e4e61458} not implemented, returning E_NOINTERFACE.
12612.171:0138:0198:warn:vkd3d-proton:d3d12_device_QueryInterface: {0742a90b-c387-483f-b946-30a7e4e61458} not implemented, returning E_NOINTERFACE.
12612.204:0138:0198:warn:vkd3d-proton:d3d12_device_QueryInterface: {0742a90b-c387-483f-b946-30a7e4e61458} not implemented, returning E_NOINTERFACE.
12612.245:0138:0194:warn:vkd3d-proton:d3d12_device_QueryInterface: {0742a90b-c387-483f-b946-30a7e4e61458} not implemented, returning E_NOINTERFACE.
12612.274:0138:01a0:warn:vkd3d-proton:d3d12_device_QueryInterface: {0742a90b-c387-483f-b946-30a7e4e61458} not implemented, returning E_NOINTERFACE.
12612.407:0138:0194:warn:vkd3d-proton:d3d12_device_QueryInterface: {0742a90b-c387-483f-b946-30a7e4e61458} not implemented, returning E_NOINTERFACE.
12612.436:0138:0198:warn:vkd3d-proton:d3d12_device_QueryInterface: {0742a90b-c387-483f-b946-30a7e4e61458} not implemented, returning E_NOINTERFACE.
12612.444:0138:0198:warn:vkd3d-proton:d3d12_device_QueryInterface: {0742a90b-c387-483f-b946-30a7e4e61458} not implemented, returning E_NOINTERFACE.
12612.453:0138:0198:warn:vkd3d-proton:d3d12_device_QueryInterface: {0742a90b-c387-483f-b946-30a7e4e61458} not implemented, returning E_NOINTERFACE.
12612.468:0138:0198:warn:vkd3d-proton:d3d12_device_QueryInterface: {0742a90b-c387-483f-b946-30a7e4e61458} not implemented, returning E_NOINTERFACE.
12612.597:0138:019c:warn:vkd3d-proton:d3d12_device_QueryInterface: {0742a90b-c387-483f-b946-30a7e4e61458} not implemented, returning E_NOINTERFACE.
12612.665:0138:01a0:warn:vkd3d-proton:d3d12_device_QueryInterface: {0742a90b-c387-483f-b946-30a7e4e61458} not implemented, returning E_NOINTERFACE.
12612.699:0138:01a0:warn:vkd3d-proton:d3d12_device_QueryInterface: {0742a90b-c387-483f-b946-30a7e4e61458} not implemented, returning E_NOINTERFACE.
12612.733:0138:0194:warn:vkd3d-proton:d3d12_device_QueryInterface: {0742a90b-c387-483f-b946-30a7e4e61458} not implemented, returning E_NOINTERFACE.
12612.778:0138:0198:warn:vkd3d-proton:d3d12_device_QueryInterface: {0742a90b-c387-483f-b946-30a7e4e61458} not implemented, returning E_NOINTERFACE.
12612.791:0138:0198:warn:vkd3d-proton:d3d12_device_QueryInterface: {0742a90b-c387-483f-b946-30a7e4e61458} not implemented, returning E_NOINTERFACE.
12612.803:0138:0198:warn:vkd3d-proton:d3d12_device_QueryInterface: {0742a90b-c387-483f-b946-30a7e4e61458} not implemented, returning E_NOINTERFACE.
12612.942:0138:0194:warn:vkd3d-proton:d3d12_device_QueryInterface: {0742a90b-c387-483f-b946-30a7e4e61458} not implemented, returning E_NOINTERFACE.
12613.069:0138:0198:warn:vkd3d-proton:d3d12_device_QueryInterface: {0742a90b-c387-483f-b946-30a7e4e61458} not implemented, returning E_NOINTERFACE.
12613.195:0138:0194:warn:vkd3d-proton:d3d12_device_QueryInterface: {0742a90b-c387-483f-b946-30a7e4e61458} not implemented, returning E_NOINTERFACE.
12613.203:0138:0194:warn:vkd3d-proton:d3d12_device_QueryInterface: {0742a90b-c387-483f-b946-30a7e4e61458} not implemented, returning E_NOINTERFACE.
12613.220:0138:0194:warn:vkd3d-proton:d3d12_device_QueryInterface: {0742a90b-c387-483f-b946-30a7e4e61458} not implemented, returning E_NOINTERFACE.
12613.353:0138:019c:warn:vkd3d-proton:d3d12_device_QueryInterface: {0742a90b-c387-483f-b946-30a7e4e61458} not implemented, returning E_NOINTERFACE.
12613.476:0138:0194:warn:vkd3d-proton:d3d12_device_QueryInterface: {0742a90b-c387-483f-b946-30a7e4e61458} not implemented, returning E_NOINTERFACE.
12613.514:0138:0198:warn:vkd3d-proton:d3d12_device_QueryInterface: {0742a90b-c387-483f-b946-30a7e4e61458} not implemented, returning E_NOINTERFACE.
12613.522:0138:0198:warn:vkd3d-proton:d3d12_device_QueryInterface: {0742a90b-c387-483f-b946-30a7e4e61458} not implemented, returning E_NOINTERFACE.
12613.530:0138:0198:warn:vkd3d-proton:d3d12_device_QueryInterface: {0742a90b-c387-483f-b946-30a7e4e61458} not implemented, returning E_NOINTERFACE.
12613.544:0138:0198:warn:vkd3d-proton:d3d12_device_QueryInterface: {0742a90b-c387-483f-b946-30a7e4e61458} not implemented, returning E_NOINTERFACE.
12613.559:0138:0198:warn:vkd3d-proton:d3d12_device_QueryInterface: {0742a90b-c387-483f-b946-30a7e4e61458} not implemented, returning E_NOINTERFACE.
12613.584:0138:019c:warn:vkd3d-proton:d3d12_device_QueryInterface: {0742a90b-c387-483f-b946-30a7e4e61458} not implemented, returning E_NOINTERFACE.
12613.606:0138:01a0:warn:vkd3d-proton:d3d12_device_QueryInterface: {0742a90b-c387-483f-b946-30a7e4e61458} not implemented, returning E_NOINTERFACE.
12613.619:0138:01a0:warn:vkd3d-proton:d3d12_device_QueryInterface: {0742a90b-c387-483f-b946-30a7e4e61458} not implemented, returning E_NOINTERFACE.
12613.731:0138:019c:warn:vkd3d-proton:d3d12_device_QueryInterface: {0742a90b-c387-483f-b946-30a7e4e61458} not implemented, returning E_NOINTERFACE.
12613.868:0138:01a0:warn:vkd3d-proton:d3d12_device_QueryInterface: {0742a90b-c387-483f-b946-30a7e4e61458} not implemented, returning E_NOINTERFACE.
12613.997:0138:019c:warn:vkd3d-proton:d3d12_device_QueryInterface: {0742a90b-c387-483f-b946-30a7e4e61458} not implemented, returning E_NOINTERFACE.
12614.004:0138:019c:warn:vkd3d-proton:d3d12_device_QueryInterface: {0742a90b-c387-483f-b946-30a7e4e61458} not implemented, returning E_NOINTERFACE.
12614.026:0138:019c:warn:vkd3d-proton:d3d12_device_QueryInterface: {0742a90b-c387-483f-b946-30a7e4e61458} not implemented, returning E_NOINTERFACE.
12614.169:0138:01a0:warn:vkd3d-proton:d3d12_device_QueryInterface: {0742a90b-c387-483f-b946-30a7e4e61458} not implemented, returning E_NOINTERFACE.
12614.303:0138:019c:warn:vkd3d-proton:d3d12_device_QueryInterface: {0742a90b-c387-483f-b946-30a7e4e61458} not implemented, returning E_NOINTERFACE.
12614.342:0138:0198:warn:vkd3d-proton:d3d12_device_QueryInterface: {0742a90b-c387-483f-b946-30a7e4e61458} not implemented, returning E_NOINTERFACE.
12614.349:0138:0198:warn:vkd3d-proton:d3d12_device_QueryInterface: {0742a90b-c387-483f-b946-30a7e4e61458} not implemented, returning E_NOINTERFACE.
12614.355:0138:0198:warn:vkd3d-proton:d3d12_device_QueryInterface: {0742a90b-c387-483f-b946-30a7e4e61458} not implemented, returning E_NOINTERFACE.
12614.372:0138:0198:warn:vkd3d-proton:d3d12_device_QueryInterface: {0742a90b-c387-483f-b946-30a7e4e61458} not implemented, returning E_NOINTERFACE.
12614.505:0138:019c:warn:vkd3d-proton:d3d12_device_QueryInterface: {0742a90b-c387-483f-b946-30a7e4e61458} not implemented, returning E_NOINTERFACE.
12614.549:0138:01a0:warn:vkd3d-proton:d3d12_device_QueryInterface: {0742a90b-c387-483f-b946-30a7e4e61458} not implemented, returning E_NOINTERFACE.
12614.583:0138:0198:warn:vkd3d-proton:d3d12_device_QueryInterface: {0742a90b-c387-483f-b946-30a7e4e61458} not implemented, returning E_NOINTERFACE.
12614.623:0138:0198:warn:vkd3d-proton:d3d12_device_QueryInterface: {0742a90b-c387-483f-b946-30a7e4e61458} not implemented, returning E_NOINTERFACE.
12614.653:0138:0198:warn:vkd3d-proton:d3d12_device_QueryInterface: {0742a90b-c387-483f-b946-30a7e4e61458} not implemented, returning E_NOINTERFACE.
12614.689:0138:0198:warn:vkd3d-proton:d3d12_device_QueryInterface: {0742a90b-c387-483f-b946-30a7e4e61458} not implemented, returning E_NOINTERFACE.
12614.721:0138:019c:warn:vkd3d-proton:d3d12_device_QueryInterface: {0742a90b-c387-483f-b946-30a7e4e61458} not implemented, returning E_NOINTERFACE.
12614.788:0138:019c:warn:vkd3d-proton:d3d12_device_QueryInterface: {0742a90b-c387-483f-b946-30a7e4e61458} not implemented, returning E_NOINTERFACE.
12614.804:0138:019c:warn:vkd3d-proton:d3d12_device_QueryInterface: {0742a90b-c387-483f-b946-30a7e4e61458} not implemented, returning E_NOINTERFACE.
12614.865:0138:019c:warn:vkd3d-proton:d3d12_device_QueryInterface: {0742a90b-c387-483f-b946-30a7e4e61458} not implemented, returning E_NOINTERFACE.
12614.893:0138:019c:warn:vkd3d-proton:d3d12_device_QueryInterface: {0742a90b-c387-483f-b946-30a7e4e61458} not implemented, returning E_NOINTERFACE.
12614.898:0138:019c:warn:vkd3d-proton:d3d12_device_QueryInterface: {0742a90b-c387-483f-b946-30a7e4e61458} not implemented, returning E_NOINTERFACE.
12614.910:0138:019c:warn:vkd3d-proton:d3d12_device_QueryInterface: {0742a90b-c387-483f-b946-30a7e4e61458} not implemented, returning E_NOINTERFACE.
12614.919:0138:019c:warn:vkd3d-proton:d3d12_device_QueryInterface: {0742a90b-c387-483f-b946-30a7e4e61458} not implemented, returning E_NOINTERFACE.
12614.936:0138:019c:warn:vkd3d-proton:d3d12_device_QueryInterface: {0742a90b-c387-483f-b946-30a7e4e61458} not implemented, returning E_NOINTERFACE.
12614.975:0138:0194:warn:vkd3d-proton:d3d12_device_QueryInterface: {0742a90b-c387-483f-b946-30a7e4e61458} not implemented, returning E_NOINTERFACE.
12615.013:0138:0198:warn:vkd3d-proton:d3d12_device_QueryInterface: {0742a90b-c387-483f-b946-30a7e4e61458} not implemented, returning E_NOINTERFACE.
12615.040:0138:019c:warn:vkd3d-proton:d3d12_device_QueryInterface: {0742a90b-c387-483f-b946-30a7e4e61458} not implemented, returning E_NOINTERFACE.
12615.076:0138:01a0:warn:vkd3d-proton:d3d12_device_QueryInterface: {0742a90b-c387-483f-b946-30a7e4e61458} not implemented, returning E_NOINTERFACE.
12615.131:0138:0194:warn:vkd3d-proton:d3d12_device_QueryInterface: {0742a90b-c387-483f-b946-30a7e4e61458} not implemented, returning E_NOINTERFACE.
12615.151:0138:01a0:warn:vkd3d-proton:d3d12_device_QueryInterface: {0742a90b-c387-483f-b946-30a7e4e61458} not implemented, returning E_NOINTERFACE.
12615.176:0138:01a0:warn:vkd3d-proton:d3d12_device_QueryInterface: {0742a90b-c387-483f-b946-30a7e4e61458} not implemented, returning E_NOINTERFACE.
12615.214:0138:019c:warn:vkd3d-proton:d3d12_device_QueryInterface: {0742a90b-c387-483f-b946-30a7e4e61458} not implemented, returning E_NOINTERFACE.
12615.262:0138:0194:warn:vkd3d-proton:d3d12_device_QueryInterface: {0742a90b-c387-483f-b946-30a7e4e61458} not implemented, returning E_NOINTERFACE.
12615.301:0138:0198:warn:vkd3d-proton:d3d12_device_QueryInterface: {0742a90b-c387-483f-b946-30a7e4e61458} not implemented, returning E_NOINTERFACE.
12615.333:0138:0194:warn:vkd3d-proton:d3d12_device_QueryInterface: {0742a90b-c387-483f-b946-30a7e4e61458} not implemented, returning E_NOINTERFACE.
12615.364:0138:0194:warn:vkd3d-proton:d3d12_device_QueryInterface: {0742a90b-c387-483f-b946-30a7e4e61458} not implemented, returning E_NOINTERFACE.
12615.386:0138:01a0:warn:vkd3d-proton:d3d12_device_QueryInterface: {0742a90b-c387-483f-b946-30a7e4e61458} not implemented, returning E_NOINTERFACE.
12615.411:0138:0194:warn:vkd3d-proton:d3d12_device_QueryInterface: {0742a90b-c387-483f-b946-30a7e4e61458} not implemented, returning E_NOINTERFACE.
12615.437:0138:0198:warn:vkd3d-proton:d3d12_device_QueryInterface: {0742a90b-c387-483f-b946-30a7e4e61458} not implemented, returning E_NOINTERFACE.
12615.467:0138:01a0:warn:vkd3d-proton:d3d12_device_QueryInterface: {0742a90b-c387-483f-b946-30a7e4e61458} not implemented, returning E_NOINTERFACE.
12615.490:0138:0194:warn:vkd3d-proton:d3d12_device_QueryInterface: {0742a90b-c387-483f-b946-30a7e4e61458} not implemented, returning E_NOINTERFACE.
12615.519:0138:01a0:warn:vkd3d-proton:d3d12_device_QueryInterface: {0742a90b-c387-483f-b946-30a7e4e61458} not implemented, returning E_NOINTERFACE.
12615.521:0138:01a0:warn:vkd3d-proton:d3d12_device_QueryInterface: {0742a90b-c387-483f-b946-30a7e4e61458} not implemented, returning E_NOINTERFACE.
12615.554:0138:0198:warn:vkd3d-proton:d3d12_device_QueryInterface: {0742a90b-c387-483f-b946-30a7e4e61458} not implemented, returning E_NOINTERFACE.
12615.559:0138:0198:warn:vkd3d-proton:d3d12_device_QueryInterface: {0742a90b-c387-483f-b946-30a7e4e61458} not implemented, returning E_NOINTERFACE.
12615.587:0138:01a0:warn:vkd3d-proton:d3d12_device_QueryInterface: {0742a90b-c387-483f-b946-30a7e4e61458} not implemented, returning E_NOINTERFACE.
12615.593:0138:01a0:warn:vkd3d-proton:d3d12_device_QueryInterface: {0742a90b-c387-483f-b946-30a7e4e61458} not implemented, returning E_NOINTERFACE.
12615.619:0138:0194:warn:vkd3d-proton:d3d12_device_QueryInterface: {0742a90b-c387-483f-b946-30a7e4e61458} not implemented, returning E_NOINTERFACE.
12615.622:0138:0194:warn:vkd3d-proton:d3d12_device_QueryInterface: {0742a90b-c387-483f-b946-30a7e4e61458} not implemented, returning E_NOINTERFACE.
12615.656:0138:019c:warn:vkd3d-proton:d3d12_device_QueryInterface: {0742a90b-c387-483f-b946-30a7e4e61458} not implemented, returning E_NOINTERFACE.
12615.661:0138:019c:warn:vkd3d-proton:d3d12_device_QueryInterface: {0742a90b-c387-483f-b946-30a7e4e61458} not implemented, returning E_NOINTERFACE.
12615.690:0138:01a0:warn:vkd3d-proton:d3d12_device_QueryInterface: {0742a90b-c387-483f-b946-30a7e4e61458} not implemented, returning E_NOINTERFACE.
12615.719:0138:019c:warn:vkd3d-proton:d3d12_device_QueryInterface: {0742a90b-c387-483f-b946-30a7e4e61458} not implemented, returning E_NOINTERFACE.
12615.722:0138:019c:warn:vkd3d-proton:d3d12_device_QueryInterface: {0742a90b-c387-483f-b946-30a7e4e61458} not implemented, returning E_NOINTERFACE.
12615.755:0138:0198:warn:vkd3d-proton:d3d12_device_QueryInterface: {0742a90b-c387-483f-b946-30a7e4e61458} not implemented, returning E_NOINTERFACE.
12615.783:0138:0194:warn:vkd3d-proton:d3d12_device_QueryInterface: {0742a90b-c387-483f-b946-30a7e4e61458} not implemented, returning E_NOINTERFACE.
12615.787:0138:019c:warn:vkd3d-proton:d3d12_device_QueryInterface: {0742a90b-c387-483f-b946-30a7e4e61458} not implemented, returning E_NOINTERFACE.
12615.817:0138:0198:warn:vkd3d-proton:d3d12_device_QueryInterface: {0742a90b-c387-483f-b946-30a7e4e61458} not implemented, returning E_NOINTERFACE.
12615.820:0138:0198:warn:vkd3d-proton:d3d12_device_QueryInterface: {0742a90b-c387-483f-b946-30a7e4e61458} not implemented, returning E_NOINTERFACE.
12615.850:0138:019c:warn:vkd3d-proton:d3d12_device_QueryInterface: {0742a90b-c387-483f-b946-30a7e4e61458} not implemented, returning E_NOINTERFACE.
12615.857:0138:0198:warn:vkd3d-proton:d3d12_device_QueryInterface: {0742a90b-c387-483f-b946-30a7e4e61458} not implemented, returning E_NOINTERFACE.
12615.882:0138:01a0:warn:vkd3d-proton:d3d12_device_QueryInterface: {0742a90b-c387-483f-b946-30a7e4e61458} not implemented, returning E_NOINTERFACE.
12615.891:0138:019c:warn:vkd3d-proton:d3d12_device_QueryInterface: {0742a90b-c387-483f-b946-30a7e4e61458} not implemented, returning E_NOINTERFACE.
12615.918:0138:01a0:warn:vkd3d-proton:d3d12_device_QueryInterface: {0742a90b-c387-483f-b946-30a7e4e61458} not implemented, returning E_NOINTERFACE.
12615.920:0138:01a0:warn:vkd3d-proton:d3d12_device_QueryInterface: {0742a90b-c387-483f-b946-30a7e4e61458} not implemented, returning E_NOINTERFACE.
12615.957:0138:0194:warn:vkd3d-proton:d3d12_device_QueryInterface: {0742a90b-c387-483f-b946-30a7e4e61458} not implemented, returning E_NOINTERFACE.
12615.966:0138:0194:warn:vkd3d-proton:d3d12_device_QueryInterface: {0742a90b-c387-483f-b946-30a7e4e61458} not implemented, returning E_NOINTERFACE.
12615.991:0138:019c:warn:vkd3d-proton:d3d12_device_QueryInterface: {0742a90b-c387-483f-b946-30a7e4e61458} not implemented, returning E_NOINTERFACE.
12616.032:0138:01a0:warn:vkd3d-proton:d3d12_device_QueryInterface: {0742a90b-c387-483f-b946-30a7e4e61458} not implemented, returning E_NOINTERFACE.
12616.061:0138:019c:warn:vkd3d-proton:d3d12_device_QueryInterface: {0742a90b-c387-483f-b946-30a7e4e61458} not implemented, returning E_NOINTERFACE.
12616.096:0138:0194:warn:vkd3d-proton:d3d12_device_QueryInterface: {0742a90b-c387-483f-b946-30a7e4e61458} not implemented, returning E_NOINTERFACE.
12616.098:0138:0194:warn:vkd3d-proton:d3d12_device_QueryInterface: {0742a90b-c387-483f-b946-30a7e4e61458} not implemented, returning E_NOINTERFACE.
12616.131:0138:019c:warn:vkd3d-proton:d3d12_device_QueryInterface: {0742a90b-c387-483f-b946-30a7e4e61458} not implemented, returning E_NOINTERFACE.
12616.173:0138:0198:warn:vkd3d-proton:d3d12_device_QueryInterface: {0742a90b-c387-483f-b946-30a7e4e61458} not implemented, returning E_NOINTERFACE.
12616.212:0138:019c:warn:vkd3d-proton:d3d12_device_QueryInterface: {0742a90b-c387-483f-b946-30a7e4e61458} not implemented, returning E_NOINTERFACE.
12616.254:0138:0194:warn:vkd3d-proton:d3d12_device_QueryInterface: {0742a90b-c387-483f-b946-30a7e4e61458} not implemented, returning E_NOINTERFACE.
12616.283:0138:01a0:warn:vkd3d-proton:d3d12_device_QueryInterface: {0742a90b-c387-483f-b946-30a7e4e61458} not implemented, returning E_NOINTERFACE.
12616.314:0138:0194:warn:vkd3d-proton:d3d12_device_QueryInterface: {0742a90b-c387-483f-b946-30a7e4e61458} not implemented, returning E_NOINTERFACE.
12616.348:0138:01a0:warn:vkd3d-proton:d3d12_device_QueryInterface: {0742a90b-c387-483f-b946-30a7e4e61458} not implemented, returning E_NOINTERFACE.
12616.383:0138:019c:warn:vkd3d-proton:d3d12_device_QueryInterface: {0742a90b-c387-483f-b946-30a7e4e61458} not implemented, returning E_NOINTERFACE.
12616.418:0138:0198:warn:vkd3d-proton:d3d12_device_QueryInterface: {0742a90b-c387-483f-b946-30a7e4e61458} not implemented, returning E_NOINTERFACE.
12616.457:0138:01a0:warn:vkd3d-proton:d3d12_device_QueryInterface: {0742a90b-c387-483f-b946-30a7e4e61458} not implemented, returning E_NOINTERFACE.
12616.495:0138:019c:warn:vkd3d-proton:d3d12_device_QueryInterface: {0742a90b-c387-483f-b946-30a7e4e61458} not implemented, returning E_NOINTERFACE.
12616.529:0138:0198:warn:vkd3d-proton:d3d12_device_QueryInterface: {0742a90b-c387-483f-b946-30a7e4e61458} not implemented, returning E_NOINTERFACE.
12616.558:0138:019c:warn:vkd3d-proton:d3d12_device_QueryInterface: {0742a90b-c387-483f-b946-30a7e4e61458} not implemented, returning E_NOINTERFACE.
12616.592:0138:01a0:warn:vkd3d-proton:d3d12_device_QueryInterface: {0742a90b-c387-483f-b946-30a7e4e61458} not implemented, returning E_NOINTERFACE.
12616.632:0138:0194:warn:vkd3d-proton:d3d12_device_QueryInterface: {0742a90b-c387-483f-b946-30a7e4e61458} not implemented, returning E_NOINTERFACE.
12616.672:0138:01a0:warn:vkd3d-proton:d3d12_device_QueryInterface: {0742a90b-c387-483f-b946-30a7e4e61458} not implemented, returning E_NOINTERFACE.
12616.708:0138:0194:warn:vkd3d-proton:d3d12_device_QueryInterface: {0742a90b-c387-483f-b946-30a7e4e61458} not implemented, returning E_NOINTERFACE.
12616.745:0138:0198:warn:vkd3d-proton:d3d12_device_QueryInterface: {0742a90b-c387-483f-b946-30a7e4e61458} not implemented, returning E_NOINTERFACE.
12616.789:0138:019c:warn:vkd3d-proton:d3d12_device_QueryInterface: {0742a90b-c387-483f-b946-30a7e4e61458} not implemented, returning E_NOINTERFACE.
12616.823:0138:0194:warn:vkd3d-proton:d3d12_device_QueryInterface: {0742a90b-c387-483f-b946-30a7e4e61458} not implemented, returning E_NOINTERFACE.
12616.856:0138:019c:warn:vkd3d-proton:d3d12_device_QueryInterface: {0742a90b-c387-483f-b946-30a7e4e61458} not implemented, returning E_NOINTERFACE.
12616.891:0138:0198:warn:vkd3d-proton:d3d12_device_QueryInterface: {0742a90b-c387-483f-b946-30a7e4e61458} not implemented, returning E_NOINTERFACE.
12616.929:0138:0194:warn:vkd3d-proton:d3d12_device_QueryInterface: {0742a90b-c387-483f-b946-30a7e4e61458} not implemented, returning E_NOINTERFACE.
12616.965:0138:019c:warn:vkd3d-proton:d3d12_device_QueryInterface: {0742a90b-c387-483f-b946-30a7e4e61458} not implemented, returning E_NOINTERFACE.
12617.004:0138:0194:warn:vkd3d-proton:d3d12_device_QueryInterface: {0742a90b-c387-483f-b946-30a7e4e61458} not implemented, returning E_NOINTERFACE.
12617.039:0138:01a0:warn:vkd3d-proton:d3d12_device_QueryInterface: {0742a90b-c387-483f-b946-30a7e4e61458} not implemented, returning E_NOINTERFACE.
12617.080:0138:0198:warn:vkd3d-proton:d3d12_device_QueryInterface: {0742a90b-c387-483f-b946-30a7e4e61458} not implemented, returning E_NOINTERFACE.
12617.112:0138:0194:warn:vkd3d-proton:d3d12_device_QueryInterface: {0742a90b-c387-483f-b946-30a7e4e61458} not implemented, returning E_NOINTERFACE.
12617.141:0138:01a0:warn:vkd3d-proton:d3d12_device_QueryInterface: {0742a90b-c387-483f-b946-30a7e4e61458} not implemented, returning E_NOINTERFACE.
12617.172:0138:0194:warn:vkd3d-proton:d3d12_device_QueryInterface: {0742a90b-c387-483f-b946-30a7e4e61458} not implemented, returning E_NOINTERFACE.
12617.209:0138:01a0:warn:vkd3d-proton:d3d12_device_QueryInterface: {0742a90b-c387-483f-b946-30a7e4e61458} not implemented, returning E_NOINTERFACE.
12617.245:0138:0194:warn:vkd3d-proton:d3d12_device_QueryInterface: {0742a90b-c387-483f-b946-30a7e4e61458} not implemented, returning E_NOINTERFACE.
12617.284:0138:01a0:warn:vkd3d-proton:d3d12_device_QueryInterface: {0742a90b-c387-483f-b946-30a7e4e61458} not implemented, returning E_NOINTERFACE.
12617.316:0138:0194:warn:vkd3d-proton:d3d12_device_QueryInterface: {0742a90b-c387-483f-b946-30a7e4e61458} not implemented, returning E_NOINTERFACE.
12617.345:0138:019c:warn:vkd3d-proton:d3d12_device_QueryInterface: {0742a90b-c387-483f-b946-30a7e4e61458} not implemented, returning E_NOINTERFACE.
12617.383:0138:0194:warn:vkd3d-proton:d3d12_device_QueryInterface: {0742a90b-c387-483f-b946-30a7e4e61458} not implemented, returning E_NOINTERFACE.
12617.416:0138:019c:warn:vkd3d-proton:d3d12_device_QueryInterface: {0742a90b-c387-483f-b946-30a7e4e61458} not implemented, returning E_NOINTERFACE.
12617.454:0138:01a0:warn:vkd3d-proton:d3d12_device_QueryInterface: {0742a90b-c387-483f-b946-30a7e4e61458} not implemented, returning E_NOINTERFACE.
12617.490:0138:019c:warn:vkd3d-proton:d3d12_device_QueryInterface: {0742a90b-c387-483f-b946-30a7e4e61458} not implemented, returning E_NOINTERFACE.
12617.523:0138:0194:warn:vkd3d-proton:d3d12_device_QueryInterface: {0742a90b-c387-483f-b946-30a7e4e61458} not implemented, returning E_NOINTERFACE.
12617.559:0138:0198:warn:vkd3d-proton:d3d12_device_QueryInterface: {0742a90b-c387-483f-b946-30a7e4e61458} not implemented, returning E_NOINTERFACE.
12617.595:0138:0194:warn:vkd3d-proton:d3d12_device_QueryInterface: {0742a90b-c387-483f-b946-30a7e4e61458} not implemented, returning E_NOINTERFACE.
12617.632:0138:0198:warn:vkd3d-proton:d3d12_device_QueryInterface: {0742a90b-c387-483f-b946-30a7e4e61458} not implemented, returning E_NOINTERFACE.
12617.669:0138:0198:warn:vkd3d-proton:d3d12_device_QueryInterface: {0742a90b-c387-483f-b946-30a7e4e61458} not implemented, returning E_NOINTERFACE.
12617.710:0138:019c:warn:vkd3d-proton:d3d12_device_QueryInterface: {0742a90b-c387-483f-b946-30a7e4e61458} not implemented, returning E_NOINTERFACE.
12617.750:0138:01a0:warn:vkd3d-proton:d3d12_device_QueryInterface: {0742a90b-c387-483f-b946-30a7e4e61458} not implemented, returning E_NOINTERFACE.
12617.786:0138:019c:warn:vkd3d-proton:d3d12_device_QueryInterface: {0742a90b-c387-483f-b946-30a7e4e61458} not implemented, returning E_NOINTERFACE.
12617.824:0138:0198:warn:vkd3d-proton:d3d12_device_QueryInterface: {0742a90b-c387-483f-b946-30a7e4e61458} not implemented, returning E_NOINTERFACE.
12617.863:0138:0194:warn:vkd3d-proton:d3d12_device_QueryInterface: {0742a90b-c387-483f-b946-30a7e4e61458} not implemented, returning E_NOINTERFACE.
12617.869:0138:0194:warn:vkd3d-proton:d3d12_device_QueryInterface: {0742a90b-c387-483f-b946-30a7e4e61458} not implemented, returning E_NOINTERFACE.
12617.874:0138:0194:warn:vkd3d-proton:d3d12_device_QueryInterface: {0742a90b-c387-483f-b946-30a7e4e61458} not implemented, returning E_NOINTERFACE.
12617.885:0138:0194:warn:vkd3d-proton:d3d12_device_QueryInterface: {0742a90b-c387-483f-b946-30a7e4e61458} not implemented, returning E_NOINTERFACE.
12617.903:0138:01a0:warn:vkd3d-proton:d3d12_device_QueryInterface: {0742a90b-c387-483f-b946-30a7e4e61458} not implemented, returning E_NOINTERFACE.
12617.937:0138:019c:warn:vkd3d-proton:d3d12_device_QueryInterface: {0742a90b-c387-483f-b946-30a7e4e61458} not implemented, returning E_NOINTERFACE.
12617.972:0138:0198:warn:vkd3d-proton:d3d12_device_QueryInterface: {0742a90b-c387-483f-b946-30a7e4e61458} not implemented, returning E_NOINTERFACE.
12618.010:0138:0198:warn:vkd3d-proton:d3d12_device_QueryInterface: {0742a90b-c387-483f-b946-30a7e4e61458} not implemented, returning E_NOINTERFACE.
12618.043:0138:01a0:warn:vkd3d-proton:d3d12_device_QueryInterface: {0742a90b-c387-483f-b946-30a7e4e61458} not implemented, returning E_NOINTERFACE.
12618.083:0138:0198:warn:vkd3d-proton:d3d12_device_QueryInterface: {0742a90b-c387-483f-b946-30a7e4e61458} not implemented, returning E_NOINTERFACE.
12618.117:0138:0194:warn:vkd3d-proton:d3d12_device_QueryInterface: {0742a90b-c387-483f-b946-30a7e4e61458} not implemented, returning E_NOINTERFACE.
12618.155:0138:01a0:warn:vkd3d-proton:d3d12_device_QueryInterface: {0742a90b-c387-483f-b946-30a7e4e61458} not implemented, returning E_NOINTERFACE.
12618.195:0138:0194:warn:vkd3d-proton:d3d12_device_QueryInterface: {0742a90b-c387-483f-b946-30a7e4e61458} not implemented, returning E_NOINTERFACE.
12618.234:0138:0198:warn:vkd3d-proton:d3d12_device_QueryInterface: {0742a90b-c387-483f-b946-30a7e4e61458} not implemented, returning E_NOINTERFACE.
12618.272:0138:01a0:warn:vkd3d-proton:d3d12_device_QueryInterface: {0742a90b-c387-483f-b946-30a7e4e61458} not implemented, returning E_NOINTERFACE.
12618.309:0138:0194:warn:vkd3d-proton:d3d12_device_QueryInterface: {0742a90b-c387-483f-b946-30a7e4e61458} not implemented, returning E_NOINTERFACE.
12618.345:0138:019c:warn:vkd3d-proton:d3d12_device_QueryInterface: {0742a90b-c387-483f-b946-30a7e4e61458} not implemented, returning E_NOINTERFACE.
12618.384:0138:0194:warn:vkd3d-proton:d3d12_device_QueryInterface: {0742a90b-c387-483f-b946-30a7e4e61458} not implemented, returning E_NOINTERFACE.
12618.419:0138:0198:warn:vkd3d-proton:d3d12_device_QueryInterface: {0742a90b-c387-483f-b946-30a7e4e61458} not implemented, returning E_NOINTERFACE.
12618.456:0138:01a0:warn:vkd3d-proton:d3d12_device_QueryInterface: {0742a90b-c387-483f-b946-30a7e4e61458} not implemented, returning E_NOINTERFACE.
12618.490:0138:0198:warn:vkd3d-proton:d3d12_device_QueryInterface: {0742a90b-c387-483f-b946-30a7e4e61458} not implemented, returning E_NOINTERFACE.
12618.529:0138:019c:warn:vkd3d-proton:d3d12_device_QueryInterface: {0742a90b-c387-483f-b946-30a7e4e61458} not implemented, returning E_NOINTERFACE.
12618.568:0138:0198:warn:vkd3d-proton:d3d12_device_QueryInterface: {0742a90b-c387-483f-b946-30a7e4e61458} not implemented, returning E_NOINTERFACE.
12618.607:0138:01a0:warn:vkd3d-proton:d3d12_device_QueryInterface: {0742a90b-c387-483f-b946-30a7e4e61458} not implemented, returning E_NOINTERFACE.
12618.643:0138:019c:warn:vkd3d-proton:d3d12_device_QueryInterface: {0742a90b-c387-483f-b946-30a7e4e61458} not implemented, returning E_NOINTERFACE.
12618.682:0138:0198:warn:vkd3d-proton:d3d12_device_QueryInterface: {0742a90b-c387-483f-b946-30a7e4e61458} not implemented, returning E_NOINTERFACE.
12618.727:0138:019c:warn:vkd3d-proton:d3d12_device_QueryInterface: {0742a90b-c387-483f-b946-30a7e4e61458} not implemented, returning E_NOINTERFACE.
12618.759:0138:0198:warn:vkd3d-proton:d3d12_device_QueryInterface: {0742a90b-c387-483f-b946-30a7e4e61458} not implemented, returning E_NOINTERFACE.
12618.789:0138:019c:warn:vkd3d-proton:d3d12_device_QueryInterface: {0742a90b-c387-483f-b946-30a7e4e61458} not implemented, returning E_NOINTERFACE.
12618.815:0138:01a0:warn:vkd3d-proton:d3d12_device_QueryInterface: {0742a90b-c387-483f-b946-30a7e4e61458} not implemented, returning E_NOINTERFACE.
12618.837:0138:0198:warn:vkd3d-proton:d3d12_device_QueryInterface: {0742a90b-c387-483f-b946-30a7e4e61458} not implemented, returning E_NOINTERFACE.
12618.874:0138:01a0:warn:vkd3d-proton:d3d12_device_QueryInterface: {0742a90b-c387-483f-b946-30a7e4e61458} not implemented, returning E_NOINTERFACE.
12618.912:0138:0194:warn:vkd3d-proton:d3d12_device_QueryInterface: {0742a90b-c387-483f-b946-30a7e4e61458} not implemented, returning E_NOINTERFACE.
12618.918:0138:0194:warn:vkd3d-proton:d3d12_device_QueryInterface: {0742a90b-c387-483f-b946-30a7e4e61458} not implemented, returning E_NOINTERFACE.
12618.929:0138:0194:warn:vkd3d-proton:d3d12_device_QueryInterface: {0742a90b-c387-483f-b946-30a7e4e61458} not implemented, returning E_NOINTERFACE.
12618.968:0138:019c:warn:vkd3d-proton:d3d12_device_QueryInterface: {0742a90b-c387-483f-b946-30a7e4e61458} not implemented, returning E_NOINTERFACE.
12618.996:0138:0198:warn:vkd3d-proton:d3d12_device_QueryInterface: {0742a90b-c387-483f-b946-30a7e4e61458} not implemented, returning E_NOINTERFACE.
12619.026:0138:0194:warn:vkd3d-proton:d3d12_device_QueryInterface: {0742a90b-c387-483f-b946-30a7e4e61458} not implemented, returning E_NOINTERFACE.
12619.058:0138:0198:warn:vkd3d-proton:d3d12_device_QueryInterface: {0742a90b-c387-483f-b946-30a7e4e61458} not implemented, returning E_NOINTERFACE.
12619.088:0138:019c:warn:vkd3d-proton:d3d12_device_QueryInterface: {0742a90b-c387-483f-b946-30a7e4e61458} not implemented, returning E_NOINTERFACE.
12619.124:0138:0198:warn:vkd3d-proton:d3d12_device_QueryInterface: {0742a90b-c387-483f-b946-30a7e4e61458} not implemented, returning E_NOINTERFACE.
12619.158:0138:0194:warn:vkd3d-proton:d3d12_device_QueryInterface: {0742a90b-c387-483f-b946-30a7e4e61458} not implemented, returning E_NOINTERFACE.
12619.200:0138:0198:warn:vkd3d-proton:d3d12_device_QueryInterface: {0742a90b-c387-483f-b946-30a7e4e61458} not implemented, returning E_NOINTERFACE.
12619.235:0138:0194:warn:vkd3d-proton:d3d12_device_QueryInterface: {0742a90b-c387-483f-b946-30a7e4e61458} not implemented, returning E_NOINTERFACE.
12619.269:0138:01a0:warn:vkd3d-proton:d3d12_device_QueryInterface: {0742a90b-c387-483f-b946-30a7e4e61458} not implemented, returning E_NOINTERFACE.
12619.308:0138:0194:warn:vkd3d-proton:d3d12_device_QueryInterface: {0742a90b-c387-483f-b946-30a7e4e61458} not implemented, returning E_NOINTERFACE.
12619.348:0138:0198:warn:vkd3d-proton:d3d12_device_QueryInterface: {0742a90b-c387-483f-b946-30a7e4e61458} not implemented, returning E_NOINTERFACE.
12619.393:0138:01a0:warn:vkd3d-proton:d3d12_device_QueryInterface: {0742a90b-c387-483f-b946-30a7e4e61458} not implemented, returning E_NOINTERFACE.
12619.426:0138:0198:warn:vkd3d-proton:d3d12_device_QueryInterface: {0742a90b-c387-483f-b946-30a7e4e61458} not implemented, returning E_NOINTERFACE.
12619.471:0138:019c:warn:vkd3d-proton:d3d12_device_QueryInterface: {0742a90b-c387-483f-b946-30a7e4e61458} not implemented, returning E_NOINTERFACE.
12619.475:0138:019c:warn:vkd3d-proton:d3d12_device_QueryInterface: {0742a90b-c387-483f-b946-30a7e4e61458} not implemented, returning E_NOINTERFACE.
12619.488:0138:019c:warn:vkd3d-proton:d3d12_device_QueryInterface: {0742a90b-c387-483f-b946-30a7e4e61458} not implemented, returning E_NOINTERFACE.
12619.506:0138:0194:warn:vkd3d-proton:d3d12_device_QueryInterface: {0742a90b-c387-483f-b946-30a7e4e61458} not implemented, returning E_NOINTERFACE.
12619.540:0138:01a0:warn:vkd3d-proton:d3d12_device_QueryInterface: {0742a90b-c387-483f-b946-30a7e4e61458} not implemented, returning E_NOINTERFACE.
12619.580:0138:019c:warn:vkd3d-proton:d3d12_device_QueryInterface: {0742a90b-c387-483f-b946-30a7e4e61458} not implemented, returning E_NOINTERFACE.
12619.615:0138:0198:warn:vkd3d-proton:d3d12_device_QueryInterface: {0742a90b-c387-483f-b946-30a7e4e61458} not implemented, returning E_NOINTERFACE.
12619.657:0138:019c:warn:vkd3d-proton:d3d12_device_QueryInterface: {0742a90b-c387-483f-b946-30a7e4e61458} not implemented, returning E_NOINTERFACE.
12619.695:0138:01a0:warn:vkd3d-proton:d3d12_device_QueryInterface: {0742a90b-c387-483f-b946-30a7e4e61458} not implemented, returning E_NOINTERFACE.
12619.735:0138:0198:warn:vkd3d-proton:d3d12_device_QueryInterface: {0742a90b-c387-483f-b946-30a7e4e61458} not implemented, returning E_NOINTERFACE.
12619.768:0138:0194:warn:vkd3d-proton:d3d12_device_QueryInterface: {0742a90b-c387-483f-b946-30a7e4e61458} not implemented, returning E_NOINTERFACE.
12619.807:0138:019c:warn:vkd3d-proton:d3d12_device_QueryInterface: {0742a90b-c387-483f-b946-30a7e4e61458} not implemented, returning E_NOINTERFACE.
12619.856:0138:01a0:warn:vkd3d-proton:d3d12_device_QueryInterface: {0742a90b-c387-483f-b946-30a7e4e61458} not implemented, returning E_NOINTERFACE.
12619.916:0138:0194:warn:vkd3d-proton:d3d12_device_QueryInterface: {0742a90b-c387-483f-b946-30a7e4e61458} not implemented, returning E_NOINTERFACE.
12619.953:0138:0198:warn:vkd3d-proton:d3d12_device_QueryInterface: {0742a90b-c387-483f-b946-30a7e4e61458} not implemented, returning E_NOINTERFACE.
12619.985:0138:0194:warn:vkd3d-proton:d3d12_device_QueryInterface: {0742a90b-c387-483f-b946-30a7e4e61458} not implemented, returning E_NOINTERFACE.
12620.022:0138:0198:warn:vkd3d-proton:d3d12_device_QueryInterface: {0742a90b-c387-483f-b946-30a7e4e61458} not implemented, returning E_NOINTERFACE.
12620.060:0138:019c:warn:vkd3d-proton:d3d12_device_QueryInterface: {0742a90b-c387-483f-b946-30a7e4e61458} not implemented, returning E_NOINTERFACE.
12620.098:0138:0194:warn:vkd3d-proton:d3d12_device_QueryInterface: {0742a90b-c387-483f-b946-30a7e4e61458} not implemented, returning E_NOINTERFACE.
12620.135:0138:019c:warn:vkd3d-proton:d3d12_device_QueryInterface: {0742a90b-c387-483f-b946-30a7e4e61458} not implemented, returning E_NOINTERFACE.
12620.171:0138:0198:warn:vkd3d-proton:d3d12_device_QueryInterface: {0742a90b-c387-483f-b946-30a7e4e61458} not implemented, returning E_NOINTERFACE.
12620.205:0138:01a0:warn:vkd3d-proton:d3d12_device_QueryInterface: {0742a90b-c387-483f-b946-30a7e4e61458} not implemented, returning E_NOINTERFACE.
12620.241:0138:019c:warn:vkd3d-proton:d3d12_device_QueryInterface: {0742a90b-c387-483f-b946-30a7e4e61458} not implemented, returning E_NOINTERFACE.
12620.280:0138:01a0:warn:vkd3d-proton:d3d12_device_QueryInterface: {0742a90b-c387-483f-b946-30a7e4e61458} not implemented, returning E_NOINTERFACE.
12620.313:0138:019c:warn:vkd3d-proton:d3d12_device_QueryInterface: {0742a90b-c387-483f-b946-30a7e4e61458} not implemented, returning E_NOINTERFACE.
12620.344:0138:0194:warn:vkd3d-proton:d3d12_device_QueryInterface: {0742a90b-c387-483f-b946-30a7e4e61458} not implemented, returning E_NOINTERFACE.
12620.380:0138:01a0:warn:vkd3d-proton:d3d12_device_QueryInterface: {0742a90b-c387-483f-b946-30a7e4e61458} not implemented, returning E_NOINTERFACE.
12620.417:0138:0194:warn:vkd3d-proton:d3d12_device_QueryInterface: {0742a90b-c387-483f-b946-30a7e4e61458} not implemented, returning E_NOINTERFACE.
12620.454:0138:0198:warn:vkd3d-proton:d3d12_device_QueryInterface: {0742a90b-c387-483f-b946-30a7e4e61458} not implemented, returning E_NOINTERFACE.
12620.491:0138:0194:warn:vkd3d-proton:d3d12_device_QueryInterface: {0742a90b-c387-483f-b946-30a7e4e61458} not implemented, returning E_NOINTERFACE.
12620.521:0138:0198:warn:vkd3d-proton:d3d12_device_QueryInterface: {0742a90b-c387-483f-b946-30a7e4e61458} not implemented, returning E_NOINTERFACE.
12620.563:0138:019c:warn:vkd3d-proton:d3d12_device_QueryInterface: {0742a90b-c387-483f-b946-30a7e4e61458} not implemented, returning E_NOINTERFACE.
12620.603:0138:0194:warn:vkd3d-proton:d3d12_device_QueryInterface: {0742a90b-c387-483f-b946-30a7e4e61458} not implemented, returning E_NOINTERFACE.
12620.607:0138:0194:warn:vkd3d-proton:d3d12_device_QueryInterface: {0742a90b-c387-483f-b946-30a7e4e61458} not implemented, returning E_NOINTERFACE.
12620.625:0138:0194:warn:vkd3d-proton:d3d12_device_QueryInterface: {0742a90b-c387-483f-b946-30a7e4e61458} not implemented, returning E_NOINTERFACE.
12620.642:0138:0194:warn:vkd3d-proton:d3d12_device_QueryInterface: {0742a90b-c387-483f-b946-30a7e4e61458} not implemented, returning E_NOINTERFACE.
12620.681:0138:0198:warn:vkd3d-proton:d3d12_device_QueryInterface: {0742a90b-c387-483f-b946-30a7e4e61458} not implemented, returning E_NOINTERFACE.
12620.717:0138:019c:warn:vkd3d-proton:d3d12_device_QueryInterface: {0742a90b-c387-483f-b946-30a7e4e61458} not implemented, returning E_NOINTERFACE.
12620.760:0138:0198:warn:vkd3d-proton:d3d12_device_QueryInterface: {0742a90b-c387-483f-b946-30a7e4e61458} not implemented, returning E_NOINTERFACE.
12620.792:0138:019c:warn:vkd3d-proton:d3d12_device_QueryInterface: {0742a90b-c387-483f-b946-30a7e4e61458} not implemented, returning E_NOINTERFACE.
12620.825:0138:0198:warn:vkd3d-proton:d3d12_device_QueryInterface: {0742a90b-c387-483f-b946-30a7e4e61458} not implemented, returning E_NOINTERFACE.
12620.861:0138:019c:warn:vkd3d-proton:d3d12_device_QueryInterface: {0742a90b-c387-483f-b946-30a7e4e61458} not implemented, returning E_NOINTERFACE.
12620.899:0138:0194:warn:vkd3d-proton:d3d12_device_QueryInterface: {0742a90b-c387-483f-b946-30a7e4e61458} not implemented, returning E_NOINTERFACE.
12620.933:0138:0198:warn:vkd3d-proton:d3d12_device_QueryInterface: {0742a90b-c387-483f-b946-30a7e4e61458} not implemented, returning E_NOINTERFACE.
12620.968:0138:0194:warn:vkd3d-proton:d3d12_device_QueryInterface: {0742a90b-c387-483f-b946-30a7e4e61458} not implemented, returning E_NOINTERFACE.
12621.006:0138:01a0:warn:vkd3d-proton:d3d12_device_QueryInterface: {0742a90b-c387-483f-b946-30a7e4e61458} not implemented, returning E_NOINTERFACE.
12621.045:0138:0194:warn:vkd3d-proton:d3d12_device_QueryInterface: {0742a90b-c387-483f-b946-30a7e4e61458} not implemented, returning E_NOINTERFACE.
12621.090:0138:01a0:warn:vkd3d-proton:d3d12_device_QueryInterface: {0742a90b-c387-483f-b946-30a7e4e61458} not implemented, returning E_NOINTERFACE.
12621.121:0138:0198:warn:vkd3d-proton:d3d12_device_QueryInterface: {0742a90b-c387-483f-b946-30a7e4e61458} not implemented, returning E_NOINTERFACE.
12621.156:0138:0198:warn:vkd3d-proton:d3d12_device_QueryInterface: {0742a90b-c387-483f-b946-30a7e4e61458} not implemented, returning E_NOINTERFACE.
12621.192:0138:0194:warn:vkd3d-proton:d3d12_device_QueryInterface: {0742a90b-c387-483f-b946-30a7e4e61458} not implemented, returning E_NOINTERFACE.
12621.238:0138:0198:warn:vkd3d-proton:d3d12_device_QueryInterface: {0742a90b-c387-483f-b946-30a7e4e61458} not implemented, returning E_NOINTERFACE.
12621.272:0138:01a0:warn:vkd3d-proton:d3d12_device_QueryInterface: {0742a90b-c387-483f-b946-30a7e4e61458} not implemented, returning E_NOINTERFACE.
12621.317:0138:0194:warn:vkd3d-proton:d3d12_device_QueryInterface: {0742a90b-c387-483f-b946-30a7e4e61458} not implemented, returning E_NOINTERFACE.
12621.350:0138:01a0:warn:vkd3d-proton:d3d12_device_QueryInterface: {0742a90b-c387-483f-b946-30a7e4e61458} not implemented, returning E_NOINTERFACE.
12621.391:0138:0198:warn:vkd3d-proton:d3d12_device_QueryInterface: {0742a90b-c387-483f-b946-30a7e4e61458} not implemented, returning E_NOINTERFACE.
12621.435:0138:0194:warn:vkd3d-proton:d3d12_device_QueryInterface: {0742a90b-c387-483f-b946-30a7e4e61458} not implemented, returning E_NOINTERFACE.
12621.464:0138:01a0:warn:vkd3d-proton:d3d12_device_QueryInterface: {0742a90b-c387-483f-b946-30a7e4e61458} not implemented, returning E_NOINTERFACE.
12621.510:0138:019c:warn:vkd3d-proton:d3d12_device_QueryInterface: {0742a90b-c387-483f-b946-30a7e4e61458} not implemented, returning E_NOINTERFACE.
12621.545:0138:0198:warn:vkd3d-proton:d3d12_device_QueryInterface: {0742a90b-c387-483f-b946-30a7e4e61458} not implemented, returning E_NOINTERFACE.
12621.580:0138:0194:warn:vkd3d-proton:d3d12_device_QueryInterface: {0742a90b-c387-483f-b946-30a7e4e61458} not implemented, returning E_NOINTERFACE.
12621.617:0138:0198:warn:vkd3d-proton:d3d12_device_QueryInterface: {0742a90b-c387-483f-b946-30a7e4e61458} not implemented, returning E_NOINTERFACE.
12621.658:0138:01a0:warn:vkd3d-proton:d3d12_device_QueryInterface: {0742a90b-c387-483f-b946-30a7e4e61458} not implemented, returning E_NOINTERFACE.
12621.692:0138:0194:warn:vkd3d-proton:d3d12_device_QueryInterface: {0742a90b-c387-483f-b946-30a7e4e61458} not implemented, returning E_NOINTERFACE.
12621.720:0138:0198:warn:vkd3d-proton:d3d12_device_QueryInterface: {0742a90b-c387-483f-b946-30a7e4e61458} not implemented, returning E_NOINTERFACE.
12621.760:0138:0194:warn:vkd3d-proton:d3d12_device_QueryInterface: {0742a90b-c387-483f-b946-30a7e4e61458} not implemented, returning E_NOINTERFACE.
12621.795:0138:01a0:warn:vkd3d-proton:d3d12_device_QueryInterface: {0742a90b-c387-483f-b946-30a7e4e61458} not implemented, returning E_NOINTERFACE.
12621.823:0138:019c:warn:vkd3d-proton:d3d12_device_QueryInterface: {0742a90b-c387-483f-b946-30a7e4e61458} not implemented, returning E_NOINTERFACE.
12621.857:0138:0198:warn:vkd3d-proton:d3d12_device_QueryInterface: {0742a90b-c387-483f-b946-30a7e4e61458} not implemented, returning E_NOINTERFACE.
12621.898:0138:0194:warn:vkd3d-proton:d3d12_device_QueryInterface: {0742a90b-c387-483f-b946-30a7e4e61458} not implemented, returning E_NOINTERFACE.
12621.938:0138:019c:warn:vkd3d-proton:d3d12_device_QueryInterface: {0742a90b-c387-483f-b946-30a7e4e61458} not implemented, returning E_NOINTERFACE.
12621.940:0138:019c:warn:vkd3d-proton:d3d12_device_QueryInterface: {0742a90b-c387-483f-b946-30a7e4e61458} not implemented, returning E_NOINTERFACE.
12621.956:0138:0198:warn:vkd3d-proton:d3d12_device_QueryInterface: {0742a90b-c387-483f-b946-30a7e4e61458} not implemented, returning E_NOINTERFACE.
12621.973:0138:0194:warn:vkd3d-proton:d3d12_device_QueryInterface: {0742a90b-c387-483f-b946-30a7e4e61458} not implemented, returning E_NOINTERFACE.
12622.012:0138:01a0:warn:vkd3d-proton:d3d12_device_QueryInterface: {0742a90b-c387-483f-b946-30a7e4e61458} not implemented, returning E_NOINTERFACE.
12622.044:0138:0198:warn:vkd3d-proton:d3d12_device_QueryInterface: {0742a90b-c387-483f-b946-30a7e4e61458} not implemented, returning E_NOINTERFACE.
12622.080:0138:01a0:warn:vkd3d-proton:d3d12_device_QueryInterface: {0742a90b-c387-483f-b946-30a7e4e61458} not implemented, returning E_NOINTERFACE.
12622.115:0138:0194:warn:vkd3d-proton:d3d12_device_QueryInterface: {0742a90b-c387-483f-b946-30a7e4e61458} not implemented, returning E_NOINTERFACE.
12622.156:0138:0198:warn:vkd3d-proton:d3d12_device_QueryInterface: {0742a90b-c387-483f-b946-30a7e4e61458} not implemented, returning E_NOINTERFACE.
12622.185:0138:01a0:warn:vkd3d-proton:d3d12_device_QueryInterface: {0742a90b-c387-483f-b946-30a7e4e61458} not implemented, returning E_NOINTERFACE.
12622.225:0138:0198:warn:vkd3d-proton:d3d12_device_QueryInterface: {0742a90b-c387-483f-b946-30a7e4e61458} not implemented, returning E_NOINTERFACE.
12622.268:0138:01a0:warn:vkd3d-proton:d3d12_device_QueryInterface: {0742a90b-c387-483f-b946-30a7e4e61458} not implemented, returning E_NOINTERFACE.
12622.305:0138:0198:warn:vkd3d-proton:d3d12_device_QueryInterface: {0742a90b-c387-483f-b946-30a7e4e61458} not implemented, returning E_NOINTERFACE.
12622.337:0138:01a0:warn:vkd3d-proton:d3d12_device_QueryInterface: {0742a90b-c387-483f-b946-30a7e4e61458} not implemented, returning E_NOINTERFACE.
12622.375:0138:019c:warn:vkd3d-proton:d3d12_device_QueryInterface: {0742a90b-c387-483f-b946-30a7e4e61458} not implemented, returning E_NOINTERFACE.
12622.411:0138:01a0:warn:vkd3d-proton:d3d12_device_QueryInterface: {0742a90b-c387-483f-b946-30a7e4e61458} not implemented, returning E_NOINTERFACE.
12622.447:0138:019c:warn:vkd3d-proton:d3d12_device_QueryInterface: {0742a90b-c387-483f-b946-30a7e4e61458} not implemented, returning E_NOINTERFACE.
12622.488:0138:0198:warn:vkd3d-proton:d3d12_device_QueryInterface: {0742a90b-c387-483f-b946-30a7e4e61458} not implemented, returning E_NOINTERFACE.
12622.521:0138:01a0:warn:vkd3d-proton:d3d12_device_QueryInterface: {0742a90b-c387-483f-b946-30a7e4e61458} not implemented, returning E_NOINTERFACE.
12622.556:0138:019c:warn:vkd3d-proton:d3d12_device_QueryInterface: {0742a90b-c387-483f-b946-30a7e4e61458} not implemented, returning E_NOINTERFACE.
12622.598:0138:0198:warn:vkd3d-proton:d3d12_device_QueryInterface: {0742a90b-c387-483f-b946-30a7e4e61458} not implemented, returning E_NOINTERFACE.
12622.628:0138:01a0:warn:vkd3d-proton:d3d12_device_QueryInterface: {0742a90b-c387-483f-b946-30a7e4e61458} not implemented, returning E_NOINTERFACE.
12622.661:0138:0194:warn:vkd3d-proton:d3d12_device_QueryInterface: {0742a90b-c387-483f-b946-30a7e4e61458} not implemented, returning E_NOINTERFACE.
12622.694:0138:0198:warn:vkd3d-proton:d3d12_device_QueryInterface: {0742a90b-c387-483f-b946-30a7e4e61458} not implemented, returning E_NOINTERFACE.
12622.732:0138:01a0:warn:vkd3d-proton:d3d12_device_QueryInterface: {0742a90b-c387-483f-b946-30a7e4e61458} not implemented, returning E_NOINTERFACE.
12622.762:0138:019c:warn:vkd3d-proton:d3d12_device_QueryInterface: {0742a90b-c387-483f-b946-30a7e4e61458} not implemented, returning E_NOINTERFACE.
12622.801:0138:0198:warn:vkd3d-proton:d3d12_device_QueryInterface: {0742a90b-c387-483f-b946-30a7e4e61458} not implemented, returning E_NOINTERFACE.
12622.833:0138:01a0:warn:vkd3d-proton:d3d12_device_QueryInterface: {0742a90b-c387-483f-b946-30a7e4e61458} not implemented, returning E_NOINTERFACE.
12622.866:0138:0198:warn:vkd3d-proton:d3d12_device_QueryInterface: {0742a90b-c387-483f-b946-30a7e4e61458} not implemented, returning E_NOINTERFACE.
12622.911:0138:01a0:warn:vkd3d-proton:d3d12_device_QueryInterface: {0742a90b-c387-483f-b946-30a7e4e61458} not implemented, returning E_NOINTERFACE.
12622.938:0138:0198:warn:vkd3d-proton:d3d12_device_QueryInterface: {0742a90b-c387-483f-b946-30a7e4e61458} not implemented, returning E_NOINTERFACE.
12622.971:0138:019c:warn:vkd3d-proton:d3d12_device_QueryInterface: {0742a90b-c387-483f-b946-30a7e4e61458} not implemented, returning E_NOINTERFACE.
12623.010:0138:0198:warn:vkd3d-proton:d3d12_device_QueryInterface: {0742a90b-c387-483f-b946-30a7e4e61458} not implemented, returning E_NOINTERFACE.
12623.038:0138:0194:warn:vkd3d-proton:d3d12_device_QueryInterface: {0742a90b-c387-483f-b946-30a7e4e61458} not implemented, returning E_NOINTERFACE.
12623.076:0138:019c:warn:vkd3d-proton:d3d12_device_QueryInterface: {0742a90b-c387-483f-b946-30a7e4e61458} not implemented, returning E_NOINTERFACE.
12623.110:0138:0194:warn:vkd3d-proton:d3d12_device_QueryInterface: {0742a90b-c387-483f-b946-30a7e4e61458} not implemented, returning E_NOINTERFACE.
12623.137:0138:019c:warn:vkd3d-proton:d3d12_device_QueryInterface: {0742a90b-c387-483f-b946-30a7e4e61458} not implemented, returning E_NOINTERFACE.
12623.171:0138:019c:warn:vkd3d-proton:d3d12_device_QueryInterface: {0742a90b-c387-483f-b946-30a7e4e61458} not implemented, returning E_NOINTERFACE.
12623.208:0138:0194:warn:vkd3d-proton:d3d12_device_QueryInterface: {0742a90b-c387-483f-b946-30a7e4e61458} not implemented, returning E_NOINTERFACE.
12623.243:0138:0198:warn:vkd3d-proton:d3d12_device_QueryInterface: {0742a90b-c387-483f-b946-30a7e4e61458} not implemented, returning E_NOINTERFACE.
12623.285:0138:0194:warn:vkd3d-proton:d3d12_device_QueryInterface: {0742a90b-c387-483f-b946-30a7e4e61458} not implemented, returning E_NOINTERFACE.
12623.317:0138:0198:warn:vkd3d-proton:d3d12_device_QueryInterface: {0742a90b-c387-483f-b946-30a7e4e61458} not implemented, returning E_NOINTERFACE.
12623.353:0138:019c:warn:vkd3d-proton:d3d12_device_QueryInterface: {0742a90b-c387-483f-b946-30a7e4e61458} not implemented, returning E_NOINTERFACE.
12623.391:0138:0198:warn:vkd3d-proton:d3d12_device_QueryInterface: {0742a90b-c387-483f-b946-30a7e4e61458} not implemented, returning E_NOINTERFACE.
12623.426:0138:019c:warn:vkd3d-proton:d3d12_device_QueryInterface: {0742a90b-c387-483f-b946-30a7e4e61458} not implemented, returning E_NOINTERFACE.
12623.463:0138:01a0:warn:vkd3d-proton:d3d12_device_QueryInterface: {0742a90b-c387-483f-b946-30a7e4e61458} not implemented, returning E_NOINTERFACE.
12623.497:0138:019c:warn:vkd3d-proton:d3d12_device_QueryInterface: {0742a90b-c387-483f-b946-30a7e4e61458} not implemented, returning E_NOINTERFACE.
12623.537:0138:01a0:warn:vkd3d-proton:d3d12_device_QueryInterface: {0742a90b-c387-483f-b946-30a7e4e61458} not implemented, returning E_NOINTERFACE.
12623.574:0138:0194:warn:vkd3d-proton:d3d12_device_QueryInterface: {0742a90b-c387-483f-b946-30a7e4e61458} not implemented, returning E_NOINTERFACE.
12623.603:0138:01a0:warn:vkd3d-proton:d3d12_device_QueryInterface: {0742a90b-c387-483f-b946-30a7e4e61458} not implemented, returning E_NOINTERFACE.
12623.635:0138:019c:warn:vkd3d-proton:d3d12_device_QueryInterface: {0742a90b-c387-483f-b946-30a7e4e61458} not implemented, returning E_NOINTERFACE.
12623.673:0138:01a0:warn:vkd3d-proton:d3d12_device_QueryInterface: {0742a90b-c387-483f-b946-30a7e4e61458} not implemented, returning E_NOINTERFACE.
12623.704:0138:0194:warn:vkd3d-proton:d3d12_device_QueryInterface: {0742a90b-c387-483f-b946-30a7e4e61458} not implemented, returning E_NOINTERFACE.
12623.742:0138:01a0:warn:vkd3d-proton:d3d12_device_QueryInterface: {0742a90b-c387-483f-b946-30a7e4e61458} not implemented, returning E_NOINTERFACE.
12623.772:0138:0198:warn:vkd3d-proton:d3d12_device_QueryInterface: {0742a90b-c387-483f-b946-30a7e4e61458} not implemented, returning E_NOINTERFACE.
12623.806:0138:01a0:warn:vkd3d-proton:d3d12_device_QueryInterface: {0742a90b-c387-483f-b946-30a7e4e61458} not implemented, returning E_NOINTERFACE.
12623.842:0138:0198:warn:vkd3d-proton:d3d12_device_QueryInterface: {0742a90b-c387-483f-b946-30a7e4e61458} not implemented, returning E_NOINTERFACE.
12623.880:0138:019c:warn:vkd3d-proton:d3d12_device_QueryInterface: {0742a90b-c387-483f-b946-30a7e4e61458} not implemented, returning E_NOINTERFACE.
12623.914:0138:01a0:warn:vkd3d-proton:d3d12_device_QueryInterface: {0742a90b-c387-483f-b946-30a7e4e61458} not implemented, returning E_NOINTERFACE.
12623.948:0138:0194:warn:vkd3d-proton:d3d12_device_QueryInterface: {0742a90b-c387-483f-b946-30a7e4e61458} not implemented, returning E_NOINTERFACE.
12623.987:0138:01a0:warn:vkd3d-proton:d3d12_device_QueryInterface: {0742a90b-c387-483f-b946-30a7e4e61458} not implemented, returning E_NOINTERFACE.
12624.024:0138:0198:warn:vkd3d-proton:d3d12_device_QueryInterface: {0742a90b-c387-483f-b946-30a7e4e61458} not implemented, returning E_NOINTERFACE.
12624.055:0138:01a0:warn:vkd3d-proton:d3d12_device_QueryInterface: {0742a90b-c387-483f-b946-30a7e4e61458} not implemented, returning E_NOINTERFACE.
12624.091:0138:0198:warn:vkd3d-proton:d3d12_device_QueryInterface: {0742a90b-c387-483f-b946-30a7e4e61458} not implemented, returning E_NOINTERFACE.
12624.126:0138:019c:warn:vkd3d-proton:d3d12_device_QueryInterface: {0742a90b-c387-483f-b946-30a7e4e61458} not implemented, returning E_NOINTERFACE.
12624.160:0138:0194:warn:vkd3d-proton:d3d12_device_QueryInterface: {0742a90b-c387-483f-b946-30a7e4e61458} not implemented, returning E_NOINTERFACE.
12624.199:0138:0198:warn:vkd3d-proton:d3d12_device_QueryInterface: {0742a90b-c387-483f-b946-30a7e4e61458} not implemented, returning E_NOINTERFACE.
12624.233:0138:0194:warn:vkd3d-proton:d3d12_device_QueryInterface: {0742a90b-c387-483f-b946-30a7e4e61458} not implemented, returning E_NOINTERFACE.
12624.274:0138:01a0:warn:vkd3d-proton:d3d12_device_QueryInterface: {0742a90b-c387-483f-b946-30a7e4e61458} not implemented, returning E_NOINTERFACE.
12624.307:0138:0198:warn:vkd3d-proton:d3d12_device_QueryInterface: {0742a90b-c387-483f-b946-30a7e4e61458} not implemented, returning E_NOINTERFACE.
12624.315:0138:0198:warn:vkd3d-proton:d3d12_device_QueryInterface: {0742a90b-c387-483f-b946-30a7e4e61458} not implemented, returning E_NOINTERFACE.
12624.326:0138:0198:warn:vkd3d-proton:d3d12_device_QueryInterface: {0742a90b-c387-483f-b946-30a7e4e61458} not implemented, returning E_NOINTERFACE.
12624.346:0138:0198:warn:vkd3d-proton:d3d12_device_QueryInterface: {0742a90b-c387-483f-b946-30a7e4e61458} not implemented, returning E_NOINTERFACE.
12624.374:0138:0194:warn:vkd3d-proton:d3d12_device_QueryInterface: {0742a90b-c387-483f-b946-30a7e4e61458} not implemented, returning E_NOINTERFACE.
12624.425:0138:019c:warn:vkd3d-proton:d3d12_device_QueryInterface: {0742a90b-c387-483f-b946-30a7e4e61458} not implemented, returning E_NOINTERFACE.
12624.467:0138:019c:warn:vkd3d-proton:d3d12_device_QueryInterface: {0742a90b-c387-483f-b946-30a7e4e61458} not implemented, returning E_NOINTERFACE.
12624.494:0138:0198:warn:vkd3d-proton:d3d12_device_QueryInterface: {0742a90b-c387-483f-b946-30a7e4e61458} not implemented, returning E_NOINTERFACE.
12624.523:0138:019c:warn:vkd3d-proton:d3d12_device_QueryInterface: {0742a90b-c387-483f-b946-30a7e4e61458} not implemented, returning E_NOINTERFACE.
12624.582:0138:01a0:warn:vkd3d-proton:d3d12_device_QueryInterface: {0742a90b-c387-483f-b946-30a7e4e61458} not implemented, returning E_NOINTERFACE.
12624.590:0138:019c:warn:vkd3d-proton:d3d12_device_QueryInterface: {0742a90b-c387-483f-b946-30a7e4e61458} not implemented, returning E_NOINTERFACE.
12624.628:0138:0194:warn:vkd3d-proton:d3d12_device_QueryInterface: {0742a90b-c387-483f-b946-30a7e4e61458} not implemented, returning E_NOINTERFACE.
12624.659:0138:019c:warn:vkd3d-proton:d3d12_device_QueryInterface: {0742a90b-c387-483f-b946-30a7e4e61458} not implemented, returning E_NOINTERFACE.
12624.693:0138:01a0:warn:vkd3d-proton:d3d12_device_QueryInterface: {0742a90b-c387-483f-b946-30a7e4e61458} not implemented, returning E_NOINTERFACE.
12624.725:0138:0194:warn:vkd3d-proton:d3d12_device_QueryInterface: {0742a90b-c387-483f-b946-30a7e4e61458} not implemented, returning E_NOINTERFACE.
12624.762:0138:0198:warn:vkd3d-proton:d3d12_device_QueryInterface: {0742a90b-c387-483f-b946-30a7e4e61458} not implemented, returning E_NOINTERFACE.
12624.796:0138:0194:warn:vkd3d-proton:d3d12_device_QueryInterface: {0742a90b-c387-483f-b946-30a7e4e61458} not implemented, returning E_NOINTERFACE.
12624.829:0138:01a0:warn:vkd3d-proton:d3d12_device_QueryInterface: {0742a90b-c387-483f-b946-30a7e4e61458} not implemented, returning E_NOINTERFACE.
12624.864:0138:0198:warn:vkd3d-proton:d3d12_device_QueryInterface: {0742a90b-c387-483f-b946-30a7e4e61458} not implemented, returning E_NOINTERFACE.
12624.899:0138:0194:warn:vkd3d-proton:d3d12_device_QueryInterface: {0742a90b-c387-483f-b946-30a7e4e61458} not implemented, returning E_NOINTERFACE.
12624.939:0138:0198:warn:vkd3d-proton:d3d12_device_QueryInterface: {0742a90b-c387-483f-b946-30a7e4e61458} not implemented, returning E_NOINTERFACE.
12624.972:0138:0194:warn:vkd3d-proton:d3d12_device_QueryInterface: {0742a90b-c387-483f-b946-30a7e4e61458} not implemented, returning E_NOINTERFACE.
12625.005:0138:0198:warn:vkd3d-proton:d3d12_device_QueryInterface: {0742a90b-c387-483f-b946-30a7e4e61458} not implemented, returning E_NOINTERFACE.
12625.047:0138:01a0:warn:vkd3d-proton:d3d12_device_QueryInterface: {0742a90b-c387-483f-b946-30a7e4e61458} not implemented, returning E_NOINTERFACE.
12625.079:0138:0198:warn:vkd3d-proton:d3d12_device_QueryInterface: {0742a90b-c387-483f-b946-30a7e4e61458} not implemented, returning E_NOINTERFACE.
12625.120:0138:019c:warn:vkd3d-proton:d3d12_device_QueryInterface: {0742a90b-c387-483f-b946-30a7e4e61458} not implemented, returning E_NOINTERFACE.
12625.152:0138:0198:warn:vkd3d-proton:d3d12_device_QueryInterface: {0742a90b-c387-483f-b946-30a7e4e61458} not implemented, returning E_NOINTERFACE.
12625.195:0138:01a0:warn:vkd3d-proton:d3d12_device_QueryInterface: {0742a90b-c387-483f-b946-30a7e4e61458} not implemented, returning E_NOINTERFACE.
12625.224:0138:0198:warn:vkd3d-proton:d3d12_device_QueryInterface: {0742a90b-c387-483f-b946-30a7e4e61458} not implemented, returning E_NOINTERFACE.
12625.264:0138:0194:warn:vkd3d-proton:d3d12_device_QueryInterface: {0742a90b-c387-483f-b946-30a7e4e61458} not implemented, returning E_NOINTERFACE.
12625.292:0138:0198:warn:vkd3d-proton:d3d12_device_QueryInterface: {0742a90b-c387-483f-b946-30a7e4e61458} not implemented, returning E_NOINTERFACE.
12625.327:0138:019c:warn:vkd3d-proton:d3d12_device_QueryInterface: {0742a90b-c387-483f-b946-30a7e4e61458} not implemented, returning E_NOINTERFACE.
12625.364:0138:01a0:warn:vkd3d-proton:d3d12_device_QueryInterface: {0742a90b-c387-483f-b946-30a7e4e61458} not implemented, returning E_NOINTERFACE.
12625.399:0138:019c:warn:vkd3d-proton:d3d12_device_QueryInterface: {0742a90b-c387-483f-b946-30a7e4e61458} not implemented, returning E_NOINTERFACE.
12625.429:0138:01a0:warn:vkd3d-proton:d3d12_device_QueryInterface: {0742a90b-c387-483f-b946-30a7e4e61458} not implemented, returning E_NOINTERFACE.
12625.457:0138:0198:warn:vkd3d-proton:d3d12_device_QueryInterface: {0742a90b-c387-483f-b946-30a7e4e61458} not implemented, returning E_NOINTERFACE.
12625.490:0138:0194:warn:vkd3d-proton:d3d12_device_QueryInterface: {0742a90b-c387-483f-b946-30a7e4e61458} not implemented, returning E_NOINTERFACE.
12625.522:0138:01a0:warn:vkd3d-proton:d3d12_device_QueryInterface: {0742a90b-c387-483f-b946-30a7e4e61458} not implemented, returning E_NOINTERFACE.
12625.555:0138:0198:warn:vkd3d-proton:d3d12_device_QueryInterface: {0742a90b-c387-483f-b946-30a7e4e61458} not implemented, returning E_NOINTERFACE.
12625.588:0138:019c:warn:vkd3d-proton:d3d12_device_QueryInterface: {0742a90b-c387-483f-b946-30a7e4e61458} not implemented, returning E_NOINTERFACE.
12625.627:0138:0198:warn:vkd3d-proton:d3d12_device_QueryInterface: {0742a90b-c387-483f-b946-30a7e4e61458} not implemented, returning E_NOINTERFACE.
12625.658:0138:01a0:warn:vkd3d-proton:d3d12_device_QueryInterface: {0742a90b-c387-483f-b946-30a7e4e61458} not implemented, returning E_NOINTERFACE.
12625.694:0138:0194:warn:vkd3d-proton:d3d12_device_QueryInterface: {0742a90b-c387-483f-b946-30a7e4e61458} not implemented, returning E_NOINTERFACE.
12625.730:0138:0198:warn:vkd3d-proton:d3d12_device_QueryInterface: {0742a90b-c387-483f-b946-30a7e4e61458} not implemented, returning E_NOINTERFACE.
12625.762:0138:0194:warn:vkd3d-proton:d3d12_device_QueryInterface: {0742a90b-c387-483f-b946-30a7e4e61458} not implemented, returning E_NOINTERFACE.
12625.796:0138:01a0:warn:vkd3d-proton:d3d12_device_QueryInterface: {0742a90b-c387-483f-b946-30a7e4e61458} not implemented, returning E_NOINTERFACE.
12625.832:0138:0194:warn:vkd3d-proton:d3d12_device_QueryInterface: {0742a90b-c387-483f-b946-30a7e4e61458} not implemented, returning E_NOINTERFACE.
12625.868:0138:01a0:warn:vkd3d-proton:d3d12_device_QueryInterface: {0742a90b-c387-483f-b946-30a7e4e61458} not implemented, returning E_NOINTERFACE.
12625.908:0138:019c:warn:vkd3d-proton:d3d12_device_QueryInterface: {0742a90b-c387-483f-b946-30a7e4e61458} not implemented, returning E_NOINTERFACE.
12625.942:0138:01a0:warn:vkd3d-proton:d3d12_device_QueryInterface: {0742a90b-c387-483f-b946-30a7e4e61458} not implemented, returning E_NOINTERFACE.
12625.970:0138:0194:warn:vkd3d-proton:d3d12_device_QueryInterface: {0742a90b-c387-483f-b946-30a7e4e61458} not implemented, returning E_NOINTERFACE.
12626.002:0138:0198:warn:vkd3d-proton:d3d12_device_QueryInterface: {0742a90b-c387-483f-b946-30a7e4e61458} not implemented, returning E_NOINTERFACE.
12626.039:0138:0194:warn:vkd3d-proton:d3d12_device_QueryInterface: {0742a90b-c387-483f-b946-30a7e4e61458} not implemented, returning E_NOINTERFACE.
12626.076:0138:01a0:warn:vkd3d-proton:d3d12_device_QueryInterface: {0742a90b-c387-483f-b946-30a7e4e61458} not implemented, returning E_NOINTERFACE.
12626.118:0138:0198:warn:vkd3d-proton:d3d12_device_QueryInterface: {0742a90b-c387-483f-b946-30a7e4e61458} not implemented, returning E_NOINTERFACE.
12626.160:0138:01a0:warn:vkd3d-proton:d3d12_device_QueryInterface: {0742a90b-c387-483f-b946-30a7e4e61458} not implemented, returning E_NOINTERFACE.
12626.191:0138:0194:warn:vkd3d-proton:d3d12_device_QueryInterface: {0742a90b-c387-483f-b946-30a7e4e61458} not implemented, returning E_NOINTERFACE.
12626.219:0138:01a0:warn:vkd3d-proton:d3d12_device_QueryInterface: {0742a90b-c387-483f-b946-30a7e4e61458} not implemented, returning E_NOINTERFACE.
12626.255:0138:0198:warn:vkd3d-proton:d3d12_device_QueryInterface: {0742a90b-c387-483f-b946-30a7e4e61458} not implemented, returning E_NOINTERFACE.
12626.290:0138:019c:warn:vkd3d-proton:d3d12_device_QueryInterface: {0742a90b-c387-483f-b946-30a7e4e61458} not implemented, returning E_NOINTERFACE.
12626.326:0138:0194:warn:vkd3d-proton:d3d12_device_QueryInterface: {0742a90b-c387-483f-b946-30a7e4e61458} not implemented, returning E_NOINTERFACE.
12626.363:0138:019c:warn:vkd3d-proton:d3d12_device_QueryInterface: {0742a90b-c387-483f-b946-30a7e4e61458} not implemented, returning E_NOINTERFACE.
12626.399:0138:0194:warn:vkd3d-proton:d3d12_device_QueryInterface: {0742a90b-c387-483f-b946-30a7e4e61458} not implemented, returning E_NOINTERFACE.
12626.436:0138:019c:warn:vkd3d-proton:d3d12_device_QueryInterface: {0742a90b-c387-483f-b946-30a7e4e61458} not implemented, returning E_NOINTERFACE.
12626.477:0138:0194:warn:vkd3d-proton:d3d12_device_QueryInterface: {0742a90b-c387-483f-b946-30a7e4e61458} not implemented, returning E_NOINTERFACE.
12626.506:0138:019c:warn:vkd3d-proton:d3d12_device_QueryInterface: {0742a90b-c387-483f-b946-30a7e4e61458} not implemented, returning E_NOINTERFACE.
12626.545:0138:0198:warn:vkd3d-proton:d3d12_device_QueryInterface: {0742a90b-c387-483f-b946-30a7e4e61458} not implemented, returning E_NOINTERFACE.
12626.572:0138:01a0:warn:vkd3d-proton:d3d12_device_QueryInterface: {0742a90b-c387-483f-b946-30a7e4e61458} not implemented, returning E_NOINTERFACE.
12626.606:0138:0194:warn:vkd3d-proton:d3d12_device_QueryInterface: {0742a90b-c387-483f-b946-30a7e4e61458} not implemented, returning E_NOINTERFACE.
12626.641:0138:0198:warn:vkd3d-proton:d3d12_device_QueryInterface: {0742a90b-c387-483f-b946-30a7e4e61458} not implemented, returning E_NOINTERFACE.
12626.674:0138:0194:warn:vkd3d-proton:d3d12_device_QueryInterface: {0742a90b-c387-483f-b946-30a7e4e61458} not implemented, returning E_NOINTERFACE.
12626.717:0138:01a0:warn:vkd3d-proton:d3d12_device_QueryInterface: {0742a90b-c387-483f-b946-30a7e4e61458} not implemented, returning E_NOINTERFACE.
12626.749:0138:0194:warn:vkd3d-proton:d3d12_device_QueryInterface: {0742a90b-c387-483f-b946-30a7e4e61458} not implemented, returning E_NOINTERFACE.
12626.795:0138:019c:warn:vkd3d-proton:d3d12_device_QueryInterface: {0742a90b-c387-483f-b946-30a7e4e61458} not implemented, returning E_NOINTERFACE.
12626.821:0138:0194:warn:vkd3d-proton:d3d12_device_QueryInterface: {0742a90b-c387-483f-b946-30a7e4e61458} not implemented, returning E_NOINTERFACE.
12626.858:0138:01a0:warn:vkd3d-proton:d3d12_device_QueryInterface: {0742a90b-c387-483f-b946-30a7e4e61458} not implemented, returning E_NOINTERFACE.
12626.892:0138:0198:warn:vkd3d-proton:d3d12_device_QueryInterface: {0742a90b-c387-483f-b946-30a7e4e61458} not implemented, returning E_NOINTERFACE.
12626.927:0138:019c:warn:vkd3d-proton:d3d12_device_QueryInterface: {0742a90b-c387-483f-b946-30a7e4e61458} not implemented, returning E_NOINTERFACE.
12626.961:0138:0198:warn:vkd3d-proton:d3d12_device_QueryInterface: {0742a90b-c387-483f-b946-30a7e4e61458} not implemented, returning E_NOINTERFACE.
12626.994:0138:019c:warn:vkd3d-proton:d3d12_device_QueryInterface: {0742a90b-c387-483f-b946-30a7e4e61458} not implemented, returning E_NOINTERFACE.
12627.033:0138:0194:warn:vkd3d-proton:d3d12_device_QueryInterface: {0742a90b-c387-483f-b946-30a7e4e61458} not implemented, returning E_NOINTERFACE.
12627.074:0138:01a0:warn:vkd3d-proton:d3d12_device_QueryInterface: {0742a90b-c387-483f-b946-30a7e4e61458} not implemented, returning E_NOINTERFACE.
12627.105:0138:0194:warn:vkd3d-proton:d3d12_device_QueryInterface: {0742a90b-c387-483f-b946-30a7e4e61458} not implemented, returning E_NOINTERFACE.
12627.147:0138:019c:warn:vkd3d-proton:d3d12_device_QueryInterface: {0742a90b-c387-483f-b946-30a7e4e61458} not implemented, returning E_NOINTERFACE.
12627.184:0138:01a0:warn:vkd3d-proton:d3d12_device_QueryInterface: {0742a90b-c387-483f-b946-30a7e4e61458} not implemented, returning E_NOINTERFACE.
12627.192:0138:01a0:warn:vkd3d-proton:d3d12_device_QueryInterface: {0742a90b-c387-483f-b946-30a7e4e61458} not implemented, returning E_NOINTERFACE.
12627.196:0138:01a0:warn:vkd3d-proton:d3d12_device_QueryInterface: {0742a90b-c387-483f-b946-30a7e4e61458} not implemented, returning E_NOINTERFACE.
12627.211:0138:01a0:warn:vkd3d-proton:d3d12_device_QueryInterface: {0742a90b-c387-483f-b946-30a7e4e61458} not implemented, returning E_NOINTERFACE.
12627.244:0138:019c:warn:vkd3d-proton:d3d12_device_QueryInterface: {0742a90b-c387-483f-b946-30a7e4e61458} not implemented, returning E_NOINTERFACE.
12627.279:0138:01a0:warn:vkd3d-proton:d3d12_device_QueryInterface: {0742a90b-c387-483f-b946-30a7e4e61458} not implemented, returning E_NOINTERFACE.
12627.318:0138:0198:warn:vkd3d-proton:d3d12_device_QueryInterface: {0742a90b-c387-483f-b946-30a7e4e61458} not implemented, returning E_NOINTERFACE.
12627.359:0138:01a0:warn:vkd3d-proton:d3d12_device_QueryInterface: {0742a90b-c387-483f-b946-30a7e4e61458} not implemented, returning E_NOINTERFACE.
12627.389:0138:0198:warn:vkd3d-proton:d3d12_device_QueryInterface: {0742a90b-c387-483f-b946-30a7e4e61458} not implemented, returning E_NOINTERFACE.
12627.427:0138:0194:warn:vkd3d-proton:d3d12_device_QueryInterface: {0742a90b-c387-483f-b946-30a7e4e61458} not implemented, returning E_NOINTERFACE.
12627.472:0138:019c:warn:vkd3d-proton:d3d12_device_QueryInterface: {0742a90b-c387-483f-b946-30a7e4e61458} not implemented, returning E_NOINTERFACE.
12627.499:0138:0194:warn:vkd3d-proton:d3d12_device_QueryInterface: {0742a90b-c387-483f-b946-30a7e4e61458} not implemented, returning E_NOINTERFACE.
12627.534:0138:01a0:warn:vkd3d-proton:d3d12_device_QueryInterface: {0742a90b-c387-483f-b946-30a7e4e61458} not implemented, returning E_NOINTERFACE.
12627.571:0138:0194:warn:vkd3d-proton:d3d12_device_QueryInterface: {0742a90b-c387-483f-b946-30a7e4e61458} not implemented, returning E_NOINTERFACE.
12627.603:0138:019c:warn:vkd3d-proton:d3d12_device_QueryInterface: {0742a90b-c387-483f-b946-30a7e4e61458} not implemented, returning E_NOINTERFACE.
12627.637:0138:0194:warn:vkd3d-proton:d3d12_device_QueryInterface: {0742a90b-c387-483f-b946-30a7e4e61458} not implemented, returning E_NOINTERFACE.
12627.670:0138:0198:warn:vkd3d-proton:d3d12_device_QueryInterface: {0742a90b-c387-483f-b946-30a7e4e61458} not implemented, returning E_NOINTERFACE.
12627.715:0138:01a0:warn:vkd3d-proton:d3d12_device_QueryInterface: {0742a90b-c387-483f-b946-30a7e4e61458} not implemented, returning E_NOINTERFACE.
12627.743:0138:019c:warn:vkd3d-proton:d3d12_device_QueryInterface: {0742a90b-c387-483f-b946-30a7e4e61458} not implemented, returning E_NOINTERFACE.
12627.779:0138:01a0:warn:vkd3d-proton:d3d12_device_QueryInterface: {0742a90b-c387-483f-b946-30a7e4e61458} not implemented, returning E_NOINTERFACE.
12627.821:0138:0198:warn:vkd3d-proton:d3d12_device_QueryInterface: {0742a90b-c387-483f-b946-30a7e4e61458} not implemented, returning E_NOINTERFACE.
12627.845:0138:01a0:warn:vkd3d-proton:d3d12_device_QueryInterface: {0742a90b-c387-483f-b946-30a7e4e61458} not implemented, returning E_NOINTERFACE.
12627.871:0138:0194:warn:vkd3d-proton:d3d12_device_QueryInterface: {0742a90b-c387-483f-b946-30a7e4e61458} not implemented, returning E_NOINTERFACE.
12627.894:0138:01a0:warn:vkd3d-proton:d3d12_device_QueryInterface: {0742a90b-c387-483f-b946-30a7e4e61458} not implemented, returning E_NOINTERFACE.
12627.924:0138:019c:warn:vkd3d-proton:d3d12_device_QueryInterface: {0742a90b-c387-483f-b946-30a7e4e61458} not implemented, returning E_NOINTERFACE.
12627.950:0138:01a0:warn:vkd3d-proton:d3d12_device_QueryInterface: {0742a90b-c387-483f-b946-30a7e4e61458} not implemented, returning E_NOINTERFACE.
12627.980:0138:019c:warn:vkd3d-proton:d3d12_device_QueryInterface: {0742a90b-c387-483f-b946-30a7e4e61458} not implemented, returning E_NOINTERFACE.
12628.004:0138:0194:warn:vkd3d-proton:d3d12_device_QueryInterface: {0742a90b-c387-483f-b946-30a7e4e61458} not implemented, returning E_NOINTERFACE.
12628.007:0138:0194:warn:vkd3d-proton:d3d12_device_QueryInterface: {0742a90b-c387-483f-b946-30a7e4e61458} not implemented, returning E_NOINTERFACE.
12628.037:0138:01a0:warn:vkd3d-proton:d3d12_device_QueryInterface: {0742a90b-c387-483f-b946-30a7e4e61458} not implemented, returning E_NOINTERFACE.
12628.040:0138:01a0:warn:vkd3d-proton:d3d12_device_QueryInterface: {0742a90b-c387-483f-b946-30a7e4e61458} not implemented, returning E_NOINTERFACE.
12628.076:0138:0198:warn:vkd3d-proton:d3d12_device_QueryInterface: {0742a90b-c387-483f-b946-30a7e4e61458} not implemented, returning E_NOINTERFACE.
12628.110:0138:0194:warn:vkd3d-proton:d3d12_device_QueryInterface: {0742a90b-c387-483f-b946-30a7e4e61458} not implemented, returning E_NOINTERFACE.
12628.115:0138:0194:warn:vkd3d-proton:d3d12_device_QueryInterface: {0742a90b-c387-483f-b946-30a7e4e61458} not implemented, returning E_NOINTERFACE.
12628.152:0138:0198:warn:vkd3d-proton:d3d12_device_QueryInterface: {0742a90b-c387-483f-b946-30a7e4e61458} not implemented, returning E_NOINTERFACE.
12628.189:0138:019c:warn:vkd3d-proton:d3d12_device_QueryInterface: {0742a90b-c387-483f-b946-30a7e4e61458} not implemented, returning E_NOINTERFACE.
12628.225:0138:01a0:warn:vkd3d-proton:d3d12_device_QueryInterface: {0742a90b-c387-483f-b946-30a7e4e61458} not implemented, returning E_NOINTERFACE.
12628.265:0138:0194:warn:vkd3d-proton:d3d12_device_QueryInterface: {0742a90b-c387-483f-b946-30a7e4e61458} not implemented, returning E_NOINTERFACE.
12628.293:0138:01a0:warn:vkd3d-proton:d3d12_device_QueryInterface: {0742a90b-c387-483f-b946-30a7e4e61458} not implemented, returning E_NOINTERFACE.
12628.328:0138:0194:warn:vkd3d-proton:d3d12_device_QueryInterface: {0742a90b-c387-483f-b946-30a7e4e61458} not implemented, returning E_NOINTERFACE.
12628.363:0138:01a0:warn:vkd3d-proton:d3d12_device_QueryInterface: {0742a90b-c387-483f-b946-30a7e4e61458} not implemented, returning E_NOINTERFACE.
12628.402:0138:0198:warn:vkd3d-proton:d3d12_device_QueryInterface: {0742a90b-c387-483f-b946-30a7e4e61458} not implemented, returning E_NOINTERFACE.
12628.438:0138:0194:warn:vkd3d-proton:d3d12_device_QueryInterface: {0742a90b-c387-483f-b946-30a7e4e61458} not implemented, returning E_NOINTERFACE.
12628.473:0138:0198:warn:vkd3d-proton:d3d12_device_QueryInterface: {0742a90b-c387-483f-b946-30a7e4e61458} not implemented, returning E_NOINTERFACE.
12628.506:0138:0194:warn:vkd3d-proton:d3d12_device_QueryInterface: {0742a90b-c387-483f-b946-30a7e4e61458} not implemented, returning E_NOINTERFACE.
12628.537:0138:019c:warn:vkd3d-proton:d3d12_device_QueryInterface: {0742a90b-c387-483f-b946-30a7e4e61458} not implemented, returning E_NOINTERFACE.
12628.573:0138:0194:warn:vkd3d-proton:d3d12_device_QueryInterface: {0742a90b-c387-483f-b946-30a7e4e61458} not implemented, returning E_NOINTERFACE.
12628.609:0138:01a0:warn:vkd3d-proton:d3d12_device_QueryInterface: {0742a90b-c387-483f-b946-30a7e4e61458} not implemented, returning E_NOINTERFACE.
12628.653:0138:0194:warn:vkd3d-proton:d3d12_device_QueryInterface: {0742a90b-c387-483f-b946-30a7e4e61458} not implemented, returning E_NOINTERFACE.
12629.639:0138:01a0:warn:vkd3d-proton:d3d12_device_QueryInterface: {0742a90b-c387-483f-b946-30a7e4e61458} not implemented, returning E_NOINTERFACE.
12629.722:0138:0194:warn:vkd3d-proton:d3d12_device_QueryInterface: {0742a90b-c387-483f-b946-30a7e4e61458} not implemented, returning E_NOINTERFACE.
12629.761:0138:0198:warn:vkd3d-proton:d3d12_device_QueryInterface: {0742a90b-c387-483f-b946-30a7e4e61458} not implemented, returning E_NOINTERFACE.
12629.794:0138:0194:warn:vkd3d-proton:d3d12_device_QueryInterface: {0742a90b-c387-483f-b946-30a7e4e61458} not implemented, returning E_NOINTERFACE.
12629.825:0138:01a0:warn:vkd3d-proton:d3d12_device_QueryInterface: {0742a90b-c387-483f-b946-30a7e4e61458} not implemented, returning E_NOINTERFACE.
12629.855:0138:0198:warn:vkd3d-proton:d3d12_device_QueryInterface: {0742a90b-c387-483f-b946-30a7e4e61458} not implemented, returning E_NOINTERFACE.
12629.879:0138:019c:warn:vkd3d-proton:d3d12_device_QueryInterface: {0742a90b-c387-483f-b946-30a7e4e61458} not implemented, returning E_NOINTERFACE.
12629.909:0138:0194:warn:vkd3d-proton:d3d12_device_QueryInterface: {0742a90b-c387-483f-b946-30a7e4e61458} not implemented, returning E_NOINTERFACE.
12629.936:0138:0198:warn:vkd3d-proton:d3d12_device_QueryInterface: {0742a90b-c387-483f-b946-30a7e4e61458} not implemented, returning E_NOINTERFACE.
12629.964:0138:0194:warn:vkd3d-proton:d3d12_device_QueryInterface: {0742a90b-c387-483f-b946-30a7e4e61458} not implemented, returning E_NOINTERFACE.
12629.988:0138:01a0:warn:vkd3d-proton:d3d12_device_QueryInterface: {0742a90b-c387-483f-b946-30a7e4e61458} not implemented, returning E_NOINTERFACE.
12629.992:0138:0198:warn:vkd3d-proton:d3d12_device_QueryInterface: {0742a90b-c387-483f-b946-30a7e4e61458} not implemented, returning E_NOINTERFACE.
12630.022:0138:01a0:warn:vkd3d-proton:d3d12_device_QueryInterface: {0742a90b-c387-483f-b946-30a7e4e61458} not implemented, returning E_NOINTERFACE.
12630.025:0138:01a0:warn:vkd3d-proton:d3d12_device_QueryInterface: {0742a90b-c387-483f-b946-30a7e4e61458} not implemented, returning E_NOINTERFACE.
12630.055:0138:0198:warn:vkd3d-proton:d3d12_device_QueryInterface: {0742a90b-c387-483f-b946-30a7e4e61458} not implemented, returning E_NOINTERFACE.
12630.060:0138:0198:warn:vkd3d-proton:d3d12_device_QueryInterface: {0742a90b-c387-483f-b946-30a7e4e61458} not implemented, returning E_NOINTERFACE.
12630.086:0138:0194:warn:vkd3d-proton:d3d12_device_QueryInterface: {0742a90b-c387-483f-b946-30a7e4e61458} not implemented, returning E_NOINTERFACE.
12630.089:0138:0194:warn:vkd3d-proton:d3d12_device_QueryInterface: {0742a90b-c387-483f-b946-30a7e4e61458} not implemented, returning E_NOINTERFACE.
12630.122:0138:019c:warn:vkd3d-proton:d3d12_device_QueryInterface: {0742a90b-c387-483f-b946-30a7e4e61458} not implemented, returning E_NOINTERFACE.
12630.127:0138:019c:warn:vkd3d-proton:d3d12_device_QueryInterface: {0742a90b-c387-483f-b946-30a7e4e61458} not implemented, returning E_NOINTERFACE.
12630.153:0138:0198:warn:vkd3d-proton:d3d12_device_QueryInterface: {0742a90b-c387-483f-b946-30a7e4e61458} not implemented, returning E_NOINTERFACE.
12630.159:0138:0194:warn:vkd3d-proton:d3d12_device_QueryInterface: {0742a90b-c387-483f-b946-30a7e4e61458} not implemented, returning E_NOINTERFACE.
12630.164:0138:0194:warn:vkd3d-proton:d3d12_device_QueryInterface: {0742a90b-c387-483f-b946-30a7e4e61458} not implemented, returning E_NOINTERFACE.
12630.192:0138:0198:warn:vkd3d-proton:d3d12_device_QueryInterface: {0742a90b-c387-483f-b946-30a7e4e61458} not implemented, returning E_NOINTERFACE.
12630.197:0138:0194:warn:vkd3d-proton:d3d12_device_QueryInterface: {0742a90b-c387-483f-b946-30a7e4e61458} not implemented, returning E_NOINTERFACE.
12630.223:0138:019c:warn:vkd3d-proton:d3d12_device_QueryInterface: {0742a90b-c387-483f-b946-30a7e4e61458} not implemented, returning E_NOINTERFACE.
12630.231:0138:019c:warn:vkd3d-proton:d3d12_device_QueryInterface: {0742a90b-c387-483f-b946-30a7e4e61458} not implemented, returning E_NOINTERFACE.
12630.258:0138:0198:warn:vkd3d-proton:d3d12_device_QueryInterface: {0742a90b-c387-483f-b946-30a7e4e61458} not implemented, returning E_NOINTERFACE.
12630.264:0138:0194:warn:vkd3d-proton:d3d12_device_QueryInterface: {0742a90b-c387-483f-b946-30a7e4e61458} not implemented, returning E_NOINTERFACE.
12630.295:0138:0198:warn:vkd3d-proton:d3d12_device_QueryInterface: {0742a90b-c387-483f-b946-30a7e4e61458} not implemented, returning E_NOINTERFACE.
12630.298:0138:0198:warn:vkd3d-proton:d3d12_device_QueryInterface: {0742a90b-c387-483f-b946-30a7e4e61458} not implemented, returning E_NOINTERFACE.
12630.324:0138:019c:warn:vkd3d-proton:d3d12_device_QueryInterface: {0742a90b-c387-483f-b946-30a7e4e61458} not implemented, returning E_NOINTERFACE.
12630.332:0138:0198:warn:vkd3d-proton:d3d12_device_QueryInterface: {0742a90b-c387-483f-b946-30a7e4e61458} not implemented, returning E_NOINTERFACE.
12630.373:0138:0194:warn:vkd3d-proton:d3d12_device_QueryInterface: {0742a90b-c387-483f-b946-30a7e4e61458} not implemented, returning E_NOINTERFACE.
12630.400:0138:019c:warn:vkd3d-proton:d3d12_device_QueryInterface: {0742a90b-c387-483f-b946-30a7e4e61458} not implemented, returning E_NOINTERFACE.
12630.506:0138:0194:warn:vkd3d-proton:d3d12_device_QueryInterface: {0742a90b-c387-483f-b946-30a7e4e61458} not implemented, returning E_NOINTERFACE.
12630.584:0138:019c:warn:vkd3d-proton:d3d12_device_QueryInterface: {0742a90b-c387-483f-b946-30a7e4e61458} not implemented, returning E_NOINTERFACE.
12630.620:0138:0194:warn:vkd3d-proton:d3d12_device_QueryInterface: {0742a90b-c387-483f-b946-30a7e4e61458} not implemented, returning E_NOINTERFACE.
12630.647:0138:0198:warn:vkd3d-proton:d3d12_device_QueryInterface: {0742a90b-c387-483f-b946-30a7e4e61458} not implemented, returning E_NOINTERFACE.
12630.675:0138:01a0:warn:vkd3d-proton:d3d12_device_QueryInterface: {0742a90b-c387-483f-b946-30a7e4e61458} not implemented, returning E_NOINTERFACE.
12630.707:0138:0198:warn:vkd3d-proton:d3d12_device_QueryInterface: {0742a90b-c387-483f-b946-30a7e4e61458} not implemented, returning E_NOINTERFACE.
12630.736:0138:0194:warn:vkd3d-proton:d3d12_device_QueryInterface: {0742a90b-c387-483f-b946-30a7e4e61458} not implemented, returning E_NOINTERFACE.
12630.771:0138:019c:warn:vkd3d-proton:d3d12_device_QueryInterface: {0742a90b-c387-483f-b946-30a7e4e61458} not implemented, returning E_NOINTERFACE.
12630.798:0138:0194:warn:vkd3d-proton:d3d12_device_QueryInterface: {0742a90b-c387-483f-b946-30a7e4e61458} not implemented, returning E_NOINTERFACE.
12630.826:0138:0198:warn:vkd3d-proton:d3d12_device_QueryInterface: {0742a90b-c387-483f-b946-30a7e4e61458} not implemented, returning E_NOINTERFACE.
12630.849:0138:019c:warn:vkd3d-proton:d3d12_device_QueryInterface: {0742a90b-c387-483f-b946-30a7e4e61458} not implemented, returning E_NOINTERFACE.
12630.886:0138:0198:warn:vkd3d-proton:d3d12_device_QueryInterface: {0742a90b-c387-483f-b946-30a7e4e61458} not implemented, returning E_NOINTERFACE.
12631.154:0138:0194:warn:vkd3d-proton:d3d12_command_list_Close: Failed to end command buffer, vr -8.
12631.177:0138:0194:fixme:vkd3d-proton:hresult_from_vk_result: Unhandled VkResult -8.
12631.177:0138:0194:warn:vkd3d-proton:d3d12_command_allocator_allocate_command_buffer: Command allocator is already in use.
D 194 Reconstructing context
D 194 pc: 7FFE7590A758 rip: 6FFFF50C556C
D 194 Rethrowing onto guest stack: 7CACD120
12631.178:0138:01e0:warn:vkd3d-proton:d3d12_device_mark_as_removed: Device 000000007ced0080 is lost (reason 0x887a0001, "Command list 00000000fced7180 is in recording state.
").
12631.186:0138:019c:warn:vkd3d-proton:d3d12_command_list_Close: Failed to end command buffer, vr -8.
12631.186:0138:019c:fixme:vkd3d-proton:hresult_from_vk_result: Unhandled VkResult -8.
12631.186:0138:019c:warn:vkd3d-proton:d3d12_command_allocator_allocate_command_buffer: Command allocator is already in use.
D 19C Reconstructing context
D 19C pc: 7FFE7590A758 rip: 6FFFF50C556C
D 19C Rethrowing onto guest stack: 7CCCE760
12631.190:0138:01a0:warn:vkd3d-proton:d3d12_command_list_Close: Failed to end command buffer, vr -8.
12631.190:0138:01a0:fixme:vkd3d-proton:hresult_from_vk_result: Unhandled VkResult -8.
12631.190:0138:01e0:warn:vkd3d-proton:d3d12_device_mark_as_removed: Device 000000007ced0080 is lost (reason 0x887a0001, "Command list 00000000fce69700 is in recording state.
").
D 170 Suspending: RIP: 1416E29DC SP: 6FD6ED48
D 240 Suspending: RIP: 1408F33B4 SP: DFB5FC80
D 160 Suspending: RIP: 141511588 SP: 2B94F7A8
D 168 Suspending: RIP: 6FFFFFF14080 SP: 6FB6FB68
